1.000000e+00 0.000000e+00 0.000000e+00 0.000000e+00 0.000000e+00 1.000000e+00 0.000000e+00 0.000000e+00 0.000000e+00 0.000000e+00 1.000000e+00 0.000000e+00
9.999979e-01 -9.358070e-04 -1.822050e-03 6.873057e-03 9.345535e-04 9.999993e-01 -6.886597e-04 -2.915780e-02 1.822694e-03 6.869555e-04 9.999981e-01 5.636790e-01
9.999978e-01 -1.428400e-03 -1.511983e-03 -5.885289e-02 1.425991e-03 9.999977e-01 -1.593642e-03 -5.647730e-02 1.514255e-03 1.591482e-03 9.999976e-01 1.175892e+00
9.999862e-01 -2.538199e-03 -4.599291e-03 -1.380354e-02 2.523545e-03 9.999917e-01 -3.189117e-03 -5.378511e-02 4.607348e-03 3.177466e-03 9.999843e-01 1.708843e+00
9.999688e-01 -4.647936e-03 -6.381911e-03 -2.760646e-02 4.619615e-03 9.999794e-01 -4.445354e-03 -8.532845e-02 6.402442e-03 4.415734e-03 9.999698e-01 2.307973e+00
9.999460e-01 -7.168615e-03 -7.528005e-03 -5.788453e-02 7.112642e-03 9.999471e-01 -7.435907e-03 -5.702922e-02 7.580912e-03 7.381961e-03 9.999440e-01 2.858809e+00
9.999319e-01 -7.954537e-03 -8.535640e-03 -7.576648e-02 7.890717e-03 9.999409e-01 -7.484649e-03 -8.530654e-02 8.594672e-03 7.416788e-03 9.999356e-01 3.479310e+00
9.999350e-01 -3.584433e-03 -1.082211e-02 -4.552489e-02 3.525845e-03 9.999791e-01 -5.427973e-03 -1.639930e-02 1.084134e-02 5.389464e-03 9.999267e-01 4.077203e+00
9.999174e-01 -7.288051e-03 -1.058211e-02 -1.221762e-01 7.218013e-03 9.999519e-01 -6.641688e-03 -1.111876e-01 1.063000e-02 6.564758e-03 9.999220e-01 4.739024e+00
9.999009e-01 -6.838095e-03 -1.230362e-02 -1.468590e-01 6.707855e-03 9.999214e-01 -1.059584e-02 -1.215579e-01 1.237511e-02 1.051226e-02 9.998682e-01 5.352871e+00
9.998957e-01 -5.623377e-03 -1.330091e-02 -1.790093e-01 5.429887e-03 9.998796e-01 -1.453876e-02 -1.161700e-01 1.338106e-02 1.446502e-02 9.998058e-01 6.018358e+00
9.998797e-01 -4.711339e-03 -1.477524e-02 -1.732922e-01 4.436994e-03 9.998182e-01 -1.854605e-02 -1.176388e-01 1.485993e-02 1.847826e-02 9.997188e-01 6.697846e+00
9.998737e-01 -2.175699e-03 -1.574334e-02 -2.170080e-01 1.883168e-03 9.998257e-01 -1.857233e-02 -1.295294e-01 1.578100e-02 1.854034e-02 9.997036e-01 7.443419e+00
9.998554e-01 5.097131e-04 -1.699574e-02 -2.525469e-01 -7.097410e-04 9.999305e-01 -1.176534e-02 -1.490299e-01 1.698856e-02 1.177571e-02 9.997863e-01 8.161569e+00
9.998515e-01 -8.113985e-04 -1.721173e-02 -2.907043e-01 7.777759e-04 9.999978e-01 -1.960072e-03 -1.122529e-01 1.721328e-02 1.946395e-03 9.998499e-01 8.942634e+00
9.998204e-01 2.245945e-03 -1.881640e-02 -2.761509e-01 -2.133786e-03 9.999799e-01 5.978706e-03 -1.739213e-01 1.882945e-02 -5.937482e-03 9.998051e-01 9.510165e+00
9.998087e-01 5.324317e-03 -1.882190e-02 -3.191183e-01 -5.235447e-03 9.999749e-01 4.767712e-03 -1.899090e-01 1.884681e-02 -4.668258e-03 9.998115e-01 1.014403e+01
9.997652e-01 6.527174e-03 -2.066055e-02 -3.096906e-01 -6.570342e-03 9.999764e-01 -2.022171e-03 -2.036211e-01 2.064686e-02 2.157443e-03 9.997845e-01 1.081339e+01
9.997402e-01 6.821287e-03 -2.174848e-02 -3.307506e-01 -7.000152e-03 9.999422e-01 -8.158756e-03 -2.024415e-01 2.169157e-02 8.308879e-03 9.997302e-01 1.153385e+01
9.997311e-01 4.963526e-03 -2.265231e-02 -3.638170e-01 -5.120388e-03 9.999633e-01 -6.872044e-03 -1.952431e-01 2.261737e-02 6.986184e-03 9.997198e-01 1.229385e+01
9.997082e-01 3.988546e-03 -2.382491e-02 -3.689609e-01 -3.931017e-03 9.999892e-01 2.461007e-03 -2.048867e-01 2.383447e-02 -2.366632e-03 9.997131e-01 1.306503e+01
9.997108e-01 3.853016e-03 -2.373890e-02 -4.201345e-01 -3.608752e-03 9.999402e-01 1.032388e-02 -2.352028e-01 2.377725e-02 -1.023522e-02 9.996649e-01 1.396445e+01
9.996976e-01 1.446355e-03 -2.454847e-02 -4.343615e-01 -1.125706e-03 9.999139e-01 1.307066e-02 -2.417999e-01 2.456526e-02 -1.303907e-02 9.996132e-01 1.472881e+01
9.996926e-01 1.350915e-03 -2.475492e-02 -4.428327e-01 -1.054305e-03 9.999275e-01 1.199101e-02 -2.399954e-01 2.476932e-02 -1.196123e-02 9.996216e-01 1.553794e+01
9.997091e-01 5.547129e-04 -2.411047e-02 -4.877141e-01 -3.246765e-04 9.999544e-01 9.543799e-03 -2.374395e-01 2.411466e-02 -9.533195e-03 9.996637e-01 1.639143e+01
9.997077e-01 2.700053e-03 -2.402470e-02 -5.024989e-01 -2.547636e-03 9.999764e-01 6.372544e-03 -2.485106e-01 2.404134e-02 -6.309476e-03 9.996911e-01 1.724855e+01
9.997437e-01 1.805740e-04 -2.263941e-02 -5.386091e-01 -1.712547e-04 9.999999e-01 4.135782e-04 -2.442029e-01 2.263948e-02 -4.095951e-04 9.997436e-01 1.812841e+01
9.997640e-01 -3.354144e-03 -2.146167e-02 -5.772533e-01 3.229965e-03 9.999779e-01 -5.818116e-03 -2.442739e-01 2.148071e-02 5.747423e-03 9.997527e-01 1.904922e+01
9.997903e-01 -1.908717e-03 -2.038867e-02 -6.062860e-01 1.679434e-03 9.999352e-01 -1.125679e-02 -2.550417e-01 2.040883e-02 1.122019e-02 9.997288e-01 1.995925e+01
9.997892e-01 -1.050535e-03 -2.050447e-02 -6.070476e-01 8.069735e-04 9.999291e-01 -1.188314e-02 -2.831752e-01 2.051550e-02 1.186409e-02 9.997191e-01 2.092611e+01
9.997955e-01 -9.815339e-04 -2.019994e-02 -6.815212e-01 7.547516e-04 9.999366e-01 -1.123144e-02 -2.899976e-01 2.020968e-02 1.121390e-02 9.997329e-01 2.184881e+01
9.997898e-01 4.798547e-04 -2.049842e-02 -7.006039e-01 -7.358424e-04 9.999218e-01 -1.248245e-02 -3.180472e-01 2.049082e-02 1.249491e-02 9.997120e-01 2.278504e+01
9.997951e-01 2.102025e-03 -2.013249e-02 -7.422242e-01 -2.404574e-03 9.998844e-01 -1.501550e-02 -3.195027e-01 2.009860e-02 1.506084e-02 9.996846e-01 2.371891e+01
9.997622e-01 7.232129e-03 -2.057420e-02 -7.492076e-01 -7.562373e-03 9.998431e-01 -1.601909e-02 -3.477505e-01 2.045511e-02 1.617087e-02 9.996600e-01 2.463057e+01
9.997407e-01 9.488575e-03 -2.070252e-02 -7.708969e-01 -9.819414e-03 9.998248e-01 -1.593795e-02 -3.722630e-01 2.054766e-02 1.613710e-02 9.996586e-01 2.557922e+01
9.997248e-01 1.022463e-02 -2.111301e-02 -7.975849e-01 -1.057007e-02 9.998110e-01 -1.631524e-02 -4.035847e-01 2.094220e-02 1.653391e-02 9.996440e-01 2.658956e+01
9.997543e-01 1.004073e-02 -1.976283e-02 -8.661655e-01 -1.036640e-02 9.998110e-01 -1.644612e-02 -4.167598e-01 1.959396e-02 1.664694e-02 9.996694e-01 2.762190e+01
9.997410e-01 1.077334e-02 -2.004805e-02 -9.090001e-01 -1.107047e-02 9.998296e-01 -1.476955e-02 -4.507361e-01 1.988551e-02 1.498767e-02 9.996899e-01 2.865127e+01
9.997569e-01 1.165933e-02 -1.871179e-02 -9.740884e-01 -1.191469e-02 9.998366e-01 -1.359454e-02 -4.597762e-01 1.855023e-02 1.381418e-02 9.997325e-01 2.962112e+01
9.997243e-01 1.279724e-02 -1.968769e-02 -9.776823e-01 -1.303236e-02 9.998447e-01 -1.186088e-02 -4.793947e-01 1.953285e-02 1.211418e-02 9.997358e-01 3.064168e+01
9.996983e-01 1.427437e-02 -1.999048e-02 -9.938239e-01 -1.453120e-02 9.998130e-01 -1.276181e-02 -4.795332e-01 1.980458e-02 1.304844e-02 9.997187e-01 3.168427e+01
9.996812e-01 1.654197e-02 -1.907350e-02 -1.046010e+00 -1.683391e-02 9.997420e-01 -1.524832e-02 -4.748579e-01 1.881634e-02 1.556454e-02 9.997018e-01 3.271456e+01
9.997249e-01 1.271858e-02 -1.970677e-02 -1.097937e+00 -1.298709e-02 9.998237e-01 -1.355773e-02 -5.465630e-01 1.953086e-02 1.380994e-02 9.997139e-01 3.376498e+01
9.996996e-01 1.308967e-02 -2.071935e-02 -1.105613e+00 -1.331104e-02 9.998554e-01 -1.058267e-02 -5.517051e-01 2.057783e-02 1.085529e-02 9.997293e-01 3.484245e+01
9.997095e-01 1.182107e-02 -2.100294e-02 -1.127177e+00 -1.199865e-02 9.998932e-01 -8.349234e-03 -5.779514e-01 2.090200e-02 8.598816e-03 9.997446e-01 3.589736e+01
9.996526e-01 1.400396e-02 -2.232817e-02 -1.139953e+00 -1.413067e-02 9.998849e-01 -5.527032e-03 -5.951107e-01 2.224819e-02 5.840624e-03 9.997354e-01 3.701282e+01
9.996614e-01 1.264179e-02 -2.274349e-02 -1.167455e+00 -1.274104e-02 9.999099e-01 -4.224174e-03 -6.470118e-01 2.268804e-02 4.512519e-03 9.997324e-01 3.806656e+01
9.997452e-01 8.112572e-03 -2.106515e-02 -1.635324e+00 -8.248259e-03 9.999457e-01 -6.362414e-03 -5.342875e-01 2.101239e-02 6.534543e-03 9.997579e-01 3.992179e+01
9.996612e-01 1.348791e-02 -2.225929e-02 -1.319920e+00 -1.363575e-02 9.998859e-01 -6.503373e-03 -6.556361e-01 2.216904e-02 6.804692e-03 9.997311e-01 4.034680e+01
9.996431e-01 1.290975e-02 -2.338838e-02 -1.344017e+00 -1.305714e-02 9.998958e-01 -6.160447e-03 -6.605131e-01 2.330641e-02 6.463634e-03 9.997075e-01 4.147435e+01
9.996503e-01 1.347674e-02 -2.275037e-02 -1.414131e+00 -1.356497e-02 9.999010e-01 -3.728702e-03 -6.700472e-01 2.269787e-02 4.036006e-03 9.997342e-01 4.258863e+01
9.996418e-01 1.184049e-02 -2.400023e-02 -1.425901e+00 -1.187986e-02 9.999283e-01 -1.498241e-03 -6.824905e-01 2.398077e-02 1.782824e-03 9.997108e-01 4.366397e+01
9.996036e-01 1.444807e-02 -2.416583e-02 -1.472931e+00 -1.449332e-02 9.998935e-01 -1.698236e-03 -7.014763e-01 2.413872e-02 2.047805e-03 9.997065e-01 4.479659e+01
9.995673e-01 1.504546e-02 -2.527704e-02 -1.479532e+00 -1.519985e-02 9.998669e-01 -5.926951e-03 -7.291342e-01 2.518450e-02 6.308594e-03 9.996629e-01 4.580079e+01
9.995229e-01 1.765125e-02 -2.534542e-02 -1.508661e+00 -1.791542e-02 9.997871e-01 -1.023380e-02 -7.407028e-01 2.515939e-02 1.068300e-02 9.996264e-01 4.689353e+01
9.995385e-01 1.666285e-02 -2.539807e-02 -1.542321e+00 -1.693748e-02 9.998000e-01 -1.063659e-02 -7.581939e-01 2.521575e-02 1.106186e-02 9.996208e-01 4.800164e+01
9.995318e-01 1.741332e-02 -2.516026e-02 -1.569706e+00 -1.760561e-02 9.998173e-01 -7.441344e-03 -8.034005e-01 2.502608e-02 7.880821e-03 9.996557e-01 4.909952e+01
9.995039e-01 1.804675e-02 -2.581289e-02 -1.490595e+00 -1.819928e-02 9.998182e-01 -5.686600e-03 -8.288481e-01 2.570557e-02 6.153555e-03 9.996506e-01 4.991751e+01
9.995439e-01 1.571436e-02 -2.578988e-02 -1.521373e+00 -1.583443e-02 9.998647e-01 -4.458218e-03 -8.461445e-01 2.571633e-02 4.864552e-03 9.996574e-01 5.100551e+01
9.994342e-01 2.230254e-02 -2.517811e-02 -1.541557e+00 -2.244209e-02 9.997342e-01 -5.273549e-03 -9.152120e-01 2.505380e-02 5.835615e-03 9.996691e-01 5.204229e+01
9.995815e-01 1.479061e-02 -2.486184e-02 -1.567801e+00 -1.497534e-02 9.998615e-01 -7.260466e-03 -8.953075e-01 2.475101e-02 7.629742e-03 9.996645e-01 5.315036e+01
9.995844e-01 1.494108e-02 -2.465329e-02 -1.634262e+00 -1.518684e-02 9.998365e-01 -9.811470e-03 -9.012961e-01 2.450266e-02 1.018180e-02 9.996479e-01 5.433923e+01
9.996087e-01 1.294984e-02 -2.479408e-02 -1.654794e+00 -1.325392e-02 9.998385e-01 -1.213952e-02 -9.436833e-01 2.463287e-02 1.246339e-02 9.996189e-01 5.542792e+01
9.996541e-01 9.882589e-03 -2.437413e-02 -1.668002e+00 -1.024854e-02 9.998359e-01 -1.493493e-02 -9.805566e-01 2.422254e-02 1.517956e-02 9.995913e-01 5.648878e+01
9.996730e-01 7.371984e-03 -2.448631e-02 -1.685880e+00 -7.798183e-03 9.998190e-01 -1.735596e-02 -9.639886e-01 2.435393e-02 1.754124e-02 9.995495e-01 5.760696e+01
9.996805e-01 5.536610e-03 -2.466147e-02 -1.728325e+00 -5.898743e-03 9.998755e-01 -1.463572e-02 -1.016721e+00 2.457737e-02 1.477652e-02 9.995887e-01 5.870711e+01
9.996987e-01 5.516159e-03 -2.391962e-02 -1.827506e+00 -5.731981e-03 9.999434e-01 -8.963647e-03 -1.047010e+00 2.386882e-02 9.098053e-03 9.996737e-01 5.986786e+01
9.997020e-01 5.453638e-03 -2.379492e-02 -1.850902e+00 -5.528558e-03 9.999800e-01 -3.083947e-03 -1.049012e+00 2.377762e-02 3.214580e-03 9.997121e-01 6.097423e+01
9.997781e-01 -3.381941e-03 -2.078979e-02 -2.477244e+00 3.329320e-03 9.999912e-01 -2.565184e-03 -9.504484e-01 2.079828e-02 2.495399e-03 9.997806e-01 6.323467e+01
9.997547e-01 6.256678e-04 -2.213822e-02 -1.952684e+00 -7.376187e-04 9.999870e-01 -5.049103e-03 -1.140481e+00 2.213477e-02 5.064194e-03 9.997422e-01 6.319557e+01
9.997290e-01 -2.503622e-03 -2.314459e-02 -1.944846e+00 2.302406e-03 9.999594e-01 -8.716443e-03 -1.146299e+00 2.316547e-02 8.660793e-03 9.996941e-01 6.426161e+01
9.997532e-01 1.281720e-03 -2.217717e-02 -2.020678e+00 -1.547799e-03 9.999270e-01 -1.198488e-02 -1.203135e+00 2.216019e-02 1.201625e-02 9.996822e-01 6.537386e+01
9.997447e-01 5.200917e-04 -2.258845e-02 -2.074275e+00 -9.089029e-04 9.998516e-01 -1.720598e-02 -1.184695e+00 2.257615e-02 1.722211e-02 9.995968e-01 6.655707e+01
9.997381e-01 4.202377e-03 -2.249512e-02 -2.086481e+00 -4.600725e-03 9.998330e-01 -1.768581e-02 -1.217539e+00 2.241704e-02 1.778467e-02 9.995905e-01 6.765428e+01
9.997402e-01 8.060140e-03 -2.131847e-02 -2.167606e+00 -8.356305e-03 9.998693e-01 -1.384003e-02 -1.258631e+00 2.120413e-02 1.401458e-02 9.996769e-01 6.883929e+01
9.997289e-01 9.530659e-03 -2.124245e-02 -2.218267e+00 -9.791302e-03 9.998776e-01 -1.219989e-02 -1.282752e+00 2.112357e-02 1.240457e-02 9.996999e-01 7.000945e+01
9.997285e-01 9.579222e-03 -2.123842e-02 -2.248345e+00 -9.814138e-03 9.998915e-01 -1.098439e-02 -1.308096e+00 2.113089e-02 1.118984e-02 9.997141e-01 7.113497e+01
9.997614e-01 6.455684e-03 -2.086725e-02 -2.289907e+00 -6.674774e-03 9.999232e-01 -1.044666e-02 -1.338701e+00 2.079821e-02 1.058345e-02 9.997277e-01 7.225309e+01
9.997375e-01 6.672698e-03 -2.191852e-02 -2.283379e+00 -6.873919e-03 9.999348e-01 -9.117913e-03 -1.358903e+00 2.185625e-02 9.266185e-03 9.997182e-01 7.340729e+01
9.997332e-01 5.245703e-03 -2.249616e-02 -2.308837e+00 -5.416931e-03 9.999568e-01 -7.557248e-03 -1.377664e+00 2.245554e-02 7.677092e-03 9.997184e-01 7.453808e+01
9.997412e-01 5.474005e-03 -2.208193e-02 -2.368204e+00 -5.580819e-03 9.999730e-01 -4.778426e-03 -1.404930e+00 2.205518e-02 4.900425e-03 9.997447e-01 7.567325e+01
9.997480e-01 4.892889e-03 -2.190762e-02 -2.427414e+00 -5.026778e-03 9.999690e-01 -6.060622e-03 -1.412676e+00 2.187728e-02 6.169220e-03 9.997416e-01 7.681212e+01
9.997038e-01 4.374778e-03 -2.394243e-02 -2.425971e+00 -4.626371e-03 9.999346e-01 -1.046300e-02 -1.456710e+00 2.389509e-02 1.057067e-02 9.996586e-01 7.791707e+01
9.996919e-01 4.942476e-03 -2.432353e-02 -2.449647e+00 -5.232408e-03 9.999159e-01 -1.187066e-02 -1.496378e+00 2.426281e-02 1.199428e-02 9.996337e-01 7.899441e+01
9.996988e-01 7.820830e-03 -2.326136e-02 -2.542987e+00 -8.064455e-03 9.999134e-01 -1.039806e-02 -1.508917e+00 2.317802e-02 1.058252e-02 9.996753e-01 8.019613e+01
9.996590e-01 9.309955e-03 -2.439736e-02 -2.556096e+00 -9.462113e-03 9.999365e-01 -6.128677e-03 -1.543651e+00 2.433875e-02 6.357438e-03 9.996836e-01 8.132806e+01
9.996269e-01 1.273174e-02 -2.416454e-02 -2.602888e+00 -1.279171e-02 9.999155e-01 -2.328497e-03 -1.555657e+00 2.413285e-02 2.636734e-03 9.997053e-01 8.245146e+01
9.996125e-01 1.042425e-02 -2.581109e-02 -2.604438e+00 -1.047902e-02 9.999431e-01 -1.987549e-03 -1.568627e+00 2.578890e-02 2.257254e-03 9.996649e-01 8.353754e+01
9.996008e-01 1.094643e-02 -2.604618e-02 -2.657006e+00 -1.104128e-02 9.999329e-01 -3.500645e-03 -1.615527e+00 2.600611e-02 3.786830e-03 9.996546e-01 8.471651e+01
9.995748e-01 1.142579e-02 -2.682784e-02 -2.673125e+00 -1.156165e-02 9.999211e-01 -4.914327e-03 -1.614784e+00 2.676958e-02 5.222411e-03 9.996280e-01 8.574794e+01
9.995472e-01 1.232918e-02 -2.744867e-02 -2.691808e+00 -1.247135e-02 9.999097e-01 -5.014328e-03 -1.631937e+00 2.738437e-02 5.354379e-03 9.996106e-01 8.686863e+01
9.995220e-01 1.181041e-02 -2.857081e-02 -2.707547e+00 -1.195532e-02 9.999165e-01 -4.906700e-03 -1.651355e+00 2.851048e-02 5.245928e-03 9.995797e-01 8.796557e+01
9.995042e-01 1.198134e-02 -2.911804e-02 -2.737667e+00 -1.208393e-02 9.999214e-01 -3.349865e-03 -1.686373e+00 2.907561e-02 3.700065e-03 9.995704e-01 8.911668e+01
9.995209e-01 8.454178e-03 -2.977567e-02 -2.767077e+00 -8.470056e-03 9.999640e-01 -4.071365e-04 -1.716692e+00 2.977116e-02 6.591430e-04 9.995565e-01 9.012856e+01
9.995070e-01 8.791429e-03 -3.013982e-02 -2.815207e+00 -8.781166e-03 9.999613e-01 4.728730e-04 -1.731957e+00 3.014281e-02 -2.079771e-04 9.995456e-01 9.117211e+01
9.994495e-01 9.344125e-03 -3.183228e-02 -2.885397e+00 -9.324245e-03 9.999562e-01 7.729148e-04 -1.754903e+00 3.183810e-02 -4.756774e-04 9.994929e-01 9.205919e+01
9.993314e-01 7.083666e-03 -3.586993e-02 -2.900768e+00 -7.102214e-03 9.999747e-01 -3.896918e-04 -1.768492e+00 3.586626e-02 6.441872e-04 9.993564e-01 9.303483e+01
9.992148e-01 9.008239e-03 -3.858343e-02 -2.970257e+00 -9.041440e-03 9.999589e-01 -6.861032e-04 -1.811665e+00 3.857567e-02 1.034414e-03 9.992551e-01 9.407606e+01
9.991230e-01 8.708976e-03 -4.095589e-02 -3.023169e+00 -8.739384e-03 9.999617e-01 -5.634866e-04 -1.818697e+00 4.094942e-02 9.209217e-04 9.991608e-01 9.489812e+01
9.989304e-01 1.234289e-02 -4.456023e-02 -3.091168e+00 -1.232385e-02 9.999238e-01 7.019124e-04 -1.844942e+00 4.456549e-02 -1.520080e-04 9.990065e-01 9.581005e+01
9.987127e-01 1.953188e-02 -4.681303e-02 -3.168665e+00 -1.940549e-02 9.998067e-01 3.152952e-03 -1.700695e+00 4.686556e-02 -2.240463e-03 9.988987e-01 9.676117e+01
9.986615e-01 1.320960e-02 -5.000663e-02 -3.213052e+00 -1.304007e-02 9.999081e-01 3.714803e-03 -1.908393e+00 5.005110e-02 -3.057741e-03 9.987420e-01 9.758011e+01
9.984698e-01 1.607719e-02 -5.291191e-02 -3.265219e+00 -1.588929e-02 9.998659e-01 3.969867e-03 -1.887749e+00 5.296864e-02 -3.123059e-03 9.985913e-01 9.840427e+01
9.983017e-01 1.750226e-02 -5.556380e-02 -3.318138e+00 -1.725965e-02 9.998393e-01 4.843100e-03 -1.904516e+00 5.563964e-02 -3.875863e-03 9.984434e-01 9.918257e+01
9.980926e-01 1.927625e-02 -5.864815e-02 -3.357763e+00 -1.909811e-02 9.998111e-01 3.596443e-03 -1.932773e+00 5.870640e-02 -2.469514e-03 9.982722e-01 9.993474e+01
9.979298e-01 2.054845e-02 -6.094166e-02 -3.401155e+00 -2.061666e-02 9.997873e-01 -4.906968e-04 -1.925127e+00 6.091862e-02 1.746095e-03 9.981412e-01 1.006609e+02
9.977091e-01 2.348665e-02 -6.344303e-02 -3.458345e+00 -2.377492e-02 9.997101e-01 -3.792440e-03 -1.944729e+00 6.333557e-02 5.292104e-03 9.979783e-01 1.013554e+02
9.975128e-01 2.568333e-02 -6.564021e-02 -3.497123e+00 -2.613807e-02 9.996399e-01 -6.078149e-03 -1.951861e+00 6.546046e-02 7.778739e-03 9.978248e-01 1.020333e+02
9.973860e-01 2.695101e-02 -6.704279e-02 -3.527195e+00 -2.749112e-02 9.995965e-01 -7.146592e-03 -1.975344e+00 6.682313e-02 8.970992e-03 9.977245e-01 1.026757e+02
9.973570e-01 2.925489e-02 -6.650712e-02 -3.559589e+00 -2.978262e-02 9.995322e-01 -6.957209e-03 -2.001218e+00 6.627247e-02 8.919577e-03 9.977617e-01 1.032722e+02
9.974121e-01 3.374648e-02 -6.348430e-02 -3.604009e+00 -3.417916e-02 9.993992e-01 -5.741513e-03 -1.999804e+00 6.325241e-02 7.896494e-03 9.979663e-01 1.038460e+02
9.976728e-01 3.566656e-02 -5.811139e-02 -3.630846e+00 -3.596176e-02 9.993450e-01 -4.041743e-03 -2.017238e+00 5.792917e-02 6.122125e-03 9.983019e-01 1.044098e+02
9.980455e-01 3.641331e-02 -5.078601e-02 -3.648192e+00 -3.654983e-02 9.993303e-01 -1.761688e-03 -2.054471e+00 5.068785e-02 3.614465e-03 9.987080e-01 1.049380e+02
9.984339e-01 3.728718e-02 -4.170640e-02 -3.635724e+00 -3.733274e-02 9.993028e-01 -3.137151e-04 -2.033323e+00 4.166563e-02 1.870238e-03 9.991299e-01 1.054693e+02
9.988715e-01 3.641858e-02 -3.048689e-02 -3.619313e+00 -3.639704e-02 9.993366e-01 1.261238e-03 -2.072736e+00 3.051259e-02 -1.501826e-04 9.995344e-01 1.059716e+02
9.991825e-01 3.601976e-02 -1.835285e-02 -3.562095e+00 -3.600279e-02 9.993509e-01 1.254370e-03 -2.081479e+00 1.838612e-02 -5.925911e-04 9.998308e-01 1.065157e+02
9.993711e-01 3.538597e-02 -2.284868e-03 -3.602990e+00 -3.538513e-02 9.993737e-01 4.061471e-04 -2.103258e+00 2.297809e-03 -3.250413e-04 9.999973e-01 1.068876e+02
9.992655e-01 3.457695e-02 1.651994e-02 -3.603747e+00 -3.453046e-02 9.993989e-01 -3.091243e-03 -2.099774e+00 -1.661689e-02 2.518531e-03 9.998588e-01 1.072823e+02
9.987035e-01 3.407522e-02 3.781742e-02 -3.565354e+00 -3.380288e-02 9.993979e-01 -7.817966e-03 -2.113629e+00 -3.806105e-02 6.529493e-03 9.992541e-01 1.077297e+02
9.975299e-01 3.315285e-02 6.192761e-02 -3.498661e+00 -3.240846e-02 9.993903e-01 -1.298669e-02 -2.113508e+00 -6.232040e-02 1.094763e-02 9.979962e-01 1.081572e+02
9.955917e-01 3.016544e-02 8.881018e-02 -3.422783e+00 -2.885435e-02 9.994554e-01 -1.601012e-02 -2.118962e+00 -8.924477e-02 1.337698e-02 9.959199e-01 1.085973e+02
9.925128e-01 2.811308e-02 1.188611e-01 -3.350077e+00 -2.616741e-02 9.994973e-01 -1.789869e-02 -2.125925e+00 -1.193045e-01 1.465439e-02 9.927496e-01 1.089911e+02
9.880819e-01 2.772100e-02 1.514126e-01 -3.238423e+00 -2.492408e-02 9.994824e-01 -2.033929e-02 -2.094393e+00 -1.518980e-01 1.632306e-02 9.882614e-01 1.094116e+02
9.818074e-01 3.030395e-02 1.874458e-01 -3.096943e+00 -2.644551e-02 9.993844e-01 -2.305148e-02 -2.024576e+00 -1.880290e-01 1.767501e-02 9.820044e-01 1.098006e+02
9.737352e-01 2.896306e-02 2.258337e-01 -2.966562e+00 -2.384124e-02 9.993937e-01 -2.537464e-02 -2.029059e+00 -2.264317e-01 1.932403e-02 9.738353e-01 1.101951e+02
9.638845e-01 2.826818e-02 2.648160e-01 -2.738334e+00 -2.176646e-02 9.993860e-01 -2.745479e-02 -2.038636e+00 -2.654295e-01 2.069914e-02 9.639080e-01 1.106690e+02
9.513022e-01 2.945431e-02 3.068493e-01 -2.573985e+00 -2.144691e-02 9.993366e-01 -2.943553e-02 -2.066834e+00 -3.075128e-01 2.142111e-02 9.513028e-01 1.110817e+02
9.357576e-01 3.354805e-02 3.510444e-01 -2.342420e+00 -2.393379e-02 9.992111e-01 -3.169216e-02 -2.064944e+00 -3.518307e-01 2.125435e-02 9.358223e-01 1.115327e+02
9.177432e-01 3.498186e-02 3.956308e-01 -2.159073e+00 -2.437754e-02 9.991969e-01 -3.180098e-02 -2.035417e+00 -3.964255e-01 1.954063e-02 9.178589e-01 1.118498e+02
8.968968e-01 2.858318e-02 4.413152e-01 -2.020149e+00 -1.803764e-02 9.994431e-01 -2.807373e-02 -2.136620e+00 -4.418718e-01 1.721895e-02 8.969129e-01 1.121312e+02
8.732262e-01 2.635051e-02 4.866021e-01 -1.788766e+00 -1.430222e-02 9.994926e-01 -2.845870e-02 -2.171116e+00 -4.871052e-01 1.789139e-02 8.731600e-01 1.124559e+02
8.472858e-01 2.779906e-02 5.304093e-01 -1.630123e+00 -1.280290e-02 9.994082e-01 -3.192797e-02 -2.178502e+00 -5.309830e-01 2.026134e-02 8.471402e-01 1.127158e+02
8.186400e-01 2.949679e-02 5.735490e-01 -1.431781e+00 -1.143309e-02 9.993193e-01 -3.507481e-02 -2.222225e+00 -5.741932e-01 2.215621e-02 8.184200e-01 1.129777e+02
7.901031e-01 3.428444e-02 6.120144e-01 -1.185192e+00 -8.097715e-03 9.989313e-01 -4.550509e-02 -2.179060e+00 -6.129205e-01 3.099780e-02 7.895363e-01 1.131606e+02
7.552136e-01 4.132443e-02 6.541748e-01 -9.407187e-01 -1.168891e-02 9.987011e-01 -4.959397e-02 -2.205430e+00 -6.553745e-01 2.980745e-02 7.547157e-01 1.134166e+02
7.175786e-01 4.598661e-02 6.949577e-01 -6.715658e-01 -7.544861e-03 9.982725e-01 -5.826706e-02 -2.182118e+00 -6.964367e-01 3.656784e-02 7.166860e-01 1.136511e+02
6.774852e-01 4.579637e-02 7.341093e-01 -3.785802e-01 -5.476957e-03 9.983462e-01 -5.722592e-02 -2.221731e+00 -7.355160e-01 3.474903e-02 6.766156e-01 1.138941e+02
6.370722e-01 4.385993e-02 7.695553e-01 -5.049800e-02 -1.299045e-03 9.984395e-01 -5.582952e-02 -2.239928e+00 -7.708031e-01 3.456774e-02 6.361350e-01 1.140875e+02
5.892840e-01 4.135487e-02 8.068669e-01 3.699612e-01 -8.032771e-03 9.989396e-01 -4.533267e-02 -2.350915e+00 -8.078861e-01 2.023244e-02 5.889913e-01 1.144536e+02
5.439388e-01 3.929365e-02 8.382044e-01 7.339892e-01 -5.789791e-03 9.990550e-01 -4.307687e-02 -2.382529e+00 -8.391049e-01 1.857816e-02 5.436523e-01 1.146038e+02
4.973712e-01 3.666016e-02 8.667629e-01 8.355313e-01 -5.008465e-03 9.992114e-01 -3.938815e-02 -2.417241e+00 -8.675234e-01 1.524938e-02 4.971626e-01 1.145718e+02
4.486419e-01 3.350806e-02 8.930832e-01 8.776065e-01 7.457714e-03 9.991217e-01 -4.123298e-02 -2.319991e+00 -8.936805e-01 2.515920e-02 4.479980e-01 1.145270e+02
3.969810e-01 3.297796e-02 9.172342e-01 7.463640e-01 3.452682e-03 9.992936e-01 -3.742263e-02 -2.349277e+00 -9.178203e-01 1.802299e-02 3.965867e-01 1.144718e+02
3.444225e-01 3.717975e-02 9.380783e-01 8.108268e-01 -9.117451e-03 9.993008e-01 -3.625871e-02 -2.417268e+00 -9.387705e-01 3.935431e-03 3.445206e-01 1.144824e+02
2.932361e-01 4.090186e-02 9.551647e-01 7.874182e-01 -1.916602e-02 9.991351e-01 -3.690077e-02 -2.504584e+00 -9.558479e-01 -7.486065e-03 2.937665e-01 1.144139e+02
2.467894e-01 4.135225e-02 9.681864e-01 3.331402e-01 -2.541164e-02 9.990217e-01 -3.619186e-02 -2.555091e+00 -9.687359e-01 -1.567144e-02 2.475988e-01 1.142217e+02
2.063317e-01 4.147033e-02 9.776029e-01 7.898517e-01 -1.457576e-02 9.991209e-01 -3.930679e-02 -2.525703e+00 -9.783735e-01 -6.139070e-03 2.067548e-01 1.142897e+02
1.707350e-01 4.159721e-02 9.844385e-01 1.459446e+00 -7.577133e-03 9.991343e-01 -4.090405e-02 -2.584241e+00 -9.852879e-01 -4.754699e-04 1.709024e-01 1.143666e+02
1.416117e-01 4.286911e-02 9.889936e-01 1.696283e+00 -1.740710e-03 9.990711e-01 -4.305668e-02 -2.587444e+00 -9.899207e-01 4.375780e-03 1.415548e-01 1.142554e+02
1.132160e-01 4.148346e-02 9.927040e-01 2.052413e+00 -4.688244e-03 9.991392e-01 -4.121769e-02 -2.593129e+00 -9.935593e-01 1.246401e-05 1.133130e-01 1.142371e+02
8.738843e-02 3.733374e-02 9.954745e-01 2.313826e+00 -1.467827e-02 9.992373e-01 -3.618631e-02 -2.655639e+00 -9.960662e-01 -1.144957e-02 8.786977e-02 1.142332e+02
6.633460e-02 3.238912e-02 9.972716e-01 2.612166e+00 -2.216967e-02 9.992741e-01 -3.097952e-02 -2.706230e+00 -9.975511e-01 -2.005417e-02 6.700450e-02 1.141086e+02
4.371751e-02 2.923855e-02 9.986160e-01 3.115149e+00 -2.061826e-02 9.993852e-01 -2.835844e-02 -2.762308e+00 -9.988312e-01 -1.934997e-02 4.429348e-02 1.140985e+02
2.190720e-02 3.093312e-02 9.992814e-01 3.972063e+00 -7.199738e-03 9.995002e-01 -3.078205e-02 -2.751823e+00 -9.997341e-01 -6.520215e-03 2.211896e-02 1.142791e+02
5.454556e-03 3.249285e-02 9.994571e-01 4.458390e+00 -2.238509e-03 9.994698e-01 -3.248105e-02 -2.816127e+00 -9.999826e-01 -2.060124e-03 5.524400e-03 1.142173e+02
-9.455967e-03 3.815362e-02 9.992271e-01 5.074042e+00 -2.194914e-03 9.992686e-01 -3.817598e-02 -2.834013e+00 -9.999529e-01 -2.554208e-03 -9.365308e-03 1.142311e+02
-2.036570e-02 4.272319e-02 9.988794e-01 5.740767e+00 -4.200446e-03 9.990741e-01 -4.281716e-02 -2.867550e+00 -9.997838e-01 -5.067741e-03 -2.016738e-02 1.142410e+02
-2.658772e-02 4.251651e-02 9.987419e-01 6.393132e+00 -9.586471e-04 9.990936e-01 -4.255700e-02 -2.899823e+00 -9.996460e-01 -2.088935e-03 -2.652286e-02 1.142244e+02
-2.844219e-02 3.916045e-02 9.988281e-01 6.980666e+00 4.419186e-03 9.992275e-01 -3.905027e-02 -2.925753e+00 -9.995857e-01 3.303332e-03 -2.859327e-02 1.141602e+02
-2.838918e-02 3.734247e-02 9.988992e-01 7.612701e+00 7.603425e-03 9.992811e-01 -3.714065e-02 -2.987066e+00 -9.995680e-01 6.540663e-03 -2.865270e-02 1.141865e+02
-2.605374e-02 3.610558e-02 9.990083e-01 8.621481e+00 1.912698e-03 9.993475e-01 -3.606796e-02 -3.040990e+00 -9.996587e-01 9.710963e-04 -2.610580e-02 1.142096e+02
-2.518064e-02 3.699618e-02 9.989981e-01 9.021397e+00 1.607402e-03 9.993152e-01 -3.696740e-02 -3.073365e+00 -9.996816e-01 6.749283e-04 -2.522287e-02 1.141699e+02
-2.277638e-02 3.736325e-02 9.990422e-01 1.124791e+01 2.822859e-03 9.992998e-01 -3.730853e-02 -3.316671e+00 -9.997366e-01 1.970402e-03 -2.286590e-02 1.141407e+02
-2.305033e-02 3.918849e-02 9.989659e-01 1.191874e+01 4.652324e-03 9.992248e-01 -3.909130e-02 -3.296467e+00 -9.997235e-01 3.746445e-03 -2.321478e-02 1.141948e+02
-2.211403e-02 3.909019e-02 9.989910e-01 1.265704e+01 -5.465268e-03 9.992157e-01 -3.921996e-02 -3.311336e+00 -9.997405e-01 -6.327065e-03 -2.188305e-02 1.141184e+02
-2.159848e-02 3.699624e-02 9.990820e-01 1.333114e+01 2.745181e-03 9.993135e-01 -3.694547e-02 -3.358400e+00 -9.997630e-01 1.944695e-03 -2.168521e-02 1.141486e+02
-2.021352e-02 3.614811e-02 9.991420e-01 1.403781e+01 5.191879e-03 9.993365e-01 -3.605012e-02 -3.385219e+00 -9.997822e-01 4.458725e-03 -2.038778e-02 1.140948e+02
-2.117046e-02 3.401636e-02 9.991970e-01 1.484864e+01 5.314485e-03 9.994107e-01 -3.391104e-02 -3.399611e+00 -9.997618e-01 4.592305e-03 -2.133877e-02 1.141042e+02
-2.194006e-02 3.211410e-02 9.992434e-01 1.572006e+01 4.557413e-03 9.994768e-01 -3.202153e-02 -3.473947e+00 -9.997489e-01 3.851410e-03 -2.207494e-02 1.140967e+02
-2.325223e-02 3.161609e-02 9.992296e-01 1.651924e+01 3.958524e-03 9.994949e-01 -3.153237e-02 -3.517613e+00 -9.997218e-01 3.222277e-03 -2.336563e-02 1.140975e+02
-2.472033e-02 2.906328e-02 9.992719e-01 1.734333e+01 3.429446e-03 9.995739e-01 -2.898723e-02 -3.516833e+00 -9.996885e-01 2.710375e-03 -2.480947e-02 1.140652e+02
-2.616702e-02 2.622052e-02 9.993137e-01 1.806592e+01 2.116696e-03 9.996552e-01 -2.617405e-02 -3.593350e+00 -9.996553e-01 1.430346e-03 -2.621350e-02 1.140086e+02
-2.768201e-02 2.518802e-02 9.992994e-01 1.888682e+01 -1.158961e-03 9.996810e-01 -2.522974e-02 -3.622866e+00 -9.996161e-01 -1.856559e-03 -2.764399e-02 1.139761e+02
-2.849242e-02 3.035422e-02 9.991330e-01 1.969145e+01 -3.580758e-03 9.995293e-01 -3.046837e-02 -3.658080e+00 -9.995876e-01 -4.445771e-03 -2.837032e-02 1.139720e+02
-2.929016e-02 3.468925e-02 9.989688e-01 2.049940e+01 -2.541012e-03 9.993918e-01 -3.477845e-02 -3.697461e+00 -9.995677e-01 -3.557058e-03 -2.918420e-02 1.139357e+02
-3.034359e-02 3.633877e-02 9.988788e-01 2.136972e+01 -2.613260e-03 9.993326e-01 -3.643466e-02 -3.706332e+00 -9.995361e-01 -3.715888e-03 -3.022838e-02 1.139057e+02
-3.182504e-02 3.436183e-02 9.989026e-01 2.222990e+01 -5.781427e-03 9.993858e-01 -3.456265e-02 -3.764656e+00 -9.994767e-01 -6.875040e-03 -3.160683e-02 1.139033e+02
-3.218240e-02 2.951114e-02 9.990462e-01 2.287757e+01 -1.038478e-02 9.995002e-01 -2.985908e-02 -3.828217e+00 -9.994281e-01 -1.133581e-02 -3.185985e-02 1.138294e+02
-3.253461e-02 2.514679e-02 9.991542e-01 2.377405e+01 -1.142352e-02 9.996088e-01 -2.553020e-02 -3.821827e+00 -9.994053e-01 -1.224448e-02 -3.223462e-02 1.138078e+02
-3.341018e-02 1.870645e-02 9.992666e-01 2.461991e+01 -1.851477e-02 9.996417e-01 -1.933250e-02 -3.881489e+00 -9.992702e-01 -1.914709e-02 -3.305186e-02 1.137858e+02
-3.283025e-02 1.727128e-02 9.993117e-01 2.559932e+01 -2.072577e-02 9.996239e-01 -1.795758e-02 -3.943670e+00 -9.992460e-01 -2.130105e-02 -3.245994e-02 1.137568e+02
-3.186165e-02 2.388278e-02 9.992069e-01 2.648736e+01 -1.780317e-02 9.995423e-01 -2.445849e-02 -3.983287e+00 -9.993337e-01 -1.856834e-02 -3.142188e-02 1.137198e+02
-3.148717e-02 3.567638e-02 9.988672e-01 2.734599e+01 -1.576027e-02 9.992208e-01 -3.618581e-02 -4.014326e+00 -9.993799e-01 -1.688181e-02 -3.090037e-02 1.137347e+02
-3.047361e-02 4.074242e-02 9.987049e-01 2.790983e+01 -1.469835e-02 9.990426e-01 -4.120469e-02 -4.036577e+00 -9.994275e-01 -1.593497e-02 -2.984559e-02 1.136994e+02
-2.941508e-02 3.462690e-02 9.989673e-01 2.874680e+01 -1.484960e-02 9.992744e-01 -3.507480e-02 -4.102145e+00 -9.994570e-01 -1.586599e-02 -2.887954e-02 1.136839e+02
-2.847643e-02 2.665944e-02 9.992389e-01 2.974612e+01 -1.069306e-02 9.995790e-01 -2.697324e-02 -4.177944e+00 -9.995373e-01 -1.145302e-02 -2.817937e-02 1.136718e+02
-2.784669e-02 2.375888e-02 9.993298e-01 3.041819e+01 -1.066651e-02 9.996535e-01 -2.406380e-02 -4.180677e+00 -9.995553e-01 -1.132946e-02 -2.758362e-02 1.136383e+02
-2.837068e-02 2.451960e-02 9.992967e-01 3.126710e+01 -1.329505e-02 9.996014e-01 -2.490453e-02 -4.198130e+00 -9.995091e-01 -1.399226e-02 -2.803338e-02 1.136182e+02
-2.896813e-02 2.522791e-02 9.992619e-01 3.212114e+01 -1.509700e-02 9.995564e-01 -2.567300e-02 -4.263250e+00 -9.994663e-01 -1.582955e-02 -2.857442e-02 1.135924e+02
-3.102579e-02 2.590034e-02 9.991830e-01 3.281781e+01 -1.881347e-02 9.994720e-01 -2.649201e-02 -4.258072e+00 -9.993415e-01 -1.962003e-02 -3.052213e-02 1.135407e+02
-3.295662e-02 2.545554e-02 9.991326e-01 3.366688e+01 -1.953505e-02 9.994682e-01 -2.610846e-02 -4.313001e+00 -9.992659e-01 -2.037855e-02 -3.244182e-02 1.135086e+02
-3.522069e-02 2.523501e-02 9.990609e-01 3.455818e+01 -2.218749e-02 9.994150e-01 -2.602614e-02 -4.361260e+00 -9.991332e-01 -2.308331e-02 -3.464018e-02 1.134735e+02
-3.670375e-02 2.633880e-02 9.989790e-01 3.547465e+01 -2.005488e-02 9.994319e-01 -2.708758e-02 -4.411774e+00 -9.991249e-01 -2.102862e-02 -3.615468e-02 1.134690e+02
-3.807719e-02 2.492054e-02 9.989640e-01 3.634388e+01 -2.343868e-02 9.993917e-01 -2.582462e-02 -4.476174e+00 -9.989999e-01 -2.439772e-02 -3.746992e-02 1.133928e+02
-4.033506e-02 2.378720e-02 9.989030e-01 3.716832e+01 -2.098361e-02 9.994759e-01 -2.464815e-02 -4.529425e+00 -9.989659e-01 -2.195478e-02 -3.981479e-02 1.133897e+02
-4.225037e-02 2.373175e-02 9.988252e-01 3.791322e+01 -2.004981e-02 9.994964e-01 -2.459580e-02 -4.571214e+00 -9.989059e-01 -2.106543e-02 -4.175327e-02 1.133745e+02
-4.426472e-02 2.475959e-02 9.987130e-01 3.877431e+01 -1.994741e-02 9.994716e-01 -2.566251e-02 -4.606303e+00 -9.988207e-01 -2.105768e-02 -4.374744e-02 1.133579e+02
-4.483296e-02 2.470105e-02 9.986891e-01 3.954298e+01 -1.965596e-02 9.994789e-01 -2.560298e-02 -4.665496e+00 -9.988011e-01 -2.077805e-02 -4.432407e-02 1.133028e+02
-4.609701e-02 2.365792e-02 9.986568e-01 4.029813e+01 -1.762126e-02 9.995447e-01 -2.449234e-02 -4.692978e+00 -9.987815e-01 -1.872661e-02 -4.565914e-02 1.132771e+02
-4.769169e-02 2.315435e-02 9.985937e-01 4.114227e+01 -1.730270e-02 9.995621e-01 -2.400317e-02 -4.730352e+00 -9.987122e-01 -1.842311e-02 -4.727018e-02 1.132521e+02
-4.879475e-02 2.250423e-02 9.985553e-01 4.188356e+01 -1.795196e-02 9.995649e-01 -2.340421e-02 -4.770286e+00 -9.986475e-01 -1.906803e-02 -4.836952e-02 1.132160e+02
-5.016781e-02 2.181951e-02 9.985024e-01 4.263821e+01 -1.922510e-02 9.995550e-01 -2.280844e-02 -4.821157e+00 -9.985558e-01 -2.034056e-02 -4.972600e-02 1.131806e+02
-5.050349e-02 2.027764e-02 9.985180e-01 4.334944e+01 -2.117013e-02 9.995475e-01 -2.136930e-02 -4.855825e+00 -9.984995e-01 -2.221798e-02 -5.005136e-02 1.131297e+02
-5.057130e-02 1.956191e-02 9.985289e-01 4.406052e+01 -1.956097e-02 9.995970e-01 -2.057352e-02 -4.907591e+00 -9.985289e-01 -2.057262e-02 -5.016826e-02 1.130772e+02
-5.121358e-02 2.276372e-02 9.984283e-01 4.480466e+01 -1.914663e-02 9.995341e-01 -2.377104e-02 -4.921073e+00 -9.985042e-01 -2.033394e-02 -5.075387e-02 1.130697e+02
-5.134343e-02 2.591849e-02 9.983447e-01 4.550840e+01 -1.850713e-02 9.994668e-01 -2.689942e-02 -4.940675e+00 -9.985096e-01 -1.985760e-02 -5.083638e-02 1.130355e+02
-5.182648e-02 2.772619e-02 9.982711e-01 4.628753e+01 -1.960752e-02 9.993936e-01 -2.877531e-02 -4.976187e+00 -9.984636e-01 -2.106494e-02 -5.125141e-02 1.130287e+02
-5.089959e-02 2.732020e-02 9.983300e-01 4.673343e+01 -2.133975e-02 9.993678e-01 -2.843660e-02 -5.027556e+00 -9.984758e-01 -2.275153e-02 -5.028440e-02 1.129470e+02
-5.081411e-02 2.783755e-02 9.983201e-01 4.745794e+01 -1.836377e-02 9.994164e-01 -2.880283e-02 -5.054650e+00 -9.985393e-01 -1.979651e-02 -5.027325e-02 1.129219e+02
-5.098370e-02 2.727731e-02 9.983269e-01 4.820840e+01 -1.704026e-02 9.994577e-01 -2.817844e-02 -5.083453e+00 -9.985541e-01 -1.844839e-02 -5.049124e-02 1.128934e+02
-5.169263e-02 2.763244e-02 9.982807e-01 4.876483e+01 -2.244063e-02 9.993326e-01 -2.882357e-02 -5.106349e+00 -9.984109e-01 -2.389201e-02 -5.103804e-02 1.128471e+02
-5.158490e-02 2.747001e-02 9.982907e-01 4.943691e+01 -2.525104e-02 9.992662e-01 -2.880165e-02 -5.147409e+00 -9.983493e-01 -2.669361e-02 -5.085339e-02 1.128221e+02
-5.074090e-02 2.616040e-02 9.983692e-01 5.026508e+01 -2.339075e-02 9.993515e-01 -2.737495e-02 -5.207985e+00 -9.984379e-01 -2.474164e-02 -5.009609e-02 1.127488e+02
-5.215184e-02 2.679924e-02 9.982795e-01 5.100636e+01 -1.935519e-02 9.994250e-01 -2.784114e-02 -5.216783e+00 -9.984516e-01 -2.077386e-02 -5.160315e-02 1.127532e+02
-5.608481e-02 2.529217e-02 9.981056e-01 5.156557e+01 -2.509033e-02 9.993277e-01 -2.673299e-02 -5.257159e+00 -9.981107e-01 -2.654211e-02 -5.541252e-02 1.127318e+02
-6.130162e-02 2.431646e-02 9.978230e-01 5.238731e+01 -2.910718e-02 9.992345e-01 -2.613906e-02 -5.334728e+00 -9.976948e-01 -3.064618e-02 -6.054691e-02 1.126621e+02
-6.835834e-02 2.683627e-02 9.972998e-01 5.332546e+01 -3.003177e-02 9.991298e-01 -2.894399e-02 -5.404733e+00 -9.972087e-01 -3.192924e-02 -6.749292e-02 1.126056e+02
-7.483592e-02 3.022495e-02 9.967377e-01 5.410733e+01 -2.534605e-02 9.991600e-01 -3.220141e-02 -5.448588e+00 -9.968737e-01 -2.767319e-02 -7.400697e-02 1.125574e+02
-8.174606e-02 3.229591e-02 9.961298e-01 5.445819e+01 -2.649533e-02 9.990512e-01 -3.456493e-02 -5.429465e+00 -9.963009e-01 -2.921834e-02 -8.081281e-02 1.125179e+02
-8.775429e-02 3.120630e-02 9.956532e-01 5.519486e+01 -3.119039e-02 9.989330e-01 -3.405814e-02 -5.469579e+00 -9.956537e-01 -3.404356e-02 -8.668733e-02 1.124528e+02
-9.253776e-02 3.070552e-02 9.952356e-01 5.585808e+01 -3.022938e-02 9.989770e-01 -3.363171e-02 -5.483709e+00 -9.952502e-01 -3.319756e-02 -9.151489e-02 1.123764e+02
-9.770751e-02 3.024826e-02 9.947554e-01 5.664284e+01 -3.319567e-02 9.988828e-01 -3.363433e-02 -5.557768e+00 -9.946614e-01 -3.630790e-02 -9.659424e-02 1.123003e+02
-1.023605e-01 2.862121e-02 9.943355e-01 5.751740e+01 -4.013501e-02 9.986532e-01 -3.287714e-02 -5.637512e+00 -9.939374e-01 -4.327299e-02 -1.010739e-01 1.122754e+02
-1.042144e-01 2.529698e-02 9.942331e-01 5.819096e+01 -4.129427e-02 9.987043e-01 -2.973917e-02 -5.671854e+00 -9.936972e-01 -4.415538e-02 -1.030348e-01 1.121870e+02
-1.065654e-01 2.170867e-02 9.940687e-01 5.916103e+01 -4.087737e-02 9.988207e-01 -2.619455e-02 -5.718369e+00 -9.934651e-01 -4.342635e-02 -1.055523e-01 1.120631e+02
-1.076256e-01 1.894843e-02 9.940109e-01 5.983584e+01 -3.935985e-02 9.989533e-01 -2.330430e-02 -5.759315e+00 -9.934121e-01 -4.163226e-02 -1.067671e-01 1.120151e+02
-1.085797e-01 1.900253e-02 9.939061e-01 6.066722e+01 -3.902476e-02 9.989651e-01 -2.336253e-02 -5.790668e+00 -9.933215e-01 -4.132365e-02 -1.077258e-01 1.118960e+02
-1.090999e-01 2.213148e-02 9.937844e-01 6.139889e+01 -4.044386e-02 9.988254e-01 -2.668377e-02 -5.830465e+00 -9.932077e-01 -4.310367e-02 -1.080767e-01 1.117974e+02
-1.089267e-01 2.537612e-02 9.937258e-01 6.203411e+01 -3.409609e-02 9.989905e-01 -2.924798e-02 -5.896731e+00 -9.934649e-01 -3.706805e-02 -1.079516e-01 1.117445e+02
-1.103506e-01 3.058128e-02 9.934221e-01 6.271537e+01 -2.723983e-02 9.990580e-01 -3.378061e-02 -5.913174e+00 -9.935194e-01 -3.078836e-02 -1.094136e-01 1.116956e+02
-1.097022e-01 3.340877e-02 9.934029e-01 6.352119e+01 -2.358222e-02 9.990662e-01 -3.620343e-02 -5.893566e+00 -9.936847e-01 -2.739824e-02 -1.088119e-01 1.115692e+02
-1.099350e-01 3.092143e-02 9.934577e-01 6.417633e+01 -2.880896e-02 9.989969e-01 -3.428181e-02 -5.894117e+00 -9.935212e-01 -3.238925e-02 -1.089339e-01 1.115072e+02
-1.095513e-01 2.530559e-02 9.936590e-01 6.499455e+01 -3.031428e-02 9.991258e-01 -2.878697e-02 -5.950817e+00 -9.935188e-01 -3.327570e-02 -1.086885e-01 1.113824e+02
-1.097902e-01 2.343990e-02 9.936784e-01 6.591805e+01 -2.827102e-02 9.992438e-01 -2.669481e-02 -6.005429e+00 -9.935526e-01 -3.102312e-02 -1.090445e-01 1.112608e+02
-1.109034e-01 2.193012e-02 9.935892e-01 6.670446e+01 -2.910529e-02 9.992560e-01 -2.530390e-02 -6.108363e+00 -9.934049e-01 -3.172499e-02 -1.101827e-01 1.111812e+02
-1.136677e-01 2.323602e-02 9.932471e-01 6.745748e+01 -3.109826e-02 9.991534e-01 -2.693309e-02 -6.111910e+00 -9.930320e-01 -3.394967e-02 -1.128488e-01 1.111389e+02
-1.144124e-01 2.436516e-02 9.931345e-01 6.807258e+01 -2.975170e-02 9.991667e-01 -2.794065e-02 -6.134472e+00 -9.929877e-01 -3.274420e-02 -1.135921e-01 1.110452e+02
-1.180608e-01 2.542535e-02 9.926808e-01 6.874370e+01 -2.625158e-02 9.992428e-01 -2.871556e-02 -6.127896e+00 -9.926593e-01 -2.944962e-02 -1.173040e-01 1.110944e+02
-1.199164e-01 2.539419e-02 9.924592e-01 6.948253e+01 -2.800186e-02 9.991886e-01 -2.894977e-02 -6.149636e+00 -9.923890e-01 -3.126226e-02 -1.191080e-01 1.109852e+02
-1.223689e-01 2.585541e-02 9.921478e-01 7.026529e+01 -2.710628e-02 9.992006e-01 -2.938243e-02 -6.163317e+00 -9.921145e-01 -3.048893e-02 -1.215702e-01 1.109303e+02
-1.229884e-01 2.590984e-02 9.920698e-01 7.104814e+01 -2.840014e-02 9.991578e-01 -2.961577e-02 -6.206116e+00 -9.920017e-01 -3.181732e-02 -1.221490e-01 1.108023e+02
-1.250303e-01 2.684666e-02 9.917896e-01 7.183293e+01 -2.904723e-02 9.991063e-01 -3.070656e-02 -6.261652e+00 -9.917276e-01 -3.264800e-02 -1.241387e-01 1.107337e+02
-1.253796e-01 2.754812e-02 9.917263e-01 7.259114e+01 -2.923070e-02 9.990779e-01 -3.144784e-02 -6.283281e+00 -9.916781e-01 -3.293177e-02 -1.244587e-01 1.106327e+02
-1.242852e-01 2.624347e-02 9.918994e-01 7.338726e+01 -3.176258e-02 9.990327e-01 -3.041206e-02 -6.392800e+00 -9.917380e-01 -3.528505e-02 -1.233314e-01 1.104179e+02
-1.271763e-01 2.553703e-02 9.915513e-01 7.430848e+01 -3.117749e-02 9.990716e-01 -2.972953e-02 -6.396552e+00 -9.913900e-01 -3.469497e-02 -1.262621e-01 1.103770e+02
-1.289254e-01 2.429529e-02 9.913566e-01 7.509890e+01 -3.274767e-02 9.990503e-01 -2.874265e-02 -6.377351e+00 -9.911134e-01 -3.617028e-02 -1.280073e-01 1.103162e+02
-1.299279e-01 2.218303e-02 9.912753e-01 7.591816e+01 -3.496086e-02 9.990255e-01 -2.693884e-02 -6.403704e+00 -9.909069e-01 -3.815594e-02 -1.290257e-01 1.102073e+02
-1.319168e-01 2.247618e-02 9.910059e-01 7.681169e+01 -3.237424e-02 9.991119e-01 -2.696949e-02 -6.418053e+00 -9.907320e-01 -3.564079e-02 -1.310720e-01 1.101007e+02
-1.346359e-01 2.183580e-02 9.906545e-01 7.755761e+01 -3.391492e-02 9.990699e-01 -2.663053e-02 -6.477685e+00 -9.903146e-01 -3.718339e-02 -1.337701e-01 1.100325e+02
-1.359434e-01 2.261792e-02 9.904584e-01 7.835447e+01 -3.439942e-02 9.990288e-01 -2.753506e-02 -6.534659e+00 -9.901192e-01 -3.781440e-02 -1.350334e-01 1.098593e+02
-1.362292e-01 2.638202e-02 9.903260e-01 7.912584e+01 -3.175883e-02 9.990153e-01 -3.098225e-02 -6.566405e+00 -9.901682e-01 -3.567228e-02 -1.352572e-01 1.097218e+02
-1.371684e-01 3.000411e-02 9.900932e-01 7.991319e+01 -3.031012e-02 9.989459e-01 -3.447157e-02 -6.617708e+00 -9.900839e-01 -3.473826e-02 -1.361144e-01 1.096202e+02
-1.385807e-01 3.458484e-02 9.897471e-01 8.070357e+01 -2.904525e-02 9.988182e-01 -3.896862e-02 -6.635812e+00 -9.899251e-01 -3.414775e-02 -1.374124e-01 1.095317e+02
-1.380523e-01 3.541576e-02 9.897915e-01 8.151709e+01 -2.615220e-02 9.988817e-01 -3.938862e-02 -6.688927e+00 -9.900796e-01 -3.132291e-02 -1.369717e-01 1.094139e+02
-1.374279e-01 3.462549e-02 9.899064e-01 8.233515e+01 -2.373599e-02 9.989867e-01 -3.823835e-02 -6.735231e+00 -9.902273e-01 -2.875142e-02 -1.364667e-01 1.092874e+02
-1.370036e-01 3.228992e-02 9.900441e-01 8.325633e+01 -2.374260e-02 9.990744e-01 -3.586997e-02 -6.803905e+00 -9.902860e-01 -2.842053e-02 -1.361102e-01 1.091576e+02
-1.350244e-01 3.045918e-02 9.903740e-01 8.403379e+01 -2.476738e-02 9.991113e-01 -3.410460e-02 -6.848721e+00 -9.905327e-01 -2.913393e-02 -1.341500e-01 1.089950e+02
-1.342892e-01 2.743049e-02 9.905625e-01 8.493224e+01 -2.809634e-02 9.991095e-01 -3.147616e-02 -6.909516e+00 -9.905438e-01 -3.205809e-02 -1.333990e-01 1.089054e+02
-1.318393e-01 2.519125e-02 9.909510e-01 8.585257e+01 -2.411748e-02 9.992996e-01 -2.861215e-02 -6.914018e+00 -9.909777e-01 -2.767144e-02 -1.311394e-01 1.087941e+02
-1.298598e-01 2.193853e-02 9.912896e-01 8.672167e+01 -2.320297e-02 9.994142e-01 -2.515795e-02 -6.949693e+00 -9.912608e-01 -2.626787e-02 -1.292746e-01 1.086672e+02
-1.293289e-01 2.132045e-02 9.913725e-01 8.756541e+01 -2.587260e-02 9.993559e-01 -2.486733e-02 -7.004743e+00 -9.912642e-01 -2.886545e-02 -1.286940e-01 1.086129e+02
-1.266915e-01 2.620283e-02 9.915960e-01 8.832608e+01 -2.367230e-02 9.992865e-01 -2.943054e-02 -7.017855e+00 -9.916597e-01 -2.720196e-02 -1.259808e-01 1.084450e+02
-1.240203e-01 3.237120e-02 9.917515e-01 8.903130e+01 -2.440475e-02 9.990659e-01 -3.566180e-02 -7.050841e+00 -9.919795e-01 -2.862624e-02 -1.231144e-01 1.083213e+02
-1.236834e-01 3.775740e-02 9.916031e-01 8.997707e+01 -2.602128e-02 9.988088e-01 -4.127743e-02 -7.032296e+00 -9.919805e-01 -3.090812e-02 -1.225536e-01 1.082704e+02
-1.220663e-01 3.444567e-02 9.919241e-01 9.085704e+01 -3.020078e-02 9.988059e-01 -3.840116e-02 -7.085629e+00 -9.920624e-01 -3.464436e-02 -1.208802e-01 1.081625e+02
-1.210779e-01 3.180872e-02 9.921332e-01 9.173373e+01 -2.897817e-02 9.989472e-01 -3.556362e-02 -7.134041e+00 -9.922199e-01 -3.305617e-02 -1.200287e-01 1.080619e+02
-1.212005e-01 2.942037e-02 9.921920e-01 9.258939e+01 -3.143784e-02 9.989455e-01 -3.346090e-02 -7.196880e+00 -9.921301e-01 -3.524785e-02 -1.201478e-01 1.079904e+02
-1.207551e-01 3.142747e-02 9.921847e-01 9.374943e+01 -2.931622e-02 9.989499e-01 -3.520973e-02 -7.187055e+00 -9.922494e-01 -3.333885e-02 -1.197069e-01 1.078698e+02
-1.198370e-01 3.149459e-02 9.922939e-01 9.456116e+01 -3.011841e-02 9.989213e-01 -3.534227e-02 -7.226761e+00 -9.923366e-01 -3.412163e-02 -1.187592e-01 1.077596e+02
-1.198401e-01 2.869695e-02 9.923784e-01 9.551306e+01 -2.916846e-02 9.990489e-01 -3.241224e-02 -7.302089e+00 -9.923646e-01 -3.283043e-02 -1.188890e-01 1.076853e+02
-1.187512e-01 2.975870e-02 9.924780e-01 9.638579e+01 -2.642996e-02 9.991019e-01 -3.311969e-02 -7.296861e+00 -9.925722e-01 -3.016416e-02 -1.178580e-01 1.075742e+02
-1.185283e-01 3.065058e-02 9.924775e-01 9.723089e+01 -2.544407e-02 9.991015e-01 -3.389385e-02 -7.347065e+00 -9.926246e-01 -2.927005e-02 -1.176420e-01 1.074853e+02
-1.180409e-01 3.263274e-02 9.924724e-01 9.802867e+01 -2.585894e-02 9.990199e-01 -3.592359e-02 -7.392980e+00 -9.926720e-01 -2.990474e-02 -1.170813e-01 1.074014e+02
-1.170095e-01 3.420361e-02 9.925416e-01 9.891069e+01 -2.921538e-02 9.988557e-01 -3.786536e-02 -7.431131e+00 -9.927010e-01 -3.342809e-02 -1.158764e-01 1.072834e+02
-1.164004e-01 3.036049e-02 9.927382e-01 9.972589e+01 -3.287206e-02 9.988673e-01 -3.440224e-02 -7.462410e+00 -9.926582e-01 -3.663778e-02 -1.152706e-01 1.071798e+02
-1.163143e-01 2.853555e-02 9.928025e-01 1.005010e+02 -3.870637e-02 9.986976e-01 -3.323973e-02 -7.497605e+00 -9.924580e-01 -4.229404e-02 -1.150583e-01 1.070920e+02
-1.191124e-01 2.829886e-02 9.924774e-01 1.013976e+02 -4.289351e-02 9.985139e-01 -3.361886e-02 -7.556074e+00 -9.919538e-01 -4.657526e-02 -1.177216e-01 1.070537e+02
-1.197958e-01 3.285958e-02 9.922546e-01 1.021784e+02 -4.668471e-02 9.981601e-01 -3.869143e-02 -7.599133e+00 -9.917003e-01 -5.095819e-02 -1.180414e-01 1.069387e+02
-1.209405e-01 3.477871e-02 9.920503e-01 1.030655e+02 -4.906385e-02 9.979551e-01 -4.096707e-02 -7.667535e+00 -9.914465e-01 -5.362838e-02 -1.189868e-01 1.068477e+02
-1.197920e-01 3.464942e-02 9.921942e-01 1.036338e+02 -4.780920e-02 9.980300e-01 -4.062543e-02 -7.698663e+00 -9.916472e-01 -5.230261e-02 -1.178994e-01 1.067039e+02
-1.198481e-01 3.399121e-02 9.922102e-01 1.044625e+02 -4.740229e-02 9.980779e-01 -3.991791e-02 -7.748692e+00 -9.916599e-01 -5.181712e-02 -1.180065e-01 1.066000e+02
-1.211961e-01 3.391712e-02 9.920490e-01 1.053061e+02 -4.816025e-02 9.980382e-01 -4.000550e-02 -7.823788e+00 -9.914596e-01 -5.262583e-02 -1.193248e-01 1.065214e+02
-1.218282e-01 3.627061e-02 9.918883e-01 1.060554e+02 -4.744818e-02 9.979768e-01 -4.232105e-02 -7.895764e+00 -9.914164e-01 -5.221919e-02 -1.198607e-01 1.064185e+02
-1.222517e-01 3.732462e-02 9.917971e-01 1.068453e+02 -4.807728e-02 9.978968e-01 -4.348032e-02 -7.954072e+00 -9.913340e-01 -5.299845e-02 -1.202001e-01 1.063197e+02
-1.226512e-01 3.806614e-02 9.917195e-01 1.076105e+02 -4.815739e-02 9.978588e-01 -4.425767e-02 -7.990450e+00 -9.912808e-01 -5.318689e-02 -1.205555e-01 1.062097e+02
-1.258781e-01 3.680390e-02 9.913628e-01 1.085028e+02 -5.074134e-02 9.977647e-01 -4.348444e-02 -8.055195e+00 -9.907472e-01 -5.577682e-02 -1.237292e-01 1.061502e+02
-1.275853e-01 3.763394e-02 9.911133e-01 1.091593e+02 -5.097617e-02 9.977103e-01 -4.444656e-02 -8.104839e+00 -9.905167e-01 -5.619389e-02 -1.253748e-01 1.059986e+02
-1.314891e-01 3.972419e-02 9.905214e-01 1.100330e+02 -5.232323e-02 9.975259e-01 -4.695087e-02 -8.178069e+00 -9.899358e-01 -5.800081e-02 -1.290853e-01 1.059255e+02
-1.356750e-01 4.073771e-02 9.899155e-01 1.108340e+02 -5.610267e-02 9.972352e-01 -4.872821e-02 -8.237165e+00 -9.891637e-01 -6.214811e-02 -1.330144e-01 1.058399e+02
-1.390759e-01 4.047389e-02 9.894543e-01 1.116171e+02 -5.524493e-02 9.972913e-01 -4.855959e-02 -8.224684e+00 -9.887395e-01 -6.141580e-02 -1.364632e-01 1.057202e+02
-1.406930e-01 3.910097e-02 9.892808e-01 1.123000e+02 -5.611041e-02 9.972989e-01 -4.739776e-02 -8.260108e+00 -9.884620e-01 -6.217749e-02 -1.381191e-01 1.055633e+02
-1.443095e-01 4.008028e-02 9.887206e-01 1.131463e+02 -5.482306e-02 9.973209e-01 -4.843065e-02 -8.321718e+00 -9.880128e-01 -6.119369e-02 -1.417255e-01 1.054935e+02
-1.463667e-01 4.396001e-02 9.882532e-01 1.139225e+02 -6.011378e-02 9.967706e-01 -5.324213e-02 -8.384230e+00 -9.874022e-01 -6.720051e-02 -1.432514e-01 1.053983e+02
-1.475575e-01 5.217204e-02 9.876765e-01 1.147233e+02 -5.897600e-02 9.963668e-01 -6.144202e-02 -8.418632e+00 -9.872936e-01 -6.731544e-02 -1.439445e-01 1.052892e+02
-1.506098e-01 5.430388e-02 9.871007e-01 1.155212e+02 -5.563527e-02 9.964422e-01 -6.330651e-02 -8.495684e+00 -9.870265e-01 -6.445220e-02 -1.470528e-01 1.052016e+02
-1.542647e-01 5.309622e-02 9.866018e-01 1.163725e+02 -5.255130e-02 9.967006e-01 -6.185661e-02 -8.547268e+00 -9.866310e-01 -6.138950e-02 -1.509655e-01 1.051212e+02
-1.568383e-01 4.466757e-02 9.866137e-01 1.170479e+02 -5.544448e-02 9.970031e-01 -5.395174e-02 -8.606705e+00 -9.860668e-01 -6.316398e-02 -1.538917e-01 1.049670e+02
-1.602282e-01 4.116469e-02 9.862213e-01 1.179939e+02 -5.600037e-02 9.971417e-01 -5.071870e-02 -8.719529e+00 -9.854902e-01 -6.335532e-02 -1.574650e-01 1.049256e+02
-1.614883e-01 4.409030e-02 9.858892e-01 1.187208e+02 -5.798548e-02 9.968516e-01 -5.407855e-02 -8.762560e+00 -9.851696e-01 -6.590031e-02 -1.584233e-01 1.047834e+02
-1.659313e-01 4.665235e-02 9.850332e-01 1.196637e+02 -5.930031e-02 9.966006e-01 -5.718949e-02 -8.865330e+00 -9.843527e-01 -6.790230e-02 -1.626007e-01 1.047446e+02
-1.669898e-01 4.950601e-02 9.847150e-01 1.201858e+02 -5.997503e-02 9.963791e-01 -6.026309e-02 -8.883964e+00 -9.841328e-01 -6.912163e-02 -1.634160e-01 1.045534e+02
-1.692040e-01 5.396561e-02 9.841025e-01 1.209358e+02 -5.589913e-02 9.963671e-01 -6.424931e-02 -8.939561e+00 -9.839946e-01 -6.588171e-02 -1.655726e-01 1.044338e+02
-1.713024e-01 5.773947e-02 9.835251e-01 1.217311e+02 -5.615727e-02 9.960860e-01 -6.825789e-02 -9.026277e+00 -9.836167e-01 -6.692482e-02 -1.673894e-01 1.043273e+02
-1.746631e-01 5.920318e-02 9.828468e-01 1.223677e+02 -5.794614e-02 9.958426e-01 -7.028370e-02 -9.097284e+00 -9.829217e-01 -6.922815e-02 -1.705064e-01 1.042077e+02
-1.758895e-01 5.736515e-02 9.827371e-01 1.231136e+02 -5.598912e-02 9.961017e-01 -6.816617e-02 -9.146928e+00 -9.828164e-01 -6.701230e-02 -1.719920e-01 1.040645e+02
-1.808254e-01 5.262988e-02 9.821060e-01 1.238494e+02 -5.357679e-02 9.965574e-01 -6.326887e-02 -9.233915e+00 -9.820548e-01 -6.405870e-02 -1.773831e-01 1.039453e+02
-1.869935e-01 5.100633e-02 9.810361e-01 1.245564e+02 -5.241045e-02 9.967109e-01 -6.181116e-02 -9.293807e+00 -9.809621e-01 -6.297483e-02 -1.837052e-01 1.038173e+02
-1.929705e-01 4.991907e-02 9.799339e-01 1.252896e+02 -5.301184e-02 9.967160e-01 -6.121317e-02 -9.343010e+00 -9.797715e-01 -6.376044e-02 -1.896905e-01 1.036802e+02
-2.009728e-01 5.029689e-02 9.783047e-01 1.260043e+02 -5.306268e-02 9.966558e-01 -6.214101e-02 -9.402945e+00 -9.781586e-01 -6.440012e-02 -1.976318e-01 1.035228e+02
-2.115404e-01 5.113878e-02 9.760305e-01 1.267666e+02 -5.316051e-02 9.965499e-01 -6.373565e-02 -9.454693e+00 -9.759225e-01 -6.536894e-02 -2.080920e-01 1.033760e+02
-2.233648e-01 5.184654e-02 9.733551e-01 1.274691e+02 -5.385144e-02 9.964029e-01 -6.543199e-02 -9.517705e+00 -9.732462e-01 -6.703178e-02 -2.197694e-01 1.032044e+02
-2.364727e-01 5.245273e-02 9.702213e-01 1.282312e+02 -5.375891e-02 9.963060e-01 -6.696563e-02 -9.582509e+00 -9.701498e-01 -6.799358e-02 -2.327794e-01 1.030519e+02
-2.465480e-01 5.327886e-02 9.676649e-01 1.289415e+02 -4.857743e-02 9.965531e-01 -6.724629e-02 -9.625284e+00 -9.679124e-01 -6.358611e-02 -2.431100e-01 1.028322e+02
-2.584941e-01 5.303936e-02 9.645557e-01 1.296469e+02 -4.539087e-02 9.967218e-01 -6.697256e-02 -9.690125e+00 -9.649458e-01 -6.109403e-02 -2.552392e-01 1.026774e+02
-2.672689e-01 5.262458e-02 9.621840e-01 1.303429e+02 -4.143830e-02 9.969564e-01 -6.603683e-02 -9.769651e+00 -9.627306e-01 -5.752085e-02 -2.642747e-01 1.024269e+02
-2.761943e-01 5.389088e-02 9.595897e-01 1.311125e+02 -3.482177e-02 9.972101e-01 -6.602624e-02 -9.833906e+00 -9.604708e-01 -5.165068e-02 -2.735472e-01 1.022267e+02
-2.834932e-01 5.373439e-02 9.574676e-01 1.318015e+02 -2.983913e-02 9.974512e-01 -6.481329e-02 -9.901039e+00 -9.585099e-01 -4.694412e-02 -2.811672e-01 1.020154e+02
-2.906630e-01 5.315038e-02 9.553481e-01 1.324607e+02 -3.069709e-02 9.974240e-01 -6.483079e-02 -9.971086e+00 -9.563330e-01 -4.817032e-02 -2.882827e-01 1.018289e+02
-2.940594e-01 5.204728e-02 9.543690e-01 1.331796e+02 -2.499084e-02 9.977562e-01 -6.211359e-02 -1.002531e+01 -9.554604e-01 -4.211557e-02 -2.920988e-01 1.015728e+02
-2.956781e-01 4.960808e-02 9.539987e-01 1.338671e+02 -1.876359e-02 9.981565e-01 -5.771980e-02 -1.007753e+01 -9.551034e-01 -3.496692e-02 -2.942021e-01 1.013494e+02
-2.968358e-01 4.826509e-02 9.537080e-01 1.345409e+02 -1.291826e-02 9.984275e-01 -5.454898e-02 -1.013244e+01 -9.548412e-01 -2.851234e-02 -2.957455e-01 1.011401e+02
-2.968633e-01 4.694086e-02 9.537656e-01 1.351758e+02 -7.712709e-03 9.986406e-01 -5.155006e-02 -1.018995e+01 -9.548888e-01 -2.265944e-02 -2.960977e-01 1.009310e+02
-2.967743e-01 5.282209e-02 9.534856e-01 1.358263e+02 -5.250095e-03 9.983637e-01 -5.694239e-02 -1.023926e+01 -9.549332e-01 -2.190493e-02 -2.960113e-01 1.007291e+02
-2.956017e-01 5.530239e-02 9.537092e-01 1.364408e+02 -6.505240e-03 9.981833e-01 -5.989759e-02 -1.029865e+01 -9.552891e-01 -2.390994e-02 -2.947050e-01 1.005412e+02
-2.957138e-01 5.614163e-02 9.536254e-01 1.371092e+02 -2.721957e-03 9.982180e-01 -5.961094e-02 -1.033208e+01 -9.552727e-01 -2.022351e-02 -2.950340e-01 1.003708e+02
-2.936277e-01 5.449093e-02 9.543655e-01 1.377549e+02 -2.356152e-03 9.983297e-01 -5.772604e-02 -1.038048e+01 -9.559170e-01 -1.919859e-02 -2.930088e-01 1.001659e+02
-2.920070e-01 5.189085e-02 9.550074e-01 1.384284e+02 3.274932e-03 9.985755e-01 -5.325678e-02 -1.044683e+01 -9.564106e-01 -1.242377e-02 -2.917610e-01 9.998258e+01
-2.899502e-01 5.352243e-02 9.555439e-01 1.392052e+02 4.702150e-03 9.985026e-01 -5.450184e-02 -1.045263e+01 -9.570302e-01 -1.130971e-02 -2.897677e-01 9.977274e+01
-2.877896e-01 5.585250e-02 9.560636e-01 1.398607e+02 6.216035e-03 9.983859e-01 -5.645381e-02 -1.050464e+01 -9.576735e-01 -1.030390e-02 -2.876723e-01 9.959266e+01
-2.821331e-01 5.774164e-02 9.576361e-01 1.403502e+02 8.928953e-03 9.983019e-01 -5.756304e-02 -1.053744e+01 -9.593337e-01 -7.689750e-03 -2.821696e-01 9.936929e+01
-2.780433e-01 5.603559e-02 9.589327e-01 1.409812e+02 6.588785e-03 9.983848e-01 -5.643056e-02 -1.061349e+01 -9.605459e-01 -9.371936e-03 -2.779634e-01 9.921710e+01
-2.733914e-01 5.342208e-02 9.604183e-01 1.416327e+02 3.834787e-03 9.985092e-01 -5.444923e-02 -1.067786e+01 -9.618952e-01 -1.120295e-02 -2.731887e-01 9.905615e+01
-2.682175e-01 5.280866e-02 9.619099e-01 1.423390e+02 8.335776e-03 9.985862e-01 -5.249785e-02 -1.069875e+01 -9.633223e-01 -6.062578e-03 -2.682785e-01 9.889090e+01
-2.641517e-01 5.217261e-02 9.630690e-01 1.428737e+02 1.010501e-02 9.986308e-01 -5.132749e-02 -1.074721e+01 -9.644282e-01 -3.826421e-03 -2.643172e-01 9.871806e+01
-2.597221e-01 5.146830e-02 9.643109e-01 1.435416e+02 1.245615e-02 9.986742e-01 -4.994751e-02 -1.077998e+01 -9.656031e-01 -9.608745e-04 -2.600188e-01 9.856127e+01
-2.566673e-01 4.927543e-02 9.652429e-01 1.441333e+02 1.364161e-02 9.987847e-01 -4.736030e-02 -1.083233e+01 -9.664035e-01 1.011626e-03 -2.570276e-01 9.840369e+01
-2.527662e-01 4.769354e-02 9.663512e-01 1.447846e+02 1.533336e-02 9.988563e-01 -4.528710e-02 -1.087843e+01 -9.674059e-01 3.370360e-03 -2.532084e-01 9.823752e+01
-2.494654e-01 4.625512e-02 9.672784e-01 1.455024e+02 1.410892e-02 9.989262e-01 -4.412976e-02 -1.093016e+01 -9.682809e-01 2.638407e-03 -2.498501e-01 9.809691e+01
-2.466490e-01 4.593846e-02 9.680155e-01 1.462616e+02 1.005500e-02 9.989434e-01 -4.484419e-02 -1.101633e+01 -9.690527e-01 -1.327376e-03 -2.468503e-01 9.793999e+01
-2.400213e-01 4.979998e-02 9.694894e-01 1.468812e+02 1.374255e-02 9.987575e-01 -4.790109e-02 -1.107012e+01 -9.706703e-01 1.825976e-03 -2.404074e-01 9.774953e+01
-2.351704e-01 5.277084e-02 9.705205e-01 1.474982e+02 1.469960e-02 9.986039e-01 -5.073593e-02 -1.111304e+01 -9.718430e-01 2.334677e-03 -2.356178e-01 9.762412e+01
-2.289161e-01 5.380488e-02 9.719580e-01 1.482301e+02 1.406990e-02 9.985499e-01 -5.196318e-02 -1.117289e+01 -9.733445e-01 1.780142e-03 -2.293412e-01 9.751534e+01
-2.196436e-01 5.150875e-02 9.742195e-01 1.486057e+02 7.682153e-03 9.986656e-01 -5.106927e-02 -1.121160e+01 -9.755499e-01 -3.732934e-03 -2.197462e-01 9.736675e+01
-2.080032e-01 4.973676e-02 9.768628e-01 1.491710e+02 8.346372e-03 9.987602e-01 -4.907447e-02 -1.124639e+01 -9.780925e-01 -2.054384e-03 -2.081604e-01 9.723787e+01
-1.988312e-01 4.755574e-02 9.788793e-01 1.500302e+02 4.076175e-03 9.988535e-01 -4.769817e-02 -1.131716e+01 -9.800253e-01 -5.493800e-03 -1.987971e-01 9.720244e+01
-1.840390e-01 4.663156e-02 9.818122e-01 1.506582e+02 4.607817e-03 9.989040e-01 -4.657962e-02 -1.134469e+01 -9.829081e-01 -4.048454e-03 -1.840521e-01 9.706414e+01
-1.691818e-01 4.608404e-02 9.845069e-01 1.512908e+02 3.663348e-03 9.989287e-01 -4.612960e-02 -1.138317e+01 -9.855781e-01 -4.197696e-03 -1.691694e-01 9.700782e+01
-1.495207e-01 4.465645e-02 9.877496e-01 1.519137e+02 2.128543e-03 9.989918e-01 -4.484250e-02 -1.141956e+01 -9.887563e-01 -4.602414e-03 -1.494650e-01 9.690690e+01
-1.301580e-01 4.411213e-02 9.905115e-01 1.526343e+02 7.331016e-04 9.990138e-01 -4.439445e-02 -1.148349e+01 -9.914930e-01 -5.052149e-03 -1.300620e-01 9.686530e+01
-1.101305e-01 4.394734e-02 9.929451e-01 1.534270e+02 -3.518900e-03 9.989985e-01 -4.460555e-02 -1.151889e+01 -9.939109e-01 -8.406505e-03 -1.098655e-01 9.690719e+01
-8.782612e-02 4.530583e-02 9.951050e-01 1.539486e+02 -9.896768e-03 9.988762e-01 -4.635099e-02 -1.155176e+01 -9.960867e-01 -1.391915e-02 -8.727904e-02 9.687485e+01
-6.671489e-02 4.612332e-02 9.967055e-01 1.545816e+02 -1.595258e-02 9.987540e-01 -4.728591e-02 -1.158338e+01 -9.976445e-01 -1.905469e-02 -6.589598e-02 9.688209e+01
-4.926025e-02 4.653815e-02 9.977012e-01 1.553178e+02 -2.460317e-02 9.985542e-01 -4.779269e-02 -1.162022e+01 -9.984829e-01 -2.690089e-02 -4.804405e-02 9.694622e+01
-3.460499e-02 4.521273e-02 9.983778e-01 1.559203e+02 -3.360226e-02 9.983587e-01 -4.637656e-02 -1.166725e+01 -9.988360e-01 -3.515261e-02 -3.302894e-02 9.696878e+01
-2.829622e-02 4.304569e-02 9.986723e-01 1.567606e+02 -4.800307e-02 9.978612e-01 -4.437083e-02 -1.169097e+01 -9.984463e-01 -4.919487e-02 -2.616938e-02 9.707131e+01
-2.510129e-02 4.050814e-02 9.988639e-01 1.572375e+02 -5.357833e-02 9.976881e-01 -4.180688e-02 -1.171877e+01 -9.982481e-01 -5.456687e-02 -2.287289e-02 9.704507e+01
-2.962511e-02 3.740904e-02 9.988608e-01 1.575411e+02 -5.985140e-02 9.974400e-01 -3.913095e-02 -1.176195e+01 -9.977676e-01 -6.094248e-02 -2.731029e-02 9.697020e+01
-4.204644e-02 3.441407e-02 9.985228e-01 1.581492e+02 -6.082868e-02 9.974645e-01 -3.693901e-02 -1.178677e+01 -9.972622e-01 -6.229198e-02 -3.984647e-02 9.696664e+01
-5.451593e-02 3.301989e-02 9.979668e-01 1.585857e+02 -5.682104e-02 9.977309e-01 -3.611605e-02 -1.182089e+01 -9.968949e-01 -5.867441e-02 -5.251601e-02 9.690860e+01
-6.547158e-02 3.117554e-02 9.973673e-01 1.590605e+02 -5.697416e-02 9.977645e-01 -3.492799e-02 -1.184243e+01 -9.962266e-01 -5.911095e-02 -6.354902e-02 9.683119e+01
-7.816353e-02 3.029528e-02 9.964801e-01 1.594804e+02 -5.759921e-02 9.977313e-01 -3.485138e-02 -1.187941e+01 -9.952752e-01 -6.012058e-02 -7.624121e-02 9.679303e+01
-9.014526e-02 3.000608e-02 9.954765e-01 1.599474e+02 -5.808874e-02 9.976860e-01 -3.533290e-02 -1.189843e+01 -9.942331e-01 -6.101107e-02 -8.819364e-02 9.668689e+01
-1.062265e-01 2.889697e-02 9.939220e-01 1.605417e+02 -6.254049e-02 9.974044e-01 -3.568230e-02 -1.191105e+01 -9.923732e-01 -6.595078e-02 -1.041436e-01 9.659122e+01
-1.217356e-01 2.853195e-02 9.921524e-01 1.611660e+02 -6.272872e-02 9.973674e-01 -3.637864e-02 -1.193886e+01 -9.905784e-01 -6.666502e-02 -1.196253e-01 9.643468e+01
-1.348893e-01 2.760421e-02 9.904761e-01 1.615727e+02 -5.860876e-02 9.976394e-01 -3.578556e-02 -1.198642e+01 -9.891258e-01 -6.287767e-02 -1.329531e-01 9.630442e+01
-1.513527e-01 2.709184e-02 9.881085e-01 1.623831e+02 -5.892272e-02 9.975995e-01 -3.637750e-02 -1.197108e+01 -9.867221e-01 -6.372788e-02 -1.493931e-01 9.625360e+01
-1.658109e-01 2.412009e-02 9.858625e-01 1.627733e+02 -5.961597e-02 9.976273e-01 -3.443466e-02 -1.203540e+01 -9.843539e-01 -6.448279e-02 -1.639795e-01 9.620398e+01
-1.805267e-01 2.323010e-02 9.832957e-01 1.632946e+02 -6.208784e-02 9.974581e-01 -3.496360e-02 -1.205908e+01 -9.816085e-01 -6.736257e-02 -1.786255e-01 9.613306e+01
-1.912806e-01 2.327547e-02 9.812594e-01 1.638883e+02 -6.062659e-02 9.975298e-01 -3.547957e-02 -1.207671e+01 -9.796612e-01 -6.627697e-02 -1.893970e-01 9.594622e+01
-2.041305e-01 2.107162e-02 9.787169e-01 1.642996e+02 -5.632809e-02 9.978591e-01 -3.323207e-02 -1.223144e+01 -9.773218e-01 -6.191293e-02 -2.025065e-01 9.595851e+01
-2.154685e-01 2.500116e-02 9.761907e-01 1.649015e+02 -5.198919e-02 9.979607e-01 -3.703397e-02 -1.223824e+01 -9.751259e-01 -5.873102e-02 -2.137293e-01 9.587830e+01
-2.215330e-01 2.434407e-02 9.748490e-01 1.652841e+02 -5.355140e-02 9.978761e-01 -3.708858e-02 -1.228245e+01 -9.736814e-01 -6.042088e-02 -2.197588e-01 9.573269e+01
-2.258601e-01 2.486546e-02 9.738423e-01 1.658786e+02 -5.024194e-02 9.980464e-01 -3.713592e-02 -1.232978e+01 -9.728633e-01 -5.731525e-02 -2.241696e-01 9.558793e+01
-2.295925e-01 2.282221e-02 9.730192e-01 1.664519e+02 -4.967198e-02 9.981475e-01 -3.513214e-02 -1.238784e+01 -9.720185e-01 -5.639787e-02 -2.280336e-01 9.550444e+01
-2.295441e-01 2.207811e-02 9.730478e-01 1.667345e+02 -5.112242e-02 9.980892e-01 -3.470617e-02 -1.238990e+01 -9.719547e-01 -5.771115e-02 -2.279767e-01 9.532017e+01
-2.315021e-01 2.042458e-02 9.726200e-01 1.672452e+02 -4.535840e-02 9.984657e-01 -3.176349e-02 -1.246720e+01 -9.717764e-01 -5.146981e-02 -2.302205e-01 9.530737e+01
-2.327330e-01 2.180707e-02 9.722962e-01 1.677908e+02 -4.340299e-02 9.985196e-01 -3.278435e-02 -1.247364e+01 -9.715717e-01 -4.983056e-02 -2.314419e-01 9.518756e+01
-2.362916e-01 2.202765e-02 9.714325e-01 1.683596e+02 -4.572209e-02 9.983836e-01 -3.376024e-02 -1.249039e+01 -9.706059e-01 -5.239319e-02 -2.349025e-01 9.509890e+01
-2.377057e-01 2.445506e-02 9.710293e-01 1.686780e+02 -4.567783e-02 9.982956e-01 -3.632358e-02 -1.254266e+01 -9.702626e-01 -5.298884e-02 -2.361835e-01 9.493746e+01
-2.416282e-01 2.533498e-02 9.700381e-01 1.691605e+02 -4.600732e-02 9.982358e-01 -3.753146e-02 -1.259164e+01 -9.692776e-01 -5.369751e-02 -2.400363e-01 9.482016e+01
-2.463808e-01 2.517152e-02 9.688462e-01 1.696067e+02 -4.625794e-02 9.982179e-01 -3.769817e-02 -1.259464e+01 -9.680686e-01 -5.410493e-02 -2.447773e-01 9.468850e+01
-2.507673e-01 2.678217e-02 9.676768e-01 1.703431e+02 -4.643806e-02 9.981336e-01 -3.965924e-02 -1.253230e+01 -9.669329e-01 -5.488228e-02 -2.490556e-01 9.448166e+01
-2.553216e-01 2.776634e-02 9.664574e-01 1.708754e+02 -4.347257e-02 9.982469e-01 -4.016437e-02 -1.255247e+01 -9.658784e-01 -5.226922e-02 -2.536670e-01 9.430896e+01
-2.624724e-01 2.534482e-02 9.646066e-01 1.713337e+02 -4.428039e-02 9.982855e-01 -3.827855e-02 -1.266842e+01 -9.639230e-01 -5.276022e-02 -2.609001e-01 9.421422e+01
-2.706141e-01 3.122423e-02 9.621814e-01 1.719150e+02 -4.151052e-02 9.981658e-01 -4.406684e-02 -1.257938e+01 -9.617925e-01 -5.186576e-02 -2.688216e-01 9.416914e+01
-2.757415e-01 3.338715e-02 9.606518e-01 1.723817e+02 -4.207457e-02 9.980195e-01 -4.676276e-02 -1.259809e+01 -9.603106e-01 -5.331344e-02 -2.737906e-01 9.400848e+01
-2.812292e-01 3.381922e-02 9.590445e-01 1.730257e+02 -4.062422e-02 9.980634e-01 -4.710776e-02 -1.265007e+01 -9.587804e-01 -5.220851e-02 -2.793107e-01 9.384044e+01
-2.882791e-01 3.483235e-02 9.569127e-01 1.735844e+02 -3.753062e-02 9.981592e-01 -4.764021e-02 -1.265022e+01 -9.568106e-01 -4.964720e-02 -2.864412e-01 9.371462e+01
-2.904724e-01 3.566144e-02 9.562186e-01 1.740135e+02 -3.233696e-02 9.983687e-01 -4.705646e-02 -1.273128e+01 -9.563368e-01 -4.458980e-02 -2.888454e-01 9.352167e+01
-2.966316e-01 3.578752e-02 9.543212e-01 1.746589e+02 -3.393781e-02 9.982714e-01 -4.798456e-02 -1.273018e+01 -9.543888e-01 -4.662131e-02 -2.949043e-01 9.339206e+01
-3.003589e-01 3.268110e-02 9.532662e-01 1.752721e+02 -3.468141e-02 9.983778e-01 -4.515523e-02 -1.278184e+01 -9.531955e-01 -4.662339e-02 -2.987382e-01 9.319893e+01
-3.021799e-01 2.907053e-02 9.528076e-01 1.758087e+02 -3.391594e-02 9.985742e-01 -4.122322e-02 -1.281638e+01 -9.526474e-01 -4.477219e-02 -3.007630e-01 9.300102e+01
-3.042252e-01 2.711781e-02 9.522141e-01 1.762599e+02 -2.978403e-02 9.988352e-01 -3.796129e-02 -1.285299e+01 -9.521344e-01 -3.990956e-02 -3.030632e-01 9.282213e+01
-3.058187e-01 2.641976e-02 9.517231e-01 1.768687e+02 -2.681709e-02 9.989793e-01 -3.634876e-02 -1.289756e+01 -9.517120e-01 -3.663858e-02 -3.047981e-01 9.263235e+01
-3.068615e-01 2.494071e-02 9.514274e-01 1.774066e+02 -2.827262e-02 9.989766e-01 -3.530586e-02 -1.291933e+01 -9.513342e-01 -3.773335e-02 -3.058423e-01 9.244927e+01
-3.071946e-01 2.568523e-02 9.513000e-01 1.779165e+02 -2.857790e-02 9.989359e-01 -3.619980e-02 -1.297159e+01 -9.512175e-01 -3.830654e-02 -3.061337e-01 9.228334e+01
-3.064657e-01 2.551618e-02 9.515396e-01 1.784518e+02 -2.958378e-02 9.989024e-01 -3.631440e-02 -1.301285e+01 -9.514219e-01 -3.927926e-02 -3.053745e-01 9.209900e+01
-3.048261e-01 2.690034e-02 9.520280e-01 1.790109e+02 -2.721175e-02 9.989470e-01 -3.693890e-02 -1.302407e+01 -9.520192e-01 -3.716629e-02 -3.037731e-01 9.191064e+01
-3.024754e-01 2.487825e-02 9.528325e-01 1.795916e+02 -2.900975e-02 9.989559e-01 -3.529163e-02 -1.306955e+01 -9.527156e-01 -3.831628e-02 -3.014379e-01 9.170197e+01
-2.991151e-01 2.675043e-02 9.538420e-01 1.800811e+02 -2.733481e-02 9.989565e-01 -3.658758e-02 -1.311443e+01 -9.538254e-01 -3.701698e-02 -2.980718e-01 9.154760e+01
-2.950951e-01 2.655140e-02 9.550989e-01 1.805458e+02 -2.664335e-02 9.989964e-01 -3.600368e-02 -1.314668e+01 -9.550963e-01 -3.607154e-02 -2.940915e-01 9.136303e+01
-2.928958e-01 2.819361e-02 9.557286e-01 1.811239e+02 -2.564373e-02 9.989740e-01 -3.732819e-02 -1.318492e+01 -9.558004e-01 -3.544172e-02 -2.918723e-01 9.120599e+01
-2.897548e-01 3.022055e-02 9.566237e-01 1.816878e+02 -2.525674e-02 9.989119e-01 -3.920657e-02 -1.321970e+01 -9.567676e-01 -3.552149e-02 -2.886762e-01 9.105200e+01
-2.851111e-01 3.034702e-02 9.580139e-01 1.822126e+02 -2.521347e-02 9.989153e-01 -3.914634e-02 -1.326105e+01 -9.581628e-01 -3.531591e-02 -2.840367e-01 9.087836e+01
-2.812353e-01 3.011867e-02 9.591661e-01 1.827087e+02 -2.500913e-02 9.989378e-01 -3.870042e-02 -1.329410e+01 -9.593129e-01 -3.487184e-02 -2.801833e-01 9.072519e+01
-2.768084e-01 2.876000e-02 9.604947e-01 1.831912e+02 -2.577271e-02 9.989702e-01 -3.733960e-02 -1.331549e+01 -9.605795e-01 -3.509046e-02 -2.757821e-01 9.058702e+01
-2.717512e-01 2.575536e-02 9.620229e-01 1.836683e+02 -2.568409e-02 9.990916e-01 -3.400299e-02 -1.334163e+01 -9.620248e-01 -3.394904e-02 -2.708428e-01 9.044771e+01
-2.659043e-01 2.237402e-02 9.637398e-01 1.841881e+02 -2.443401e-02 9.992530e-01 -2.994005e-02 -1.336017e+01 -9.636897e-01 -3.150921e-02 -2.651590e-01 9.029961e+01
-2.578772e-01 1.974199e-02 9.659760e-01 1.846420e+02 -2.227746e-02 9.994039e-01 -2.637237e-02 -1.338082e+01 -9.659208e-01 -2.832032e-02 -2.572837e-01 9.016691e+01
-2.481516e-01 1.777628e-02 9.685581e-01 1.850759e+02 -2.228307e-02 9.994623e-01 -2.405256e-02 -1.341177e+01 -9.684649e-01 -2.755113e-02 -2.476221e-01 9.004821e+01
-2.370167e-01 1.650317e-02 9.713654e-01 1.854925e+02 -2.371147e-02 9.994596e-01 -2.276617e-02 -1.343316e+01 -9.712162e-01 -2.842847e-02 -2.364973e-01 8.995300e+01
-2.234612e-01 1.694748e-02 9.745655e-01 1.859024e+02 -2.446078e-02 9.994364e-01 -2.298867e-02 -1.345521e+01 -9.744059e-01 -2.897571e-02 -2.229207e-01 8.988018e+01
-2.074840e-01 1.842351e-02 9.780649e-01 1.863082e+02 -2.656697e-02 9.993477e-01 -2.446026e-02 -1.347168e+01 -9.778776e-01 -3.105933e-02 -2.068592e-01 8.980919e+01
-1.874823e-01 2.218245e-02 9.820175e-01 1.866975e+02 -2.622212e-02 9.992757e-01 -2.757850e-02 -1.349309e+01 -9.819179e-01 -3.092106e-02 -1.867648e-01 8.972895e+01
-1.657511e-01 2.660464e-02 9.858087e-01 1.871092e+02 -2.580405e-02 9.991768e-01 -3.130403e-02 -1.348845e+01 -9.858300e-01 -3.062653e-02 -1.649281e-01 8.968948e+01
-1.378156e-01 2.660267e-02 9.901006e-01 1.875483e+02 -2.636034e-02 9.991866e-01 -3.051598e-02 -1.351448e+01 -9.901071e-01 -3.030496e-02 -1.370022e-01 8.961225e+01
-1.123384e-01 2.451394e-02 9.933676e-01 1.878747e+02 -3.039108e-02 9.991432e-01 -2.809335e-02 -1.352258e+01 -9.932052e-01 -3.334548e-02 -1.114971e-01 8.965122e+01
-8.111936e-02 2.295384e-02 9.964400e-01 1.882637e+02 -3.612744e-02 9.990101e-01 -2.595414e-02 -1.352537e+01 -9.960494e-01 -3.810422e-02 -8.020980e-02 8.964769e+01
-4.880367e-02 2.213781e-02 9.985630e-01 1.886632e+02 -4.125015e-02 9.988567e-01 -2.416038e-02 -1.353421e+01 -9.979562e-01 -4.236999e-02 -4.783468e-02 8.964520e+01
-1.732425e-02 1.842721e-02 9.996801e-01 1.890245e+02 -4.674473e-02 9.987220e-01 -1.921962e-02 -1.357096e+01 -9.987566e-01 -4.706274e-02 -1.644074e-02 8.967189e+01
1.337310e-02 1.368787e-02 9.998169e-01 1.894025e+02 -5.141658e-02 9.985929e-01 -1.298339e-02 -1.358133e+01 -9.985878e-01 -5.123353e-02 1.405807e-02 8.971711e+01
4.528867e-02 1.009886e-02 9.989229e-01 1.897621e+02 -5.431902e-02 9.984945e-01 -7.631843e-03 -1.358708e+01 -9.974961e-01 -5.391488e-02 4.576905e-02 8.975713e+01
7.676046e-02 5.778597e-03 9.970328e-01 1.901088e+02 -5.290271e-02 9.985982e-01 -1.714748e-03 -1.361358e+01 -9.956451e-01 -5.261412e-02 7.695856e-02 8.981156e+01
1.092664e-01 4.420628e-03 9.940027e-01 1.904895e+02 -5.464210e-02 9.985048e-01 1.565921e-03 -1.361725e+01 -9.925095e-01 -5.448549e-02 1.093446e-01 8.988935e+01
1.433227e-01 3.627897e-03 9.896694e-01 1.908355e+02 -5.462111e-02 9.984981e-01 4.249899e-03 -1.362408e+01 -9.881676e-01 -5.466594e-02 1.433056e-01 8.996847e+01
1.794382e-01 4.903913e-03 9.837570e-01 1.912090e+02 -5.529967e-02 9.984567e-01 5.109519e-03 -1.362382e+01 -9.822138e-01 -5.531828e-02 1.794324e-01 9.005918e+01
2.166393e-01 8.134178e-03 9.762178e-01 1.915587e+02 -5.593651e-02 9.984259e-01 4.094036e-03 -1.362396e+01 -9.746479e-01 -5.549315e-02 2.167533e-01 9.017436e+01
2.558681e-01 9.632025e-03 9.666637e-01 1.919098e+02 -5.400188e-02 9.985314e-01 4.344305e-03 -1.362918e+01 -9.652022e-01 -5.331323e-02 2.560125e-01 9.030207e+01
2.965539e-01 1.153264e-02 9.549465e-01 1.922472e+02 -5.513312e-02 9.984662e-01 5.063106e-03 -1.362736e+01 -9.534234e-01 -5.415067e-02 2.967348e-01 9.043275e+01
3.377392e-01 1.442550e-02 9.411292e-01 1.925625e+02 -5.933067e-02 9.982204e-01 5.991170e-03 -1.363598e+01 -9.393679e-01 -5.786128e-02 3.379940e-01 9.060439e+01
3.794414e-01 2.008883e-02 9.249977e-01 1.928390e+02 -6.434137e-02 9.979168e-01 4.720867e-03 -1.363389e+01 -9.229759e-01 -6.130691e-02 3.799434e-01 9.079748e+01
4.238925e-01 2.402058e-02 9.053939e-01 1.931700e+02 -6.566606e-02 9.978325e-01 4.270885e-03 -1.363117e+01 -9.033289e-01 -6.126405e-02 4.245511e-01 9.097143e+01
4.663196e-01 2.595665e-02 8.842354e-01 1.934865e+02 -6.374136e-02 9.979571e-01 4.320364e-03 -1.363206e+01 -8.823169e-01 -5.837703e-02 4.670215e-01 9.118470e+01
5.096182e-01 2.563015e-02 8.600188e-01 1.938622e+02 -5.782821e-02 9.983163e-01 4.515373e-03 -1.364019e+01 -8.584551e-01 -5.203446e-02 5.102423e-01 9.142804e+01
5.518707e-01 2.383901e-02 8.335889e-01 1.941464e+02 -5.046144e-02 9.987143e-01 4.846309e-03 -1.361931e+01 -8.324016e-01 -4.473863e-02 5.523641e-01 9.163927e+01
5.918949e-01 2.273984e-02 8.056943e-01 1.944757e+02 -5.093808e-02 9.986591e-01 9.235064e-03 -1.363119e+01 -8.044040e-01 -4.650671e-02 5.922595e-01 9.194301e+01
6.310293e-01 2.404930e-02 7.753861e-01 1.948323e+02 -5.567521e-02 9.983459e-01 1.434532e-02 -1.363655e+01 -7.737586e-01 -5.222210e-02 6.313244e-01 9.225763e+01
6.686786e-01 2.826283e-02 7.430142e-01 1.951384e+02 -5.989255e-02 9.980776e-01 1.593559e-02 -1.354274e+01 -7.411355e-01 -5.515681e-02 6.690859e-01 9.257453e+01
7.047014e-01 2.924482e-02 7.089010e-01 1.955039e+02 -6.030943e-02 9.980030e-01 1.878079e-02 -1.352791e+01 -7.069361e-01 -5.598826e-02 7.050579e-01 9.293229e+01
7.379729e-01 2.978912e-02 6.741726e-01 1.958529e+02 -5.871401e-02 9.980711e-01 2.016944e-02 -1.348574e+01 -6.722713e-01 -5.446788e-02 7.382984e-01 9.332642e+01
7.684325e-01 2.578609e-02 6.394111e-01 1.961571e+02 -5.377314e-02 9.982559e-01 2.436603e-02 -1.352699e+01 -6.376676e-01 -5.310679e-02 7.684788e-01 9.375575e+01
7.943770e-01 2.137114e-02 6.070490e-01 1.962943e+02 -4.847730e-02 9.984236e-01 2.828733e-02 -1.356288e+01 -6.054875e-01 -5.189891e-02 7.941608e-01 9.422341e+01
8.180297e-01 2.123572e-02 5.747838e-01 1.965097e+02 -4.730008e-02 9.984171e-01 3.043016e-02 -1.353875e+01 -5.732278e-01 -5.208009e-02 8.177393e-01 9.465131e+01
8.394892e-01 2.255117e-02 5.429082e-01 1.968653e+02 -4.765082e-02 9.983445e-01 3.221265e-02 -1.347267e+01 -5.412830e-01 -5.291219e-02 8.391740e-01 9.520470e+01
8.577654e-01 2.063915e-02 5.136268e-01 1.972556e+02 -4.579577e-02 9.982887e-01 3.636531e-02 -1.350487e+01 -5.119973e-01 -5.471484e-02 8.572427e-01 9.580222e+01
8.730580e-01 1.878887e-02 4.872543e-01 1.975466e+02 -4.404245e-02 9.982115e-01 4.042313e-02 -1.349042e+01 -4.856233e-01 -5.675161e-02 8.723240e-01 9.636388e+01
8.854788e-01 1.826994e-02 4.643204e-01 1.978356e+02 -4.399532e-02 9.980343e-01 4.463058e-02 -1.346001e+01 -4.625923e-01 -5.994736e-02 8.845421e-01 9.696585e+01
8.957244e-01 1.704880e-02 4.442827e-01 1.981321e+02 -4.276616e-02 9.979349e-01 4.792690e-02 -1.339443e+01 -4.425482e-01 -6.192956e-02 8.946037e-01 9.758458e+01
9.041537e-01 1.396790e-02 4.269789e-01 1.984237e+02 -3.913718e-02 9.979706e-01 5.022840e-02 -1.336822e+01 -4.254109e-01 -6.212495e-02 9.028655e-01 9.823183e+01
9.115086e-01 1.039394e-02 4.111497e-01 1.986623e+02 -3.431733e-02 9.981166e-01 5.084807e-02 -1.333684e+01 -4.098469e-01 -6.045801e-02 9.101485e-01 9.887946e+01
9.191786e-01 7.019277e-03 3.937783e-01 1.989916e+02 -2.973942e-02 9.982236e-01 5.162559e-02 -1.330630e+01 -3.927164e-01 -5.916388e-02 9.177546e-01 9.955578e+01
9.257967e-01 4.752109e-03 3.779919e-01 1.992291e+02 -2.644070e-02 9.982861e-01 5.220945e-02 -1.327833e+01 -3.770959e-01 -5.832971e-02 9.243356e-01 1.002362e+02
9.322405e-01 5.404359e-03 3.617988e-01 1.994773e+02 -2.588486e-02 9.983228e-01 5.178465e-02 -1.324710e+01 -3.609121e-01 -5.764086e-02 9.308168e-01 1.009457e+02
9.380906e-01 4.698753e-03 3.463581e-01 1.996927e+02 -2.446789e-02 9.983092e-01 5.272662e-02 -1.324891e+01 -3.455247e-01 -5.793700e-02 9.366194e-01 1.016331e+02
9.428326e-01 5.687402e-03 3.332182e-01 1.999367e+02 -2.474505e-02 9.982891e-01 5.297660e-02 -1.319964e+01 -3.323468e-01 -5.819357e-02 9.413602e-01 1.023923e+02
9.458662e-01 8.531762e-03 3.244446e-01 2.002023e+02 -2.771120e-02 9.981270e-01 5.454029e-02 -1.315958e+01 -3.233716e-01 -6.057857e-02 9.443310e-01 1.031648e+02
9.471426e-01 1.172718e-02 3.205985e-01 2.004721e+02 -3.128417e-02 9.979451e-01 5.591884e-02 -1.313509e+01 -3.192839e-01 -6.299278e-02 9.455632e-01 1.039824e+02
9.476838e-01 1.374800e-02 3.189145e-01 2.007209e+02 -3.357751e-02 9.978228e-01 5.676378e-02 -1.309203e+01 -3.174397e-01 -6.450247e-02 9.460822e-01 1.047649e+02
9.478127e-01 1.136346e-02 3.186251e-01 2.009987e+02 -3.115097e-02 9.978837e-01 5.707609e-02 -1.306411e+01 -3.173022e-01 -6.402293e-02 9.461609e-01 1.055877e+02
9.478729e-01 8.857666e-03 3.185254e-01 2.012261e+02 -2.847676e-02 9.979686e-01 5.698972e-02 -1.303540e+01 -3.173736e-01 -6.308958e-02 9.461996e-01 1.062939e+02
9.477824e-01 6.686933e-03 3.188476e-01 2.014817e+02 -2.562069e-02 9.981452e-01 5.522485e-02 -1.300824e+01 -3.178869e-01 -6.051024e-02 9.461958e-01 1.071077e+02
9.479318e-01 5.920988e-03 3.184184e-01 2.017672e+02 -2.446541e-02 9.982264e-01 5.427152e-02 -1.297292e+01 -3.175323e-01 -5.923594e-02 9.463954e-01 1.078046e+02
9.477238e-01 7.442467e-03 3.190049e-01 2.020500e+02 -2.619884e-02 9.981675e-01 5.454597e-02 -1.293217e+01 -3.180144e-01 -6.005208e-02 9.461821e-01 1.087454e+02
9.475978e-01 7.126391e-03 3.193864e-01 2.023641e+02 -2.632621e-02 9.980927e-01 5.583786e-02 -1.288036e+01 -3.183793e-01 -6.132007e-02 9.459780e-01 1.095927e+02
9.472345e-01 6.634816e-03 3.204727e-01 2.026408e+02 -2.691234e-02 9.979019e-01 5.888615e-02 -1.287432e+01 -3.194096e-01 -6.440366e-02 9.454257e-01 1.104021e+02
9.472161e-01 3.433434e-03 3.205773e-01 2.029714e+02 -2.400924e-02 9.978944e-01 6.025298e-02 -1.283026e+01 -3.196954e-01 -6.476941e-02 9.453041e-01 1.113208e+02
9.470282e-01 3.010710e-03 3.211363e-01 2.032563e+02 -2.377010e-02 9.978704e-01 6.074261e-02 -1.280555e+01 -3.202696e-01 -6.515841e-02 9.450830e-01 1.122013e+02
9.469506e-01 2.078861e-03 3.213725e-01 2.035389e+02 -2.239582e-02 9.979749e-01 5.953554e-02 -1.276291e+01 -3.205979e-01 -6.357461e-02 9.450795e-01 1.130063e+02
9.466502e-01 -1.176792e-04 3.222630e-01 2.038227e+02 -2.057080e-02 9.979385e-01 6.079129e-02 -1.271194e+01 -3.216058e-01 -6.417729e-02 9.446962e-01 1.138952e+02
9.465010e-01 -2.325967e-03 3.226926e-01 2.041250e+02 -1.917482e-02 9.978018e-01 6.343449e-02 -1.266709e+01 -3.221308e-01 -6.622838e-02 9.443758e-01 1.147974e+02
9.467447e-01 -3.932751e-03 3.219613e-01 2.044907e+02 -1.826807e-02 9.976587e-01 6.590464e-02 -1.264604e+01 -3.214666e-01 -6.827648e-02 9.444562e-01 1.157230e+02
9.465755e-01 -5.461828e-03 3.224362e-01 2.047545e+02 -1.663734e-02 9.976979e-01 6.574249e-02 -1.260730e+01 -3.220530e-01 -6.759471e-02 9.443055e-01 1.165822e+02
9.465596e-01 -7.093749e-03 3.224508e-01 2.050364e+02 -1.459354e-02 9.977922e-01 6.479049e-02 -1.255258e+01 -3.221985e-01 -6.603377e-02 9.443663e-01 1.175028e+02
9.468973e-01 -6.619814e-03 3.214679e-01 2.053648e+02 -1.442219e-02 9.979074e-01 6.303052e-02 -1.250146e+01 -3.212125e-01 -6.431970e-02 9.448204e-01 1.182743e+02
9.469868e-01 -7.678812e-03 3.211806e-01 2.056884e+02 -1.305366e-02 9.979691e-01 6.234766e-02 -1.248656e+01 -3.210071e-01 -6.323500e-02 9.449634e-01 1.193409e+02
9.474923e-01 -7.140907e-03 3.196988e-01 2.060124e+02 -1.354166e-02 9.979578e-01 6.242422e-02 -1.246698e+01 -3.194916e-01 -6.347572e-02 9.454607e-01 1.202444e+02
9.475996e-01 -8.349917e-03 3.193512e-01 2.062702e+02 -1.211811e-02 9.979994e-01 6.205183e-02 -1.238540e+01 -3.192305e-01 -6.267022e-02 9.456026e-01 1.212291e+02
9.481759e-01 -6.186414e-03 3.176858e-01 2.065872e+02 -1.463879e-02 9.978983e-01 6.312388e-02 -1.236853e+01 -3.174086e-01 -6.450308e-02 9.460926e-01 1.221147e+02
9.485434e-01 -6.834386e-03 3.165734e-01 2.068958e+02 -1.397462e-02 9.978894e-01 6.341498e-02 -1.232631e+01 -3.163386e-01 -6.457585e-02 9.464459e-01 1.230432e+02
9.489134e-01 -6.504484e-03 3.154694e-01 2.071968e+02 -1.429705e-02 9.978744e-01 6.357928e-02 -1.228735e+01 -3.152124e-01 -6.484152e-02 9.468034e-01 1.239746e+02
9.492521e-01 -6.676342e-03 3.144455e-01 2.074459e+02 -1.399803e-02 9.978872e-01 6.344469e-02 -1.224558e+01 -3.142047e-01 -6.462662e-02 9.471530e-01 1.248384e+02
9.498255e-01 -7.104203e-03 3.126995e-01 2.077422e+02 -1.335271e-02 9.979096e-01 6.323033e-02 -1.221053e+01 -3.124951e-01 -6.423316e-02 9.477452e-01 1.257277e+02
9.502576e-01 -7.918005e-03 3.113643e-01 2.080152e+02 -1.301882e-02 9.977934e-01 6.510626e-02 -1.218516e+01 -3.111927e-01 -6.592132e-02 9.480577e-01 1.265829e+02
9.505395e-01 -1.246348e-02 3.103534e-01 2.082043e+02 -8.677640e-03 9.977390e-01 6.664575e-02 -1.218169e+01 -3.104824e-01 -6.604256e-02 9.482822e-01 1.273047e+02
9.510296e-01 -1.230697e-02 3.088547e-01 2.084735e+02 -8.954023e-03 9.976908e-01 6.732646e-02 -1.214786e+01 -3.089701e-01 -6.679495e-02 9.487233e-01 1.281867e+02
9.516193e-01 -1.185349e-02 3.070509e-01 2.087557e+02 -9.360473e-03 9.976737e-01 6.752470e-02 -1.210883e+01 -3.071370e-01 -6.713195e-02 9.492946e-01 1.290783e+02
9.519935e-01 -1.445654e-02 3.057767e-01 2.090280e+02 -6.674801e-03 9.976665e-01 6.794885e-02 -1.206150e+01 -3.060454e-01 -6.672786e-02 9.496755e-01 1.300279e+02
9.527110e-01 -1.323263e-02 3.035895e-01 2.092945e+02 -7.572508e-03 9.977074e-01 6.725101e-02 -1.202841e+01 -3.037834e-01 -6.636971e-02 9.504266e-01 1.308130e+02
9.531783e-01 -1.333377e-02 3.021148e-01 2.095747e+02 -7.245102e-03 9.977338e-01 6.689320e-02 -1.198393e+01 -3.023221e-01 -6.595000e-02 9.509216e-01 1.317578e+02
9.538674e-01 -1.197323e-02 2.999895e-01 2.098788e+02 -8.992189e-03 9.976168e-01 6.840922e-02 -1.197011e+01 -3.000936e-01 -6.795089e-02 9.514865e-01 1.326433e+02
9.544957e-01 -1.390493e-02 2.979002e-01 2.101049e+02 -8.010925e-03 9.973565e-01 7.222072e-02 -1.192201e+01 -2.981169e-01 -7.132083e-02 9.518611e-01 1.334820e+02
9.552243e-01 -1.617574e-02 2.954400e-01 2.104204e+02 -6.292999e-03 9.971680e-01 7.494297e-02 -1.182954e+01 -2.958156e-01 -7.344656e-02 9.524173e-01 1.344912e+02
9.558387e-01 -1.551886e-02 2.934816e-01 2.106471e+02 -6.388088e-03 9.972718e-01 7.353953e-02 -1.184986e+01 -2.938222e-01 -7.216672e-02 9.531319e-01 1.353544e+02
9.565991e-01 -1.320526e-02 2.911079e-01 2.108671e+02 -7.032027e-03 9.976358e-01 6.836252e-02 -1.177528e+01 -2.913224e-01 -6.744260e-02 9.542446e-01 1.361596e+02
9.572120e-01 -1.058595e-02 2.891940e-01 2.110813e+02 -8.713011e-03 9.978234e-01 6.536480e-02 -1.177200e+01 -2.892565e-01 -6.508772e-02 9.550363e-01 1.369424e+02
9.578156e-01 -9.589429e-03 2.872235e-01 2.112726e+02 -9.417137e-03 9.978591e-01 6.471886e-02 -1.173492e+01 -2.872292e-01 -6.469356e-02 9.556747e-01 1.378705e+02
9.585784e-01 -9.155526e-03 2.846817e-01 2.114788e+02 -1.012164e-02 9.977570e-01 6.616997e-02 -1.166087e+01 -2.846490e-01 -6.631055e-02 9.563356e-01 1.386735e+02
9.596805e-01 -1.107493e-02 2.808748e-01 2.117265e+02 -8.480747e-03 9.976279e-01 6.831322e-02 -1.159125e+01 -2.809651e-01 -6.794089e-02 9.573101e-01 1.394366e+02
9.605259e-01 -9.935639e-03 2.780129e-01 2.118301e+02 -1.071450e-02 9.972992e-01 7.265979e-02 -1.155221e+01 -2.779840e-01 -7.277038e-02 9.578253e-01 1.401573e+02
9.617733e-01 -8.391064e-03 2.737182e-01 2.120111e+02 -1.261026e-02 9.971131e-01 7.487649e-02 -1.150590e+01 -2.735563e-01 -7.546587e-02 9.588910e-01 1.408354e+02
9.628664e-01 -7.717921e-03 2.698678e-01 2.121805e+02 -1.314524e-02 9.970655e-01 7.541611e-02 -1.144874e+01 -2.696580e-01 -7.616312e-02 9.599395e-01 1.415407e+02
9.638904e-01 -8.474274e-03 2.661643e-01 2.124270e+02 -1.155517e-02 9.972212e-01 7.359607e-02 -1.147647e+01 -2.660484e-01 -7.401412e-02 9.611140e-01 1.423006e+02
9.646499e-01 -5.785261e-03 2.634712e-01 2.125402e+02 -1.380840e-02 9.972761e-01 7.245488e-02 -1.145765e+01 -2.631727e-01 -7.353171e-02 9.619424e-01 1.430299e+02
9.651070e-01 -2.199252e-03 2.618467e-01 2.126986e+02 -1.666543e-02 9.974216e-01 6.980231e-02 -1.137949e+01 -2.613250e-01 -7.173049e-02 9.625819e-01 1.435962e+02
9.650970e-01 1.235990e-03 2.618899e-01 2.128212e+02 -2.007163e-02 9.973968e-01 6.925922e-02 -1.128157e+01 -2.611226e-01 -7.209842e-02 9.626094e-01 1.441871e+02
9.655889e-01 -1.284920e-04 2.600732e-01 2.129587e+02 -1.794696e-02 9.975831e-01 6.712556e-02 -1.123615e+01 -2.594533e-01 -6.948322e-02 9.632529e-01 1.447593e+02
9.660371e-01 3.770944e-04 2.584031e-01 2.131290e+02 -1.759468e-02 9.977741e-01 6.432143e-02 -1.123486e+01 -2.578037e-01 -6.668341e-02 9.638935e-01 1.452594e+02
9.660597e-01 -4.111860e-03 2.582861e-01 2.133940e+02 -1.257265e-02 9.979399e-01 6.291209e-02 -1.127512e+01 -2.580127e-01 -6.402418e-02 9.640178e-01 1.462889e+02
9.662862e-01 -2.886341e-03 2.574542e-01 2.135210e+02 -1.396017e-02 9.978789e-01 6.358309e-02 -1.125393e+01 -2.570917e-01 -6.503356e-02 9.641963e-01 1.467933e+02
9.667821e-01 -6.390656e-04 2.556014e-01 2.136400e+02 -1.651489e-02 9.977512e-01 6.496026e-02 -1.123743e+01 -2.550681e-01 -6.702364e-02 9.645974e-01 1.472779e+02
9.673487e-01 -2.111828e-03 2.534403e-01 2.137505e+02 -1.482390e-02 9.977820e-01 6.489506e-02 -1.120823e+01 -2.530152e-01 -6.653313e-02 9.651718e-01 1.478444e+02
9.685911e-01 -3.847809e-03 2.486291e-01 2.138758e+02 -1.264607e-02 9.978241e-01 6.470806e-02 -1.121299e+01 -2.483371e-01 -6.581983e-02 9.664349e-01 1.482852e+02
9.701940e-01 -6.003283e-03 2.422552e-01 2.139912e+02 -1.003452e-02 9.978404e-01 6.491398e-02 -1.116589e+01 -2.421217e-01 -6.541007e-02 9.680385e-01 1.487747e+02
9.727313e-01 -7.651089e-03 2.318085e-01 2.141637e+02 -7.635791e-03 9.978575e-01 6.497720e-02 -1.113098e+01 -2.318090e-01 -6.497540e-02 9.705889e-01 1.493924e+02
9.759441e-01 -9.456961e-03 2.178157e-01 2.143241e+02 -4.898033e-03 9.978556e-01 6.527025e-02 -1.109622e+01 -2.179659e-01 -6.476699e-02 9.738050e-01 1.500146e+02
9.798355e-01 -8.691942e-03 1.996167e-01 2.144149e+02 -4.091710e-03 9.979709e-01 6.353930e-02 -1.107042e+01 -1.997640e-01 -6.307483e-02 9.778118e-01 1.505531e+02
9.840488e-01 -9.659380e-03 1.776361e-01 2.144017e+02 -1.588195e-03 9.980080e-01 6.306713e-02 -1.108359e+01 -1.778915e-01 -6.234326e-02 9.820733e-01 1.507366e+02
9.884270e-01 -9.867287e-03 1.513761e-01 2.144368e+02 2.203800e-04 9.979746e-01 6.361290e-02 -1.108900e+01 -1.516972e-01 -6.284335e-02 9.864272e-01 1.511217e+02
9.925653e-01 -8.438003e-03 1.214207e-01 2.145042e+02 4.549437e-04 9.978442e-01 6.562518e-02 -1.100984e+01 -1.217126e-01 -6.508203e-02 9.904294e-01 1.516777e+02
9.960612e-01 -7.425977e-03 8.835728e-02 2.145397e+02 1.450287e-03 9.977180e-01 6.750384e-02 -1.096720e+01 -8.865693e-02 -6.710981e-02 9.937989e-01 1.522710e+02
9.986294e-01 -6.748310e-03 5.190164e-02 2.145479e+02 3.131460e-03 9.975802e-01 6.945468e-02 -1.090254e+01 -5.224475e-02 -6.919696e-02 9.962340e-01 1.528155e+02
9.999015e-01 -4.526110e-03 1.328857e-02 2.144912e+02 3.563724e-03 9.974290e-01 7.157278e-02 -1.093386e+01 -1.357836e-02 -7.151837e-02 9.973469e-01 1.531614e+02
9.995320e-01 3.270829e-03 -3.041424e-02 2.144890e+02 -1.019105e-03 9.972757e-01 7.375789e-02 -1.089354e+01 3.057263e-02 -7.369238e-02 9.968123e-01 1.535410e+02
9.971431e-01 5.793798e-03 -7.531278e-02 2.144311e+02 -2.017456e-04 9.972547e-01 7.404750e-02 -1.089126e+01 7.553504e-02 -7.382076e-02 9.944068e-01 1.539293e+02
9.926213e-01 1.222590e-02 -1.206381e-01 2.143084e+02 -3.081703e-03 9.971262e-01 7.569581e-02 -1.086426e+01 1.212168e-01 -7.476550e-02 9.898063e-01 1.544077e+02
9.850436e-01 1.847378e-02 -1.713119e-01 2.143847e+02 -4.721779e-03 9.967566e-01 8.033707e-02 -1.085539e+01 1.722404e-01 -7.832662e-02 9.819359e-01 1.544401e+02
9.748964e-01 1.861437e-02 -2.218796e-01 2.143061e+02 -1.561073e-04 9.965563e-01 8.291922e-02 -1.083748e+01 2.226589e-01 -8.080301e-02 9.715420e-01 1.547178e+02
9.617610e-01 2.388331e-02 -2.728467e-01 2.139561e+02 2.799012e-04 9.961046e-01 8.817946e-02 -1.077838e+01 2.738898e-01 -8.488394e-02 9.580079e-01 1.554990e+02
9.457527e-01 3.577846e-02 -3.229114e-01 2.139054e+02 -4.842194e-03 9.953596e-01 9.610349e-02 -1.083164e+01 3.248514e-01 -8.932653e-02 9.415372e-01 1.556230e+02
9.264095e-01 3.014206e-02 -3.753090e-01 2.137200e+02 6.470513e-03 9.953687e-01 9.591244e-02 -1.076238e+01 3.764619e-01 -9.128264e-02 9.219240e-01 1.559874e+02
9.100434e-01 3.662463e-02 -4.128918e-01 2.134224e+02 3.352021e-03 9.954062e-01 9.568333e-02 -1.072771e+01 4.144994e-01 -8.846001e-02 9.057400e-01 1.561932e+02
8.614594e-01 4.772531e-02 -5.055789e-01 2.135206e+02 9.249109e-03 9.939345e-01 1.095844e-01 -1.079557e+01 5.077422e-01 -9.907868e-02 8.557928e-01 1.567489e+02
8.242207e-01 5.684408e-02 -5.634084e-01 2.133421e+02 1.269599e-02 9.928437e-01 1.187444e-01 -1.082577e+01 5.661264e-01 -1.050246e-01 8.176006e-01 1.570880e+02
7.921739e-01 5.755509e-02 -6.075755e-01 2.130441e+02 1.598429e-02 9.932450e-01 1.149300e-01 -1.076585e+01 6.100861e-01 -1.007562e-01 7.859027e-01 1.573478e+02
7.458823e-01 5.692925e-02 -6.636405e-01 2.128517e+02 2.561345e-02 9.931524e-01 1.139835e-01 -1.072419e+01 6.655852e-01 -1.020164e-01 7.393166e-01 1.576523e+02
7.042304e-01 5.661110e-02 -7.077109e-01 2.125596e+02 3.397521e-02 9.929867e-01 1.132390e-01 -1.067468e+01 7.091581e-01 -1.037910e-01 6.973681e-01 1.578988e+02
6.620626e-01 5.940421e-02 -7.470905e-01 2.122926e+02 3.725082e-02 9.930132e-01 1.119697e-01 -1.064365e+01 7.485222e-01 -1.019607e-01 6.552240e-01 1.580781e+02
6.159003e-01 6.044205e-02 -7.855022e-01 2.119662e+02 4.755995e-02 9.923816e-01 1.136518e-01 -1.061673e+01 7.863873e-01 -1.073566e-01 6.083335e-01 1.582952e+02
5.682003e-01 6.295704e-02 -8.204784e-01 2.116884e+02 4.899275e-02 9.927121e-01 1.101015e-01 -1.057204e+01 8.214305e-01 -1.027572e-01 5.609749e-01 1.584432e+02
5.208814e-01 6.657054e-02 -8.510294e-01 2.114970e+02 5.391670e-02 9.923982e-01 1.106292e-01 -1.058243e+01 8.519246e-01 -1.035094e-01 5.133325e-01 1.585077e+02
4.696105e-01 6.984933e-02 -8.801063e-01 2.110609e+02 5.268156e-02 9.928722e-01 1.069090e-01 -1.054113e+01 8.813005e-01 -9.657095e-02 4.625834e-01 1.587017e+02
4.187901e-01 6.947392e-02 -9.054216e-01 2.108338e+02 4.032704e-02 9.946626e-01 9.497419e-02 -1.046299e+01 9.071872e-01 -7.628722e-02 4.137532e-01 1.587555e+02
3.698831e-01 6.846279e-02 -9.265524e-01 2.107266e+02 3.683187e-02 9.954168e-01 8.825459e-02 -1.044433e+01 9.283480e-01 -6.677054e-02 3.656662e-01 1.587539e+02
3.175772e-01 6.925471e-02 -9.457000e-01 2.098117e+02 5.407711e-02 9.943834e-01 9.097958e-02 -1.041274e+01 9.466892e-01 -8.003376e-02 3.120484e-01 1.590464e+02
2.710196e-01 6.810567e-02 -9.601615e-01 2.095393e+02 5.418297e-02 9.948329e-01 8.585889e-02 -1.039620e+01 9.610477e-01 -7.529384e-02 2.659290e-01 1.590980e+02
2.295942e-01 6.824144e-02 -9.708911e-01 2.097443e+02 5.176164e-02 9.952711e-01 8.219553e-02 -1.044428e+01 9.719091e-01 -6.912653e-02 2.249762e-01 1.590310e+02
1.900136e-01 6.676022e-02 -9.795090e-01 2.088501e+02 5.489423e-02 9.954022e-01 7.849231e-02 -1.035099e+01 9.802456e-01 -6.868400e-02 1.854752e-01 1.591412e+02
1.557140e-01 6.444632e-02 -9.856976e-01 2.085678e+02 5.774029e-02 9.955694e-01 7.421318e-02 -1.032391e+01 9.861132e-01 -6.847050e-02 1.513030e-01 1.591629e+02
1.256334e-01 6.364444e-02 -9.900332e-01 2.080608e+02 6.852927e-02 9.949996e-01 7.265994e-02 -1.028423e+01 9.897070e-01 -7.697477e-02 1.206437e-01 1.592180e+02
1.018497e-01 6.511923e-02 -9.926662e-01 2.077464e+02 7.308326e-02 9.946690e-01 7.274912e-02 -1.025955e+01 9.921116e-01 -7.995676e-02 9.654766e-02 1.592197e+02
7.712378e-02 6.762907e-02 -9.947252e-01 2.068853e+02 7.536181e-02 9.944472e-01 7.345318e-02 -1.020858e+01 9.941693e-01 -8.062928e-02 7.159888e-02 1.593239e+02
5.954356e-02 7.085009e-02 -9.957082e-01 2.071077e+02 6.563413e-02 9.950417e-01 7.472759e-02 -1.025525e+01 9.960656e-01 -6.980199e-02 5.459814e-02 1.592004e+02
4.476723e-02 7.315308e-02 -9.963155e-01 2.065273e+02 6.224072e-02 9.951736e-01 7.586588e-02 -1.019718e+01 9.970567e-01 -6.540769e-02 3.999806e-02 1.592073e+02
3.047374e-02 7.096685e-02 -9.970131e-01 2.060360e+02 6.495857e-02 9.952270e-01 7.282518e-02 -1.012298e+01 9.974225e-01 -6.698380e-02 2.571838e-02 1.592309e+02
1.364451e-02 6.728753e-02 -9.976403e-01 2.055221e+02 7.074774e-02 9.951677e-01 6.808836e-02 -1.013728e+01 9.974009e-01 -7.150983e-02 8.818133e-03 1.592608e+02
-1.799214e-03 6.164426e-02 -9.980966e-01 2.050588e+02 7.066618e-02 9.956108e-01 6.136335e-02 -1.010315e+01 9.974984e-01 -7.042126e-02 -6.147481e-03 1.592107e+02
-1.899639e-02 5.946991e-02 -9.980493e-01 2.045640e+02 7.962523e-02 9.951488e-01 5.778153e-02 -1.009668e+01 9.966438e-01 -7.837227e-02 -2.363954e-02 1.591750e+02
-3.640427e-02 6.172417e-02 -9.974291e-01 2.038077e+02 8.016242e-02 9.950548e-01 5.865146e-02 -1.006094e+01 9.961168e-01 -7.782117e-02 -4.117220e-02 1.592317e+02
-5.106741e-02 6.463627e-02 -9.966014e-01 2.033387e+02 7.744146e-02 9.951551e-01 6.057425e-02 -1.003254e+01 9.956882e-01 -7.408489e-02 -5.582551e-02 1.591473e+02
-6.606469e-02 6.720719e-02 -9.955494e-01 2.026767e+02 7.325080e-02 9.953637e-01 6.233372e-02 -1.002120e+01 9.951230e-01 -6.880674e-02 -7.068137e-02 1.591373e+02
-7.816399e-02 6.625146e-02 -9.947367e-01 2.020834e+02 6.667581e-02 9.959028e-01 6.108990e-02 -9.913462e+00 9.947084e-01 -6.154985e-02 -8.226110e-02 1.590839e+02
-8.484063e-02 6.804913e-02 -9.940681e-01 2.014934e+02 6.925688e-02 9.956550e-01 6.224690e-02 -9.961147e+00 9.939847e-01 -6.356499e-02 -8.918487e-02 1.589713e+02
-9.078365e-02 6.839856e-02 -9.935190e-01 2.008169e+02 6.893759e-02 9.956771e-01 6.224790e-02 -9.920831e+00 9.934817e-01 -6.283971e-02 -9.510643e-02 1.589447e+02
-9.437482e-02 6.835667e-02 -9.931872e-01 2.001209e+02 6.682200e-02 9.958250e-01 6.218864e-02 -9.870633e+00 9.932916e-01 -6.049771e-02 -9.854854e-02 1.588765e+02
-9.678597e-02 6.882905e-02 -9.929225e-01 1.994758e+02 6.496599e-02 9.959155e-01 6.270391e-02 -9.856367e+00 9.931827e-01 -5.843733e-02 -1.008622e-01 1.588073e+02
-9.829048e-02 6.777265e-02 -9.928473e-01 1.987347e+02 5.926951e-02 9.963060e-01 6.214114e-02 -9.809836e+00 9.933912e-01 -5.273769e-02 -1.019442e-01 1.587444e+02
-9.651771e-02 6.650743e-02 -9.931068e-01 1.980959e+02 5.372500e-02 9.966586e-01 6.152388e-02 -9.760456e+00 9.938803e-01 -4.741652e-02 -9.976832e-02 1.586456e+02
-9.216272e-02 6.696058e-02 -9.934900e-01 1.973409e+02 4.969221e-02 9.968025e-01 6.257406e-02 -9.762265e+00 9.945033e-01 -4.360171e-02 -9.519545e-02 1.586131e+02
-8.386064e-02 6.637662e-02 -9.942643e-01 1.966070e+02 4.419564e-02 9.970449e-01 6.283459e-02 -9.705725e+00 9.954969e-01 -3.867280e-02 -8.654639e-02 1.585303e+02
-7.486213e-02 6.761896e-02 -9.948987e-01 1.958355e+02 4.153408e-02 9.970440e-01 6.463950e-02 -9.676723e+00 9.963286e-01 -3.648315e-02 -7.744932e-02 1.584871e+02
-6.478626e-02 6.768406e-02 -9.956011e-01 1.949627e+02 3.860702e-02 9.971202e-01 6.527508e-02 -9.620670e+00 9.971521e-01 -3.420826e-02 -6.721277e-02 1.584192e+02
-5.566738e-02 6.703981e-02 -9.961962e-01 1.941475e+02 3.597547e-02 9.972301e-01 6.509909e-02 -9.568369e+00 9.978010e-01 -3.221473e-02 -5.792498e-02 1.583913e+02
-4.574535e-02 6.712114e-02 -9.966956e-01 1.933918e+02 3.105515e-02 9.973534e-01 6.574010e-02 -9.528927e+00 9.984703e-01 -2.794523e-02 -4.770874e-02 1.583465e+02
-3.575824e-02 6.741887e-02 -9.970838e-01 1.924443e+02 3.263912e-02 9.972684e-01 6.626082e-02 -9.521059e+00 9.988273e-01 -3.017457e-02 -3.786105e-02 1.583268e+02
-2.530698e-02 6.778014e-02 -9.973793e-01 1.915661e+02 2.920022e-02 9.973232e-01 6.703542e-02 -9.461848e+00 9.992532e-01 -2.742723e-02 -2.721843e-02 1.583044e+02
-1.488960e-02 6.874806e-02 -9.975229e-01 1.906756e+02 2.727896e-02 9.972901e-01 6.832483e-02 -9.398398e+00 9.995170e-01 -2.619406e-02 -1.672462e-02 1.582893e+02
-3.312068e-03 6.998232e-02 -9.975427e-01 1.898779e+02 2.428880e-02 9.972595e-01 6.988181e-02 -9.322834e+00 9.996995e-01 -2.399767e-02 -5.002778e-03 1.581889e+02
5.743675e-03 7.291610e-02 -9.973215e-01 1.889807e+02 2.329856e-02 9.970575e-01 7.303098e-02 -9.288113e+00 9.997121e-01 -2.365562e-02 4.027934e-03 1.582256e+02
1.492041e-02 7.484803e-02 -9.970833e-01 1.880924e+02 2.305834e-02 9.969034e-01 7.517957e-02 -9.248709e+00 9.996228e-01 -2.411280e-02 1.314833e-02 1.582095e+02
2.420479e-02 7.568178e-02 -9.968382e-01 1.872996e+02 2.137712e-02 9.968632e-01 7.620274e-02 -9.181224e+00 9.994784e-01 -2.315400e-02 2.251101e-02 1.581871e+02
3.126343e-02 7.578703e-02 -9.966338e-01 1.864061e+02 1.904648e-02 9.968950e-01 7.640436e-02 -9.114281e+00 9.993297e-01 -2.137103e-02 2.972288e-02 1.582356e+02
3.801663e-02 7.630676e-02 -9.963594e-01 1.855739e+02 2.132833e-02 9.967911e-01 7.715362e-02 -9.076064e+00 9.990495e-01 -2.418380e-02 3.626714e-02 1.582244e+02
4.223639e-02 7.567761e-02 -9.962374e-01 1.846208e+02 2.344118e-02 9.967777e-01 7.671246e-02 -9.024452e+00 9.988326e-01 -2.659304e-02 4.032631e-02 1.582820e+02
4.352065e-02 7.525012e-02 -9.962145e-01 1.836801e+02 2.427419e-02 9.967853e-01 7.635367e-02 -8.980906e+00 9.987576e-01 -2.750526e-02 4.155411e-02 1.583607e+02
4.564577e-02 7.501581e-02 -9.961371e-01 1.827869e+02 2.445716e-02 9.967936e-01 7.618594e-02 -8.921340e+00 9.986583e-01 -2.784025e-02 4.366474e-02 1.583692e+02
4.593925e-02 7.485255e-02 -9.961359e-01 1.818567e+02 2.452744e-02 9.968035e-01 7.603387e-02 -8.871185e+00 9.986431e-01 -2.792560e-02 4.395647e-02 1.584195e+02
4.633114e-02 7.446344e-02 -9.961469e-01 1.808977e+02 2.506617e-02 9.968171e-01 7.567938e-02 -8.830862e+00 9.986116e-01 -2.847590e-02 4.431716e-02 1.585007e+02
4.775093e-02 7.454392e-02 -9.960738e-01 1.800099e+02 2.494109e-02 9.968115e-01 7.579478e-02 -8.790309e+00 9.985478e-01 -2.846244e-02 4.573947e-02 1.585300e+02
4.980576e-02 7.335082e-02 -9.960618e-01 1.791192e+02 2.218448e-02 9.969722e-01 7.452715e-02 -8.704933e+00 9.985125e-01 -2.580899e-02 4.802771e-02 1.585315e+02
4.984599e-02 7.382717e-02 -9.960246e-01 1.781801e+02 2.147996e-02 9.969543e-01 7.497105e-02 -8.646128e+00 9.985259e-01 -2.513157e-02 4.810837e-02 1.585891e+02
4.985927e-02 7.393540e-02 -9.960159e-01 1.772471e+02 2.285897e-02 9.969105e-01 7.514610e-02 -8.609381e+00 9.984946e-01 -2.651463e-02 4.801515e-02 1.586621e+02
4.995308e-02 7.391304e-02 -9.960128e-01 1.763457e+02 2.174777e-02 9.969409e-01 7.507263e-02 -8.553196e+00 9.985148e-01 -2.541117e-02 4.819283e-02 1.586242e+02
4.914916e-02 7.436124e-02 -9.960195e-01 1.754675e+02 2.060914e-02 9.969368e-01 7.544670e-02 -8.519320e+00 9.985788e-01 -2.423525e-02 4.746609e-02 1.586608e+02
4.925611e-02 7.230032e-02 -9.961659e-01 1.745179e+02 2.174735e-02 9.970624e-01 7.344070e-02 -8.464912e+00 9.985494e-01 -2.528137e-02 4.753908e-02 1.586889e+02
4.609246e-02 7.180797e-02 -9.963529e-01 1.736789e+02 2.254174e-02 9.970842e-01 7.290349e-02 -8.467854e+00 9.986828e-01 -2.581983e-02 4.433939e-02 1.588099e+02
4.594606e-02 7.363632e-02 -9.962262e-01 1.727928e+02 1.955006e-02 9.970221e-01 7.459680e-02 -8.439206e+00 9.987526e-01 -2.290371e-02 4.436965e-02 1.588203e+02
4.406408e-02 7.712205e-02 -9.960475e-01 1.717888e+02 1.832758e-02 9.967857e-01 7.799001e-02 -8.378347e+00 9.988606e-01 -2.169170e-02 4.250898e-02 1.589196e+02
4.317697e-02 7.894513e-02 -9.959435e-01 1.708723e+02 1.882027e-02 9.966320e-01 7.981562e-02 -8.309431e+00 9.988902e-01 -2.219013e-02 4.154578e-02 1.589737e+02
4.268242e-02 7.827132e-02 -9.960180e-01 1.698963e+02 1.792122e-02 9.967061e-01 7.909338e-02 -8.220883e+00 9.989279e-01 -2.122576e-02 4.113911e-02 1.589973e+02
4.300417e-02 7.727057e-02 -9.960823e-01 1.689599e+02 1.879064e-02 9.967657e-01 7.813484e-02 -8.185045e+00 9.988982e-01 -2.207715e-02 4.141312e-02 1.589934e+02
4.167571e-02 7.747721e-02 -9.961227e-01 1.678720e+02 1.638525e-02 9.968018e-01 7.821555e-02 -8.144997e+00 9.989968e-01 -1.958141e-02 4.027294e-02 1.591403e+02
4.105348e-02 7.719697e-02 -9.961703e-01 1.670084e+02 1.850543e-02 9.967811e-01 7.800694e-02 -8.081144e+00 9.989856e-01 -2.163702e-02 3.949277e-02 1.592142e+02
4.395283e-02 7.877435e-02 -9.959231e-01 1.661940e+02 1.800826e-02 9.966620e-01 7.962755e-02 -8.040238e+00 9.988713e-01 -2.143469e-02 4.238753e-02 1.591575e+02
4.771274e-02 7.716017e-02 -9.958764e-01 1.651097e+02 1.400152e-02 9.968623e-01 7.790737e-02 -7.879117e+00 9.987630e-01 -1.766096e-02 4.648267e-02 1.591865e+02
4.912121e-02 7.598606e-02 -9.958982e-01 1.642417e+02 1.396353e-02 9.969522e-01 7.675521e-02 -7.797712e+00 9.986952e-01 -1.767657e-02 4.791046e-02 1.592032e+02
4.926893e-02 7.556274e-02 -9.959231e-01 1.633451e+02 1.474082e-02 9.969705e-01 7.637144e-02 -7.768367e+00 9.986768e-01 -1.844346e-02 4.800581e-02 1.592956e+02
5.039308e-02 7.401664e-02 -9.959830e-01 1.623343e+02 1.447868e-02 9.970911e-01 7.483156e-02 -7.693478e+00 9.986245e-01 -1.819152e-02 4.917483e-02 1.593442e+02
5.159618e-02 7.288394e-02 -9.960049e-01 1.614178e+02 1.390920e-02 9.971841e-01 7.369077e-02 -7.616952e+00 9.985712e-01 -1.765579e-02 5.043713e-02 1.593510e+02
5.276894e-02 7.275462e-02 -9.959529e-01 1.605135e+02 1.431695e-02 9.971848e-01 7.360318e-02 -7.575155e+00 9.985041e-01 -1.814297e-02 5.157876e-02 1.593701e+02
5.268826e-02 7.347632e-02 -9.959042e-01 1.596016e+02 1.600555e-02 9.970992e-01 7.441126e-02 -7.566699e+00 9.984827e-01 -1.986059e-02 5.135939e-02 1.594390e+02
5.412387e-02 7.350529e-02 -9.958251e-01 1.586898e+02 1.614047e-02 9.970922e-01 7.447606e-02 -7.503344e+00 9.984038e-01 -2.010402e-02 5.278007e-02 1.594536e+02
5.417135e-02 7.497288e-02 -9.957131e-01 1.577793e+02 1.582284e-02 9.969876e-01 7.592968e-02 -7.452873e+00 9.984063e-01 -1.986822e-02 5.282188e-02 1.595140e+02
5.557504e-02 7.433898e-02 -9.956832e-01 1.568494e+02 1.872908e-02 9.969714e-01 7.548053e-02 -7.384289e+00 9.982788e-01 -2.284307e-02 5.401443e-02 1.595300e+02
5.561893e-02 7.462557e-02 -9.956594e-01 1.559622e+02 1.871444e-02 9.969499e-01 7.576771e-02 -7.347917e+00 9.982767e-01 -2.284732e-02 5.405271e-02 1.595711e+02
5.587472e-02 7.276839e-02 -9.957825e-01 1.550947e+02 1.979965e-02 9.970637e-01 7.397300e-02 -7.305104e+00 9.982414e-01 -2.384937e-02 5.426986e-02 1.596206e+02
5.649990e-02 7.030636e-02 -9.959241e-01 1.541616e+02 2.038781e-02 9.972283e-01 7.155505e-02 -7.251223e+00 9.981944e-01 -2.434757e-02 5.490990e-02 1.596557e+02
5.697034e-02 6.948306e-02 -9.959551e-01 1.532833e+02 2.004211e-02 9.972946e-01 7.072296e-02 -7.216533e+00 9.981747e-01 -2.399015e-02 5.542363e-02 1.597056e+02
5.762435e-02 6.986252e-02 -9.958909e-01 1.523873e+02 2.480951e-02 9.971402e-01 7.138570e-02 -7.214740e+00 9.980300e-01 -2.882112e-02 5.572630e-02 1.597605e+02
5.824630e-02 7.005513e-02 -9.958412e-01 1.513925e+02 1.988194e-02 9.972555e-01 7.131751e-02 -7.106096e+00 9.981042e-01 -2.395324e-02 5.669362e-02 1.598366e+02
5.921799e-02 7.007189e-02 -9.957827e-01 1.505159e+02 2.009321e-02 9.972475e-01 7.136989e-02 -7.041787e+00 9.980428e-01 -2.423486e-02 5.764703e-02 1.598751e+02
5.993977e-02 7.038068e-02 -9.957177e-01 1.495594e+02 1.964170e-02 9.972350e-01 7.167030e-02 -6.996281e+00 9.980087e-01 -2.385349e-02 5.839164e-02 1.599350e+02
6.073579e-02 7.135632e-02 -9.956000e-01 1.486642e+02 2.066939e-02 9.971377e-01 7.272745e-02 -6.984395e+00 9.979398e-01 -2.499561e-02 5.908705e-02 1.599861e+02
6.209223e-02 7.302346e-02 -9.953955e-01 1.477233e+02 2.451503e-02 9.969074e-01 7.466361e-02 -6.947790e+00 9.977693e-01 -2.903818e-02 6.011003e-02 1.600495e+02
6.320830e-02 7.561118e-02 -9.951320e-01 1.467550e+02 2.854058e-02 9.965811e-01 7.753411e-02 -6.902579e+00 9.975922e-01 -3.330244e-02 6.083421e-02 1.601311e+02
6.414908e-02 7.529233e-02 -9.950960e-01 1.460796e+02 2.233070e-02 9.967918e-01 7.686020e-02 -6.831602e+00 9.976905e-01 -2.715170e-02 6.226195e-02 1.600815e+02
6.478181e-02 7.262783e-02 -9.952530e-01 1.450931e+02 2.550396e-02 9.969017e-01 7.440821e-02 -6.798937e+00 9.975735e-01 -3.020319e-02 6.272880e-02 1.601535e+02
6.484981e-02 6.834006e-02 -9.955522e-01 1.440931e+02 2.613568e-02 9.971936e-01 7.015521e-02 -6.737833e+00 9.975527e-01 -3.056898e-02 6.288170e-02 1.602671e+02
6.643581e-02 6.742053e-02 -9.955103e-01 1.435942e+02 2.584375e-02 9.972636e-01 6.926396e-02 -6.697576e+00 9.974560e-01 -3.032932e-02 6.451161e-02 1.601780e+02
6.447248e-02 6.794078e-02 -9.956040e-01 1.420484e+02 2.548725e-02 9.972421e-01 6.970304e-02 -6.654582e+00 9.975940e-01 -2.986914e-02 6.256305e-02 1.604777e+02
6.214148e-02 6.890255e-02 -9.956861e-01 1.406191e+02 2.931993e-02 9.970576e-01 7.082734e-02 -6.609079e+00 9.976366e-01 -3.359476e-02 5.993842e-02 1.607017e+02
6.009654e-02 6.928551e-02 -9.957851e-01 1.401875e+02 3.264684e-02 9.969180e-01 7.133461e-02 -6.598798e+00 9.976586e-01 -3.679620e-02 5.764937e-02 1.605211e+02
5.674308e-02 6.894277e-02 -9.960056e-01 1.391500e+02 3.351054e-02 9.969193e-01 7.091513e-02 -6.524853e+00 9.978263e-01 -3.740063e-02 5.425796e-02 1.605546e+02
5.265698e-02 7.004655e-02 -9.961530e-01 1.387428e+02 3.625816e-02 9.967450e-01 7.200480e-02 -6.543995e+00 9.979542e-01 -3.991023e-02 4.994583e-02 1.603978e+02
4.682184e-02 7.036700e-02 -9.964217e-01 1.372002e+02 3.549448e-02 9.967686e-01 7.205938e-02 -6.487014e+00 9.982724e-01 -3.874143e-02 4.417289e-02 1.606714e+02
4.151986e-02 7.121017e-02 -9.965968e-01 1.363068e+02 3.332119e-02 9.968034e-01 7.261315e-02 -6.415101e+00 9.985819e-01 -3.622268e-02 3.901433e-02 1.606654e+02
3.656729e-02 7.230881e-02 -9.967117e-01 1.353311e+02 3.153638e-02 9.967985e-01 7.347211e-02 -6.345832e+00 9.988335e-01 -3.411936e-02 3.416987e-02 1.606748e+02
3.172109e-02 7.275196e-02 -9.968455e-01 1.342271e+02 3.118463e-02 9.967898e-01 7.374024e-02 -6.317768e+00 9.990102e-01 -3.342538e-02 2.935051e-02 1.607129e+02
2.861936e-02 7.082172e-02 -9.970783e-01 1.332951e+02 2.856101e-02 9.970217e-01 7.163749e-02 -6.275395e+00 9.991823e-01 -3.052778e-02 2.651139e-02 1.607143e+02
2.703955e-02 6.666383e-02 -9.974090e-01 1.322690e+02 3.065922e-02 9.972492e-01 6.748431e-02 -6.214454e+00 9.991641e-01 -3.240453e-02 2.492131e-02 1.607231e+02
2.541911e-02 6.365189e-02 -9.976484e-01 1.309637e+02 2.714837e-02 9.975588e-01 6.433789e-02 -6.122600e+00 9.993082e-01 -2.871993e-02 2.362901e-02 1.608673e+02
2.480859e-02 6.284120e-02 -9.977151e-01 1.301683e+02 2.950211e-02 9.975416e-01 6.356385e-02 -6.070466e+00 9.992568e-01 -3.101163e-02 2.289366e-02 1.608238e+02
2.379523e-02 6.358701e-02 -9.976926e-01 1.291343e+02 2.971944e-02 9.974891e-01 6.428285e-02 -5.995583e+00 9.992750e-01 -3.118049e-02 2.184571e-02 1.608506e+02
2.410012e-02 6.706487e-02 -9.974575e-01 1.281403e+02 4.202979e-02 9.967972e-01 6.803597e-02 -6.067540e+00 9.988257e-01 -4.356260e-02 2.120421e-02 1.608455e+02
2.368467e-02 6.983958e-02 -9.972770e-01 1.268730e+02 4.312170e-02 9.965571e-01 7.081328e-02 -5.994127e+00 9.987890e-01 -4.468147e-02 2.059153e-02 1.608884e+02
2.106503e-02 7.304355e-02 -9.971063e-01 1.260406e+02 4.574431e-02 9.962127e-01 7.394449e-02 -5.957315e+00 9.987311e-01 -4.716958e-02 1.764393e-02 1.609341e+02
2.246393e-02 7.461024e-02 -9.969597e-01 1.248958e+02 4.185061e-02 9.962671e-01 7.550139e-02 -5.877157e+00 9.988713e-01 -4.341943e-02 1.925759e-02 1.608840e+02
2.260687e-02 7.630125e-02 -9.968285e-01 1.237081e+02 4.014562e-02 9.962098e-01 7.716435e-02 -5.831313e+00 9.989381e-01 -4.176274e-02 1.945803e-02 1.608874e+02
2.188412e-02 7.599199e-02 -9.968682e-01 1.225694e+02 3.677516e-02 9.963711e-01 7.676141e-02 -5.729194e+00 9.990839e-01 -3.833985e-02 1.901009e-02 1.609640e+02
2.105719e-02 7.553555e-02 -9.969207e-01 1.217191e+02 4.023247e-02 9.962701e-01 7.633605e-02 -5.685168e+00 9.989684e-01 -4.171601e-02 1.793967e-02 1.609117e+02
2.105629e-02 7.430079e-02 -9.970136e-01 1.207063e+02 3.896204e-02 9.964161e-01 7.507912e-02 -5.628915e+00 9.990188e-01 -4.042657e-02 1.808591e-02 1.609333e+02
1.948016e-02 7.218269e-02 -9.972012e-01 1.197332e+02 3.700705e-02 9.966549e-01 7.286607e-02 -5.537537e+00 9.991251e-01 -3.832291e-02 1.674373e-02 1.609705e+02
1.916901e-02 7.153602e-02 -9.972538e-01 1.187790e+02 4.011363e-02 9.965789e-01 7.225866e-02 -5.532067e+00 9.990112e-01 -4.138860e-02 1.623386e-02 1.609721e+02
1.853826e-02 7.091985e-02 -9.973097e-01 1.177780e+02 3.868980e-02 9.966832e-01 7.159447e-02 -5.476007e+00 9.990793e-01 -3.991295e-02 1.573290e-02 1.609756e+02
1.808354e-02 7.165052e-02 -9.972659e-01 1.167843e+02 3.848444e-02 9.966399e-01 7.230340e-02 -5.457557e+00 9.990956e-01 -3.968672e-02 1.526535e-02 1.610115e+02
1.779473e-02 7.118676e-02 -9.973043e-01 1.157783e+02 3.922508e-02 9.966446e-01 7.183956e-02 -5.409045e+00 9.990719e-01 -4.039770e-02 1.494271e-02 1.609927e+02
1.772739e-02 7.129913e-02 -9.972974e-01 1.147980e+02 3.863374e-02 9.966604e-01 7.194032e-02 -5.337922e+00 9.990962e-01 -3.980465e-02 1.491364e-02 1.610145e+02
1.821535e-02 7.066428e-02 -9.973338e-01 1.136752e+02 3.928485e-02 9.966785e-01 7.133535e-02 -5.283610e+00 9.990620e-01 -4.047951e-02 1.537881e-02 1.610199e+02
1.882461e-02 7.063382e-02 -9.973247e-01 1.127183e+02 3.932328e-02 9.966773e-01 7.133020e-02 -5.233548e+00 9.990492e-01 -4.056084e-02 1.598451e-02 1.610439e+02
1.932612e-02 7.032856e-02 -9.973367e-01 1.116924e+02 3.929725e-02 9.966987e-01 7.104506e-02 -5.172886e+00 9.990407e-01 -4.056561e-02 1.649860e-02 1.610342e+02
1.802179e-02 7.222264e-02 -9.972257e-01 1.105861e+02 3.814240e-02 9.966120e-01 7.286750e-02 -5.130343e+00 9.991098e-01 -3.934978e-02 1.520599e-02 1.611013e+02
1.741305e-02 7.287963e-02 -9.971887e-01 1.095268e+02 4.019006e-02 9.964829e-01 7.352984e-02 -5.109799e+00 9.990403e-01 -4.135745e-02 1.442277e-02 1.611409e+02
1.899153e-02 7.181604e-02 -9.972371e-01 1.085630e+02 4.004977e-02 9.965618e-01 7.253013e-02 -5.049179e+00 9.990172e-01 -4.131657e-02 1.605002e-02 1.611019e+02
1.882509e-02 7.093613e-02 -9.973032e-01 1.076120e+02 4.018348e-02 9.966204e-01 7.164606e-02 -5.010421e+00 9.990150e-01 -4.142386e-02 1.591101e-02 1.611136e+02
1.969002e-02 7.175910e-02 -9.972276e-01 1.066282e+02 4.061560e-02 9.965402e-01 7.251158e-02 -4.956038e+00 9.989808e-01 -4.193076e-02 1.670736e-02 1.610739e+02
1.887291e-02 7.440564e-02 -9.970495e-01 1.055606e+02 4.029117e-02 9.963604e-01 7.511688e-02 -4.910750e+00 9.990097e-01 -4.158997e-02 1.580633e-02 1.611263e+02
1.928700e-02 7.654821e-02 -9.968793e-01 1.045810e+02 4.132277e-02 9.961518e-01 7.729183e-02 -4.881432e+00 9.989597e-01 -4.268454e-02 1.604960e-02 1.611014e+02
1.853815e-02 7.562872e-02 -9.969637e-01 1.035649e+02 4.366088e-02 9.961226e-01 7.637677e-02 -4.808375e+00 9.988744e-01 -4.494420e-02 1.516425e-02 1.611150e+02
1.802392e-02 7.464029e-02 -9.970476e-01 1.025387e+02 4.200779e-02 9.962725e-01 7.534165e-02 -4.750344e+00 9.989547e-01 -4.324172e-02 1.482126e-02 1.611539e+02
1.724912e-02 7.528768e-02 -9.970127e-01 1.015106e+02 4.162795e-02 9.962423e-01 7.594970e-02 -4.694839e+00 9.989843e-01 -4.281366e-02 1.405024e-02 1.611472e+02
1.774331e-02 7.662683e-02 -9.969020e-01 1.006710e+02 4.203374e-02 9.961203e-01 7.731488e-02 -4.672293e+00 9.989586e-01 -4.327534e-02 1.445355e-02 1.610835e+02
1.714047e-02 7.628053e-02 -9.969391e-01 9.963995e+01 3.862630e-02 9.962907e-01 7.689503e-02 -4.593999e+00 9.991067e-01 -3.982608e-02 1.413046e-02 1.610800e+02
1.726551e-02 7.313379e-02 -9.971727e-01 9.866090e+01 3.708098e-02 9.965884e-01 7.373298e-02 -4.564900e+00 9.991631e-01 -3.824918e-02 1.449473e-02 1.610629e+02
1.689934e-02 6.891447e-02 -9.974794e-01 9.770984e+01 3.020976e-02 9.971312e-01 6.940223e-02 -4.471364e+00 9.994007e-01 -3.130646e-02 1.476897e-02 1.611205e+02
1.926895e-02 6.674511e-02 -9.975840e-01 9.663494e+01 2.617463e-02 9.973936e-01 6.723795e-02 -4.419738e+00 9.994717e-01 -2.740700e-02 1.747170e-02 1.611202e+02
2.148641e-02 6.804002e-02 -9.974512e-01 9.573392e+01 2.734099e-02 9.972684e-01 6.861651e-02 -4.379735e+00 9.993952e-01 -2.874563e-02 1.956743e-02 1.610929e+02
2.371252e-02 7.108293e-02 -9.971885e-01 9.476831e+01 2.653000e-02 9.970730e-01 7.170556e-02 -4.343223e+00 9.993667e-01 -2.815573e-02 2.175728e-02 1.611313e+02
2.598577e-02 7.318155e-02 -9.969800e-01 9.373898e+01 2.678807e-02 9.969077e-01 7.387446e-02 -4.290236e+00 9.993033e-01 -2.862685e-02 2.394502e-02 1.611337e+02
2.895796e-02 7.455988e-02 -9.967960e-01 9.262868e+01 3.141630e-02 9.966537e-01 7.546191e-02 -4.233291e+00 9.990868e-01 -3.350087e-02 2.651867e-02 1.611356e+02
3.127509e-02 7.599147e-02 -9.966179e-01 9.156908e+01 2.929330e-02 9.966076e-01 7.690995e-02 -4.170281e+00 9.990815e-01 -3.159959e-02 2.894295e-02 1.611239e+02
3.367836e-02 7.725083e-02 -9.964427e-01 9.057459e+01 2.933923e-02 9.965022e-01 7.824707e-02 -4.120035e+00 9.990020e-01 -3.187009e-02 3.129408e-02 1.611617e+02
3.624360e-02 7.751930e-02 -9.963319e-01 8.939945e+01 2.794305e-02 9.965185e-01 7.855031e-02 -4.071302e+00 9.989522e-01 -3.068749e-02 3.395129e-02 1.611466e+02
3.809189e-02 7.748544e-02 -9.962655e-01 8.821741e+01 2.873552e-02 9.964919e-01 7.860174e-02 -4.035973e+00 9.988610e-01 -3.162230e-02 3.573168e-02 1.611788e+02
3.990754e-02 7.424218e-02 -9.964414e-01 8.711189e+01 2.863202e-02 9.967414e-01 7.541125e-02 -3.944017e+00 9.987931e-01 -3.153961e-02 3.765179e-02 1.612130e+02
4.123765e-02 7.093059e-02 -9.966285e-01 8.609880e+01 2.885921e-02 9.969762e-01 7.214945e-02 -3.882455e+00 9.987325e-01 -3.173719e-02 3.906595e-02 1.612565e+02
4.345208e-02 6.797272e-02 -9.967405e-01 8.516748e+01 2.795640e-02 9.972094e-01 6.922343e-02 -3.820413e+00 9.986643e-01 -3.087317e-02 4.143055e-02 1.611898e+02
4.396962e-02 6.827206e-02 -9.966973e-01 8.411292e+01 2.765241e-02 9.971968e-01 6.952616e-02 -3.755375e+00 9.986501e-01 -3.061812e-02 4.195848e-02 1.612351e+02
4.448830e-02 7.035061e-02 -9.965298e-01 8.308263e+01 2.983996e-02 9.969787e-01 7.171445e-02 -3.735814e+00 9.985642e-01 -3.292686e-02 4.225463e-02 1.612345e+02
4.513506e-02 7.150667e-02 -9.964184e-01 8.206201e+01 3.441531e-02 9.967315e-01 7.308806e-02 -3.649953e+00 9.983879e-01 -3.759088e-02 4.252661e-02 1.612858e+02
4.494140e-02 7.142122e-02 -9.964333e-01 8.101639e+01 3.481793e-02 9.967231e-01 7.301236e-02 -3.576315e+00 9.983827e-01 -3.797502e-02 4.230740e-02 1.613363e+02
4.491394e-02 7.059578e-02 -9.964933e-01 8.008765e+01 3.612922e-02 9.967326e-01 7.224115e-02 -3.533512e+00 9.983373e-01 -3.924716e-02 4.221662e-02 1.613297e+02
4.359839e-02 7.305442e-02 -9.963745e-01 7.882372e+01 4.263670e-02 9.962782e-01 7.491300e-02 -3.578599e+00 9.981389e-01 -4.574821e-02 4.032132e-02 1.613877e+02
4.276846e-02 7.565820e-02 -9.962162e-01 7.778352e+01 4.363431e-02 9.960357e-01 7.751775e-02 -3.485398e+00 9.981317e-01 -4.678452e-02 3.929762e-02 1.614163e+02
4.107643e-02 8.132717e-02 -9.958407e-01 7.677520e+01 4.023277e-02 9.957389e-01 8.297838e-02 -3.436728e+00 9.983457e-01 -4.347388e-02 3.762938e-02 1.615008e+02
4.173278e-02 8.192863e-02 -9.957641e-01 7.576138e+01 4.437031e-02 9.954971e-01 8.376624e-02 -3.399615e+00 9.981431e-01 -4.767816e-02 3.790966e-02 1.614841e+02
4.240010e-02 7.739852e-02 -9.960982e-01 7.476663e+01 4.640686e-02 9.957662e-01 7.934808e-02 -3.336386e+00 9.980224e-01 -4.959016e-02 3.862876e-02 1.615139e+02
4.372397e-02 6.942019e-02 -9.966288e-01 7.380252e+01 4.593030e-02 9.963884e-01 7.141849e-02 -3.259554e+00 9.979873e-01 -4.889816e-02 4.037756e-02 1.615601e+02
4.406081e-02 6.699566e-02 -9.967799e-01 7.278408e+01 4.784696e-02 9.964624e-01 6.908930e-02 -3.230480e+00 9.978824e-01 -5.073702e-02 4.069940e-02 1.615903e+02
4.485035e-02 7.017105e-02 -9.965262e-01 7.175297e+01 4.770986e-02 9.962413e-01 7.229825e-02 -3.193290e+00 9.978538e-01 -5.078673e-02 4.133392e-02 1.616345e+02
4.460209e-02 7.470824e-02 -9.962075e-01 7.078305e+01 4.860920e-02 9.958564e-01 7.685824e-02 -3.142863e+00 9.978215e-01 -5.185288e-02 4.078576e-02 1.616586e+02
4.366980e-02 7.582508e-02 -9.961644e-01 6.974371e+01 4.879605e-02 9.957637e-01 7.793369e-02 -3.046388e+00 9.978536e-01 -5.201223e-02 3.978484e-02 1.616943e+02
4.260102e-02 7.552949e-02 -9.962331e-01 6.873033e+01 5.053132e-02 9.956993e-01 7.764985e-02 -3.011350e+00 9.978135e-01 -5.364893e-02 3.860120e-02 1.617195e+02
4.154756e-02 7.580285e-02 -9.962569e-01 6.768848e+01 4.905623e-02 9.957605e-01 7.781091e-02 -2.919795e+00 9.979315e-01 -5.210546e-02 3.765282e-02 1.617464e+02
3.892758e-02 7.650242e-02 -9.963092e-01 6.677413e+01 5.308947e-02 9.954984e-01 7.851446e-02 -2.904599e+00 9.978307e-01 -5.594991e-02 3.469087e-02 1.617676e+02
3.529663e-02 7.777798e-02 -9.963457e-01 6.573626e+01 5.428068e-02 9.953461e-01 7.962290e-02 -2.850353e+00 9.979017e-01 -5.689274e-02 3.091052e-02 1.618222e+02
3.195454e-02 7.756945e-02 -9.964747e-01 6.465498e+01 5.511117e-02 9.953304e-01 7.924765e-02 -2.794663e+00 9.979688e-01 -5.744921e-02 2.753038e-02 1.618849e+02
2.927572e-02 7.677130e-02 -9.966188e-01 6.358980e+01 5.787561e-02 9.952433e-01 7.836544e-02 -2.739531e+00 9.978945e-01 -5.997413e-02 2.469328e-02 1.618791e+02
2.691768e-02 7.648294e-02 -9.967075e-01 6.253633e+01 6.084862e-02 9.950945e-01 7.800248e-02 -2.742330e+00 9.977840e-01 -6.274792e-02 2.213175e-02 1.618950e+02
2.423861e-02 7.703903e-02 -9.967334e-01 6.154492e+01 6.096205e-02 9.950569e-01 7.839194e-02 -2.721625e+00 9.978457e-01 -6.266302e-02 1.942234e-02 1.619140e+02
2.282328e-02 7.624261e-02 -9.968281e-01 6.059577e+01 6.307071e-02 9.949918e-01 7.754622e-02 -2.667326e+00 9.977481e-01 -6.464051e-02 1.790030e-02 1.618979e+02
2.108986e-02 7.627839e-02 -9.968635e-01 5.945326e+01 6.510626e-02 9.948641e-01 7.750280e-02 -2.639151e+00 9.976554e-01 -6.653658e-02 1.601535e-02 1.619271e+02
1.895539e-02 7.854683e-02 -9.967302e-01 5.827612e+01 6.425983e-02 9.947525e-01 7.961304e-02 -2.604331e+00 9.977532e-01 -6.555881e-02 1.380851e-02 1.619415e+02
1.772631e-02 8.043140e-02 -9.966025e-01 5.730429e+01 6.318306e-02 9.946768e-01 8.139980e-02 -2.556107e+00 9.978445e-01 -6.441131e-02 1.255004e-02 1.619400e+02
1.684314e-02 8.005171e-02 -9.966484e-01 5.624924e+01 6.132910e-02 9.948302e-01 8.094212e-02 -2.472164e+00 9.979755e-01 -6.248687e-02 1.184656e-02 1.619426e+02
1.600364e-02 8.011661e-02 -9.966570e-01 5.513093e+01 6.152830e-02 9.948167e-01 8.095666e-02 -2.463400e+00 9.979770e-01 -6.261821e-02 1.099125e-02 1.619884e+02
1.634848e-02 7.938349e-02 -9.967101e-01 5.414617e+01 6.307245e-02 9.947761e-01 8.026400e-02 -2.406069e+00 9.978750e-01 -6.417714e-02 1.125616e-02 1.619857e+02
1.553660e-02 7.832765e-02 -9.968066e-01 5.312153e+01 6.262257e-02 9.948935e-01 7.915338e-02 -2.318738e+00 9.979163e-01 -6.365237e-02 1.055218e-02 1.619917e+02
1.504470e-02 7.851117e-02 -9.967997e-01 5.215590e+01 6.417272e-02 9.947814e-01 7.932076e-02 -2.272878e+00 9.978254e-01 -6.516071e-02 9.927917e-03 1.619942e+02
1.387311e-02 7.973207e-02 -9.967198e-01 5.118076e+01 6.719063e-02 9.944883e-01 8.048877e-02 -2.226797e+00 9.976437e-01 -6.808686e-02 8.439395e-03 1.619772e+02
1.228461e-02 8.144493e-02 -9.966021e-01 5.013099e+01 6.878375e-02 9.942476e-01 8.210038e-02 -2.212660e+00 9.975560e-01 -6.955860e-02 6.611856e-03 1.620108e+02
1.170009e-02 8.109961e-02 -9.966373e-01 4.900819e+01 6.974436e-02 9.942119e-01 8.172102e-02 -2.123707e+00 9.974963e-01 -7.046597e-02 5.976134e-03 1.619844e+02
1.018289e-02 8.104456e-02 -9.966585e-01 4.828472e+01 7.192703e-02 9.940689e-01 8.156887e-02 -2.095603e+00 9.973579e-01 -7.251729e-02 4.293204e-03 1.619297e+02
9.401579e-03 7.976312e-02 -9.967695e-01 4.723029e+01 7.187850e-02 9.941811e-01 8.023395e-02 -2.007598e+00 9.973691e-01 -7.240062e-02 3.613618e-03 1.618956e+02
8.513771e-03 7.853715e-02 -9.968748e-01 4.621623e+01 7.111381e-02 9.943393e-01 7.894474e-02 -1.869249e+00 9.974319e-01 -7.156369e-02 2.880500e-03 1.618592e+02
6.026260e-03 7.963505e-02 -9.968059e-01 4.527454e+01 7.384726e-02 9.940667e-01 7.986267e-02 -1.920286e+00 9.972514e-01 -7.409266e-02 1.096738e-04 1.618927e+02
4.403310e-03 7.647279e-02 -9.970619e-01 4.427438e+01 7.519919e-02 9.942231e-01 7.658715e-02 -1.887970e+00 9.971588e-01 -7.531548e-02 -1.372819e-03 1.618897e+02
1.893026e-03 7.212841e-02 -9.973936e-01 4.324577e+01 8.011216e-02 9.941786e-01 7.204796e-02 -1.824884e+00 9.967841e-01 -8.003974e-02 -3.896356e-03 1.618875e+02
-3.164484e-04 6.984049e-02 -9.975581e-01 4.227512e+01 8.015969e-02 9.943498e-01 6.959044e-02 -1.772795e+00 9.967820e-01 -7.994193e-02 -5.913052e-03 1.618742e+02
-2.604097e-03 6.963442e-02 -9.975692e-01 4.130154e+01 7.942446e-02 9.944355e-01 6.920835e-02 -1.698309e+00 9.968375e-01 -7.905117e-02 -8.120283e-03 1.618589e+02
-5.359654e-03 7.493744e-02 -9.971738e-01 4.019462e+01 8.587256e-02 9.935391e-01 7.420273e-02 -1.722658e+00 9.962917e-01 -8.523217e-02 -1.176010e-02 1.618860e+02
-7.570138e-03 7.736009e-02 -9.969745e-01 3.918048e+01 8.780270e-02 9.932037e-01 7.640080e-02 -1.648695e+00 9.961091e-01 -8.695868e-02 -1.431111e-02 1.618704e+02
-8.117044e-03 7.814922e-02 -9.969086e-01 3.820850e+01 8.660634e-02 9.932503e-01 7.715726e-02 -1.591149e+00 9.962095e-01 -8.571232e-02 -1.483047e-02 1.618310e+02
-8.442836e-03 7.834861e-02 -9.968903e-01 3.730982e+01 8.370361e-02 9.934824e-01 7.737188e-02 -1.552618e+00 9.964549e-01 -8.279008e-02 -1.494587e-02 1.617879e+02
-8.929179e-03 7.806816e-02 -9.969080e-01 3.607559e+01 8.365637e-02 9.935112e-01 7.705285e-02 -1.500013e+00 9.964547e-01 -8.270969e-02 -1.540214e-02 1.618343e+02
-9.099011e-03 7.997134e-02 -9.967556e-01 3.510136e+01 8.348030e-02 9.933780e-01 7.893829e-02 -1.463782e+00 9.964679e-01 -8.249120e-02 -1.571479e-02 1.618308e+02
-8.500452e-03 8.283609e-02 -9.965269e-01 3.416456e+01 8.175444e-02 9.932843e-01 8.186917e-02 -1.415563e+00 9.966163e-01 -8.077457e-02 -1.521558e-02 1.617698e+02
-8.806237e-03 8.411911e-02 -9.964168e-01 3.308906e+01 8.053955e-02 9.932778e-01 8.314231e-02 -1.350994e+00 9.967125e-01 -7.951879e-02 -1.552195e-02 1.617896e+02
-8.745380e-03 8.349663e-02 -9.964697e-01 3.211458e+01 8.052785e-02 9.933301e-01 8.252682e-02 -1.300074e+00 9.967140e-01 -7.952183e-02 -1.541085e-02 1.617713e+02
-9.448350e-03 8.266641e-02 -9.965325e-01 3.106651e+01 7.756017e-02 9.936353e-01 8.169071e-02 -1.216638e+00 9.969429e-01 -7.651938e-02 -1.579983e-02 1.617776e+02
-1.096238e-02 8.289909e-02 -9.964977e-01 3.008861e+01 8.095743e-02 9.933596e-01 8.174742e-02 -1.198138e+00 9.966573e-01 -7.977774e-02 -1.760089e-02 1.617723e+02
-1.347947e-02 8.406671e-02 -9.963690e-01 2.914627e+01 7.845526e-02 9.934764e-01 8.276126e-02 -1.139024e+00 9.968265e-01 -7.705481e-02 -1.998701e-02 1.617650e+02
-1.498620e-02 8.436308e-02 -9.963224e-01 2.805925e+01 7.506916e-02 9.937170e-01 8.301331e-02 -1.039109e+00 9.970657e-01 -7.354903e-02 -2.122511e-02 1.617868e+02
-1.702573e-02 8.681614e-02 -9.960789e-01 2.730494e+01 7.925926e-02 9.932054e-01 8.521094e-02 -1.076607e+00 9.967086e-01 -7.749769e-02 -2.379104e-02 1.617159e+02
-1.841907e-02 8.548896e-02 -9.961688e-01 2.637925e+01 7.667807e-02 9.935243e-01 8.384424e-02 -9.785937e-01 9.968858e-01 -7.483997e-02 -2.485493e-02 1.616721e+02
-2.081598e-02 8.525546e-02 -9.961417e-01 2.546573e+01 7.495194e-02 9.936868e-01 8.347912e-02 -9.269938e-01 9.969699e-01 -7.292505e-02 -2.707463e-02 1.616299e+02
-2.192030e-02 8.478527e-02 -9.961581e-01 2.461691e+01 7.392795e-02 9.938071e-01 8.295840e-02 -9.004587e-01 9.970226e-01 -7.182546e-02 -2.805255e-02 1.615524e+02
-2.446546e-02 8.476245e-02 -9.961008e-01 2.364217e+01 7.399690e-02 9.938193e-01 8.275085e-02 -8.492576e-01 9.969583e-01 -7.168383e-02 -3.058641e-02 1.615687e+02
-2.626385e-02 8.421195e-02 -9.961017e-01 2.273554e+01 7.530498e-02 9.937808e-01 8.203020e-02 -7.970342e-01 9.968146e-01 -7.285699e-02 -3.244209e-02 1.615466e+02
-2.790536e-02 8.433966e-02 -9.960462e-01 2.140645e+01 7.185101e-02 9.940261e-01 8.215562e-02 -7.031560e-01 9.970249e-01 -6.927435e-02 -3.379855e-02 1.615526e+02
-2.920141e-02 8.493848e-02 -9.959582e-01 2.041362e+01 7.024518e-02 9.940941e-01 8.271992e-02 -6.443482e-01 9.971022e-01 -6.754572e-02 -3.499547e-02 1.615201e+02
-3.086343e-02 8.638065e-02 -9.957840e-01 1.962299e+01 6.916084e-02 9.940554e-01 8.408712e-02 -6.241712e-01 9.971280e-01 -6.627405e-02 -3.665412e-02 1.614750e+02
-3.199236e-02 8.631069e-02 -9.957545e-01 1.869948e+01 7.004501e-02 9.940085e-01 8.390890e-02 -5.660343e-01 9.970307e-01 -6.706319e-02 -3.784631e-02 1.614690e+02
-3.209698e-02 8.605117e-02 -9.957736e-01 1.781919e+01 6.905272e-02 9.940972e-01 8.368052e-02 -5.038965e-01 9.970965e-01 -6.607498e-02 -3.784959e-02 1.614500e+02
-3.079333e-02 8.596738e-02 -9.958220e-01 1.696630e+01 7.020585e-02 9.940198e-01 8.364086e-02 -4.869751e-01 9.970571e-01 -6.733695e-02 -3.664459e-02 1.614436e+02
-2.794129e-02 8.441955e-02 -9.960385e-01 1.620723e+01 6.950490e-02 9.941799e-01 8.231225e-02 -4.016774e-01 9.971902e-01 -6.692964e-02 -3.364624e-02 1.613534e+02
-2.351338e-02 8.272545e-02 -9.962949e-01 1.543579e+01 6.943224e-02 9.942992e-01 8.092108e-02 -3.368186e-01 9.973095e-01 -6.727226e-02 -2.912314e-02 1.612534e+02
-2.258505e-02 8.276096e-02 -9.963135e-01 1.453524e+01 6.655374e-02 9.944815e-01 8.110009e-02 -3.141496e-01 9.975272e-01 -6.447674e-02 -2.796847e-02 1.613442e+02
-1.972320e-02 8.255481e-02 -9.963913e-01 1.399212e+01 6.766243e-02 9.944106e-01 8.105134e-02 -2.748202e-01 9.975133e-01 -6.581967e-02 -2.519882e-02 1.612823e+02
-1.637812e-02 8.077923e-02 -9.965974e-01 1.319792e+01 6.657459e-02 9.946074e-01 7.952383e-02 -1.762901e-01 9.976470e-01 -6.504561e-02 -2.166765e-02 1.612441e+02
-1.432602e-02 8.096918e-02 -9.966136e-01 1.238700e+01 6.745006e-02 9.945239e-01 7.982983e-02 -1.566785e-01 9.976198e-01 -6.607800e-02 -1.970895e-02 1.612538e+02
-1.145149e-02 8.050748e-02 -9.966882e-01 1.160145e+01 6.977560e-02 9.943882e-01 7.952000e-02 -1.329633e-01 9.974970e-01 -6.863389e-02 -1.700469e-02 1.612258e+02
-9.390396e-03 8.057781e-02 -9.967041e-01 1.082628e+01 6.896545e-02 9.944268e-01 7.974395e-02 -7.533256e-02 9.975749e-01 -6.798932e-02 -1.489515e-02 1.612286e+02
-7.363792e-03 8.120592e-02 -9.966701e-01 1.001641e+01 7.112139e-02 9.942156e-01 8.048046e-02 -1.955340e-02 9.974405e-01 -7.029193e-02 -1.309667e-02 1.612025e+02
-5.809199e-03 8.331003e-02 -9.965067e-01 9.186630e+00 7.133234e-02 9.940195e-01 8.268626e-02 1.878169e-03 9.974357e-01 -7.060282e-02 -1.171716e-02 1.611938e+02
-4.315382e-03 8.303794e-02 -9.965370e-01 8.396551e+00 7.036074e-02 9.941017e-01 8.253032e-02 7.363022e-02 9.975123e-01 -6.976094e-02 -1.013254e-02 1.611779e+02
-3.066821e-03 8.325367e-02 -9.965237e-01 7.709124e+00 7.210475e-02 9.939528e-01 8.281699e-02 8.926365e-02 9.973923e-01 -7.160011e-02 -9.051261e-03 1.611532e+02
-1.989490e-03 8.308684e-02 -9.965403e-01 6.998414e+00 7.068851e-02 9.940611e-01 8.273900e-02 1.483003e-01 9.974965e-01 -7.027934e-02 -7.850959e-03 1.611776e+02
-2.338096e-03 8.347502e-02 -9.965071e-01 6.297675e+00 6.905775e-02 9.941443e-01 8.311506e-02 1.745544e-01 9.976099e-01 -6.862221e-02 -8.089002e-03 1.612647e+02
1.016863e-03 8.401647e-02 -9.964638e-01 5.546761e+00 6.861850e-02 9.941098e-01 8.388801e-02 2.606111e-01 9.976425e-01 -6.846116e-02 -4.754210e-03 1.611729e+02
2.803554e-03 8.563577e-02 -9.963226e-01 4.923547e+00 7.077122e-02 9.938113e-01 8.561906e-02 2.815447e-01 9.974886e-01 -7.075100e-02 -3.274344e-03 1.611871e+02
5.588122e-03 8.692971e-02 -9.961988e-01 4.284371e+00 7.166170e-02 9.936182e-01 8.710650e-02 3.141624e-01 9.974133e-01 -7.187606e-02 -6.770714e-04 1.611668e+02
8.389939e-03 8.687168e-02 -9.961842e-01 3.649376e+00 7.146230e-02 9.936199e-01 8.724993e-02 3.655853e-01 9.974080e-01 -7.192164e-02 2.128361e-03 1.611705e+02
1.086667e-02 8.752774e-02 -9.961028e-01 2.999198e+00 7.125888e-02 9.935612e-01 8.808178e-02 3.839463e-01 9.973987e-01 -7.193832e-02 4.559570e-03 1.612076e+02
1.409349e-02 8.710971e-02 -9.960990e-01 2.383266e+00 7.125439e-02 9.935778e-01 8.789738e-02 4.532841e-01 9.973586e-01 -7.221521e-02 7.796027e-03 1.612058e+02
1.822527e-02 8.718737e-02 -9.960252e-01 1.834141e+00 7.268998e-02 9.934389e-01 8.829106e-02 4.815097e-01 9.971880e-01 -7.401018e-02 1.176805e-02 1.611969e+02
2.071476e-02 8.694604e-02 -9.959976e-01 1.188196e+00 7.421337e-02 9.933293e-01 8.825660e-02 5.542870e-01 9.970272e-01 -7.574455e-02 1.412402e-02 1.612624e+02
2.489062e-02 8.872503e-02 -9.957451e-01 6.154456e-01 7.384079e-02 9.931697e-01 9.034134e-02 5.833558e-01 9.969594e-01 -7.577525e-02 1.816908e-02 1.612589e+02
2.986770e-02 8.960300e-02 -9.955296e-01 6.723352e-02 7.330145e-02 9.930959e-01 9.158312e-02 6.152524e-01 9.968625e-01 -7.570915e-02 2.309346e-02 1.612772e+02
3.583067e-02 8.922398e-02 -9.953669e-01 -3.875165e-01 7.371889e-02 9.930569e-01 9.167061e-02 6.720997e-01 9.966352e-01 -7.666197e-02 2.900440e-02 1.612805e+02
4.270087e-02 8.916234e-02 -9.951014e-01 -9.116775e-01 7.487501e-02 9.929232e-01 9.218014e-02 7.013941e-01 9.962783e-01 -7.844440e-02 3.572265e-02 1.612954e+02
5.080224e-02 8.911251e-02 -9.947251e-01 -1.370212e+00 7.569559e-02 9.928027e-01 9.280619e-02 7.124069e-01 9.958360e-01 -8.001107e-02 4.369118e-02 1.613521e+02
6.036564e-02 8.748981e-02 -9.943347e-01 -1.937785e+00 7.582359e-02 9.928713e-01 9.196426e-02 7.533511e-01 9.952923e-01 -8.094551e-02 5.330152e-02 1.613580e+02
7.140277e-02 8.502036e-02 -9.938175e-01 -2.418490e+00 7.523819e-02 9.930630e-01 9.036144e-02 7.855203e-01 9.946059e-01 -8.122509e-02 6.451066e-02 1.613719e+02
8.213468e-02 8.330594e-02 -9.931334e-01 -2.899515e+00 7.413904e-02 9.932285e-01 8.944541e-02 7.963080e-01 9.938598e-01 -8.097653e-02 7.540228e-02 1.614556e+02
9.592335e-02 8.233478e-02 -9.919777e-01 -3.349161e+00 7.368885e-02 9.932512e-01 8.956613e-02 8.393486e-01 9.926574e-01 -8.168917e-02 8.920882e-02 1.614683e+02
1.094468e-01 8.091195e-02 -9.906940e-01 -3.801373e+00 7.527441e-02 9.931447e-01 8.942803e-02 8.729945e-01 9.911383e-01 -8.436152e-02 1.026059e-01 1.615251e+02
1.231982e-01 7.956688e-02 -9.891872e-01 -4.235793e+00 7.610919e-02 9.930872e-01 8.935959e-02 9.120641e-01 9.894592e-01 -8.629518e-02 1.162907e-01 1.615814e+02
1.387159e-01 7.910941e-02 -9.871675e-01 -4.693243e+00 7.666445e-02 9.929553e-01 9.034606e-02 9.309712e-01 9.873603e-01 -8.821309e-02 1.316738e-01 1.616610e+02
1.552005e-01 7.875381e-02 -9.847389e-01 -5.136030e+00 7.577962e-02 9.929311e-01 9.135229e-02 1.000558e+00 9.849722e-01 -8.880106e-02 1.481355e-01 1.617215e+02
1.726970e-01 7.989332e-02 -9.817295e-01 -5.533309e+00 7.429814e-02 9.928087e-01 9.386480e-02 1.016508e+00 9.821688e-01 -8.915084e-02 1.655191e-01 1.618441e+02
1.911590e-01 7.643445e-02 -9.785786e-01 -5.928495e+00 7.569410e-02 9.928467e-01 9.233526e-02 1.134136e+00 9.786361e-01 -9.172334e-02 1.840060e-01 1.619825e+02
2.136743e-01 7.318747e-02 -9.741596e-01 -6.261104e+00 7.749141e-02 9.927777e-01 9.158337e-02 1.147394e+00 9.738267e-01 -9.505802e-02 2.064597e-01 1.620528e+02
2.376786e-01 7.031053e-02 -9.687958e-01 -6.662852e+00 7.964179e-02 9.926080e-01 9.157755e-02 1.158037e+00 9.680734e-01 -9.892266e-02 2.303221e-01 1.621488e+02
2.609943e-01 6.650656e-02 -9.630466e-01 -7.025079e+00 8.093441e-02 9.926040e-01 9.048170e-02 1.172017e+00 9.619416e-01 -1.015588e-01 2.536813e-01 1.622461e+02
2.848151e-01 6.605148e-02 -9.563041e-01 -7.377793e+00 7.897753e-02 9.926145e-01 9.208122e-02 1.221735e+00 9.553235e-01 -1.017527e-01 2.774950e-01 1.623801e+02
3.111138e-01 6.709436e-02 -9.480013e-01 -7.663698e+00 7.773364e-02 9.923661e-01 9.574478e-02 1.237991e+00 9.471883e-01 -1.034791e-01 3.035233e-01 1.625180e+02
3.400217e-01 7.071337e-02 -9.377552e-01 -8.016717e+00 7.581805e-02 9.918617e-01 1.022843e-01 1.288977e+00 9.373563e-01 -1.058777e-01 3.318932e-01 1.626367e+02
3.693402e-01 7.634131e-02 -9.261532e-01 -8.374342e+00 7.128979e-02 9.913555e-01 1.101455e-01 1.291726e+00 9.265558e-01 -1.067064e-01 3.607051e-01 1.628067e+02
3.995082e-01 7.850499e-02 -9.133620e-01 -8.659665e+00 7.059048e-02 9.907339e-01 1.160318e-01 1.384502e+00 9.140078e-01 -1.108303e-01 3.902646e-01 1.629557e+02
4.298123e-01 7.301390e-02 -8.999613e-01 -8.910444e+00 7.027252e-02 9.909968e-01 1.139610e-01 1.402739e+00 9.001795e-01 -1.122244e-01 4.208117e-01 1.631184e+02
4.630278e-01 7.097300e-02 -8.834977e-01 -9.230764e+00 6.808469e-02 9.909957e-01 1.152907e-01 1.416042e+00 8.837249e-01 -1.135355e-01 4.540264e-01 1.632610e+02
4.960602e-01 6.774812e-02 -8.656411e-01 -9.553973e+00 6.646588e-02 9.910634e-01 1.156527e-01 1.478088e+00 8.657405e-01 -1.149063e-01 4.871242e-01 1.634532e+02
5.303165e-01 6.212086e-02 -8.455208e-01 -9.810210e+00 6.170393e-02 9.918388e-01 1.115721e-01 1.571574e+00 8.455513e-01 -1.113405e-01 5.221554e-01 1.635957e+02
5.637402e-01 5.875006e-02 -8.238600e-01 -1.007234e+01 5.752739e-02 9.922518e-01 1.101223e-01 1.545826e+00 8.239463e-01 -1.094749e-01 5.559925e-01 1.638280e+02
5.970002e-01 5.511895e-02 -8.003454e-01 -1.035359e+01 4.788448e-02 9.934099e-01 1.041335e-01 1.609136e+00 8.008108e-01 -1.004918e-01 5.904266e-01 1.640588e+02
6.289528e-01 4.854130e-02 -7.759266e-01 -1.051683e+01 4.730369e-02 9.938103e-01 1.005155e-01 1.668063e+00 7.760031e-01 -9.992368e-02 6.227636e-01 1.643163e+02
6.612362e-01 4.252553e-02 -7.489715e-01 -1.069699e+01 4.908675e-02 9.937997e-01 9.976320e-02 1.694559e+00 7.485701e-01 -1.027316e-01 6.550489e-01 1.645481e+02
6.935930e-01 4.243084e-02 -7.191164e-01 -1.091925e+01 4.822781e-02 9.932890e-01 1.051242e-01 1.722604e+00 7.187509e-01 -1.075948e-01 6.868919e-01 1.647672e+02
7.215845e-01 4.424036e-02 -6.909115e-01 -1.065772e+01 4.456660e-02 9.929182e-01 1.101236e-01 1.636956e+00 6.908905e-01 -1.102550e-01 7.145027e-01 1.645306e+02
7.518502e-01 4.598308e-02 -6.577285e-01 -1.089065e+01 3.828280e-02 9.928376e-01 1.131723e-01 1.681820e+00 6.582216e-01 -1.102683e-01 7.447048e-01 1.648361e+02
7.805045e-01 4.377954e-02 -6.236153e-01 -1.119554e+01 3.525124e-02 9.928755e-01 1.138224e-01 1.736956e+00 6.241555e-01 -1.108221e-01 7.734006e-01 1.652620e+02
8.076704e-01 4.448828e-02 -5.879535e-01 -1.152990e+01 3.003832e-02 9.927503e-01 1.163813e-01 1.785854e+00 5.888686e-01 -1.116589e-01 8.004786e-01 1.656974e+02
8.329034e-01 4.055992e-02 -5.519301e-01 -1.167286e+01 2.743259e-02 9.930588e-01 1.143752e-01 1.840487e+00 5.527380e-01 -1.104043e-01 8.260094e-01 1.660154e+02
8.555111e-01 4.303003e-02 -5.159934e-01 -1.192834e+01 1.810659e-02 9.934452e-01 1.128665e-01 1.872046e+00 5.174678e-01 -1.059014e-01 8.491242e-01 1.664362e+02
8.766992e-01 4.427034e-02 -4.789976e-01 -1.211904e+01 1.035603e-02 9.937884e-01 1.108032e-01 1.919535e+00 4.809275e-01 -1.021016e-01 8.707950e-01 1.668375e+02
8.954583e-01 4.787325e-02 -4.425636e-01 -1.223742e+01 1.857531e-03 9.937897e-01 1.112592e-01 1.906049e+00 4.451415e-01 -1.004501e-01 8.898083e-01 1.672225e+02
9.131949e-01 5.354413e-02 -4.039903e-01 -1.247206e+01 -8.487945e-03 9.936149e-01 1.125054e-01 1.997294e+00 4.074347e-01 -9.931033e-02 9.078185e-01 1.677427e+02
9.293072e-01 5.396932e-02 -3.653430e-01 -1.254671e+01 -1.363856e-02 9.936049e-01 1.120858e-01 2.023358e+00 3.690558e-01 -9.917940e-02 9.241003e-01 1.681278e+02
9.442244e-01 5.380479e-02 -3.248775e-01 -1.267016e+01 -1.781427e-02 9.934628e-01 1.127576e-01 2.072109e+00 3.288206e-01 -1.006810e-01 9.390103e-01 1.685685e+02
9.568813e-01 5.642849e-02 -2.849454e-01 -1.278909e+01 -2.463344e-02 9.931799e-01 1.139599e-01 2.073918e+00 2.894327e-01 -1.020270e-01 9.517454e-01 1.691224e+02
9.670946e-01 5.568553e-02 -2.482482e-01 -1.285472e+01 -2.924475e-02 9.936165e-01 1.089539e-01 2.169446e+00 2.527307e-01 -9.810880e-02 9.625497e-01 1.696986e+02
9.755317e-01 5.493560e-02 -2.128851e-01 -1.297354e+01 -3.344995e-02 9.940932e-01 1.032464e-01 2.249826e+00 2.172996e-01 -9.359909e-02 9.716070e-01 1.702731e+02
9.820902e-01 5.395869e-02 -1.805193e-01 -1.306072e+01 -3.575692e-02 9.940790e-01 1.026078e-01 2.242708e+00 1.849870e-01 -9.431526e-02 9.782047e-01 1.708865e+02
9.868596e-01 5.079659e-02 -1.533880e-01 -1.310342e+01 -3.578941e-02 9.944375e-01 9.906195e-02 2.455941e+00 1.575668e-01 -9.227057e-02 9.831881e-01 1.715933e+02
9.904544e-01 4.668209e-02 -1.296951e-01 -1.313673e+01 -3.422298e-02 9.947265e-01 9.668531e-02 2.548118e+00 1.335246e-01 -9.132384e-02 9.868288e-01 1.721658e+02
9.926607e-01 4.644080e-02 -1.116598e-01 -1.321877e+01 -3.555936e-02 9.945960e-01 9.754142e-02 2.519178e+00 1.155863e-01 -9.285499e-02 9.889478e-01 1.728431e+02
9.942499e-01 4.073003e-02 -9.903607e-02 -1.326191e+01 -3.124792e-02 9.949410e-01 9.547764e-02 2.662194e+00 1.024239e-01 -9.183397e-02 9.904927e-01 1.735278e+02
9.953951e-01 3.850413e-02 -8.778421e-02 -1.330154e+01 -3.011391e-02 9.950241e-01 9.497497e-02 2.736163e+00 9.100433e-02 -9.189410e-02 9.916016e-01 1.742092e+02
9.962552e-01 3.632758e-02 -7.845985e-02 -1.337587e+01 -2.873981e-02 9.949894e-01 9.576082e-02 2.797036e+00 8.154548e-02 -9.314729e-02 9.923074e-01 1.749492e+02
9.967619e-01 3.427484e-02 -7.273853e-02 -1.343835e+01 -2.711678e-02 9.948945e-01 9.720952e-02 2.858890e+00 7.569900e-02 -9.492232e-02 9.926023e-01 1.756593e+02
9.970973e-01 3.098828e-02 -6.954650e-02 -1.349585e+01 -2.418973e-02 9.950339e-01 9.655235e-02 2.966615e+00 7.219311e-02 -9.458978e-02 9.928952e-01 1.763964e+02
9.973285e-01 2.733293e-02 -6.773997e-02 -1.359758e+01 -2.073640e-02 9.951423e-01 9.623794e-02 3.024634e+00 7.004138e-02 -9.457616e-02 9.930506e-01 1.771487e+02
9.972395e-01 2.625708e-02 -6.945430e-02 -1.362916e+01 -1.950202e-02 9.951702e-01 9.620827e-02 3.115325e+00 7.164500e-02 -9.458819e-02 9.929351e-01 1.780533e+02
9.970907e-01 2.727782e-02 -7.117661e-02 -1.371477e+01 -2.026712e-02 9.950366e-01 9.742346e-02 3.182813e+00 7.348083e-02 -9.569747e-02 9.926946e-01 1.787880e+02
9.968850e-01 2.811673e-02 -7.368670e-02 -1.379385e+01 -2.076950e-02 9.949061e-01 9.864341e-02 3.219551e+00 7.608488e-02 -9.680570e-02 9.923909e-01 1.795366e+02
9.967323e-01 2.503933e-02 -7.679667e-02 -1.385942e+01 -1.743980e-02 9.950260e-01 9.807690e-02 3.284352e+00 7.887047e-02 -9.641710e-02 9.922113e-01 1.803077e+02
9.965263e-01 2.221382e-02 -8.026174e-02 -1.391554e+01 -1.449632e-02 9.953251e-01 9.548770e-02 3.345894e+00 8.200766e-02 -9.399250e-02 9.921896e-01 1.811022e+02
9.961914e-01 2.441434e-02 -8.370541e-02 -1.393038e+01 -1.656552e-02 9.955086e-01 9.321090e-02 3.425440e+00 8.560513e-02 -9.146927e-02 9.921215e-01 1.820875e+02
9.958758e-01 2.615111e-02 -8.687685e-02 -1.392564e+01 -1.805515e-02 9.955303e-01 9.270058e-02 3.530410e+00 8.891276e-02 -9.074969e-02 9.918967e-01 1.830845e+02
9.957618e-01 2.659191e-02 -8.804163e-02 -1.402713e+01 -1.809455e-02 9.952223e-01 9.594325e-02 3.596287e+00 9.017231e-02 -9.394355e-02 9.914855e-01 1.838660e+02
9.957061e-01 2.729751e-02 -8.845506e-02 -1.413032e+01 -1.825351e-02 9.946696e-01 1.014851e-01 3.662126e+00 9.075385e-02 -9.943475e-02 9.908968e-01 1.847262e+02
9.956835e-01 2.853961e-02 -8.831677e-02 -1.424985e+01 -1.928120e-02 9.943943e-01 1.039628e-01 3.723237e+00 9.078875e-02 -1.018112e-01 9.906523e-01 1.854879e+02
9.955453e-01 3.060177e-02 -8.918050e-02 -1.432985e+01 -2.127863e-02 9.943833e-01 1.036779e-01 3.788025e+00 9.185232e-02 -1.013184e-01 9.906047e-01 1.862810e+02
9.953368e-01 3.261056e-02 -9.078076e-02 -1.438062e+01 -2.333649e-02 9.945712e-01 1.014076e-01 3.854058e+00 9.359489e-02 -9.881622e-02 9.906944e-01 1.871493e+02
9.952496e-01 3.492333e-02 -9.087720e-02 -1.450895e+01 -2.577601e-02 9.946585e-01 9.995047e-02 3.933778e+00 9.388238e-02 -9.713321e-02 9.908336e-01 1.879502e+02
9.951359e-01 3.631620e-02 -9.157322e-02 -1.460261e+01 -2.710712e-02 9.946306e-01 9.987565e-02 4.023239e+00 9.470863e-02 -9.690756e-02 9.907771e-01 1.887835e+02
9.951242e-01 3.720935e-02 -9.134131e-02 -1.470479e+01 -2.775789e-02 9.943306e-01 1.026463e-01 4.098967e+00 9.464286e-02 -9.961034e-02 9.905153e-01 1.896476e+02
9.951409e-01 3.477853e-02 -9.211407e-02 -1.479504e+01 -2.518800e-02 9.943309e-01 1.033040e-01 4.173228e+00 9.518462e-02 -1.004819e-01 9.903753e-01 1.904440e+02
9.949749e-01 3.560725e-02 -9.357896e-02 -1.489179e+01 -2.581070e-02 9.942541e-01 1.038872e-01 4.270858e+00 9.674041e-02 -1.009498e-01 9.901770e-01 1.913212e+02
9.948506e-01 3.558065e-02 -9.490179e-02 -1.497677e+01 -2.555395e-02 9.941596e-01 1.048503e-01 4.322652e+00 9.807818e-02 -1.018853e-01 9.899495e-01 1.921253e+02
9.945718e-01 3.534140e-02 -9.786638e-02 -1.503100e+01 -2.480025e-02 9.939600e-01 1.069040e-01 4.403030e+00 1.010534e-01 -1.038966e-01 9.894411e-01 1.929710e+02
9.943593e-01 3.467252e-02 -1.002365e-01 -1.510024e+01 -2.371474e-02 9.938121e-01 1.085133e-01 4.481316e+00 1.033787e-01 -1.055241e-01 9.890286e-01 1.937913e+02
9.941737e-01 3.553026e-02 -1.017661e-01 -1.518191e+01 -2.419831e-02 9.935818e-01 1.104975e-01 4.565965e+00 1.050389e-01 -1.073912e-01 9.886526e-01 1.946312e+02
9.940771e-01 3.524476e-02 -1.028037e-01 -1.532010e+01 -2.370766e-02 9.934972e-01 1.113611e-01 4.627671e+00 1.060600e-01 -1.082643e-01 9.884483e-01 1.953825e+02
9.938986e-01 3.480910e-02 -1.046610e-01 -1.541299e+01 -2.305744e-02 9.935008e-01 1.114656e-01 4.708635e+00 1.078608e-01 -1.083723e-01 9.882416e-01 1.962173e+02
9.936790e-01 3.457503e-02 -1.068021e-01 -1.548500e+01 -2.259086e-02 9.935136e-01 1.114464e-01 4.791806e+00 1.099626e-01 -1.083292e-01 9.880147e-01 1.970264e+02
9.934770e-01 3.537492e-02 -1.084074e-01 -1.557817e+01 -2.318514e-02 9.934705e-01 1.117087e-01 4.867760e+00 1.116512e-01 -1.084666e-01 9.878102e-01 1.978319e+02
9.933435e-01 3.399641e-02 -1.100585e-01 -1.566432e+01 -2.193520e-02 9.937996e-01 1.090005e-01 4.951428e+00 1.130818e-01 -1.058608e-01 9.879302e-01 1.986220e+02
9.932157e-01 3.582819e-02 -1.106297e-01 -1.578668e+01 -2.405875e-02 9.940810e-01 1.059444e-01 5.025882e+00 1.137707e-01 -1.025640e-01 9.881988e-01 1.993938e+02
9.931643e-01 3.566221e-02 -1.111433e-01 -1.587309e+01 -2.404976e-02 9.942736e-01 1.041235e-01 5.084757e+00 1.142201e-01 -1.007388e-01 9.883347e-01 2.001302e+02
9.930832e-01 3.796737e-02 -1.111051e-01 -1.595629e+01 -2.607629e-02 9.939616e-01 1.065854e-01 5.162310e+00 1.144809e-01 -1.029510e-01 9.880765e-01 2.009310e+02
9.931277e-01 3.819096e-02 -1.106290e-01 -1.606308e+01 -2.595712e-02 9.935942e-01 1.099855e-01 5.233129e+00 1.141208e-01 -1.063580e-01 9.877573e-01 2.017343e+02
9.931123e-01 3.929197e-02 -1.103819e-01 -1.614943e+01 -2.696131e-02 9.934480e-01 1.110592e-01 5.318698e+00 1.140224e-01 -1.073182e-01 9.876648e-01 2.025662e+02
9.931657e-01 3.792800e-02 -1.103779e-01 -1.622096e+01 -2.551318e-02 9.934044e-01 1.117890e-01 5.374637e+00 1.138898e-01 -1.082089e-01 9.875829e-01 2.033209e+02
9.932272e-01 3.907789e-02 -1.094200e-01 -1.637462e+01 -2.699852e-02 9.935896e-01 1.097764e-01 5.445706e+00 1.130084e-01 -1.060787e-01 9.879152e-01 2.040942e+02
9.929755e-01 3.933688e-02 -1.115896e-01 -1.641939e+01 -2.740988e-02 9.939379e-01 1.064711e-01 5.540942e+00 1.151014e-01 -1.026646e-01 9.880342e-01 2.048321e+02
9.927119e-01 4.080561e-02 -1.133929e-01 -1.647836e+01 -2.869220e-02 9.939012e-01 1.064763e-01 5.593303e+00 1.170461e-01 -1.024468e-01 9.878284e-01 2.054770e+02
9.926209e-01 4.032306e-02 -1.143581e-01 -1.660092e+01 -2.790146e-02 9.937362e-01 1.082120e-01 5.645067e+00 1.180052e-01 -1.042228e-01 9.875284e-01 2.062097e+02
9.923505e-01 4.020115e-02 -1.167235e-01 -1.666765e+01 -2.722145e-02 9.934768e-01 1.107377e-01 5.696049e+00 1.204139e-01 -1.067132e-01 9.869715e-01 2.068683e+02
9.920366e-01 4.063200e-02 -1.192161e-01 -1.676303e+01 -2.701248e-02 9.931466e-01 1.137110e-01 5.728703e+00 1.230193e-01 -1.095851e-01 9.863353e-01 2.075197e+02
9.917664e-01 4.017033e-02 -1.215964e-01 -1.687972e+01 -2.659092e-02 9.934303e-01 1.113063e-01 5.843857e+00 1.252687e-01 -1.071565e-01 9.863190e-01 2.081370e+02
9.910746e-01 4.004033e-02 -1.271529e-01 -1.684901e+01 -2.589737e-02 9.934836e-01 1.109938e-01 5.846941e+00 1.307685e-01 -1.067102e-01 9.856533e-01 2.087003e+02
9.907928e-01 3.904200e-02 -1.296357e-01 -1.694413e+01 -2.465147e-02 9.935357e-01 1.108114e-01 5.907244e+00 1.331240e-01 -1.065955e-01 9.853504e-01 2.093016e+02
9.902010e-01 4.168179e-02 -1.332842e-01 -1.697418e+01 -2.687517e-02 9.934548e-01 1.110196e-01 5.917969e+00 1.370393e-01 -1.063497e-01 9.848401e-01 2.098202e+02
9.899152e-01 3.945066e-02 -1.360573e-01 -1.705633e+01 -2.431916e-02 9.935078e-01 1.111343e-01 5.976022e+00 1.395584e-01 -1.067047e-01 9.844478e-01 2.103646e+02
9.898763e-01 3.948258e-02 -1.363305e-01 -1.715392e+01 -2.436384e-02 9.935400e-01 1.108361e-01 6.042580e+00 1.398259e-01 -1.063925e-01 9.844437e-01 2.108797e+02
9.902306e-01 3.970155e-02 -1.336680e-01 -1.726595e+01 -2.484815e-02 9.935086e-01 1.110097e-01 6.078390e+00 1.372075e-01 -1.066038e-01 9.847892e-01 2.114014e+02
9.907171e-01 4.066240e-02 -1.297157e-01 -1.734087e+01 -2.618105e-02 9.934249e-01 1.114516e-01 6.080740e+00 1.333947e-01 -1.070209e-01 9.852677e-01 2.119149e+02
9.913304e-01 4.278559e-02 -1.242310e-01 -1.737832e+01 -2.890759e-02 9.933508e-01 1.114386e-01 6.129639e+00 1.281729e-01 -1.068812e-01 9.859757e-01 2.123864e+02
9.928805e-01 4.211018e-02 -1.114230e-01 -1.754893e+01 -2.961021e-02 9.933174e-01 1.115513e-01 6.141153e+00 1.153759e-01 -1.074579e-01 9.874924e-01 2.128221e+02
9.936321e-01 4.466393e-02 -1.034425e-01 -1.745230e+01 -3.330719e-02 9.934810e-01 1.090236e-01 6.240770e+00 1.076376e-01 -1.048840e-01 9.886423e-01 2.132865e+02
9.950949e-01 4.722065e-02 -8.692680e-02 -1.750917e+01 -3.769935e-02 9.934262e-01 1.080886e-01 6.273880e+00 9.145937e-02 -1.042814e-01 9.903336e-01 2.137336e+02
9.964196e-01 4.832084e-02 -6.937671e-02 -1.750525e+01 -4.066989e-02 9.933463e-01 1.077458e-01 6.339905e+00 7.412146e-02 -1.045385e-01 9.917549e-01 2.141688e+02
9.977294e-01 4.660393e-02 -4.862221e-02 -1.751862e+01 -4.124563e-02 9.935192e-01 1.059171e-01 6.387625e+00 5.324325e-02 -1.036711e-01 9.931855e-01 2.146227e+02
9.985359e-01 4.727385e-02 -2.629243e-02 -1.751073e+01 -4.438393e-02 9.938605e-01 1.013474e-01 6.423270e+00 3.092210e-02 -1.000321e-01 9.945036e-01 2.150655e+02
9.987677e-01 4.962423e-02 -7.139291e-04 -1.749452e+01 -4.933033e-02 9.942238e-01 9.531780e-02 6.463865e+00 5.439877e-03 -9.516512e-02 9.954466e-01 2.154811e+02
9.982329e-01 5.196131e-02 2.882775e-02 -1.745604e+01 -5.437000e-02 9.944334e-01 9.025547e-02 6.513291e+00 -2.397749e-02 -9.166334e-02 9.955013e-01 2.159153e+02
9.967735e-01 5.205434e-02 6.109857e-02 -1.736957e+01 -5.724356e-02 9.946055e-01 8.650505e-02 6.575033e+00 -5.626601e-02 -8.972343e-02 9.943761e-01 2.163771e+02
9.940473e-01 5.091645e-02 9.631953e-02 -1.732081e+01 -5.910380e-02 9.946986e-01 8.415173e-02 6.588270e+00 -9.152419e-02 -8.934365e-02 9.917868e-01 2.167755e+02
9.899873e-01 4.479865e-02 1.338590e-01 -1.723960e+01 -5.635168e-02 9.948877e-01 8.380326e-02 6.597190e+00 -1.294204e-01 -9.050734e-02 9.874506e-01 2.171786e+02
9.843776e-01 3.750826e-02 1.720288e-01 -1.712749e+01 -5.237894e-02 9.951942e-01 8.273410e-02 6.611432e+00 -1.680989e-01 -9.045228e-02 9.816115e-01 2.175878e+02
9.768779e-01 3.236648e-02 2.113339e-01 -1.702220e+01 -5.028498e-02 9.955280e-01 7.997080e-02 6.658126e+00 -2.078005e-01 -8.874863e-02 9.741369e-01 2.179678e+02
9.677516e-01 2.613337e-02 2.505473e-01 -1.685780e+01 -4.754069e-02 9.956787e-01 7.977393e-02 6.703648e+00 -2.473798e-01 -8.911253e-02 9.648120e-01 2.183619e+02
9.562214e-01 2.199337e-02 2.918167e-01 -1.673810e+01 -4.728607e-02 9.956803e-01 7.990489e-02 6.711306e+00 -2.887988e-01 -9.020563e-02 9.531307e-01 2.187415e+02
9.423463e-01 2.348409e-02 3.338142e-01 -1.655957e+01 -5.172734e-02 9.957673e-01 7.597153e-02 6.740206e+00 -3.306172e-01 -8.885881e-02 9.395725e-01 2.191234e+02
9.258668e-01 2.649972e-02 3.769197e-01 -1.646579e+01 -5.763130e-02 9.957702e-01 7.155706e-02 6.712378e+00 -3.734292e-01 -8.797468e-02 9.234777e-01 2.194468e+02
9.071004e-01 3.284956e-02 4.196304e-01 -1.626720e+01 -6.513441e-02 9.958960e-01 6.283794e-02 6.741823e+00 -4.158441e-01 -8.433270e-02 9.055174e-01 2.198202e+02
8.857696e-01 3.499092e-02 4.628044e-01 -1.610348e+01 -6.705179e-02 9.963407e-01 5.300199e-02 6.754366e+00 -4.592563e-01 -7.797942e-02 8.848745e-01 2.201441e+02
8.630231e-01 3.390164e-02 5.040256e-01 -1.587426e+01 -6.575044e-02 9.967966e-01 4.553560e-02 6.777348e+00 -5.008673e-01 -7.243817e-02 8.624875e-01 2.204583e+02
8.379283e-01 3.076152e-02 5.449128e-01 -1.562013e+01 -6.192894e-02 9.973211e-01 3.892899e-02 6.795650e+00 -5.422555e-01 -6.636557e-02 8.375886e-01 2.207891e+02
8.112152e-01 3.341779e-02 5.837920e-01 -1.536071e+01 -6.265999e-02 9.975850e-01 2.996555e-02 6.809706e+00 -5.813808e-01 -6.088891e-02 8.113501e-01 2.210623e+02
7.794829e-01 4.339298e-02 6.249187e-01 -1.510423e+01 -7.471838e-02 9.969164e-01 2.397515e-02 6.818017e+00 -6.219514e-01 -6.538114e-02 7.803216e-01 2.213607e+02
7.446848e-01 5.672706e-02 6.650012e-01 -1.483783e+01 -9.526122e-02 9.952140e-01 2.178043e-02 6.811396e+00 -6.605830e-01 -7.956839e-02 7.465246e-01 2.216901e+02
7.131497e-01 6.070992e-02 6.983779e-01 -1.453124e+01 -1.010451e-01 9.947415e-01 1.670958e-02 6.820607e+00 -6.936911e-01 -8.248409e-02 7.155341e-01 2.219180e+02
6.769610e-01 5.808414e-02 7.337234e-01 -1.419566e+01 -9.775814e-02 9.951447e-01 1.141619e-02 6.820952e+00 -7.294979e-01 -7.945575e-02 6.793523e-01 2.222011e+02
6.386781e-01 5.668838e-02 7.673831e-01 -1.373883e+01 -9.318985e-02 9.956403e-01 4.009834e-03 6.816901e+00 -7.638102e-01 -7.407331e-02 6.411764e-01 2.225373e+02
5.984608e-01 5.773019e-02 7.990694e-01 -1.352140e+01 -8.563349e-02 9.962958e-01 -7.844201e-03 6.824297e+00 -7.965623e-01 -6.373265e-02 6.011877e-01 2.226184e+02
5.542970e-01 6.447834e-02 8.298177e-01 -1.299311e+01 -9.555433e-02 9.953325e-01 -1.351130e-02 6.785275e+00 -8.268157e-01 -7.180340e-02 5.578710e-01 2.229343e+02
5.094755e-01 7.242583e-02 8.574317e-01 -1.268967e+01 -1.071330e-01 9.940373e-01 -2.030756e-02 6.776251e+00 -8.537899e-01 -8.151300e-02 5.141969e-01 2.230706e+02
4.647438e-01 7.263458e-02 8.824610e-01 -1.233635e+01 -1.099977e-01 9.936455e-01 -2.385634e-02 6.758389e+00 -8.785862e-01 -8.598158e-02 4.697802e-01 2.231957e+02
4.212570e-01 7.079133e-02 9.041743e-01 -1.212463e+01 -1.131569e-01 9.932614e-01 -2.504624e-02 6.787940e+00 -8.998545e-01 -9.176266e-02 4.264288e-01 2.232552e+02
3.799782e-01 6.841396e-02 9.224620e-01 -1.179824e+01 -1.103349e-01 9.934934e-01 -2.823308e-02 6.747504e+00 -9.183914e-01 -9.105183e-02 3.850543e-01 2.232733e+02
3.406333e-01 7.010778e-02 9.375787e-01 -1.130400e+01 -1.056291e-01 9.937562e-01 -3.593217e-02 6.721607e+00 -9.342438e-01 -8.679594e-02 3.459119e-01 2.234561e+02
3.046566e-01 7.134021e-02 9.497868e-01 -1.074771e+01 -9.868066e-02 9.941887e-01 -4.302221e-02 6.700835e+00 -9.473365e-01 -8.061859e-02 3.099260e-01 2.236338e+02
2.726692e-01 7.419983e-02 9.592423e-01 -1.028011e+01 -9.869288e-02 9.939193e-01 -4.882826e-02 6.676870e+00 -9.570325e-01 -8.135643e-02 2.783342e-01 2.237076e+02
2.445704e-01 7.385020e-02 9.668151e-01 -9.730220e+00 -9.622193e-02 9.940222e-01 -5.158763e-02 6.675464e+00 -9.648454e-01 -8.041201e-02 2.502144e-01 2.238330e+02
2.185100e-01 6.863116e-02 9.734183e-01 -9.275805e+00 -9.496501e-02 9.942845e-01 -4.878488e-02 6.628866e+00 -9.712029e-01 -8.178069e-02 2.237787e-01 2.238779e+02
1.927463e-01 6.632908e-02 9.790043e-01 -8.714697e+00 -9.734475e-02 9.940836e-01 -4.818551e-02 6.604474e+00 -9.764081e-01 -8.601335e-02 1.980627e-01 2.239818e+02
1.668220e-01 6.616045e-02 9.837648e-01 -8.175504e+00 -9.853595e-02 9.938700e-01 -5.013080e-02 6.572642e+00 -9.810510e-01 -8.857328e-02 1.723185e-01 2.240491e+02
1.439553e-01 6.814981e-02 9.872348e-01 -7.640146e+00 -1.004990e-01 9.934747e-01 -5.392613e-02 6.544227e+00 -9.844678e-01 -9.145315e-02 1.498650e-01 2.241169e+02
1.234796e-01 7.061189e-02 9.898317e-01 -7.030951e+00 -9.631335e-02 9.936088e-01 -5.886644e-02 6.508157e+00 -9.876622e-01 -8.806520e-02 1.294912e-01 2.241661e+02
1.040134e-01 7.139274e-02 9.920102e-01 -6.383576e+00 -9.102709e-02 9.939174e-01 -6.198570e-02 6.480601e+00 -9.904016e-01 -8.385246e-02 1.098794e-01 2.242380e+02
8.621541e-02 6.812788e-02 9.939444e-01 -5.656315e+00 -8.772190e-02 9.943035e-01 -6.054343e-02 6.411350e+00 -9.924071e-01 -8.197091e-02 9.170059e-02 2.243070e+02
7.018065e-02 6.481657e-02 9.954263e-01 -4.986356e+00 -8.972321e-02 9.942522e-01 -5.841435e-02 6.399491e+00 -9.934910e-01 -8.521329e-02 7.559281e-02 2.243526e+02
5.585122e-02 6.174416e-02 9.965281e-01 -4.102752e+00 -8.930906e-02 9.943941e-01 -5.660654e-02 6.346455e+00 -9.944368e-01 -8.583744e-02 6.105244e-02 2.244319e+02
4.579594e-02 6.170860e-02 9.970430e-01 -3.546756e+00 -8.958334e-02 9.943225e-01 -5.742550e-02 6.324182e+00 -9.949259e-01 -8.668858e-02 5.106400e-02 2.244084e+02
3.969486e-02 6.255852e-02 9.972516e-01 -2.860475e+00 -8.111666e-02 9.949458e-01 -5.918509e-02 6.213894e+00 -9.959139e-01 -7.854437e-02 4.456878e-02 2.244283e+02
3.523530e-02 6.405439e-02 9.973242e-01 -2.067446e+00 -7.622734e-02 9.952089e-01 -6.122544e-02 6.144787e+00 -9.964677e-01 -7.386607e-02 3.994918e-02 2.244683e+02
3.164711e-02 6.313106e-02 9.975033e-01 -1.195727e+00 -7.643408e-02 9.952337e-01 -6.056244e-02 6.150720e+00 -9.965723e-01 -7.432662e-02 3.632163e-02 2.245124e+02
2.897303e-02 6.050417e-02 9.977474e-01 -4.371968e-01 -8.008190e-02 9.950984e-01 -5.801808e-02 6.104634e+00 -9.963671e-01 -7.822054e-02 3.367630e-02 2.245258e+02
2.698764e-02 5.955197e-02 9.978603e-01 2.509903e-01 -8.023528e-02 9.951323e-01 -5.721916e-02 6.040282e+00 -9.964105e-01 -7.851939e-02 3.163444e-02 2.245943e+02
2.646085e-02 6.009311e-02 9.978420e-01 1.158806e+00 -7.977961e-02 9.951345e-01 -5.781445e-02 5.979770e+00 -9.964613e-01 -7.807763e-02 3.112631e-02 2.245938e+02
2.512594e-02 5.969569e-02 9.979004e-01 1.858357e+00 -7.563771e-02 9.954677e-01 -5.764570e-02 5.966940e+00 -9.968188e-01 -7.403050e-02 2.952730e-02 2.246167e+02
2.516907e-02 5.541389e-02 9.981462e-01 2.702959e+00 -7.384255e-02 9.958379e-01 -5.342374e-02 5.868320e+00 -9.969523e-01 -7.236104e-02 2.915622e-02 2.246251e+02
2.665298e-02 5.287182e-02 9.982456e-01 3.358714e+00 -7.396358e-02 9.959674e-01 -5.077634e-02 5.862698e+00 -9.969047e-01 -7.248048e-02 3.045609e-02 2.246760e+02
2.969622e-02 5.207029e-02 9.982018e-01 4.354538e+00 -7.357001e-02 9.960474e-01 -4.976922e-02 5.789691e+00 -9.968478e-01 -7.195976e-02 3.340966e-02 2.246924e+02
3.344419e-02 5.363178e-02 9.980006e-01 5.040530e+00 -7.194075e-02 9.960981e-01 -5.111872e-02 5.739855e+00 -9.968480e-01 -7.008729e-02 3.717201e-02 2.247300e+02
3.648093e-02 5.501898e-02 9.978186e-01 5.933132e+00 -7.315216e-02 9.959516e-01 -5.224154e-02 5.678206e+00 -9.966534e-01 -7.108677e-02 4.035800e-02 2.247428e+02
3.966633e-02 5.361911e-02 9.977733e-01 6.682437e+00 -7.288134e-02 9.960547e-01 -5.062936e-02 5.635223e+00 -9.965515e-01 -7.071078e-02 4.341767e-02 2.247962e+02
4.301877e-02 5.248915e-02 9.976945e-01 7.459810e+00 -7.292134e-02 9.961203e-01 -4.926209e-02 5.573039e+00 -9.964095e-01 -7.063403e-02 4.667945e-02 2.248492e+02
4.592852e-02 5.276123e-02 9.975504e-01 8.433705e+00 -7.444952e-02 9.960078e-01 -4.925188e-02 5.535195e+00 -9.961666e-01 -7.200508e-02 4.967321e-02 2.249092e+02
4.939181e-02 5.607522e-02 9.972041e-01 9.164798e+00 -7.408939e-02 9.958776e-01 -5.233096e-02 5.437207e+00 -9.960277e-01 -7.129752e-02 5.334278e-02 2.249215e+02
5.191600e-02 5.854508e-02 9.969339e-01 1.002048e+01 -7.538030e-02 9.956619e-01 -5.454491e-02 5.344780e+00 -9.958025e-01 -7.231742e-02 5.610393e-02 2.249909e+02
5.400396e-02 5.722381e-02 9.968997e-01 1.081406e+01 -7.858260e-02 9.955038e-01 -5.288671e-02 5.276349e+00 -9.954438e-01 -7.548288e-02 5.825795e-02 2.250059e+02
5.618212e-02 5.422913e-02 9.969467e-01 1.171177e+01 -8.227398e-02 9.953793e-01 -4.950739e-02 5.178730e+00 -9.950249e-01 -7.924134e-02 6.038417e-02 2.250269e+02
5.790401e-02 5.287091e-02 9.969212e-01 1.230388e+01 -8.645273e-02 9.951108e-01 -4.775348e-02 5.209387e+00 -9.945718e-01 -8.342144e-02 6.219174e-02 2.250780e+02
5.933123e-02 5.419993e-02 9.967659e-01 1.296814e+01 -9.080902e-02 9.946778e-01 -4.868110e-02 5.129416e+00 -9.940994e-01 -8.762702e-02 6.393730e-02 2.250918e+02
6.013019e-02 5.590005e-02 9.966241e-01 1.377306e+01 -9.366067e-02 9.943418e-01 -5.012112e-02 5.061917e+00 -9.937867e-01 -9.033069e-02 6.502559e-02 2.251642e+02
6.120729e-02 5.660218e-02 9.965189e-01 1.445985e+01 -9.313576e-02 9.943587e-01 -5.075898e-02 5.031168e+00 -9.937703e-01 -8.970473e-02 6.613369e-02 2.251870e+02
6.173046e-02 5.605587e-02 9.965175e-01 1.535750e+01 -9.407963e-02 9.943031e-01 -5.010344e-02 4.972742e+00 -9.936490e-01 -9.065909e-02 6.665250e-02 2.252561e+02
6.130756e-02 5.510869e-02 9.965964e-01 1.620766e+01 -9.645547e-02 9.941285e-01 -4.903858e-02 4.919111e+00 -9.934474e-01 -9.312074e-02 6.626313e-02 2.253257e+02
6.100367e-02 5.330658e-02 9.967131e-01 1.697485e+01 -9.407802e-02 9.944345e-01 -4.742668e-02 4.846266e+00 -9.936941e-01 -9.087559e-02 6.567914e-02 2.253758e+02
6.154035e-02 5.313436e-02 9.966893e-01 1.768837e+01 -9.244129e-02 9.945933e-01 -4.731485e-02 4.814429e+00 -9.938146e-01 -8.922347e-02 6.611944e-02 2.253677e+02
6.105508e-02 5.322558e-02 9.967143e-01 1.843073e+01 -9.419610e-02 9.944278e-01 -4.733337e-02 4.770279e+00 -9.936797e-01 -9.099666e-02 6.572851e-02 2.254038e+02
6.024108e-02 5.268225e-02 9.967927e-01 1.947071e+01 -9.544851e-02 9.943344e-01 -4.678390e-02 4.690313e+00 -9.936099e-01 -9.232406e-02 6.492821e-02 2.255071e+02
5.885865e-02 5.238046e-02 9.968911e-01 2.014799e+01 -9.535087e-02 9.943516e-01 -4.661730e-02 4.618868e+00 -9.937021e-01 -9.231060e-02 6.352071e-02 2.255777e+02
5.705140e-02 5.224084e-02 9.970035e-01 2.095627e+01 -9.948008e-02 9.939576e-01 -4.638871e-02 4.582945e+00 -9.934027e-01 -9.653545e-02 6.190359e-02 2.256192e+02
5.473419e-02 5.213744e-02 9.971388e-01 2.171227e+01 -9.799279e-02 9.940955e-01 -4.659937e-02 4.536525e+00 -9.936808e-01 -9.516184e-02 5.952011e-02 2.256710e+02
5.261549e-02 5.238040e-02 9.972401e-01 2.274840e+01 -9.569707e-02 9.942919e-01 -4.717647e-02 4.473774e+00 -9.940190e-01 -9.295075e-02 5.732780e-02 2.257516e+02
5.084650e-02 5.007520e-02 9.974503e-01 2.345618e+01 -9.738833e-02 9.942309e-01 -4.494906e-02 4.423096e+00 -9.939468e-01 -9.485452e-02 5.542990e-02 2.257745e+02
4.775980e-02 4.672860e-02 9.977652e-01 2.457078e+01 -1.035100e-01 9.937587e-01 -4.158627e-02 4.341887e+00 -9.934811e-01 -1.012925e-01 5.229859e-02 2.258785e+02
4.657496e-02 4.212276e-02 9.980263e-01 2.529536e+01 -1.005639e-01 9.942323e-01 -3.726961e-02 4.295125e+00 -9.938399e-01 -9.862958e-02 5.054235e-02 2.258946e+02
4.529521e-02 4.170416e-02 9.981028e-01 2.616272e+01 -9.997008e-02 9.943019e-01 -3.700857e-02 4.250393e+00 -9.939589e-01 -9.810410e-02 4.920629e-02 2.259658e+02
4.486666e-02 4.420666e-02 9.980144e-01 2.687478e+01 -1.009567e-01 9.941066e-01 -3.949497e-02 4.158801e+00 -9.938786e-01 -9.898419e-02 4.906520e-02 2.259766e+02
4.522175e-02 4.829093e-02 9.978091e-01 2.770065e+01 -9.874953e-02 9.941550e-01 -4.363865e-02 4.110941e+00 -9.940843e-01 -9.655976e-02 4.972614e-02 2.260195e+02
4.519206e-02 5.125475e-02 9.976626e-01 2.849162e+01 -9.753722e-02 9.941377e-01 -4.665542e-02 4.057806e+00 -9.942053e-01 -9.520078e-02 4.992637e-02 2.260537e+02
4.574888e-02 5.227744e-02 9.975841e-01 2.921534e+01 -9.415664e-02 9.944095e-01 -4.779309e-02 4.031495e+00 -9.945057e-01 -9.174269e-02 5.041539e-02 2.260736e+02
4.494350e-02 5.182319e-02 9.976444e-01 3.001359e+01 -9.577386e-02 9.942771e-01 -4.733369e-02 3.962075e+00 -9.943880e-01 -9.342092e-02 4.964959e-02 2.261206e+02
4.415957e-02 5.222071e-02 9.976587e-01 3.074413e+01 -9.762675e-02 9.940788e-01 -4.771205e-02 3.931986e+00 -9.942429e-01 -9.529124e-02 4.899623e-02 2.261318e+02
4.276991e-02 5.099620e-02 9.977826e-01 3.161756e+01 -9.730251e-02 9.941614e-01 -4.664026e-02 3.865949e+00 -9.943354e-01 -9.509195e-02 4.748225e-02 2.261977e+02
4.128222e-02 4.849816e-02 9.979698e-01 3.234038e+01 -9.972405e-02 9.940337e-01 -4.418167e-02 3.794285e+00 -9.941584e-01 -9.769767e-02 4.587235e-02 2.262263e+02
3.939182e-02 4.575242e-02 9.981758e-01 3.317829e+01 -1.030019e-01 9.938156e-01 -4.148771e-02 3.731449e+00 -9.939008e-01 -1.011798e-01 4.386079e-02 2.262407e+02
3.841535e-02 4.544625e-02 9.982279e-01 3.408028e+01 -1.051417e-01 9.936039e-01 -4.118951e-02 3.654250e+00 -9.937150e-01 -1.033730e-01 4.294794e-02 2.262409e+02
3.664851e-02 4.695528e-02 9.982245e-01 3.468464e+01 -1.054934e-01 9.934959e-01 -4.285981e-02 3.627044e+00 -9.937445e-01 -1.037353e-01 4.136361e-02 2.263311e+02
3.660919e-02 4.849190e-02 9.981524e-01 3.545325e+01 -1.048182e-01 9.934988e-01 -4.442140e-02 3.568548e+00 -9.938173e-01 -1.029983e-01 4.145402e-02 2.263525e+02
3.650290e-02 4.888116e-02 9.981374e-01 3.631693e+01 -1.022634e-01 9.937423e-01 -4.492604e-02 3.509300e+00 -9.940874e-01 -1.004330e-01 4.127323e-02 2.264392e+02
3.749837e-02 4.738275e-02 9.981727e-01 3.715036e+01 -1.033978e-01 9.936977e-01 -4.328598e-02 3.500177e+00 -9.939330e-01 -1.015857e-01 4.216132e-02 2.264493e+02
3.861225e-02 4.540571e-02 9.982221e-01 3.782782e+01 -1.048477e-01 9.936369e-01 -4.114153e-02 3.427305e+00 -9.937384e-01 -1.030727e-01 4.312724e-02 2.264835e+02
4.139003e-02 4.235233e-02 9.982450e-01 3.936335e+01 -1.011013e-01 9.941507e-01 -3.798667e-02 3.238626e+00 -9.940148e-01 -9.935157e-02 4.542980e-02 2.264188e+02
3.921105e-02 4.242194e-02 9.983300e-01 4.020183e+01 -1.075278e-01 9.934759e-01 -3.799234e-02 3.313688e+00 -9.934285e-01 -1.058585e-01 4.351677e-02 2.266687e+02
3.961827e-02 4.317486e-02 9.982817e-01 4.099816e+01 -1.062803e-01 9.935807e-01 -3.875366e-02 3.245009e+00 -9.935466e-01 -1.045623e-01 4.395258e-02 2.266777e+02
3.953129e-02 4.454745e-02 9.982248e-01 4.151753e+01 -1.077683e-01 9.933685e-01 -4.006293e-02 3.178469e+00 -9.933898e-01 -1.059933e-01 4.406994e-02 2.267079e+02
3.959498e-02 4.846515e-02 9.980398e-01 4.247943e+01 -1.112742e-01 9.928242e-01 -4.379732e-02 3.065021e+00 -9.930007e-01 -1.093219e-01 4.470377e-02 2.267179e+02
3.843397e-02 4.722711e-02 9.981445e-01 4.343984e+01 -1.112031e-01 9.928801e-01 -4.269610e-02 3.032570e+00 -9.930542e-01 -1.093558e-01 4.341212e-02 2.267591e+02
3.930469e-02 4.379033e-02 9.982673e-01 4.412098e+01 -1.067910e-01 9.935015e-01 -3.937659e-02 2.983774e+00 -9.935043e-01 -1.050583e-01 4.372568e-02 2.268218e+02
3.917300e-02 4.449885e-02 9.982411e-01 4.478549e+01 -1.070592e-01 9.934443e-01 -4.008381e-02 2.891735e+00 -9.934807e-01 -1.053007e-01 4.368021e-02 2.268371e+02
3.863778e-02 5.161420e-02 9.979194e-01 4.538447e+01 -1.106694e-01 9.927424e-01 -4.706150e-02 2.834812e+00 -9.931059e-01 -1.086208e-01 4.406948e-02 2.268441e+02
3.989453e-02 6.378809e-02 9.971657e-01 4.644899e+01 -1.069240e-01 9.925025e-01 -5.921198e-02 2.765292e+00 -9.934665e-01 -1.042587e-01 4.641589e-02 2.269206e+02
4.068246e-02 6.967591e-02 9.967398e-01 4.711920e+01 -1.015361e-01 9.926898e-01 -6.524855e-02 2.660736e+00 -9.939997e-01 -9.855056e-02 4.745968e-02 2.269527e+02
4.161000e-02 6.392903e-02 9.970866e-01 4.790437e+01 -1.032838e-01 9.928797e-01 -5.934910e-02 2.573742e+00 -9.937812e-01 -1.005134e-01 4.791656e-02 2.269664e+02
4.268787e-02 5.751258e-02 9.974317e-01 4.868035e+01 -1.075787e-01 9.928019e-01 -5.264149e-02 2.585030e+00 -9.932797e-01 -1.050553e-01 4.856773e-02 2.270271e+02
4.512476e-02 5.312351e-02 9.975679e-01 4.938779e+01 -1.057921e-01 9.932239e-01 -4.810670e-02 2.432598e+00 -9.933639e-01 -1.033639e-01 5.043904e-02 2.270550e+02
4.685315e-02 5.120658e-02 9.975884e-01 5.016807e+01 -1.066854e-01 9.932295e-01 -4.597220e-02 2.390879e+00 -9.931883e-01 -1.042742e-01 5.199893e-02 2.271153e+02
4.879281e-02 5.066484e-02 9.975231e-01 5.082579e+01 -1.062368e-01 9.933105e-01 -4.525441e-02 2.328835e+00 -9.931430e-01 -1.037656e-01 5.384889e-02 2.271246e+02
4.920863e-02 4.963828e-02 9.975543e-01 5.148643e+01 -1.116532e-01 9.927774e-01 -4.389281e-02 2.292269e+00 -9.925281e-01 -1.092202e-01 5.439549e-02 2.271634e+02
4.899404e-02 4.978548e-02 9.975575e-01 5.206649e+01 -1.146679e-01 9.924335e-01 -4.389795e-02 2.235052e+00 -9.921950e-01 -1.122371e-01 5.433212e-02 2.271826e+02
4.806337e-02 5.166637e-02 9.975071e-01 5.279776e+01 -1.155984e-01 9.922385e-01 -4.582354e-02 2.195860e+00 -9.921325e-01 -1.131078e-01 5.366288e-02 2.272503e+02
4.683543e-02 5.179863e-02 9.975587e-01 5.380103e+01 -1.185104e-01 9.918895e-01 -4.594019e-02 2.090407e+00 -9.918476e-01 -1.160695e-01 5.259425e-02 2.273455e+02
4.543438e-02 5.142340e-02 9.976429e-01 5.445869e+01 -1.193005e-01 9.918064e-01 -4.568940e-02 2.044693e+00 -9.918181e-01 -1.169435e-01 5.119694e-02 2.273620e+02
4.417438e-02 5.128265e-02 9.977067e-01 5.506234e+01 -1.194133e-01 9.917927e-01 -4.569154e-02 2.030213e+00 -9.918614e-01 -1.171210e-01 4.993566e-02 2.273814e+02
4.247378e-02 4.892980e-02 9.978987e-01 5.595702e+01 -1.183708e-01 9.920117e-01 -4.360289e-02 1.949603e+00 -9.920606e-01 -1.162701e-01 4.792634e-02 2.274782e+02
4.073676e-02 4.827626e-02 9.980030e-01 5.672576e+01 -1.171575e-01 9.921728e-01 -4.321207e-02 1.897436e+00 -9.922775e-01 -1.151632e-01 4.607383e-02 2.275472e+02
4.070100e-02 4.770116e-02 9.980321e-01 5.734086e+01 -1.167576e-01 9.922437e-01 -4.266298e-02 1.842809e+00 -9.923261e-01 -1.147914e-01 4.595479e-02 2.275440e+02
4.120011e-02 4.638795e-02 9.980735e-01 5.802573e+01 -1.194198e-01 9.919897e-01 -4.117558e-02 1.786538e+00 -9.919886e-01 -1.174933e-01 4.640972e-02 2.275585e+02
4.187053e-02 4.780608e-02 9.979787e-01 5.886717e+01 -1.196566e-01 9.919055e-01 -4.249492e-02 1.737856e+00 -9.919320e-01 -1.176355e-01 4.725192e-02 2.276689e+02
4.354572e-02 4.948694e-02 9.978250e-01 5.949245e+01 -1.213210e-01 9.916427e-01 -4.388580e-02 1.696906e+00 -9.916577e-01 -1.191461e-01 4.918560e-02 2.276803e+02
4.359383e-02 5.280371e-02 9.976529e-01 6.019320e+01 -1.223058e-01 9.913730e-01 -4.712700e-02 1.621381e+00 -9.915346e-01 -1.199643e-01 4.967594e-02 2.276988e+02
4.384605e-02 5.465346e-02 9.975422e-01 6.091327e+01 -1.223727e-01 9.912773e-01 -4.893143e-02 1.584915e+00 -9.915152e-01 -1.199265e-01 5.015168e-02 2.277559e+02
4.441461e-02 5.503090e-02 9.974963e-01 6.174485e+01 -1.221247e-01 9.912920e-01 -4.925088e-02 1.526549e+00 -9.915205e-01 -1.196315e-01 5.074848e-02 2.277509e+02
4.510222e-02 5.354667e-02 9.975463e-01 6.249835e+01 -1.213434e-01 9.914622e-01 -4.773377e-02 1.372432e+00 -9.915854e-01 -1.188928e-01 5.121469e-02 2.277662e+02
4.563361e-02 5.112825e-02 9.976490e-01 6.315001e+01 -1.241352e-01 9.912389e-01 -4.512166e-02 1.311253e+00 -9.912154e-01 -1.217843e-01 5.158062e-02 2.277917e+02
4.587498e-02 5.067177e-02 9.976612e-01 6.389284e+01 -1.229578e-01 9.914047e-01 -4.470009e-02 1.299467e+00 -9.913510e-01 -1.206196e-01 5.171116e-02 2.278594e+02
4.540972e-02 4.950101e-02 9.977413e-01 6.458039e+01 -1.208366e-01 9.917100e-01 -4.370221e-02 1.255385e+00 -9.916332e-01 -1.185791e-01 5.101481e-02 2.278458e+02
4.318696e-02 4.939194e-02 9.978453e-01 6.528303e+01 -1.186839e-01 9.919583e-01 -4.396388e-02 1.198854e+00 -9.919925e-01 -1.165295e-01 4.870169e-02 2.279015e+02
3.986314e-02 4.949889e-02 9.979784e-01 6.599465e+01 -1.208865e-01 9.916748e-01 -4.435756e-02 1.181592e+00 -9.918656e-01 -1.188739e-01 4.551502e-02 2.279242e+02
3.692653e-02 4.797653e-02 9.981657e-01 6.659736e+01 -1.229943e-01 9.914708e-01 -4.310464e-02 1.094014e+00 -9.917201e-01 -1.211770e-01 4.251242e-02 2.279607e+02
3.512710e-02 4.654071e-02 9.982986e-01 6.722090e+01 -1.219451e-01 9.916504e-01 -4.193989e-02 1.039183e+00 -9.919151e-01 -1.202644e-01 4.050921e-02 2.279893e+02
3.173779e-02 4.881512e-02 9.983035e-01 6.794405e+01 -1.186384e-01 9.919294e-01 -4.473172e-02 9.873185e-01 -9.924302e-01 -1.170174e-01 3.727299e-02 2.280233e+02
2.680655e-02 5.215210e-02 9.982793e-01 6.854644e+01 -1.175831e-01 9.918702e-01 -4.865984e-02 9.502600e-01 -9.927012e-01 -1.160764e-01 3.272082e-02 2.280309e+02
2.010965e-02 5.534122e-02 9.982650e-01 6.928545e+01 -1.185176e-01 9.915587e-01 -5.258195e-02 8.934872e-01 -9.927483e-01 -1.172546e-01 2.649881e-02 2.280358e+02
1.434148e-02 5.681214e-02 9.982819e-01 6.988795e+01 -1.190625e-01 9.913784e-01 -5.470879e-02 8.459868e-01 -9.927832e-01 -1.180734e-01 2.098202e-02 2.280488e+02
9.049160e-03 5.663498e-02 9.983539e-01 7.060907e+01 -1.198140e-01 9.912636e-01 -5.514675e-02 8.026249e-01 -9.927551e-01 -1.191177e-01 1.575577e-02 2.280603e+02
4.234182e-03 5.490029e-02 9.984829e-01 7.132173e+01 -1.175515e-01 9.915963e-01 -5.402315e-02 7.365667e-01 -9.930578e-01 -1.171444e-01 1.065221e-02 2.280338e+02
-2.106792e-03 5.584911e-02 9.984370e-01 7.202208e+01 -1.138314e-01 9.919360e-01 -5.572567e-02 6.922577e-01 -9.934979e-01 -1.137709e-01 4.267578e-03 2.280622e+02
-7.784805e-03 5.654530e-02 9.983697e-01 7.289556e+01 -1.128592e-01 9.919711e-01 -5.706292e-02 6.169616e-01 -9.935805e-01 -1.131194e-01 -1.340645e-03 2.280250e+02
-1.304980e-02 5.564958e-02 9.983651e-01 7.343290e+01 -1.124199e-01 9.920380e-01 -5.676636e-02 5.741514e-01 -9.935751e-01 -1.129769e-01 -6.689773e-03 2.280172e+02
-1.962114e-02 5.230438e-02 9.984384e-01 7.389694e+01 -1.151347e-01 9.918689e-01 -5.422284e-02 5.462082e-01 -9.931561e-01 -1.160188e-01 -1.343955e-02 2.280540e+02
-2.458250e-02 5.000708e-02 9.984463e-01 7.499111e+01 -1.133668e-01 9.921660e-01 -5.248371e-02 4.391449e-01 -9.932490e-01 -1.144809e-01 -1.872078e-02 2.280115e+02
-2.996503e-02 4.991817e-02 9.983037e-01 7.579078e+01 -1.097640e-01 9.925476e-01 -5.292502e-02 3.901353e-01 -9.935059e-01 -1.111637e-01 -2.426251e-02 2.279794e+02
-3.553014e-02 5.341842e-02 9.979399e-01 7.671468e+01 -1.093372e-01 9.923683e-01 -5.701296e-02 2.960691e-01 -9.933695e-01 -1.111376e-01 -2.941836e-02 2.279214e+02
-4.049698e-02 5.663985e-02 9.975730e-01 7.737669e+01 -1.062092e-01 9.924916e-01 -6.066296e-02 2.631362e-01 -9.935188e-01 -1.084081e-01 -3.417724e-02 2.278963e+02
-4.455570e-02 5.769053e-02 9.973398e-01 7.811793e+01 -1.035751e-01 9.926843e-01 -6.204841e-02 1.951956e-01 -9.936232e-01 -1.060642e-01 -3.825444e-02 2.278639e+02
-4.881193e-02 5.646352e-02 9.972107e-01 7.899832e+01 -1.022695e-01 9.928709e-01 -6.122373e-02 1.201919e-01 -9.935584e-01 -1.049727e-01 -4.268944e-02 2.277886e+02
-5.279640e-02 5.281357e-02 9.972077e-01 7.986087e+01 -9.985336e-02 9.933165e-01 -5.789414e-02 2.154665e-02 -9.936004e-01 -1.026311e-01 -4.716992e-02 2.277789e+02
-5.519653e-02 5.030965e-02 9.972072e-01 8.054501e+01 -9.546012e-02 9.938890e-01 -5.542607e-02 -4.198626e-02 -9.939018e-01 -9.825285e-02 -5.005666e-02 2.277168e+02
-5.705012e-02 4.713607e-02 9.972580e-01 8.133074e+01 -9.291633e-02 9.942988e-01 -5.231166e-02 -1.006787e-01 -9.940381e-01 -9.564594e-02 -5.234516e-02 2.276530e+02
-5.803911e-02 4.534576e-02 9.972839e-01 8.238712e+01 -9.109170e-02 9.945601e-01 -5.052319e-02 -1.773139e-01 -9.941498e-01 -9.377661e-02 -5.359276e-02 2.276041e+02
-5.882124e-02 4.512085e-02 9.972483e-01 8.349467e+01 -9.137609e-02 9.945408e-01 -5.038803e-02 -2.704605e-01 -9.940777e-01 -9.408853e-02 -5.437716e-02 2.275888e+02
-5.798422e-02 4.783852e-02 9.971707e-01 8.414881e+01 -8.779311e-02 9.947370e-01 -5.282682e-02 -2.973209e-01 -9.944497e-01 -9.060783e-02 -5.347916e-02 2.275117e+02
-5.746632e-02 4.911739e-02 9.971385e-01 8.505976e+01 -8.636967e-02 9.947997e-01 -5.397978e-02 -4.590303e-01 -9.946044e-01 -8.922454e-02 -5.292522e-02 2.274512e+02
-5.594183e-02 5.106570e-02 9.971273e-01 8.590583e+01 -8.418868e-02 9.948933e-01 -5.567453e-02 -5.356252e-01 -9.948783e-01 -8.706137e-02 -5.135700e-02 2.273855e+02
-5.491179e-02 4.949850e-02 9.972636e-01 8.695924e+01 -8.237128e-02 9.951415e-01 -5.392874e-02 -6.035899e-01 -9.950878e-01 -8.510720e-02 -5.056775e-02 2.273996e+02
-5.159824e-02 4.789432e-02 9.975188e-01 8.760934e+01 -8.191881e-02 9.952803e-01 -5.202422e-02 -7.484246e-01 -9.953024e-01 -8.439991e-02 -4.743127e-02 2.272667e+02
-4.775417e-02 4.589465e-02 9.978042e-01 8.859057e+01 -7.928369e-02 9.956179e-01 -4.958855e-02 -8.163903e-01 -9.957076e-01 -8.147766e-02 -4.390621e-02 2.272840e+02
-4.199555e-02 4.540405e-02 9.980856e-01 8.927262e+01 -7.741541e-02 9.958157e-01 -4.855813e-02 -8.718568e-01 -9.961141e-01 -7.930643e-02 -3.830486e-02 2.271020e+02
-3.666053e-02 4.435455e-02 9.983430e-01 9.015050e+01 -7.288459e-02 9.962353e-01 -4.693734e-02 -8.451096e-01 -9.966664e-01 -7.448457e-02 -3.328975e-02 2.270274e+02
-3.199306e-02 4.480806e-02 9.984832e-01 9.113929e+01 -7.351125e-02 9.961834e-01 -4.706028e-02 -9.109882e-01 -9.967811e-01 -7.490535e-02 -2.857706e-02 2.270270e+02
-2.687660e-02 4.655950e-02 9.985539e-01 9.197884e+01 -7.377609e-02 9.960982e-01 -4.843072e-02 -9.698353e-01 -9.969126e-01 -7.497106e-02 -2.333675e-02 2.269631e+02
-2.164361e-02 4.630034e-02 9.986931e-01 9.281405e+01 -7.449051e-02 9.960758e-01 -4.779335e-02 -1.054314e+00 -9.969868e-01 -7.542757e-02 -1.810974e-02 2.269544e+02
-1.602732e-02 4.397092e-02 9.989042e-01 9.390687e+01 -7.224143e-02 9.963707e-01 -4.501851e-02 -1.109698e+00 -9.972584e-01 -7.288380e-02 -1.279263e-02 2.269628e+02
-1.238435e-02 4.286863e-02 9.990040e-01 9.578312e+01 -7.595270e-02 9.961539e-01 -4.368789e-02 -1.283035e+00 -9.970345e-01 -7.641810e-02 -9.080727e-03 2.270968e+02
-8.561720e-03 4.726421e-02 9.988457e-01 9.661145e+01 -7.682966e-02 9.958986e-01 -4.778331e-02 -1.427161e+00 -9.970075e-01 -7.715008e-02 -4.895311e-03 2.270515e+02
-7.103534e-03 5.418789e-02 9.985055e-01 9.764766e+01 -8.586833e-02 9.948094e-01 -5.459819e-02 -1.577209e+00 -9.962812e-01 -8.612783e-02 -2.413639e-03 2.270723e+02
-5.641399e-03 5.694116e-02 9.983616e-01 9.884372e+01 -8.166572e-02 9.950163e-01 -5.721182e-02 -1.642824e+00 -9.966438e-01 -8.185467e-02 -9.631437e-04 2.271212e+02
-3.703171e-03 5.381984e-02 9.985438e-01 9.939560e+01 -7.753411e-02 9.955292e-01 -5.394490e-02 -1.645724e+00 -9.969828e-01 -7.762097e-02 4.862588e-04 2.270530e+02
-3.423787e-03 4.731487e-02 9.988742e-01 1.009267e+02 -7.928251e-02 9.957228e-01 -4.743735e-02 -1.760345e+00 -9.968463e-01 -7.935567e-02 3.420984e-04 2.271930e+02
-2.727453e-03 4.273798e-02 9.990826e-01 1.018549e+02 -7.953903e-02 9.959117e-01 -4.281948e-02 -1.914234e+00 -9.968280e-01 -7.958285e-02 6.830354e-04 2.271947e+02
1.842751e-04 4.055984e-02 9.991771e-01 1.031639e+02 -7.059185e-02 9.966850e-01 -4.044566e-02 -1.903384e+00 -9.975053e-01 -7.052631e-02 3.046859e-03 2.271043e+02
-2.565522e-04 3.891025e-02 9.992427e-01 1.047139e+02 -7.495942e-02 9.964307e-01 -3.882000e-02 -2.037815e+00 -9.971866e-01 -7.491261e-02 2.661054e-03 2.271821e+02
8.662241e-04 3.981540e-02 9.992067e-01 1.065022e+02 -7.331926e-02 9.965202e-01 -3.964479e-02 -2.144589e+00 -9.973081e-01 -7.322675e-02 3.782445e-03 2.272477e+02
3.817253e-03 4.386285e-02 9.990303e-01 1.063407e+02 -6.776617e-02 9.967523e-01 -4.350390e-02 -2.086561e+00 -9.976939e-01 -6.753439e-02 6.777273e-03 2.270791e+02
5.467203e-03 4.510436e-02 9.989673e-01 1.064815e+02 -7.496675e-02 9.961896e-01 -4.456866e-02 -2.157183e+00 -9.971710e-01 -7.464566e-02 8.827698e-03 2.268890e+02
5.516990e-03 4.486903e-02 9.989776e-01 1.084362e+02 -6.827217e-02 9.966788e-01 -4.438874e-02 -2.276329e+00 -9.976515e-01 -6.795748e-02 8.561973e-03 2.271388e+02
5.591121e-03 4.186134e-02 9.991078e-01 1.092255e+02 -7.804213e-02 9.960943e-01 -4.129835e-02 -2.426822e+00 -9.969344e-01 -7.774160e-02 8.836232e-03 2.271484e+02
5.555716e-03 4.283087e-02 9.990669e-01 1.104288e+02 -8.319633e-02 9.956384e-01 -4.222124e-02 -2.569048e+00 -9.965177e-01 -8.288413e-02 9.094856e-03 2.272925e+02
8.185926e-03 4.642893e-02 9.988881e-01 1.109383e+02 -8.524740e-02 9.953174e-01 -4.556435e-02 -2.587115e+00 -9.963262e-01 -8.477963e-02 1.210554e-02 2.272224e+02
1.093476e-02 4.657187e-02 9.988551e-01 1.113108e+02 -9.058399e-02 9.948537e-01 -4.539366e-02 -2.639564e+00 -9.958288e-01 -8.998391e-02 1.509715e-02 2.271229e+02
1.425717e-02 4.329010e-02 9.989608e-01 1.122699e+02 -8.916313e-02 9.951374e-01 -4.185188e-02 -2.678674e+00 -9.959150e-01 -8.847379e-02 1.804772e-02 2.271140e+02
1.694363e-02 3.841577e-02 9.991182e-01 1.131473e+02 -9.065563e-02 9.952048e-01 -3.672791e-02 -2.768818e+00 -9.957382e-01 -8.995338e-02 2.034499e-02 2.271547e+02
2.011781e-02 3.685541e-02 9.991181e-01 1.142606e+02 -8.838838e-02 9.954731e-01 -3.494120e-02 -2.821290e+00 -9.958829e-01 -8.760749e-02 2.328432e-02 2.271546e+02
2.328209e-02 3.715686e-02 9.990382e-01 1.151137e+02 -8.713357e-02 9.955817e-01 -3.499770e-02 -2.912644e+00 -9.959245e-01 -8.623494e-02 2.641683e-02 2.271416e+02
2.480327e-02 3.793484e-02 9.989723e-01 1.161025e+02 -9.070199e-02 9.952437e-01 -3.554123e-02 -2.937512e+00 -9.955692e-01 -8.972724e-02 2.812606e-02 2.272040e+02
2.612370e-02 3.667651e-02 9.989857e-01 1.172554e+02 -9.487296e-02 9.949070e-01 -3.404582e-02 -3.021564e+00 -9.951466e-01 -9.388733e-02 2.947026e-02 2.272739e+02
2.859905e-02 3.385322e-02 9.990175e-01 1.182044e+02 -9.750233e-02 9.947549e-01 -3.091756e-02 -3.080047e+00 -9.948243e-01 -9.652232e-02 3.174981e-02 2.272799e+02
2.839060e-02 3.293177e-02 9.990543e-01 1.192396e+02 -1.047668e-01 9.940506e-01 -2.978963e-02 -3.145536e+00 -9.940915e-01 -1.038219e-01 3.167185e-02 2.273836e+02
2.862652e-02 3.587233e-02 9.989463e-01 1.200019e+02 -1.046810e-01 9.939683e-01 -3.269376e-02 -3.161708e+00 -9.940938e-01 -1.036348e-01 3.220900e-02 2.273846e+02
2.864815e-02 3.907034e-02 9.988257e-01 1.209640e+02 -1.027309e-01 9.940598e-01 -3.593741e-02 -3.201066e+00 -9.942966e-01 -1.015807e-01 3.249171e-02 2.274018e+02
2.584917e-02 4.253573e-02 9.987605e-01 1.220649e+02 -1.150401e-01 9.925833e-01 -3.929527e-02 -3.349749e+00 -9.930245e-01 -1.138818e-01 3.055078e-02 2.275297e+02
2.635828e-02 4.503797e-02 9.986375e-01 1.232154e+02 -1.128246e-01 9.927356e-01 -4.179387e-02 -3.450430e+00 -9.932652e-01 -1.115693e-01 3.124820e-02 2.275904e+02
2.735132e-02 4.660944e-02 9.985387e-01 1.240946e+02 -1.053770e-01 9.934810e-01 -4.348695e-02 -3.482519e+00 -9.940561e-01 -1.040336e-01 3.208458e-02 2.275803e+02
2.633236e-02 4.175041e-02 9.987810e-01 1.250521e+02 -1.074166e-01 9.934608e-01 -3.869604e-02 -3.555262e+00 -9.938653e-01 -1.062667e-01 3.064486e-02 2.276180e+02
2.512233e-02 3.849278e-02 9.989430e-01 1.260401e+02 -1.096862e-01 9.933315e-01 -3.551806e-02 -3.612931e+00 -9.936487e-01 -1.086779e-01 2.917693e-02 2.276721e+02
2.566594e-02 3.788464e-02 9.989525e-01 1.265361e+02 -1.066376e-01 9.936837e-01 -3.494500e-02 -3.600213e+00 -9.939666e-01 -1.056290e-01 2.954375e-02 2.274753e+02
2.140147e-02 3.813522e-02 9.990434e-01 1.276895e+02 -1.139439e-01 9.928542e-01 -3.545807e-02 -3.686438e+00 -9.932566e-01 -1.130761e-01 2.559381e-02 2.276289e+02
1.778468e-02 3.823923e-02 9.991103e-01 1.285164e+02 -1.149439e-01 9.927213e-01 -3.594864e-02 -3.748208e+00 -9.932128e-01 -1.142024e-01 2.205059e-02 2.276883e+02
1.300091e-02 3.604950e-02 9.992654e-01 1.295082e+02 -1.209708e-01 9.920662e-01 -3.421589e-02 -3.835282e+00 -9.925709e-01 -1.204371e-01 1.725870e-02 2.277340e+02
1.179789e-02 3.566700e-02 9.992941e-01 1.303370e+02 -1.170997e-01 9.925365e-01 -3.404330e-02 -3.880623e+00 -9.930501e-01 -1.166154e-01 1.588643e-02 2.276696e+02
5.051603e-03 3.579940e-02 9.993462e-01 1.314188e+02 -1.204980e-01 9.920988e-01 -3.493067e-02 -3.921097e+00 -9.927007e-01 -1.202428e-01 9.325447e-03 2.277890e+02
1.165764e-03 3.659347e-02 9.993296e-01 1.322558e+02 -1.212335e-01 9.919644e-01 -3.618234e-02 -3.976053e+00 -9.926233e-01 -1.211100e-01 5.592749e-03 2.277769e+02
-1.436513e-03 4.084056e-02 9.991646e-01 1.331048e+02 -1.217232e-01 9.917288e-01 -4.071163e-02 -3.958328e+00 -9.925630e-01 -1.216800e-01 3.546613e-03 2.277204e+02
-8.399877e-03 4.447183e-02 9.989753e-01 1.344662e+02 -1.164696e-01 9.921676e-01 -4.514810e-02 -3.939657e+00 -9.931587e-01 -1.167295e-01 -3.154469e-03 2.278417e+02
-1.390724e-02 4.501978e-02 9.988893e-01 1.353768e+02 -1.157669e-01 9.921953e-01 -4.632987e-02 -3.980739e+00 -9.931790e-01 -1.162826e-01 -8.586894e-03 2.278201e+02
-2.157042e-02 4.197618e-02 9.988857e-01 1.362332e+02 -1.191450e-01 9.918901e-01 -4.425508e-02 -4.084239e+00 -9.926425e-01 -1.199668e-01 -1.639423e-02 2.277826e+02
-2.892589e-02 4.123910e-02 9.987305e-01 1.371373e+02 -1.184180e-01 9.919711e-01 -4.438969e-02 -4.152274e+00 -9.925424e-01 -1.195517e-01 -2.381019e-02 2.277560e+02
-3.782002e-02 3.746428e-02 9.985820e-01 1.380646e+02 -1.179169e-01 9.921480e-01 -4.168884e-02 -4.215659e+00 -9.923030e-01 -1.193263e-01 -3.310539e-02 2.277446e+02
-4.794405e-02 3.445878e-02 9.982555e-01 1.390626e+02 -1.191225e-01 9.920748e-01 -3.996662e-02 -4.300259e+00 -9.917213e-01 -1.208308e-01 -4.345927e-02 2.277339e+02
-5.582720e-02 3.391339e-02 9.978643e-01 1.400861e+02 -1.168800e-01 9.923295e-01 -4.026433e-02 -4.351712e+00 -9.915757e-01 -1.188782e-01 -5.143519e-02 2.276703e+02
-6.510534e-02 3.464790e-02 9.972767e-01 1.410790e+02 -1.174702e-01 9.921819e-01 -4.213972e-02 -4.385698e+00 -9.909400e-01 -1.198938e-01 -6.052625e-02 2.276028e+02
-7.429974e-02 3.378167e-02 9.966636e-01 1.420726e+02 -1.161560e-01 9.923301e-01 -4.229404e-02 -4.451123e+00 -9.904480e-01 -1.189109e-01 -6.980592e-02 2.275759e+02
-8.270817e-02 3.371384e-02 9.960034e-01 1.430173e+02 -1.145336e-01 9.924837e-01 -4.310558e-02 -4.516721e+00 -9.899704e-01 -1.176411e-01 -7.822515e-02 2.274699e+02
-9.221145e-02 3.625069e-02 9.950794e-01 1.439842e+02 -1.114975e-01 9.926764e-01 -4.649534e-02 -4.576432e+00 -9.894773e-01 -1.152363e-01 -8.749427e-02 2.273902e+02
-1.030090e-01 3.655744e-02 9.940084e-01 1.448182e+02 -1.123338e-01 9.925036e-01 -4.814323e-02 -4.679215e+00 -9.883169e-01 -1.166199e-01 -9.813016e-02 2.273009e+02
-1.146146e-01 3.510330e-02 9.927896e-01 1.458067e+02 -1.106948e-01 9.927005e-01 -4.787953e-02 -4.761706e+00 -9.872235e-01 -1.153843e-01 -1.098922e-01 2.272496e+02
-1.252595e-01 3.326070e-02 9.915663e-01 1.468688e+02 -1.064687e-01 9.932157e-01 -4.676567e-02 -4.884067e+00 -9.863947e-01 -1.114286e-01 -1.208685e-01 2.271517e+02
-1.361154e-01 3.500586e-02 9.900743e-01 1.476982e+02 -1.034124e-01 9.934140e-01 -4.934107e-02 -4.958572e+00 -9.852809e-01 -1.091020e-01 -1.315989e-01 2.270521e+02
-1.448783e-01 3.682674e-02 9.887639e-01 1.486291e+02 -1.009927e-01 9.935376e-01 -5.180245e-02 -5.035102e+00 -9.842819e-01 -1.073630e-01 -1.402228e-01 2.269027e+02
-1.501884e-01 3.598259e-02 9.880024e-01 1.496275e+02 -9.457664e-02 9.942315e-01 -5.058625e-02 -5.129779e+00 -9.841233e-01 -1.010394e-01 -1.459189e-01 2.267510e+02
-1.553353e-01 3.469429e-02 9.872524e-01 1.507729e+02 -8.716534e-02 9.950037e-01 -4.868137e-02 -5.271935e+00 -9.840087e-01 -9.361612e-02 -1.515350e-01 2.266621e+02
-1.584577e-01 3.623895e-02 9.867005e-01 1.514097e+02 -8.648153e-02 9.949762e-01 -5.043127e-02 -5.314456e+00 -9.835711e-01 -9.332259e-02 -1.545276e-01 2.265187e+02
-1.578623e-01 4.024086e-02 9.866408e-01 1.523342e+02 -8.103718e-02 9.952710e-01 -5.355878e-02 -5.370907e+00 -9.841303e-01 -8.840951e-02 -1.538548e-01 2.263504e+02
-1.560708e-01 4.163441e-02 9.868680e-01 1.532250e+02 -7.583286e-02 9.956574e-01 -5.399801e-02 -5.488229e+00 -9.848306e-01 -8.326454e-02 -1.522358e-01 2.262317e+02
-1.517215e-01 4.335967e-02 9.874718e-01 1.541987e+02 -6.911599e-02 9.961265e-01 -5.435912e-02 -5.592328e+00 -9.860038e-01 -7.649754e-02 -1.481369e-01 2.261005e+02
-1.469045e-01 4.063621e-02 9.883156e-01 1.551488e+02 -6.568325e-02 9.965497e-01 -5.073801e-02 -5.709025e+00 -9.869675e-01 -7.236943e-02 -1.437285e-01 2.260096e+02
-1.406522e-01 3.582541e-02 9.894107e-01 1.561038e+02 -6.480222e-02 9.968690e-01 -4.530759e-02 -5.809100e+00 -9.879360e-01 -7.048862e-02 -1.378902e-01 2.259019e+02
-1.336550e-01 3.055198e-02 9.905569e-01 1.569719e+02 -5.877117e-02 9.975212e-01 -3.869672e-02 -5.915099e+00 -9.892837e-01 -6.338819e-02 -1.315281e-01 2.257484e+02
-1.282630e-01 3.005894e-02 9.912845e-01 1.579009e+02 -5.758802e-02 9.976283e-01 -3.770266e-02 -5.998273e+00 -9.900668e-01 -6.192197e-02 -1.262278e-01 2.256252e+02
-1.232409e-01 3.278703e-02 9.918350e-01 1.589130e+02 -5.574471e-02 9.976473e-01 -3.990576e-02 -6.083937e+00 -9.908099e-01 -6.020758e-02 -1.211233e-01 2.255465e+02
-1.167112e-01 3.748769e-02 9.924581e-01 1.596312e+02 -5.751825e-02 9.973550e-01 -4.443670e-02 -6.196101e+00 -9.914989e-01 -6.227072e-02 -1.142463e-01 2.253747e+02
-1.104050e-01 4.128074e-02 9.930290e-01 1.605926e+02 -5.571326e-02 9.973090e-01 -4.765287e-02 -6.282660e+00 -9.923239e-01 -6.058600e-02 -1.078080e-01 2.252651e+02
-1.059428e-01 4.108122e-02 9.935233e-01 1.616322e+02 -5.992556e-02 9.970664e-01 -4.761780e-02 -6.318967e+00 -9.925649e-01 -6.458220e-02 -1.031702e-01 2.252042e+02
-9.765095e-02 3.743404e-02 9.945165e-01 1.626439e+02 -5.864360e-02 9.973395e-01 -4.329848e-02 -6.394165e+00 -9.934914e-01 -6.255016e-02 -9.519588e-02 2.251113e+02
-9.107776e-02 3.367126e-02 9.952744e-01 1.635654e+02 -6.005134e-02 9.974237e-01 -3.923929e-02 -6.487294e+00 -9.940315e-01 -6.334139e-02 -8.882111e-02 2.250540e+02
-8.456566e-02 3.285086e-02 9.958762e-01 1.645212e+02 -5.756168e-02 9.976262e-01 -3.779649e-02 -6.554292e+00 -9.947539e-01 -6.052060e-02 -8.247397e-02 2.250034e+02
-7.987281e-02 3.167378e-02 9.963017e-01 1.653737e+02 -6.445144e-02 9.972395e-01 -3.687062e-02 -6.667366e+00 -9.947192e-01 -6.715804e-02 -7.761090e-02 2.249159e+02
-7.647154e-02 3.357505e-02 9.965063e-01 1.663521e+02 -6.698408e-02 9.970020e-01 -3.873209e-02 -6.754113e+00 -9.948192e-01 -6.971196e-02 -7.399328e-02 2.248804e+02
-7.422761e-02 3.661745e-02 9.965688e-01 1.673786e+02 -6.488945e-02 9.970305e-01 -4.146758e-02 -6.829071e+00 -9.951279e-01 -6.774484e-02 -7.163110e-02 2.248323e+02
-7.348495e-02 3.684470e-02 9.966155e-01 1.682808e+02 -6.496335e-02 9.970181e-01 -4.164962e-02 -6.955680e+00 -9.951782e-01 -6.780410e-02 -7.087227e-02 2.247672e+02
-7.307352e-02 3.277502e-02 9.967879e-01 1.691585e+02 -6.523246e-02 9.971626e-01 -3.756947e-02 -7.049224e+00 -9.951909e-01 -6.776825e-02 -7.072818e-02 2.247012e+02
-7.343111e-02 2.590835e-02 9.969637e-01 1.705137e+02 -6.391420e-02 9.974852e-01 -3.062949e-02 -7.185798e+00 -9.952501e-01 -6.596930e-02 -7.159054e-02 2.248071e+02
-7.227161e-02 1.831876e-02 9.972167e-01 1.711122e+02 -6.615293e-02 9.975416e-01 -2.311905e-02 -7.356451e+00 -9.951887e-01 -6.763966e-02 -7.088210e-02 2.246760e+02
-7.257709e-02 1.718663e-02 9.972147e-01 1.721909e+02 -6.628870e-02 9.975575e-01 -2.201702e-02 -7.486346e+00 -9.951575e-01 -6.770199e-02 -7.126055e-02 2.247231e+02
-7.197133e-02 2.269625e-02 9.971484e-01 1.742836e+02 -6.017889e-02 9.978209e-01 -2.705510e-02 -7.609880e+00 -9.955896e-01 -6.195448e-02 -7.044867e-02 2.248530e+02
-6.929797e-02 2.551820e-02 9.972696e-01 1.742498e+02 -6.083359e-02 9.977043e-01 -2.975651e-02 -7.956812e+00 -9.957395e-01 -6.272955e-02 -6.758652e-02 2.243669e+02
-6.956475e-02 2.819516e-02 9.971789e-01 1.750946e+02 -6.553847e-02 9.973118e-01 -3.277098e-02 -8.053386e+00 -9.954222e-01 -6.763328e-02 -6.752988e-02 2.243205e+02
-6.996002e-02 2.806141e-02 9.971550e-01 1.756927e+02 -6.822496e-02 9.971291e-01 -3.284732e-02 -8.177760e+00 -9.952140e-01 -7.032886e-02 -6.784468e-02 2.242020e+02
-7.001713e-02 2.595971e-02 9.972079e-01 1.763680e+02 -6.442815e-02 9.974565e-01 -3.048989e-02 -8.304217e+00 -9.954630e-01 -6.638308e-02 -6.816650e-02 2.241928e+02
-7.098119e-02 2.204865e-02 9.972339e-01 1.769879e+02 -6.610835e-02 9.974536e-01 -2.675897e-02 -8.439394e+00 -9.952846e-01 -6.782487e-02 -6.934284e-02 2.240608e+02
-7.123148e-02 1.822737e-02 9.972933e-01 1.782213e+02 -5.875843e-02 9.980200e-01 -2.243747e-02 -8.523285e+00 -9.957276e-01 -6.019764e-02 -7.001943e-02 2.240555e+02
-7.259364e-02 1.427373e-02 9.972595e-01 1.788984e+02 -5.466547e-02 9.983376e-01 -1.826843e-02 -8.489107e+00 -9.958624e-01 -5.584183e-02 -7.169268e-02 2.239127e+02
-7.327475e-02 1.249029e-02 9.972336e-01 1.798821e+02 -5.011676e-02 9.986121e-01 -1.619004e-02 -8.526492e+00 -9.960518e-01 -5.116444e-02 -7.254708e-02 2.238942e+02
-7.476082e-02 1.445548e-02 9.970967e-01 1.802250e+02 -4.970579e-02 9.985980e-01 -1.820411e-02 -8.557899e+00 -9.959619e-01 -5.092243e-02 -7.393748e-02 2.237303e+02
-7.439231e-02 2.118301e-02 9.970040e-01 1.815550e+02 -4.634055e-02 9.986209e-01 -2.467510e-02 -8.654032e+00 -9.961518e-01 -4.803735e-02 -7.330808e-02 2.236370e+02
-7.314692e-02 2.742470e-02 9.969440e-01 1.825091e+02 -4.733447e-02 9.983999e-01 -3.093773e-02 -8.697812e+00 -9.961973e-01 -4.945281e-02 -7.173174e-02 2.236045e+02
-6.975902e-02 2.861310e-02 9.971534e-01 1.828196e+02 -4.405615e-02 9.985249e-01 -3.173454e-02 -8.762343e+00 -9.965906e-01 -4.614451e-02 -6.839554e-02 2.234267e+02
-6.781847e-02 2.532555e-02 9.973762e-01 1.834630e+02 -4.701426e-02 9.984861e-01 -2.855055e-02 -8.831259e+00 -9.965893e-01 -4.882716e-02 -6.652514e-02 2.234296e+02
-6.368715e-02 2.072602e-02 9.977547e-01 1.842848e+02 -4.830804e-02 9.985483e-01 -2.382603e-02 -8.865879e+00 -9.968000e-01 -4.971698e-02 -6.259346e-02 2.234089e+02
-5.820233e-02 1.767646e-02 9.981483e-01 1.851618e+02 -4.750998e-02 9.986613e-01 -2.045587e-02 -8.897674e+00 -9.971737e-01 -4.861259e-02 -5.728460e-02 2.233593e+02
-5.384830e-02 1.533370e-02 9.984314e-01 1.855903e+02 -5.280552e-02 9.984393e-01 -1.818178e-02 -9.070691e+00 -9.971519e-01 -5.370175e-02 -5.295455e-02 2.232436e+02
-5.078113e-02 1.529234e-02 9.985927e-01 1.864933e+02 -5.661190e-02 9.982310e-01 -1.816567e-02 -9.117582e+00 -9.971040e-01 -5.745470e-02 -4.982557e-02 2.232400e+02
-4.692243e-02 1.720215e-02 9.987504e-01 1.871487e+02 -5.615848e-02 9.982249e-01 -1.983149e-02 -9.180317e+00 -9.973187e-01 -5.701885e-02 -4.587309e-02 2.232032e+02
-4.393018e-02 1.923895e-02 9.988493e-01 1.882448e+02 -5.680586e-02 9.981489e-01 -2.172382e-02 -9.213217e+00 -9.974183e-01 -5.769483e-02 -4.275597e-02 2.231559e+02
-4.334984e-02 1.925403e-02 9.988744e-01 1.896621e+02 -5.993814e-02 9.979632e-01 -2.183770e-02 -9.213427e+00 -9.972604e-01 -6.081733e-02 -4.210750e-02 2.232932e+02
-3.662317e-02 1.285903e-02 9.992464e-01 1.899973e+02 -5.170860e-02 9.985534e-01 -1.474528e-02 -9.339285e+00 -9.979905e-01 -5.220965e-02 -3.590527e-02 2.230179e+02
-3.615548e-02 9.779843e-03 9.992983e-01 1.905525e+02 -5.428811e-02 9.984563e-01 -1.173579e-02 -9.305202e+00 -9.978705e-01 -5.467433e-02 -3.556874e-02 2.230788e+02
-3.540187e-02 9.958011e-03 9.993235e-01 1.915888e+02 -5.610292e-02 9.983536e-01 -1.193584e-02 -9.300808e+00 -9.977972e-01 -5.648752e-02 -3.478491e-02 2.231048e+02
-3.403108e-02 1.281018e-02 9.993387e-01 1.921779e+02 -5.732400e-02 9.982467e-01 -1.474827e-02 -9.374955e+00 -9.977754e-01 -5.778799e-02 -3.323708e-02 2.230546e+02
-3.131401e-02 1.683549e-02 9.993678e-01 1.926767e+02 -5.412191e-02 9.983627e-01 -1.851441e-02 -9.411380e+00 -9.980432e-01 -5.466746e-02 -3.035157e-02 2.229372e+02
-3.110838e-02 1.871985e-02 9.993407e-01 1.933975e+02 -5.852470e-02 9.980751e-01 -2.051795e-02 -9.442213e+00 -9.978011e-01 -5.912440e-02 -2.995293e-02 2.229281e+02
-3.271833e-02 1.721006e-02 9.993164e-01 1.940805e+02 -6.579785e-02 9.976456e-01 -1.933555e-02 -9.503232e+00 -9.972964e-01 -6.638550e-02 -3.150892e-02 2.229539e+02
-3.280372e-02 1.379570e-02 9.993666e-01 1.948416e+02 -6.580050e-02 9.977056e-01 -1.593264e-02 -9.515317e+00 -9.972934e-01 -6.628147e-02 -3.182069e-02 2.229519e+02
-3.277218e-02 9.918223e-03 9.994136e-01 1.954937e+02 -6.596285e-02 9.977491e-01 -1.206472e-02 -9.530717e+00 -9.972838e-01 -6.631956e-02 -3.204418e-02 2.229264e+02
-3.350703e-02 6.812444e-03 9.994153e-01 1.961534e+02 -6.719039e-02 9.976991e-01 -9.053413e-03 -9.570852e+00 -9.971774e-01 -6.745445e-02 -3.297220e-02 2.229104e+02
-3.284710e-02 7.746976e-03 9.994304e-01 1.969365e+02 -6.797774e-02 9.976370e-01 -9.967220e-03 -9.562051e+00 -9.971460e-01 -6.826641e-02 -3.224286e-02 2.228432e+02
-3.270177e-02 9.835658e-03 9.994168e-01 1.975750e+02 -6.942415e-02 9.975140e-01 -1.208855e-02 -9.589090e+00 -9.970511e-01 -6.977898e-02 -3.193764e-02 2.228399e+02
-3.292619e-02 1.368038e-02 9.993642e-01 1.983276e+02 -6.992034e-02 9.974249e-01 -1.595751e-02 -9.601402e+00 -9.970090e-01 -7.040130e-02 -3.188487e-02 2.228436e+02
-3.199396e-02 1.710866e-02 9.993416e-01 1.988149e+02 -6.763084e-02 9.975248e-01 -1.924276e-02 -9.622025e+00 -9.971973e-01 -6.820196e-02 -3.075770e-02 2.228493e+02
-3.108742e-02 1.831242e-02 9.993489e-01 1.993819e+02 -6.888185e-02 9.974158e-01 -2.041975e-02 -9.631390e+00 -9.971403e-01 -6.947180e-02 -2.974569e-02 2.228414e+02
-3.022794e-02 1.871222e-02 9.993679e-01 1.998290e+02 -7.087495e-02 9.972680e-01 -2.081666e-02 -9.664154e+00 -9.970271e-01 -7.145939e-02 -2.881913e-02 2.228301e+02
-2.914346e-02 1.833590e-02 9.994071e-01 2.002008e+02 -7.248740e-02 9.971605e-01 -2.040847e-02 -9.701551e+00 -9.969434e-01 -7.303919e-02 -2.773158e-02 2.227616e+02
-2.974172e-02 2.011233e-02 9.993553e-01 2.005711e+02 -7.345853e-02 9.970500e-01 -2.225213e-02 -9.725432e+00 -9.968547e-01 -7.407299e-02 -2.817656e-02 2.227462e+02
-3.139834e-02 2.245583e-02 9.992547e-01 2.012754e+02 -7.240375e-02 9.970700e-01 -2.468179e-02 -9.755494e+00 -9.968811e-01 -7.312476e-02 -2.968046e-02 2.227739e+02
-3.485857e-02 2.462996e-02 9.990887e-01 2.016675e+02 -7.300650e-02 9.969625e-01 -2.712477e-02 -9.799234e+00 -9.967221e-01 -7.388550e-02 -3.295454e-02 2.227491e+02
-3.970964e-02 2.644601e-02 9.988612e-01 2.021421e+02 -7.439815e-02 9.967966e-01 -2.934904e-02 -9.827473e+00 -9.964377e-01 -7.547887e-02 -3.761490e-02 2.227482e+02
-4.394907e-02 2.664293e-02 9.986784e-01 2.025116e+02 -7.383947e-02 9.968235e-01 -2.984291e-02 -9.863550e+00 -9.963013e-01 -7.505345e-02 -4.184216e-02 2.226912e+02
-4.965001e-02 2.635430e-02 9.984189e-01 2.031576e+02 -7.381033e-02 9.968215e-01 -2.998262e-02 -9.908286e+00 -9.960356e-01 -7.518227e-02 -4.754698e-02 2.227470e+02
-5.464928e-02 2.702564e-02 9.981398e-01 2.036009e+02 -7.240878e-02 9.968945e-01 -3.095639e-02 -9.913574e+00 -9.958767e-01 -7.396583e-02 -5.252268e-02 2.227176e+02
-6.009928e-02 2.645144e-02 9.978419e-01 2.039384e+02 -7.010751e-02 9.970684e-01 -3.065346e-02 -9.938725e+00 -9.957274e-01 -7.179846e-02 -5.806864e-02 2.226824e+02
-6.537661e-02 2.540577e-02 9.975372e-01 2.043967e+02 -6.979361e-02 9.971112e-01 -2.996905e-02 -9.948221e+00 -9.954169e-01 -7.158100e-02 -6.341459e-02 2.226784e+02
-6.998363e-02 2.463905e-02 9.972438e-01 2.048043e+02 -6.942292e-02 9.971508e-01 -2.950864e-02 -9.957931e+00 -9.951295e-01 -7.129670e-02 -6.807372e-02 2.226660e+02
-7.418540e-02 2.475281e-02 9.969372e-01 2.051270e+02 -6.959826e-02 9.971258e-01 -2.993653e-02 -9.978322e+00 -9.948129e-01 -7.160595e-02 -7.224943e-02 2.226420e+02
-7.721780e-02 2.678721e-02 9.966543e-01 2.054938e+02 -6.951979e-02 9.970613e-01 -3.218433e-02 -1.000599e+01 -9.945876e-01 -7.177241e-02 -7.512864e-02 2.226061e+02
-8.130455e-02 2.937628e-02 9.962563e-01 2.058695e+02 -6.952489e-02 9.969635e-01 -3.507107e-02 -1.001727e+01 -9.942615e-01 -7.211604e-02 -7.901529e-02 2.225897e+02
-8.544100e-02 3.115563e-02 9.958560e-01 2.061705e+02 -6.642775e-02 9.971089e-01 -3.689409e-02 -1.002971e+01 -9.941263e-01 -6.930474e-02 -8.312438e-02 2.225710e+02
-8.828256e-02 2.939573e-02 9.956616e-01 2.064659e+02 -6.437275e-02 9.973066e-01 -3.515205e-02 -1.005829e+01 -9.940132e-01 -6.719679e-02 -8.615249e-02 2.225039e+02
-9.407278e-02 2.870245e-02 9.951515e-01 2.067254e+02 -6.389754e-02 9.973493e-01 -3.480614e-02 -1.008571e+01 -9.935127e-01 -6.686204e-02 -9.198941e-02 2.224692e+02
-9.953012e-02 2.829607e-02 9.946321e-01 2.071537e+02 -6.331741e-02 9.973896e-01 -3.471052e-02 -1.007561e+01 -9.930180e-01 -6.643228e-02 -9.747868e-02 2.224339e+02
-1.042561e-01 2.850255e-02 9.941420e-01 2.074523e+02 -6.362389e-02 9.973506e-01 -3.526681e-02 -1.010926e+01 -9.925133e-01 -6.692796e-02 -1.021665e-01 2.223642e+02
-1.099954e-01 2.881007e-02 9.935145e-01 2.077865e+02 -6.467863e-02 9.972537e-01 -3.607930e-02 -1.011878e+01 -9.918254e-01 -6.822771e-02 -1.078300e-01 2.223270e+02
-1.176737e-01 2.881270e-02 9.926342e-01 2.080474e+02 -6.561951e-02 9.971687e-01 -3.672331e-02 -1.015271e+01 -9.908819e-01 -6.945754e-02 -1.154499e-01 2.223207e+02
-1.263613e-01 2.947811e-02 9.915462e-01 2.083697e+02 -6.574681e-02 9.971117e-01 -3.802225e-02 -1.017604e+01 -9.898031e-01 -6.999554e-02 -1.240582e-01 2.222909e+02
-1.344549e-01 3.287125e-02 9.903744e-01 2.087179e+02 -6.486879e-02 9.970138e-01 -4.189831e-02 -1.015684e+01 -9.887942e-01 -6.987782e-02 -1.319211e-01 2.222196e+02
-1.454405e-01 3.552940e-02 9.887288e-01 2.089563e+02 -6.448212e-02 9.968898e-01 -4.530788e-02 -1.020189e+01 -9.872634e-01 -7.034493e-02 -1.426971e-01 2.221962e+02
-1.587823e-01 3.664574e-02 9.866333e-01 2.092933e+02 -6.456768e-02 9.967863e-01 -4.741394e-02 -1.021434e+01 -9.852001e-01 -7.123312e-02 -1.559058e-01 2.221374e+02
-1.734190e-01 3.786852e-02 9.841198e-01 2.095951e+02 -6.608175e-02 9.965611e-01 -4.999201e-02 -1.022991e+01 -9.826286e-01 -7.370193e-02 -1.703202e-01 2.220684e+02
-1.884900e-01 3.901570e-02 9.812998e-01 2.099502e+02 -6.679913e-02 9.963871e-01 -5.244647e-02 -1.025109e+01 -9.798007e-01 -7.543561e-02 -1.852028e-01 2.220043e+02
-2.027462e-01 3.918148e-02 9.784471e-01 2.102040e+02 -6.552816e-02 9.964166e-01 -5.347930e-02 -1.030479e+01 -9.770364e-01 -7.495856e-02 -1.994522e-01 2.219168e+02
-2.186441e-01 3.836218e-02 9.750503e-01 2.105490e+02 -6.803181e-02 9.961962e-01 -5.444951e-02 -1.033628e+01 -9.734302e-01 -7.823950e-02 -2.152026e-01 2.217959e+02
-2.367525e-01 3.901583e-02 9.707863e-01 2.108444e+02 -6.908430e-02 9.959881e-01 -5.687677e-02 -1.035137e+01 -9.691107e-01 -8.053181e-02 -2.331073e-01 2.217410e+02
-2.557843e-01 3.890435e-02 9.659507e-01 2.112426e+02 -6.851641e-02 9.959477e-01 -5.825568e-02 -1.052384e+01 -9.643028e-01 -8.108436e-02 -2.520822e-01 2.216296e+02
-2.756547e-01 4.144912e-02 9.603627e-01 2.116852e+02 -6.694029e-02 9.958167e-01 -6.219331e-02 -1.051101e+01 -9.589231e-01 -8.143083e-02 -2.717269e-01 2.214731e+02
-2.972296e-01 4.422725e-02 9.537812e-01 2.120281e+02 -6.605352e-02 9.955809e-01 -6.674997e-02 -1.050182e+01 -9.525185e-01 -8.284067e-02 -2.929947e-01 2.213286e+02
-3.210371e-01 4.399466e-02 9.460442e-01 2.124233e+02 -6.877620e-02 9.952000e-01 -6.961958e-02 -1.053256e+01 -9.445660e-01 -8.741580e-02 -3.164703e-01 2.212076e+02
-3.463626e-01 4.310522e-02 9.371098e-01 2.128467e+02 -7.116965e-02 9.948574e-01 -7.206632e-02 -1.060542e+01 -9.353971e-01 -9.165486e-02 -3.415137e-01 2.210497e+02
-3.731115e-01 4.215328e-02 9.268284e-01 2.131763e+02 -7.361210e-02 9.944731e-01 -7.486372e-02 -1.062602e+01 -9.248617e-01 -9.615830e-02 -3.679463e-01 2.208888e+02
-4.002365e-01 4.129096e-02 9.154812e-01 2.135595e+02 -7.324350e-02 9.943473e-01 -7.686918e-02 -1.067958e+01 -9.134802e-01 -9.781890e-02 -3.949498e-01 2.206848e+02
-4.284329e-01 4.090723e-02 9.026471e-01 2.138756e+02 -7.115346e-02 9.943451e-01 -7.883523e-02 -1.070286e+01 -9.007677e-01 -9.800207e-02 -4.230995e-01 2.205005e+02
-4.576052e-01 3.943838e-02 8.882804e-01 2.142782e+02 -6.820130e-02 9.945158e-01 -7.928956e-02 -1.076627e+01 -8.865360e-01 -9.686520e-02 -4.524059e-01 2.202325e+02
-4.877082e-01 3.721621e-02 8.722131e-01 2.147187e+02 -6.663705e-02 9.945892e-01 -7.969872e-02 -1.082159e+01 -8.704598e-01 -9.699142e-02 -4.825893e-01 2.199899e+02
-5.176122e-01 3.671976e-02 8.548271e-01 2.151736e+02 -6.392035e-02 9.946273e-01 -8.142983e-02 -1.087650e+01 -8.532244e-01 -9.678992e-02 -5.124840e-01 2.197035e+02
-5.473180e-01 3.593223e-02 8.361530e-01 2.154853e+02 -6.203241e-02 9.945881e-01 -8.334506e-02 -1.094963e+01 -8.346227e-01 -9.748484e-02 -5.421270e-01 2.193888e+02
-5.780594e-01 3.549733e-02 8.152222e-01 2.158622e+02 -5.946713e-02 9.945642e-01 -8.547352e-02 -1.098490e+01 -8.138249e-01 -9.788770e-02 -5.728063e-01 2.191718e+02
-6.075737e-01 3.414038e-02 7.935292e-01 2.162384e+02 -5.651175e-02 9.946856e-01 -8.606362e-02 -1.106099e+01 -7.922503e-01 -9.713372e-02 -6.024155e-01 2.188060e+02
-6.363370e-01 3.121691e-02 7.707793e-01 2.165429e+02 -5.544986e-02 9.947452e-01 -8.606571e-02 -1.113481e+01 -7.694157e-01 -9.750640e-02 -6.312622e-01 2.185009e+02
-6.645917e-01 3.101457e-02 7.465627e-01 2.169008e+02 -5.169700e-02 9.948354e-01 -8.734938e-02 -1.122004e+01 -7.454162e-01 -9.664673e-02 -6.595560e-01 2.181202e+02
-6.928641e-01 3.000097e-02 7.204438e-01 2.173530e+02 -5.042258e-02 9.946724e-01 -8.991283e-02 -1.128108e+01 -7.193030e-01 -9.862401e-02 -6.876601e-01 2.176660e+02
-7.196628e-01 2.987831e-02 6.936806e-01 2.177308e+02 -4.708595e-02 9.946735e-01 -9.169229e-02 -1.140137e+01 -6.927253e-01 -9.865014e-02 -7.144227e-01 2.171688e+02
-7.441115e-01 2.898712e-02 6.674262e-01 2.178068e+02 -4.378133e-02 9.947945e-01 -9.201678e-02 -1.155379e+01 -6.666193e-01 -9.769156e-02 -7.389690e-01 2.168068e+02
-7.672433e-01 4.002996e-02 6.401057e-01 2.182025e+02 -3.356923e-02 9.941758e-01 -1.024090e-01 -1.028412e+01 -6.404770e-01 -1.000605e-01 -7.614310e-01 2.159823e+02
-7.906824e-01 3.295514e-02 6.113389e-01 2.186897e+02 -3.428909e-02 9.945991e-01 -9.796354e-02 -1.172846e+01 -6.112656e-01 -9.842030e-02 -7.852820e-01 2.154538e+02
-8.110933e-01 3.220945e-02 5.840293e-01 2.190121e+02 -3.164576e-02 9.946038e-01 -9.880207e-02 -1.184756e+01 -5.840601e-01 -9.861975e-02 -8.056972e-01 2.148366e+02
-8.304623e-01 3.380511e-02 5.560482e-01 2.193200e+02 -2.663984e-02 9.946052e-01 -1.002541e-01 -1.197970e+01 -5.564375e-01 -9.807030e-02 -8.250815e-01 2.140905e+02
-8.498208e-01 3.146562e-02 5.261316e-01 2.197443e+02 -2.540231e-02 9.946113e-01 -1.005138e-01 -1.213520e+01 -5.264592e-01 -9.878366e-02 -8.444421e-01 2.132666e+02
-8.678618e-01 3.013290e-02 4.958910e-01 2.199823e+02 -2.286661e-02 9.946782e-01 -1.004608e-01 -1.217783e+01 -4.962792e-01 -9.852543e-02 -8.625542e-01 2.126133e+02
-8.852278e-01 2.926209e-02 4.642365e-01 2.202486e+02 -1.833751e-02 9.950482e-01 -9.768739e-02 -1.230016e+01 -4.647963e-01 -9.498853e-02 -8.803077e-01 2.117805e+02
-9.018059e-01 3.081199e-02 4.310415e-01 2.204701e+02 -1.036176e-02 9.956263e-01 -9.284842e-02 -1.240585e+01 -4.320171e-01 -8.819760e-02 -8.975424e-01 2.110512e+02
-9.183569e-01 3.023644e-02 3.945965e-01 2.207563e+02 -5.421250e-03 9.960224e-01 -8.893846e-02 -1.246500e+01 -3.957162e-01 -8.381645e-02 -9.145401e-01 2.106830e+02
-9.324918e-01 2.688829e-02 3.601888e-01 2.208769e+02 -5.110800e-03 9.961432e-01 -8.759396e-02 -1.261921e+01 -3.611549e-01 -8.352151e-02 -9.287579e-01 2.096985e+02
-9.465266e-01 2.618456e-02 3.215615e-01 2.211421e+02 -2.580669e-03 9.960547e-01 -8.870441e-02 -1.263570e+01 -3.226155e-01 -8.479093e-02 -9.427246e-01 2.091976e+02
-9.581650e-01 3.085305e-02 2.845487e-01 2.212843e+02 5.683270e-03 9.960279e-01 -8.885996e-02 -1.290207e+01 -2.861601e-01 -8.352533e-02 -9.545344e-01 2.083425e+02
-9.682424e-01 3.760803e-02 2.471687e-01 2.213499e+02 1.568990e-02 9.958131e-01 -9.005565e-02 -1.302815e+01 -2.495207e-01 -8.331764e-02 -9.647785e-01 2.074906e+02
-9.770806e-01 4.028217e-02 2.090233e-01 2.214084e+02 2.131809e-02 9.955123e-01 -9.219977e-02 -1.317539e+01 -2.117993e-01 -8.563063e-02 -9.735545e-01 2.065406e+02
-9.849075e-01 4.013237e-02 1.683643e-01 2.216549e+02 2.408368e-02 9.950607e-01 -9.630274e-02 -1.321096e+01 -1.713975e-01 -9.079446e-02 -9.810093e-01 2.060825e+02
-9.900748e-01 4.233190e-02 1.340146e-01 2.216957e+02 2.870320e-02 9.943659e-01 -1.020417e-01 -1.330007e+01 -1.375792e-01 -9.718227e-02 -9.857117e-01 2.051188e+02
-9.937282e-01 4.663745e-02 1.016330e-01 2.217340e+02 3.590429e-02 9.938250e-01 -1.049891e-01 -1.341480e+01 -1.059018e-01 -1.006816e-01 -9.892664e-01 2.044734e+02
-9.962060e-01 4.934281e-02 7.168643e-02 2.216838e+02 4.164941e-02 9.935879e-01 -1.051110e-01 -1.345301e+01 -7.641325e-02 -1.017265e-01 -9.918733e-01 2.036677e+02
-9.975916e-01 5.305724e-02 4.467599e-02 2.215957e+02 4.826021e-02 9.935773e-01 -1.023479e-01 -1.356285e+01 -4.981935e-02 -9.994532e-02 -9.937449e-01 2.026009e+02
-9.984912e-01 5.143962e-02 1.921879e-02 2.215051e+02 4.929750e-02 9.938726e-01 -9.892972e-02 -1.365901e+01 -2.418994e-02 -9.783301e-02 -9.949088e-01 2.019676e+02
-9.986836e-01 5.106377e-02 -4.846121e-03 2.215208e+02 5.129314e-02 9.940559e-01 -9.603049e-02 -1.378245e+01 -8.636402e-05 -9.615265e-02 -9.953666e-01 2.011325e+02
-9.984088e-01 4.936166e-02 -2.726336e-02 2.216113e+02 5.172016e-02 9.942347e-01 -9.392784e-02 -1.386226e+01 2.246974e-02 -9.518845e-02 -9.952056e-01 2.006439e+02
-9.976817e-01 4.900585e-02 -4.721910e-02 2.215526e+02 5.317913e-02 9.943741e-01 -9.160910e-02 -1.393975e+01 4.246406e-02 -9.390780e-02 -9.946749e-01 1.997095e+02
-9.966659e-01 4.698848e-02 -6.670258e-02 2.215368e+02 5.275927e-02 9.947603e-01 -8.756913e-02 -1.402293e+01 6.223834e-02 -9.079635e-02 -9.939227e-01 1.991078e+02
-9.952465e-01 4.284919e-02 -8.745516e-02 2.214972e+02 5.011787e-02 9.953147e-01 -8.268468e-02 -1.405604e+01 8.350244e-02 -8.667470e-02 -9.927310e-01 1.983688e+02
-9.933834e-01 4.148142e-02 -1.070925e-01 2.214050e+02 4.973103e-02 9.959013e-01 -7.554754e-02 -1.418523e+01 1.035198e-01 -8.037349e-02 -9.913747e-01 1.977196e+02
-9.912050e-01 4.004729e-02 -1.261306e-01 2.212169e+02 4.929822e-02 9.962504e-01 -7.109705e-02 -1.428463e+01 1.228104e-01 -7.668976e-02 -9.894626e-01 1.965126e+02
-9.888846e-01 3.585049e-02 -1.442982e-01 2.210683e+02 4.612542e-02 9.965841e-01 -6.850182e-02 -1.435597e+01 1.413495e-01 -7.439621e-02 -9.871603e-01 1.956277e+02
-9.864025e-01 3.354984e-02 -1.608865e-01 2.208899e+02 4.521501e-02 9.965637e-01 -6.940077e-02 -1.442346e+01 1.580052e-01 -7.573158e-02 -9.845299e-01 1.947514e+02
-9.838238e-01 3.133363e-02 -1.763774e-01 2.207425e+02 4.519327e-02 9.961500e-01 -7.511859e-02 -1.451972e+01 1.733446e-01 -8.187453e-02 -9.814521e-01 1.938683e+02
-9.814510e-01 2.831148e-02 -1.896112e-01 2.206185e+02 4.455650e-02 9.956385e-01 -8.196789e-02 -1.458833e+01 1.864636e-01 -8.889588e-02 -9.784318e-01 1.930750e+02
-9.791908e-01 2.569952e-02 -2.013082e-01 2.203929e+02 4.389208e-02 9.952901e-01 -8.643585e-02 -1.470485e+01 1.981387e-01 -9.347302e-02 -9.757068e-01 1.921341e+02
-9.773479e-01 2.882511e-02 -2.096670e-01 2.201127e+02 4.737921e-02 9.953374e-01 -8.401542e-02 -1.480659e+01 2.062676e-01 -9.204615e-02 -9.741566e-01 1.912127e+02
-9.757438e-01 3.321007e-02 -2.163818e-01 2.198756e+02 5.173101e-02 9.954114e-01 -8.049903e-02 -1.489655e+01 2.127155e-01 -8.974009e-02 -9.729845e-01 1.903009e+02
-9.741219e-01 4.024207e-02 -2.224121e-01 2.196490e+02 5.899718e-02 9.951800e-01 -7.833358e-02 -1.502455e+01 2.181878e-01 -8.942814e-02 -9.718008e-01 1.893588e+02
-9.726731e-01 4.167807e-02 -2.284073e-01 2.195946e+02 6.165344e-02 9.948032e-01 -8.102703e-02 -1.504667e+01 2.238433e-01 -9.289491e-02 -9.701880e-01 1.887132e+02
-9.717822e-01 4.234314e-02 -2.320482e-01 2.193821e+02 6.261193e-02 9.947709e-01 -8.068770e-02 -1.512782e+01 2.274182e-01 -9.293986e-02 -9.693519e-01 1.878571e+02
-9.709406e-01 4.273846e-02 -2.354733e-01 2.191450e+02 6.370587e-02 9.945805e-01 -8.216546e-02 -1.523905e+01 2.306856e-01 -9.477882e-02 -9.684013e-01 1.869534e+02
-9.701937e-01 4.667733e-02 -2.377926e-01 2.189573e+02 6.799387e-02 9.942903e-01 -8.224148e-02 -1.529316e+01 2.325961e-01 -9.595861e-02 -9.678280e-01 1.860916e+02
-9.698339e-01 4.784769e-02 -2.390249e-01 2.187415e+02 6.963641e-02 9.940670e-01 -8.355590e-02 -1.537111e+01 2.336088e-01 -9.768017e-02 -9.674118e-01 1.851610e+02
-9.701563e-01 5.025379e-02 -2.372158e-01 2.185552e+02 7.166030e-02 9.940119e-01 -8.249379e-02 -1.542000e+01 2.316497e-01 -9.703083e-02 -9.679481e-01 1.845687e+02
-9.704659e-01 5.252762e-02 -2.354503e-01 2.183106e+02 7.375381e-02 9.938776e-01 -8.226589e-02 -1.557983e+01 2.296875e-01 -9.720160e-02 -9.683984e-01 1.833383e+02
-9.711022e-01 5.558733e-02 -2.321001e-01 2.181492e+02 7.658355e-02 9.936485e-01 -8.244800e-02 -1.562993e+01 2.260429e-01 -9.784049e-02 -9.691913e-01 1.825871e+02
-9.721479e-01 5.932353e-02 -2.267359e-01 2.178458e+02 7.956117e-02 9.935190e-01 -8.117890e-02 -1.577570e+01 2.204506e-01 -9.695727e-02 -9.705673e-01 1.814740e+02
-9.735592e-01 6.116643e-02 -2.200933e-01 2.177031e+02 8.061914e-02 9.934883e-01 -8.050845e-02 -1.579862e+01 2.137357e-01 -9.612348e-02 -9.721509e-01 1.809484e+02
-9.747054e-01 6.291617e-02 -2.144548e-01 2.175480e+02 8.161195e-02 9.934915e-01 -7.946164e-02 -1.588246e+01 2.080596e-01 -9.495377e-02 -9.734963e-01 1.801160e+02
-9.761334e-01 6.368152e-02 -2.076255e-01 2.174195e+02 8.163681e-02 9.935197e-01 -7.908263e-02 -1.598074e+01 2.012439e-01 -9.414507e-02 -9.750065e-01 1.795475e+02
-9.776104e-01 6.113575e-02 -2.013461e-01 2.172190e+02 7.862624e-02 9.936857e-01 -8.004186e-02 -1.606109e+01 1.951813e-01 -9.408085e-02 -9.762444e-01 1.784543e+02
-9.788667e-01 6.208223e-02 -1.948481e-01 2.170511e+02 7.897724e-02 9.936478e-01 -8.016671e-02 -1.617222e+01 1.886334e-01 -9.386109e-02 -9.775518e-01 1.775582e+02
-9.800831e-01 6.101436e-02 -1.889822e-01 2.168575e+02 7.739280e-02 9.937430e-01 -8.053025e-02 -1.628626e+01 1.828863e-01 -9.355220e-02 -9.786729e-01 1.765535e+02
-9.814142e-01 6.081692e-02 -1.820097e-01 2.166726e+02 7.649039e-02 9.938262e-01 -8.036546e-02 -1.633905e+01 1.759984e-01 -9.279380e-02 -9.800071e-01 1.758451e+02
-9.823924e-01 6.120890e-02 -1.765181e-01 2.165454e+02 7.618675e-02 9.939306e-01 -7.935664e-02 -1.642947e+01 1.705894e-01 -9.140770e-02 -9.810932e-01 1.751179e+02
-9.833868e-01 5.927225e-02 -1.715727e-01 2.164219e+02 7.360318e-02 9.942009e-01 -7.840330e-02 -1.650119e+01 1.659306e-01 -8.972907e-02 -9.820467e-01 1.744152e+02
-9.839123e-01 6.099037e-02 -1.679186e-01 2.163623e+02 7.480291e-02 9.942059e-01 -7.719525e-02 -1.658604e+01 1.622375e-01 -8.851416e-02 -9.827737e-01 1.737609e+02
-9.844532e-01 5.672294e-02 -1.662358e-01 2.162473e+02 7.029401e-02 9.945561e-01 -7.692098e-02 -1.667208e+01 1.609676e-01 -8.741049e-02 -9.830813e-01 1.729363e+02
-9.847731e-01 5.561559e-02 -1.647085e-01 2.161076e+02 6.915467e-02 9.945804e-01 -7.763705e-02 -1.675389e+01 1.594980e-01 -8.784524e-02 -9.832821e-01 1.722310e+02
-9.848387e-01 5.664304e-02 -1.639641e-01 2.160286e+02 7.016360e-02 9.944910e-01 -7.787579e-02 -1.682186e+01 1.586497e-01 -8.819941e-02 -9.833876e-01 1.716910e+02
-9.849336e-01 5.503190e-02 -1.639430e-01 2.158770e+02 6.872121e-02 9.945006e-01 -7.903094e-02 -1.688690e+01 1.586922e-01 -8.910659e-02 -9.832989e-01 1.709078e+02
-9.848308e-01 5.684098e-02 -1.639431e-01 2.157449e+02 7.056057e-02 9.943655e-01 -7.910980e-02 -1.697315e+01 1.585227e-01 -8.947769e-02 -9.832926e-01 1.701698e+02
-9.846392e-01 5.280056e-02 -1.664266e-01 2.156723e+02 6.649053e-02 9.947503e-01 -7.778686e-02 -1.708099e+01 1.614457e-01 -8.765778e-02 -9.829809e-01 1.695751e+02
-9.843997e-01 5.748770e-02 -1.662902e-01 2.154045e+02 7.125618e-02 9.943998e-01 -7.804912e-02 -1.712231e+01 1.608721e-01 -8.868073e-02 -9.829832e-01 1.689238e+02
-9.838480e-01 5.420200e-02 -1.706027e-01 2.153192e+02 6.831629e-02 9.946118e-01 -7.797587e-02 -1.721412e+01 1.654570e-01 -8.837135e-02 -9.822497e-01 1.681432e+02
-9.830519e-01 5.084656e-02 -1.761352e-01 2.152909e+02 6.540726e-02 9.948156e-01 -7.787073e-02 -1.728008e+01 1.712626e-01 -8.807149e-02 -9.812811e-01 1.676196e+02
-9.817906e-01 5.080991e-02 -1.830451e-01 2.152604e+02 6.618569e-02 9.946837e-01 -7.889151e-02 -1.726944e+01 1.780635e-01 -8.956991e-02 -9.799340e-01 1.669988e+02
-9.809434e-01 4.993464e-02 -1.877673e-01 2.150564e+02 6.538903e-02 9.948822e-01 -7.703075e-02 -1.744257e+01 1.829598e-01 -8.784072e-02 -9.791883e-01 1.664911e+02
-9.786759e-01 4.637619e-02 -2.001070e-01 2.151407e+02 6.328194e-02 9.948696e-01 -7.892899e-02 -1.745183e+01 1.954199e-01 -8.990905e-02 -9.765897e-01 1.657760e+02
-9.766713e-01 4.631377e-02 -2.096860e-01 2.149929e+02 6.397975e-02 9.948776e-01 -7.826299e-02 -1.753569e+01 2.049873e-01 -8.985288e-02 -9.746316e-01 1.652153e+02
-9.739544e-01 4.659852e-02 -2.219039e-01 2.147892e+02 6.523982e-02 9.948611e-01 -7.742792e-02 -1.759711e+01 2.171555e-01 -8.988824e-02 -9.719895e-01 1.646771e+02
-9.703347e-01 4.669670e-02 -2.372130e-01 2.146275e+02 6.636855e-02 9.949249e-01 -7.562825e-02 -1.770129e+01 2.324775e-01 -8.912820e-02 -9.685094e-01 1.641041e+02
-9.650881e-01 4.690598e-02 -2.576914e-01 2.144984e+02 6.829911e-02 9.948644e-01 -7.470007e-02 -1.774809e+01 2.528641e-01 -8.969224e-02 -9.633354e-01 1.635375e+02
-9.593102e-01 4.916833e-02 -2.780404e-01 2.142365e+02 7.196994e-02 9.947757e-01 -7.239968e-02 -1.785992e+01 2.730281e-01 -8.946430e-02 -9.578371e-01 1.630517e+02
-9.513439e-01 4.880312e-02 -3.042418e-01 2.141220e+02 7.416439e-02 9.946172e-01 -7.236159e-02 -1.787318e+01 2.990727e-01 -9.140466e-02 -9.498425e-01 1.623954e+02
-9.414689e-01 4.751826e-02 -3.337340e-01 2.139270e+02 7.552423e-02 9.945813e-01 -7.144291e-02 -1.792975e+01 3.285308e-01 -9.246628e-02 -9.399561e-01 1.619005e+02
-9.287033e-01 4.626225e-02 -3.679266e-01 2.137085e+02 7.730302e-02 9.945421e-01 -7.007325e-02 -1.799377e+01 3.626768e-01 -9.351909e-02 -9.272107e-01 1.614155e+02
-9.130311e-01 4.578626e-02 -4.053120e-01 2.134769e+02 8.060650e-02 9.943372e-01 -6.925345e-02 -1.805424e+01 3.998460e-01 -9.590134e-02 -9.115515e-01 1.608900e+02
-8.946952e-01 4.576509e-02 -4.443265e-01 2.131938e+02 8.481017e-02 9.940474e-01 -6.838796e-02 -1.810985e+01 4.385518e-01 -9.886979e-02 -8.932508e-01 1.604277e+02
-8.735731e-01 4.721044e-02 -4.843978e-01 2.129439e+02 9.106873e-02 9.935611e-01 -6.740067e-02 -1.814684e+01 4.780968e-01 -1.029929e-01 -8.722476e-01 1.600009e+02
-8.492725e-01 4.694581e-02 -5.258634e-01 2.126820e+02 9.541045e-02 9.932864e-01 -6.541403e-02 -1.821566e+01 5.192620e-01 -1.057272e-01 -8.480500e-01 1.595343e+02
-8.221987e-01 4.998963e-02 -5.670012e-01 2.123380e+02 1.024096e-01 9.928723e-01 -6.096589e-02 -1.821488e+01 5.599122e-01 -1.081925e-01 -8.214577e-01 1.590754e+02
-7.919596e-01 5.082980e-02 -6.084541e-01 2.119677e+02 1.064306e-01 9.927647e-01 -5.559447e-02 -1.823940e+01 6.012259e-01 -1.087867e-01 -7.916394e-01 1.586651e+02
-7.592873e-01 4.691290e-02 -6.490624e-01 2.116078e+02 1.049487e-01 9.931697e-01 -5.098700e-02 -1.828821e+01 6.422372e-01 -1.068320e-01 -7.590246e-01 1.583047e+02
-7.229005e-01 4.457871e-02 -6.895126e-01 2.112596e+02 1.039806e-01 9.935708e-01 -4.477878e-02 -1.830841e+01 6.830834e-01 -1.040665e-01 -7.228882e-01 1.578996e+02
-6.853705e-01 4.357894e-02 -7.268893e-01 2.107844e+02 1.044968e-01 9.937622e-01 -3.894940e-02 -1.839373e+01 7.206578e-01 -1.026524e-01 -6.856492e-01 1.574866e+02
-6.479539e-01 4.417582e-02 -7.603974e-01 2.106887e+02 1.064781e-01 9.937673e-01 -3.299909e-02 -1.836291e+01 7.542004e-01 -1.023476e-01 -6.486191e-01 1.575356e+02
-6.078279e-01 4.513123e-02 -7.927852e-01 2.101744e+02 1.095944e-01 9.935969e-01 -2.746302e-02 -1.833946e+01 7.864695e-01 -1.035776e-01 -6.088821e-01 1.572698e+02
-5.649215e-01 4.475890e-02 -8.239298e-01 2.097612e+02 1.077307e-01 9.939816e-01 -1.986803e-02 -1.853090e+01 8.180818e-01 -9.998642e-02 -5.663434e-01 1.571089e+02
-5.209089e-01 4.316431e-02 -8.525203e-01 2.093520e+02 1.043420e-01 9.944511e-01 -1.340478e-02 -1.844163e+01 8.472111e-01 -9.593630e-02 -5.225223e-01 1.568553e+02
-4.761255e-01 4.379716e-02 -8.782860e-01 2.089510e+02 1.016812e-01 9.948017e-01 -5.514769e-03 -1.845999e+01 8.734789e-01 -9.193093e-02 -4.781039e-01 1.566822e+02
-4.307676e-01 4.493664e-02 -9.013434e-01 2.088052e+02 1.023013e-01 9.947532e-01 7.020283e-04 -1.849742e+01 8.966458e-01 -9.190624e-02 -4.331045e-01 1.565166e+02
-3.859343e-01 4.460443e-02 -9.214473e-01 2.090924e+02 1.026019e-01 9.947090e-01 5.177564e-03 -1.856361e+01 9.168029e-01 -9.254403e-02 -3.884688e-01 1.563865e+02
-3.436935e-01 4.347441e-02 -9.380750e-01 2.085747e+02 1.023344e-01 9.947128e-01 8.605802e-03 -1.852068e+01 9.334894e-01 -9.303957e-02 -3.463253e-01 1.563133e+02
-3.018851e-01 4.396521e-02 -9.523300e-01 2.081149e+02 9.804235e-02 9.950713e-01 1.485934e-02 -1.848651e+01 9.482896e-01 -8.888286e-02 -3.047076e-01 1.561655e+02
-2.635127e-01 4.856680e-02 -9.634326e-01 2.076691e+02 1.024614e-01 9.944913e-01 2.210780e-02 -1.855204e+01 9.591990e-01 -9.288898e-02 -2.670373e-01 1.560269e+02
-2.297634e-01 5.278211e-02 -9.718142e-01 2.071448e+02 1.024806e-01 9.942893e-01 2.977358e-02 -1.854785e+01 9.678360e-01 -9.275124e-02 -2.338605e-01 1.559391e+02
-1.997850e-01 5.554734e-02 -9.782640e-01 2.066148e+02 1.033240e-01 9.940197e-01 3.534073e-02 -1.852383e+01 9.743768e-01 -9.401763e-02 -2.043296e-01 1.558480e+02
-1.729062e-01 5.688370e-02 -9.832943e-01 2.060648e+02 1.012683e-01 9.940667e-01 3.969949e-02 -1.855037e+01 9.797184e-01 -9.271222e-02 -1.776408e-01 1.557819e+02
-1.490502e-01 5.379708e-02 -9.873651e-01 2.055041e+02 9.782447e-02 9.944229e-01 3.941428e-02 -1.853514e+01 9.839789e-01 -9.071376e-02 -1.534816e-01 1.557151e+02
-1.276055e-01 5.010992e-02 -9.905583e-01 2.049934e+02 9.612800e-02 9.946459e-01 3.793332e-02 -1.853489e+01 9.871556e-01 -9.037989e-02 -1.317393e-01 1.556281e+02
-1.092753e-01 4.652433e-02 -9.929221e-01 2.043252e+02 9.313693e-02 9.949888e-01 3.637105e-02 -1.849709e+01 9.896385e-01 -8.850327e-02 -1.130608e-01 1.555622e+02
-9.488568e-02 4.465525e-02 -9.944861e-01 2.036107e+02 8.908615e-02 9.953661e-01 3.619489e-02 -1.847579e+01 9.914940e-01 -8.516056e-02 -9.842415e-02 1.555616e+02
-8.225679e-02 4.461052e-02 -9.956122e-01 2.029736e+02 8.798687e-02 9.954218e-01 3.733257e-02 -1.845601e+01 9.927196e-01 -8.452994e-02 -8.580534e-02 1.555255e+02
-6.693073e-02 4.609186e-02 -9.966924e-01 2.025744e+02 8.637225e-02 9.954502e-01 4.023427e-02 -1.842534e+01 9.940121e-01 -8.339366e-02 -7.060727e-02 1.553374e+02
-5.428787e-02 4.820542e-02 -9.973610e-01 2.020145e+02 8.429225e-02 9.954899e-01 4.352683e-02 -1.840619e+01 9.949611e-01 -8.170682e-02 -5.810638e-02 1.552721e+02
-4.238408e-02 4.867251e-02 -9.979151e-01 2.013722e+02 8.463805e-02 9.953971e-01 4.495490e-02 -1.840463e+01 9.955099e-01 -8.255622e-02 -4.630854e-02 1.552386e+02
-3.274040e-02 4.843614e-02 -9.982895e-01 2.005541e+02 8.040052e-02 9.957156e-01 4.567440e-02 -1.835451e+01 9.962248e-01 -7.876760e-02 -3.649442e-02 1.552639e+02
-2.477206e-02 4.737968e-02 -9.985697e-01 1.998336e+02 8.187734e-02 9.956165e-01 4.520838e-02 -1.831883e+01 9.963345e-01 -8.064032e-02 -2.854280e-02 1.552629e+02
-2.020665e-02 4.772059e-02 -9.986563e-01 1.990943e+02 8.504593e-02 9.953220e-01 4.584045e-02 -1.832394e+01 9.961721e-01 -8.400537e-02 -2.417056e-02 1.552613e+02
-1.757949e-02 4.652379e-02 -9.987625e-01 1.983330e+02 8.268006e-02 9.955633e-01 4.491949e-02 -1.826672e+01 9.964211e-01 -8.178808e-02 -2.134808e-02 1.552479e+02
-1.700568e-02 4.579780e-02 -9.988060e-01 1.975752e+02 8.265200e-02 9.955959e-01 4.424338e-02 -1.824937e+01 9.964334e-01 -8.180092e-02 -2.071607e-02 1.552358e+02
-1.837669e-02 4.616055e-02 -9.987650e-01 1.967759e+02 8.204211e-02 9.956346e-01 4.450634e-02 -1.823020e+01 9.964594e-01 -8.112291e-02 -2.208358e-02 1.552144e+02
-1.870028e-02 4.659517e-02 -9.987388e-01 1.960796e+02 7.903860e-02 9.958562e-01 4.498077e-02 -1.820035e+01 9.966961e-01 -7.809777e-02 -2.230561e-02 1.551932e+02
-1.822169e-02 4.692914e-02 -9.987320e-01 1.953185e+02 7.647843e-02 9.960368e-01 4.540715e-02 -1.818283e+01 9.969047e-01 -7.555406e-02 -2.173854e-02 1.551540e+02
-1.787215e-02 4.637178e-02 -9.987644e-01 1.944435e+02 7.447837e-02 9.962104e-01 4.492047e-02 -1.813442e+01 9.970625e-01 -7.358351e-02 -2.125812e-02 1.551405e+02
-1.685046e-02 4.729984e-02 -9.987386e-01 1.937090e+02 7.533016e-02 9.961015e-01 4.590400e-02 -1.818272e+01 9.970163e-01 -7.446164e-02 -2.034787e-02 1.551267e+02
-1.476776e-02 4.725572e-02 -9.987737e-01 1.929752e+02 7.446526e-02 9.961607e-01 4.603105e-02 -1.815712e+01 9.971143e-01 -7.369417e-02 -1.822997e-02 1.550556e+02
-1.356895e-02 4.801665e-02 -9.987544e-01 1.920554e+02 7.502229e-02 9.960798e-01 4.686883e-02 -1.814119e+01 9.970895e-01 -7.429288e-02 -1.711808e-02 1.550765e+02
-1.156089e-02 4.851157e-02 -9.987557e-01 1.913133e+02 7.466376e-02 9.960760e-01 4.751715e-02 -1.813026e+01 9.971417e-01 -7.402152e-02 -1.513758e-02 1.550003e+02
-1.044632e-02 4.892006e-02 -9.987481e-01 1.904134e+02 7.379091e-02 9.961170e-01 4.801937e-02 -1.808992e+01 9.972190e-01 -7.319690e-02 -1.401562e-02 1.550115e+02
-8.064910e-03 4.964140e-02 -9.987345e-01 1.895801e+02 7.347015e-02 9.960970e-01 4.891703e-02 -1.807135e+01 9.972648e-01 -7.298267e-02 -1.168059e-02 1.549709e+02
-6.131046e-03 5.086952e-02 -9.986865e-01 1.887696e+02 7.356395e-02 9.960221e-01 5.028219e-02 -1.807122e+01 9.972717e-01 -7.315904e-02 -9.848820e-03 1.549424e+02
-3.605811e-03 5.044606e-02 -9.987203e-01 1.878665e+02 7.226168e-02 9.961289e-01 5.005427e-02 -1.801529e+01 9.973792e-01 -7.198872e-02 -7.237169e-03 1.549414e+02
3.545442e-04 5.087304e-02 -9.987051e-01 1.869813e+02 7.139446e-02 9.961553e-01 5.076851e-02 -1.799944e+01 9.974481e-01 -7.132000e-02 -3.278872e-03 1.548995e+02
3.283739e-03 5.020249e-02 -9.987337e-01 1.860677e+02 7.117771e-02 9.961941e-01 5.030886e-02 -1.794089e+01 9.974582e-01 -7.125278e-02 -3.020567e-04 1.549108e+02
6.984941e-03 5.014198e-02 -9.987177e-01 1.851274e+02 6.906225e-02 9.963331e-01 5.050528e-02 -1.789407e+01 9.975879e-01 -6.932646e-02 3.496410e-03 1.548976e+02
9.628983e-03 5.010781e-02 -9.986974e-01 1.842486e+02 7.126307e-02 9.961698e-01 5.066808e-02 -1.787170e+01 9.974111e-01 -7.165813e-02 6.021266e-03 1.549004e+02
1.052403e-02 5.088275e-02 -9.986492e-01 1.831871e+02 7.419483e-02 9.959118e-01 5.152516e-02 -1.785652e+01 9.971882e-01 -7.463686e-02 6.705770e-03 1.549334e+02
1.074118e-02 5.080433e-02 -9.986509e-01 1.822322e+02 7.476517e-02 9.958721e-01 5.146712e-02 -1.781123e+01 9.971433e-01 -7.521712e-02 6.898448e-03 1.549397e+02
1.066201e-02 5.140184e-02 -9.986211e-01 1.812807e+02 7.567850e-02 9.957722e-01 5.206319e-02 -1.779059e+01 9.970753e-01 -7.612924e-02 6.726916e-03 1.549223e+02
1.021478e-02 5.112291e-02 -9.986401e-01 1.803260e+02 7.566388e-02 9.957895e-01 5.175092e-02 -1.775595e+01 9.970811e-01 -7.608961e-02 6.303613e-03 1.549296e+02
8.551435e-03 5.186176e-02 -9.986177e-01 1.793054e+02 7.456577e-02 9.958407e-01 5.235608e-02 -1.774017e+01 9.971794e-01 -7.491042e-02 4.648755e-03 1.549653e+02
8.778212e-03 5.172854e-02 -9.986226e-01 1.784125e+02 7.450538e-02 9.958514e-01 5.223991e-02 -1.770154e+01 9.971820e-01 -7.486133e-02 4.887740e-03 1.549386e+02
7.616614e-03 5.297512e-02 -9.985668e-01 1.774627e+02 7.434534e-02 9.958020e-01 5.339551e-02 -1.769792e+01 9.972035e-01 -7.464548e-02 3.646187e-03 1.549318e+02
7.263919e-03 5.321534e-02 -9.985566e-01 1.765739e+02 7.341637e-02 9.958597e-01 5.360568e-02 -1.767458e+01 9.972749e-01 -7.369979e-02 3.326966e-03 1.549109e+02
5.669982e-03 5.440018e-02 -9.985031e-01 1.755343e+02 7.155998e-02 9.959371e-01 5.466673e-02 -1.765528e+01 9.974202e-01 -7.176282e-02 1.754069e-03 1.549431e+02
5.135672e-03 5.269389e-02 -9.985975e-01 1.744803e+02 7.103610e-02 9.960686e-01 5.292578e-02 -1.757537e+01 9.974605e-01 -7.120828e-02 1.372313e-03 1.549710e+02
4.891960e-03 5.132433e-02 -9.986701e-01 1.735084e+02 7.294899e-02 9.960028e-01 5.154459e-02 -1.757017e+01 9.973237e-01 -7.310413e-02 1.128347e-03 1.549823e+02
3.462323e-03 5.119193e-02 -9.986828e-01 1.722915e+02 6.555437e-02 9.965290e-01 5.130879e-02 -1.759842e+01 9.978430e-01 -6.564567e-02 9.445114e-05 1.550653e+02
5.109168e-03 5.325918e-02 -9.985677e-01 1.716159e+02 6.749622e-02 9.962850e-01 5.348278e-02 -1.756064e+01 9.977064e-01 -6.767279e-02 1.495394e-03 1.550276e+02
5.790877e-03 5.744907e-02 -9.983316e-01 1.706668e+02 6.670623e-02 9.961025e-01 5.770772e-02 -1.752709e+01 9.977559e-01 -6.692912e-02 1.936096e-03 1.550192e+02
6.472864e-03 5.927254e-02 -9.982209e-01 1.696389e+02 6.767543e-02 9.959271e-01 5.957518e-02 -1.750333e+01 9.976864e-01 -6.794065e-02 2.435207e-03 1.550238e+02
6.706276e-03 5.854178e-02 -9.982624e-01 1.686535e+02 6.807855e-02 9.959420e-01 5.886305e-02 -1.748078e+01 9.976574e-01 -6.835501e-02 2.693623e-03 1.550009e+02
8.058147e-03 5.790081e-02 -9.982898e-01 1.677079e+02 6.668650e-02 9.960687e-01 5.831028e-02 -1.744737e+01 9.977414e-01 -6.704233e-02 4.165265e-03 1.549632e+02
8.172696e-03 5.754446e-02 -9.983095e-01 1.667948e+02 6.725772e-02 9.960504e-01 5.796485e-02 -1.740311e+01 9.977022e-01 -6.761775e-02 4.270108e-03 1.549700e+02
8.257083e-03 5.737093e-02 -9.983188e-01 1.657863e+02 6.767656e-02 9.960317e-01 5.779925e-02 -1.734430e+01 9.976731e-01 -6.804003e-02 4.341649e-03 1.549849e+02
8.384125e-03 5.803133e-02 -9.982796e-01 1.648315e+02 6.723232e-02 9.960229e-01 5.846480e-02 -1.731608e+01 9.977021e-01 -6.760682e-02 4.449200e-03 1.549959e+02
9.930903e-03 5.782960e-02 -9.982771e-01 1.638301e+02 6.670187e-02 9.960645e-01 5.836498e-02 -1.728305e+01 9.977235e-01 -6.716656e-02 6.034478e-03 1.549317e+02
9.775559e-03 5.615432e-02 -9.983742e-01 1.629037e+02 6.727129e-02 9.961231e-01 5.668638e-02 -1.722278e+01 9.976868e-01 -6.771606e-02 5.960087e-03 1.549513e+02
1.034552e-02 5.460261e-02 -9.984546e-01 1.619129e+02 6.834304e-02 9.961345e-01 5.518387e-02 -1.718371e+01 9.976082e-01 -6.880833e-02 6.573821e-03 1.549411e+02
1.065741e-02 5.420726e-02 -9.984728e-01 1.609675e+02 6.741794e-02 9.962185e-01 5.480447e-02 -1.715598e+01 9.976679e-01 -6.789906e-02 6.962568e-03 1.549079e+02
8.926231e-03 5.401095e-02 -9.985004e-01 1.600031e+02 6.705736e-02 9.962601e-01 5.448924e-02 -1.711869e+01 9.977092e-01 -6.744319e-02 5.271016e-03 1.549705e+02
9.233893e-03 5.431374e-02 -9.984812e-01 1.590823e+02 6.822249e-02 9.961629e-01 5.481856e-02 -1.710982e+01 9.976274e-01 -6.862506e-02 5.493043e-03 1.549527e+02
9.071929e-03 5.357603e-02 -9.985226e-01 1.580364e+02 6.825166e-02 9.962018e-01 5.407159e-02 -1.704407e+01 9.976269e-01 -6.864135e-02 5.380819e-03 1.549848e+02
9.857266e-03 5.583927e-02 -9.983911e-01 1.572044e+02 7.070286e-02 9.959018e-01 5.639810e-02 -1.707333e+01 9.974487e-01 -7.114504e-02 5.868873e-03 1.549291e+02
9.789011e-03 5.548070e-02 -9.984118e-01 1.562438e+02 7.026148e-02 9.959536e-01 5.603299e-02 -1.701143e+01 9.974806e-01 -7.069840e-02 5.851245e-03 1.549136e+02
1.047858e-02 5.391750e-02 -9.984904e-01 1.553064e+02 6.931973e-02 9.961038e-01 5.451609e-02 -1.693830e+01 9.975395e-01 -6.978634e-02 6.700204e-03 1.548971e+02
1.177666e-02 5.547962e-02 -9.983904e-01 1.543601e+02 7.015250e-02 9.959535e-01 5.617170e-02 -1.699557e+01 9.974668e-01 -7.070110e-02 7.836976e-03 1.549017e+02
1.416677e-02 5.368837e-02 -9.984572e-01 1.534120e+02 6.920238e-02 9.961104e-01 5.454407e-02 -1.694643e+01 9.975020e-01 -6.986833e-02 1.039630e-02 1.549060e+02
1.656811e-02 5.181292e-02 -9.985194e-01 1.524978e+02 6.954504e-02 9.961781e-01 5.284537e-02 -1.688192e+01 9.974412e-01 -7.031761e-02 1.290146e-02 1.549033e+02
1.854689e-02 5.261057e-02 -9.984429e-01 1.514353e+02 6.956015e-02 9.961270e-01 5.378067e-02 -1.685856e+01 9.974053e-01 -7.044930e-02 1.481546e-02 1.549265e+02
2.105743e-02 5.338837e-02 -9.983518e-01 1.504825e+02 7.057130e-02 9.960030e-01 5.475127e-02 -1.682430e+01 9.972845e-01 -7.160791e-02 1.720557e-02 1.549271e+02
2.330757e-02 5.287328e-02 -9.983292e-01 1.495217e+02 7.143155e-02 9.959601e-01 5.441549e-02 -1.677761e+01 9.971731e-01 -7.258050e-02 1.943659e-02 1.549358e+02
2.412652e-02 5.288791e-02 -9.983090e-01 1.485092e+02 7.157192e-02 9.959458e-01 5.449242e-02 -1.672671e+01 9.971436e-01 -7.276560e-02 2.024342e-02 1.549717e+02
2.482426e-02 5.348584e-02 -9.982600e-01 1.474017e+02 7.454415e-02 9.956887e-01 5.520180e-02 -1.668502e+01 9.969087e-01 -7.578479e-02 2.073018e-02 1.550589e+02
2.577241e-02 5.598629e-02 -9.980989e-01 1.464016e+02 7.750307e-02 9.953134e-01 5.783129e-02 -1.661953e+01 9.966589e-01 -7.884618e-02 2.131252e-02 1.550568e+02
2.554481e-02 5.658700e-02 -9.980708e-01 1.456591e+02 7.558163e-02 9.954296e-01 5.837171e-02 -1.660657e+01 9.968124e-01 -7.692692e-02 2.115113e-02 1.549950e+02
2.543475e-02 5.405019e-02 -9.982142e-01 1.447017e+02 7.668486e-02 9.954896e-01 5.585660e-02 -1.658012e+01 9.967309e-01 -7.796861e-02 2.117520e-02 1.550143e+02
2.329779e-02 5.008603e-02 -9.984731e-01 1.430636e+02 7.577542e-02 9.957827e-01 5.171917e-02 -1.651136e+01 9.968527e-01 -7.686466e-02 1.940425e-02 1.552514e+02
2.376790e-02 4.849592e-02 -9.985406e-01 1.430016e+02 7.787597e-02 9.956978e-01 5.021151e-02 -1.651993e+01 9.966797e-01 -7.895573e-02 1.988898e-02 1.549626e+02
2.190023e-02 4.847651e-02 -9.985842e-01 1.422550e+02 7.704275e-02 9.957718e-01 5.002963e-02 -1.651377e+01 9.967872e-01 -7.802934e-02 1.807286e-02 1.548924e+02
1.917016e-02 4.973821e-02 -9.985783e-01 1.414624e+02 7.860337e-02 9.955955e-01 5.109863e-02 -1.650789e+01 9.967216e-01 -7.947119e-02 1.517613e-02 1.548380e+02
1.419894e-02 4.940166e-02 -9.986781e-01 1.405233e+02 7.500697e-02 9.959120e-01 5.033127e-02 -1.639259e+01 9.970819e-01 -7.562246e-02 1.043543e-02 1.548797e+02
9.944929e-03 4.948502e-02 -9.987254e-01 1.396918e+02 7.808779e-02 9.956862e-01 5.011200e-02 -1.638168e+01 9.968969e-01 -7.848661e-02 6.037854e-03 1.548263e+02
3.381063e-03 4.938611e-02 -9.987740e-01 1.382501e+02 7.528515e-02 9.959327e-01 4.950047e-02 -1.632024e+01 9.971563e-01 -7.536022e-02 -3.507292e-04 1.549782e+02
-1.790837e-03 4.961139e-02 -9.987670e-01 1.372178e+02 7.567132e-02 9.959117e-01 4.933387e-02 -1.630033e+01 9.971312e-01 -7.548967e-02 -5.537674e-03 1.549290e+02
-7.160083e-03 5.141172e-02 -9.986519e-01 1.359626e+02 7.257406e-02 9.960706e-01 5.075849e-02 -1.624745e+01 9.973373e-01 -7.211279e-02 -1.086311e-02 1.549789e+02
-1.157066e-02 5.166143e-02 -9.985976e-01 1.350421e+02 7.066240e-02 9.962100e-01 5.071915e-02 -1.618724e+01 9.974332e-01 -6.997645e-02 -1.517733e-02 1.548970e+02
-1.533473e-02 5.032416e-02 -9.986152e-01 1.338406e+02 6.947201e-02 9.963727e-01 4.914434e-02 -1.611117e+01 9.974660e-01 -6.862219e-02 -1.877522e-02 1.548706e+02
-1.782351e-02 4.707276e-02 -9.987324e-01 1.328237e+02 7.014505e-02 9.964887e-01 4.571519e-02 -1.609864e+01 9.973776e-01 -6.924133e-02 -2.106285e-02 1.548292e+02
-2.095554e-02 4.391887e-02 -9.988153e-01 1.313820e+02 6.948813e-02 9.966827e-01 4.236721e-02 -1.608683e+01 9.973627e-01 -6.851798e-02 -2.393787e-02 1.549239e+02
-2.156489e-02 4.208694e-02 -9.988812e-01 1.304731e+02 7.103281e-02 9.966531e-01 4.045953e-02 -1.602407e+01 9.972408e-01 -7.008083e-02 -2.448227e-02 1.548211e+02
-2.297774e-02 4.243967e-02 -9.988348e-01 1.294169e+02 7.085515e-02 9.966552e-01 4.071708e-02 -1.599181e+01 9.972219e-01 -6.983700e-02 -2.590795e-02 1.547750e+02
-2.460863e-02 4.355989e-02 -9.987477e-01 1.275731e+02 7.593187e-02 9.962457e-01 4.157985e-02 -1.593118e+01 9.968093e-01 -7.481355e-02 -2.782382e-02 1.550342e+02
-2.395589e-02 4.738366e-02 -9.985895e-01 1.269439e+02 7.767801e-02 9.959445e-01 4.539468e-02 -1.595273e+01 9.966906e-01 -7.648097e-02 -2.753940e-02 1.547963e+02
-2.477878e-02 5.117889e-02 -9.983821e-01 1.257066e+02 8.015900e-02 9.955747e-01 4.904552e-02 -1.592751e+01 9.964741e-01 -7.881402e-02 -2.877158e-02 1.548093e+02
-2.573482e-02 5.307047e-02 -9.982591e-01 1.244554e+02 8.029909e-02 9.954728e-01 5.085226e-02 -1.591726e+01 9.964385e-01 -7.885063e-02 -2.987983e-02 1.547965e+02
-2.617106e-02 5.300739e-02 -9.982511e-01 1.234790e+02 7.789631e-02 9.956650e-01 5.082786e-02 -1.584518e+01 9.966179e-01 -7.642986e-02 -3.018669e-02 1.547225e+02
-2.610254e-02 5.423546e-02 -9.981869e-01 1.224170e+02 7.770887e-02 9.956157e-01 5.206367e-02 -1.582299e+01 9.966343e-01 -7.620898e-02 -3.020267e-02 1.546575e+02
-2.661167e-02 5.377380e-02 -9.981985e-01 1.211987e+02 7.235932e-02 9.960363e-01 5.172824e-02 -1.573990e+01 9.970235e-01 -7.085238e-02 -3.039722e-02 1.546256e+02
-2.644672e-02 5.370214e-02 -9.982067e-01 1.204525e+02 7.925862e-02 9.955251e-01 5.145797e-02 -1.577869e+01 9.965032e-01 -7.775559e-02 -3.058473e-02 1.545285e+02
-2.616267e-02 5.231136e-02 -9.982881e-01 1.193856e+02 7.782616e-02 9.957055e-01 5.013640e-02 -1.574374e+01 9.966236e-01 -7.638122e-02 -3.012151e-02 1.544625e+02
-2.536273e-02 5.158243e-02 -9.983466e-01 1.182574e+02 7.586122e-02 9.958876e-01 4.952814e-02 -1.570816e+01 9.967958e-01 -7.447962e-02 -2.917153e-02 1.544213e+02
-2.414364e-02 5.077254e-02 -9.984184e-01 1.171123e+02 7.790759e-02 9.957678e-01 4.875380e-02 -1.566287e+01 9.966682e-01 -7.660727e-02 -2.799703e-02 1.543393e+02
-2.391923e-02 5.084322e-02 -9.984202e-01 1.160186e+02 7.802840e-02 9.957542e-01 4.883813e-02 -1.562564e+01 9.966642e-01 -7.673696e-02 -2.778489e-02 1.543048e+02
-2.342549e-02 5.014791e-02 -9.984670e-01 1.149576e+02 7.906832e-02 9.957055e-01 4.815415e-02 -1.558096e+01 9.965939e-01 -7.781907e-02 -2.729000e-02 1.542604e+02
-2.237405e-02 4.978372e-02 -9.985094e-01 1.137093e+02 7.990574e-02 9.956532e-01 4.785083e-02 -1.553837e+01 9.965513e-01 -7.871601e-02 -2.625480e-02 1.541991e+02
-2.211932e-02 5.010346e-02 -9.984991e-01 1.125968e+02 7.938982e-02 9.956775e-01 4.820319e-02 -1.552183e+01 9.965982e-01 -7.820444e-02 -2.600142e-02 1.541710e+02
-2.143812e-02 4.911197e-02 -9.985632e-01 1.115117e+02 7.884779e-02 9.957648e-01 4.728156e-02 -1.546205e+01 9.966561e-01 -7.772088e-02 -2.521969e-02 1.541289e+02
-2.147008e-02 5.109806e-02 -9.984628e-01 1.103957e+02 7.765477e-02 9.957611e-01 4.928998e-02 -1.545538e+01 9.967491e-01 -7.647714e-02 -2.534708e-02 1.541031e+02
-2.167622e-02 5.094723e-02 -9.984661e-01 1.092874e+02 7.706256e-02 9.958146e-01 4.913894e-02 -1.541350e+01 9.967906e-01 -7.587920e-02 -2.551162e-02 1.540724e+02
-2.220342e-02 5.007614e-02 -9.984986e-01 1.081337e+02 7.676398e-02 9.958817e-01 4.823792e-02 -1.539136e+01 9.968020e-01 -7.557768e-02 -2.595602e-02 1.540509e+02
-2.225706e-02 4.999458e-02 -9.985015e-01 1.069641e+02 7.744283e-02 9.958341e-01 4.813479e-02 -1.536010e+01 9.967483e-01 -7.625544e-02 -2.603606e-02 1.540356e+02
-2.319143e-02 5.200635e-02 -9.983774e-01 1.058284e+02 7.580260e-02 9.958627e-01 5.011453e-02 -1.532716e+01 9.968531e-01 -7.451738e-02 -2.703770e-02 1.540137e+02
-2.331429e-02 5.425084e-02 -9.982551e-01 1.047887e+02 7.622365e-02 9.957164e-01 5.233266e-02 -1.528399e+01 9.968181e-01 -7.487055e-02 -2.734962e-02 1.539525e+02
-2.439749e-02 5.427015e-02 -9.982282e-01 1.036558e+02 7.804938e-02 9.955810e-01 5.221864e-02 -1.526389e+01 9.966509e-01 -7.663708e-02 -2.852543e-02 1.539245e+02
-2.455235e-02 5.343580e-02 -9.982694e-01 1.026067e+02 7.655644e-02 9.957386e-01 5.141743e-02 -1.521856e+01 9.967629e-01 -7.516153e-02 -2.853858e-02 1.538750e+02
-2.494574e-02 5.330672e-02 -9.982665e-01 1.014062e+02 7.643796e-02 9.957557e-01 5.126253e-02 -1.518278e+01 9.967622e-01 -7.502668e-02 -2.891452e-02 1.538817e+02
-2.360074e-02 5.493604e-02 -9.982109e-01 1.004579e+02 7.312619e-02 9.959091e-01 5.308044e-02 -1.513380e+01 9.970434e-01 -7.174263e-02 -2.752145e-02 1.538598e+02
-2.124231e-02 5.383678e-02 -9.983238e-01 9.938960e+01 6.781701e-02 9.963268e-01 5.228607e-02 -1.510495e+01 9.974716e-01 -6.659266e-02 -2.481533e-02 1.538106e+02
-1.884991e-02 4.956539e-02 -9.985930e-01 9.836460e+01 6.621727e-02 9.966395e-01 4.821848e-02 -1.504966e+01 9.976272e-01 -6.521519e-02 -2.206865e-02 1.537558e+02
-1.519631e-02 4.468514e-02 -9.988855e-01 9.723847e+01 6.227624e-02 9.971036e-01 4.365801e-02 -1.501898e+01 9.979433e-01 -6.154340e-02 -1.793512e-02 1.537203e+02
-1.231451e-02 4.344847e-02 -9.989798e-01 9.609557e+01 6.170751e-02 9.971843e-01 4.260970e-02 -1.497854e+01 9.980183e-01 -6.111983e-02 -1.496094e-02 1.537365e+02
-8.436553e-03 4.571535e-02 -9.989189e-01 9.511872e+01 5.994176e-02 9.971812e-01 4.512958e-02 -1.494006e+01 9.981662e-01 -5.949622e-02 -1.115303e-02 1.536573e+02
-5.303827e-03 4.819286e-02 -9.988240e-01 9.399867e+01 6.290510e-02 9.968759e-01 4.776483e-02 -1.488896e+01 9.980054e-01 -6.257778e-02 -8.318833e-03 1.537086e+02
-1.749169e-03 5.030991e-02 -9.987321e-01 9.293568e+01 6.216658e-02 9.968074e-01 5.010407e-02 -1.484750e+01 9.980643e-01 -6.200012e-02 -4.871180e-03 1.536946e+02
1.299526e-03 5.154938e-02 -9.986696e-01 9.140118e+01 6.042384e-02 9.968416e-01 5.153365e-02 -1.475554e+01 9.981720e-01 -6.041042e-02 -1.819389e-03 1.537560e+02
4.825869e-03 5.113551e-02 -9.986801e-01 9.042404e+01 6.248213e-02 9.967249e-01 5.133733e-02 -1.459161e+01 9.980344e-01 -6.264740e-02 1.615008e-03 1.536956e+02
7.525301e-03 5.201862e-02 -9.986178e-01 8.918612e+01 6.123457e-02 9.967479e-01 5.238267e-02 -1.458227e+01 9.980950e-01 -6.154412e-02 4.315490e-03 1.537205e+02
1.018248e-02 5.171050e-02 -9.986102e-01 8.822401e+01 6.181344e-02 9.967195e-01 5.224288e-02 -1.457614e+01 9.980358e-01 -6.225949e-02 6.952677e-03 1.537216e+02
1.155787e-02 4.839534e-02 -9.987614e-01 8.687928e+01 6.184138e-02 9.968815e-01 4.901989e-02 -1.452564e+01 9.980191e-01 -6.233134e-02 8.528993e-03 1.537354e+02
1.274162e-02 4.432863e-02 -9.989357e-01 8.560279e+01 6.388484e-02 9.969397e-01 4.505492e-02 -1.444680e+01 9.978759e-01 -6.439092e-02 9.870703e-03 1.537942e+02
1.553728e-02 4.182892e-02 -9.990040e-01 8.458558e+01 6.536180e-02 9.969451e-01 4.275927e-02 -1.438879e+01 9.977407e-01 -6.596106e-02 1.275580e-02 1.537184e+02
1.569128e-02 4.355244e-02 -9.989279e-01 8.360497e+01 6.357640e-02 9.969858e-01 4.446643e-02 -1.436163e+01 9.978536e-01 -6.420597e-02 1.287508e-02 1.537066e+02
1.580236e-02 4.554656e-02 -9.988372e-01 8.252823e+01 6.795041e-02 9.966036e-01 4.651973e-02 -1.434074e+01 9.975635e-01 -6.860652e-02 1.265378e-02 1.536883e+02
1.504217e-02 4.641078e-02 -9.988092e-01 8.127719e+01 7.017764e-02 9.964098e-01 4.735617e-02 -1.430561e+01 9.974211e-01 -7.080641e-02 1.173117e-02 1.537475e+02
1.425833e-02 4.537544e-02 -9.988682e-01 8.026862e+01 7.191731e-02 9.963360e-01 4.628699e-02 -1.426006e+01 9.973087e-01 -7.249589e-02 1.094280e-02 1.537424e+02
1.317327e-02 4.687925e-02 -9.988137e-01 7.912262e+01 7.441021e-02 9.960847e-01 4.773255e-02 -1.422134e+01 9.971407e-01 -7.495073e-02 9.633401e-03 1.537386e+02
1.163733e-02 5.092297e-02 -9.986348e-01 7.801402e+01 7.702378e-02 9.956895e-01 5.167036e-02 -1.417609e+01 9.969613e-01 -7.751993e-02 7.664885e-03 1.537354e+02
8.777965e-03 5.678846e-02 -9.983476e-01 7.690322e+01 7.751627e-02 9.953432e-01 5.729912e-02 -1.419578e+01 9.969524e-01 -7.789115e-02 4.335059e-03 1.537468e+02
5.378228e-03 5.502693e-02 -9.984704e-01 7.576866e+01 7.819495e-02 9.954043e-01 5.527915e-02 -1.415036e+01 9.969236e-01 -7.837265e-02 1.050683e-03 1.537688e+02
2.568254e-03 4.680542e-02 -9.989007e-01 7.458771e+01 7.973162e-02 9.957143e-01 4.686111e-02 -1.410984e+01 9.968131e-01 -7.976432e-02 -1.174625e-03 1.537259e+02
-7.859391e-04 4.082947e-02 -9.991658e-01 7.348671e+01 8.240623e-02 9.957704e-01 4.062590e-02 -1.405830e+01 9.965985e-01 -8.230556e-02 -4.147218e-03 1.537063e+02
-3.682735e-03 4.255978e-02 -9.990871e-01 7.232241e+01 8.289826e-02 9.956680e-01 4.210856e-02 -1.403928e+01 9.965512e-01 -8.266751e-02 -7.194913e-03 1.536844e+02
-7.469368e-03 4.640750e-02 -9.988947e-01 7.119734e+01 8.156617e-02 9.956221e-01 4.564554e-02 -1.397722e+01 9.966399e-01 -8.113507e-02 -1.122195e-02 1.536683e+02
-9.918132e-03 4.820554e-02 -9.987882e-01 7.004860e+01 8.326545e-02 9.954082e-01 4.721557e-02 -1.395872e+01 9.964780e-01 -8.269626e-02 -1.388645e-02 1.536236e+02
-1.252018e-02 4.807519e-02 -9.987652e-01 6.882945e+01 8.248039e-02 9.954893e-01 4.688356e-02 -1.390518e+01 9.965140e-01 -8.179156e-02 -1.642896e-02 1.536051e+02
-1.513025e-02 4.909109e-02 -9.986797e-01 6.753808e+01 8.078410e-02 9.955889e-01 4.771525e-02 -1.386375e+01 9.966168e-01 -7.995550e-02 -1.902929e-02 1.536306e+02
-1.834079e-02 5.016435e-02 -9.985726e-01 6.603503e+01 7.756579e-02 9.958020e-01 4.860051e-02 -1.378475e+01 9.968185e-01 -7.656370e-02 -2.215483e-02 1.537304e+02
-2.111866e-02 5.135172e-02 -9.984573e-01 6.468311e+01 8.103427e-02 9.954821e-01 4.948473e-02 -1.380492e+01 9.964876e-01 -7.986421e-02 -2.518450e-02 1.537709e+02
-2.235706e-02 4.996548e-02 -9.985007e-01 6.352453e+01 8.207840e-02 9.954705e-01 4.797606e-02 -1.374627e+01 9.963751e-01 -8.088274e-02 -2.635688e-02 1.536835e+02
-2.459230e-02 4.871272e-02 -9.985100e-01 6.238575e+01 8.200741e-02 9.955441e-01 4.654826e-02 -1.370013e+01 9.963283e-01 -8.074049e-02 -2.847752e-02 1.536047e+02
-2.668660e-02 4.724181e-02 -9.985269e-01 6.109694e+01 7.972942e-02 9.958011e-01 4.498200e-02 -1.363225e+01 9.964593e-01 -7.841156e-02 -3.034111e-02 1.535613e+02
-2.911957e-02 4.681430e-02 -9.984791e-01 5.987627e+01 7.785621e-02 9.959743e-01 4.442627e-02 -1.359809e+01 9.965392e-01 -7.644412e-02 -3.264712e-02 1.535639e+02
-3.095408e-02 4.917339e-02 -9.983105e-01 5.869743e+01 8.024640e-02 9.956872e-01 4.655602e-02 -1.356911e+01 9.962943e-01 -7.866973e-02 -3.476657e-02 1.534460e+02
-3.365842e-02 5.223737e-02 -9.980673e-01 5.743094e+01 8.018438e-02 9.955551e-01 4.940178e-02 -1.354149e+01 9.962116e-01 -7.836662e-02 -3.769743e-02 1.534111e+02
-3.673812e-02 5.342519e-02 -9.978958e-01 5.619472e+01 8.282498e-02 9.952971e-01 5.023681e-02 -1.357966e+01 9.958867e-01 -8.080510e-02 -4.099028e-02 1.533785e+02
-3.970788e-02 5.301922e-02 -9.978037e-01 5.512387e+01 8.223003e-02 9.953775e-01 4.961793e-02 -1.354779e+01 9.958220e-01 -8.007920e-02 -4.388410e-02 1.533145e+02
-4.106680e-02 5.260018e-02 -9.977709e-01 5.395324e+01 8.269823e-02 9.953658e-01 4.906965e-02 -1.352618e+01 9.957281e-01 -8.049875e-02 -4.522643e-02 1.532282e+02
-4.253903e-02 5.323785e-02 -9.976754e-01 5.269820e+01 8.558844e-02 9.951026e-01 4.945123e-02 -1.354954e+01 9.954220e-01 -8.328587e-02 -4.688724e-02 1.531695e+02
-4.415143e-02 5.286155e-02 -9.976253e-01 5.141355e+01 8.385359e-02 9.952713e-01 4.902575e-02 -1.349556e+01 9.954995e-01 -8.148991e-02 -4.837529e-02 1.531238e+02
-4.583081e-02 5.389785e-02 -9.974941e-01 5.017359e+01 8.296619e-02 9.952989e-01 4.996728e-02 -1.345322e+01 9.954979e-01 -8.046825e-02 -5.008706e-02 1.530783e+02
-4.960808e-02 5.459238e-02 -9.972756e-01 4.862163e+01 8.287778e-02 9.952864e-01 5.036085e-02 -1.346731e+01 9.953242e-01 -8.015368e-02 -5.389874e-02 1.532040e+02
-4.873220e-02 5.308248e-02 -9.974003e-01 4.788043e+01 8.305767e-02 9.953435e-01 4.891488e-02 -1.334300e+01 9.953525e-01 -8.045802e-02 -5.291419e-02 1.529758e+02
-4.902377e-02 5.247361e-02 -9.974183e-01 4.671285e+01 8.246487e-02 9.954221e-01 4.831539e-02 -1.334253e+01 9.953875e-01 -7.988337e-02 -5.312658e-02 1.528760e+02
-5.022002e-02 5.227109e-02 -9.973694e-01 4.557047e+01 8.569593e-02 9.951721e-01 4.784093e-02 -1.335368e+01 9.950549e-01 -8.306793e-02 -5.445698e-02 1.528103e+02
-5.350893e-02 4.826921e-02 -9.974001e-01 4.444313e+01 8.292923e-02 9.955954e-01 4.373285e-02 -1.320500e+01 9.951179e-01 -8.037352e-02 -5.727617e-02 1.528361e+02
-5.408266e-02 4.359003e-02 -9.975846e-01 4.328024e+01 8.387629e-02 9.957142e-01 3.896107e-02 -1.316735e+01 9.950075e-01 -8.156657e-02 -5.750704e-02 1.527814e+02
-5.533512e-02 4.170095e-02 -9.975966e-01 4.218223e+01 8.164004e-02 9.959710e-01 3.710455e-02 -1.319280e+01 9.951246e-01 -7.939064e-02 -5.851664e-02 1.527137e+02
-5.491621e-02 4.204803e-02 -9.976052e-01 4.109513e+01 8.429545e-02 9.957413e-01 3.732917e-02 -1.317208e+01 9.949264e-01 -8.204360e-02 -5.822680e-02 1.525766e+02
-5.669509e-02 4.543525e-02 -9.973572e-01 3.994807e+01 8.814422e-02 9.952909e-01 4.033054e-02 -1.312385e+01 9.944930e-01 -8.562472e-02 -6.043297e-02 1.525032e+02
-5.954140e-02 4.790355e-02 -9.970758e-01 3.874652e+01 8.935955e-02 9.950935e-01 4.247212e-02 -1.307565e+01 9.942181e-01 -8.656940e-02 -6.352989e-02 1.524921e+02
-6.028284e-02 4.754712e-02 -9.970483e-01 3.743541e+01 8.260786e-02 9.956760e-01 4.248710e-02 -1.296204e+01 9.947572e-01 -7.980278e-02 -6.394995e-02 1.524217e+02
-6.042564e-02 4.737683e-02 -9.970477e-01 3.640213e+01 8.157326e-02 9.957662e-01 4.237222e-02 -1.292489e+01 9.948339e-01 -7.877207e-02 -6.403450e-02 1.522958e+02
-6.097328e-02 5.130199e-02 -9.968201e-01 3.544434e+01 8.322635e-02 9.954619e-01 4.614132e-02 -1.303447e+01 9.946636e-01 -8.014832e-02 -6.496626e-02 1.521459e+02
-6.523719e-02 5.156395e-02 -9.965366e-01 3.406030e+01 7.352771e-02 9.961976e-01 4.673300e-02 -1.286597e+01 9.951572e-01 -7.022433e-02 -6.878052e-02 1.522609e+02
-6.558124e-02 5.530170e-02 -9.963136e-01 3.296757e+01 7.591601e-02 9.958458e-01 5.027864e-02 -1.298787e+01 9.949552e-01 -7.233882e-02 -6.950709e-02 1.521600e+02
-6.599983e-02 5.099709e-02 -9.965156e-01 3.197990e+01 6.681778e-02 9.966773e-01 4.657998e-02 -1.275670e+01 9.955799e-01 -6.351069e-02 -6.918805e-02 1.520163e+02
-6.564348e-02 5.121110e-02 -9.965282e-01 3.134535e+01 7.065398e-02 9.964141e-01 4.655111e-02 -1.278790e+01 9.953386e-01 -6.735291e-02 -6.902636e-02 1.517598e+02
-6.828961e-02 5.173015e-02 -9.963235e-01 3.021006e+01 6.720463e-02 9.966250e-01 4.713949e-02 -1.275874e+01 9.953995e-01 -6.373842e-02 -7.153564e-02 1.517390e+02
-6.986515e-02 5.255916e-02 -9.961709e-01 2.910807e+01 6.852889e-02 9.965048e-01 4.777059e-02 -1.275200e+01 9.951998e-01 -6.492899e-02 -7.322278e-02 1.516706e+02
-7.349141e-02 5.451135e-02 -9.958050e-01 2.768923e+01 6.866677e-02 9.964120e-01 4.947691e-02 -1.275423e+01 9.949291e-01 -6.474258e-02 -7.697084e-02 1.517577e+02
-7.523116e-02 5.416092e-02 -9.956942e-01 2.661648e+01 6.609965e-02 9.965985e-01 4.921586e-02 -1.270893e+01 9.949729e-01 -6.211247e-02 -7.855529e-02 1.516679e+02
-7.608771e-02 5.404313e-02 -9.956355e-01 2.559982e+01 6.635896e-02 9.965908e-01 4.902375e-02 -1.267682e+01 9.948905e-01 -6.233923e-02 -7.941456e-02 1.515556e+02
-7.810821e-02 5.340231e-02 -9.955136e-01 2.470652e+01 6.517302e-02 9.967018e-01 4.835256e-02 -1.267171e+01 9.948123e-01 -6.110389e-02 -8.133098e-02 1.514280e+02
-7.909816e-02 5.281919e-02 -9.954665e-01 2.362838e+01 6.559690e-02 9.967068e-01 4.767278e-02 -1.265753e+01 9.947063e-01 -6.152869e-02 -8.230244e-02 1.513022e+02
-8.136549e-02 5.244757e-02 -9.953034e-01 2.268671e+01 6.504678e-02 9.967650e-01 4.720705e-02 -1.262718e+01 9.945595e-01 -6.090026e-02 -8.451382e-02 1.512279e+02
-8.224426e-02 5.217541e-02 -9.952455e-01 2.155286e+01 6.506510e-02 9.967793e-01 4.687902e-02 -1.262986e+01 9.944860e-01 -6.090022e-02 -8.537417e-02 1.510821e+02
-8.362858e-02 5.282695e-02 -9.950958e-01 2.063333e+01 6.425250e-02 9.968017e-01 4.751769e-02 -1.260878e+01 9.944234e-01 -5.996355e-02 -8.675538e-02 1.510003e+02
-8.350195e-02 5.331725e-02 -9.950802e-01 1.970211e+01 6.297934e-02 9.968537e-01 4.812738e-02 -1.259500e+01 9.945155e-01 -5.865077e-02 -8.659712e-02 1.508940e+02
-8.232811e-02 5.223376e-02 -9.952355e-01 1.905724e+01 5.683680e-02 9.972463e-01 4.763763e-02 -1.257739e+01 9.949832e-01 -5.264408e-02 -8.507020e-02 1.508348e+02
-7.956560e-02 5.093890e-02 -9.955273e-01 1.822477e+01 5.322399e-02 9.974860e-01 4.678530e-02 -1.252672e+01 9.954077e-01 -4.926343e-02 -8.207675e-02 1.507805e+02
-7.558536e-02 5.027426e-02 -9.958712e-01 1.732637e+01 5.266994e-02 9.975352e-01 4.636068e-02 -1.251846e+01 9.957473e-01 -4.894829e-02 -7.804701e-02 1.507107e+02
-7.040785e-02 4.880826e-02 -9.963235e-01 1.642420e+01 5.079393e-02 9.976819e-01 4.528532e-02 -1.247789e+01 9.962242e-01 -4.741875e-02 -7.272381e-02 1.506744e+02
-6.342934e-02 4.761225e-02 -9.968499e-01 1.562268e+01 4.796250e-02 9.978525e-01 4.460829e-02 -1.244210e+01 9.968331e-01 -4.498194e-02 -6.557673e-02 1.506155e+02
-5.478687e-02 4.713673e-02 -9.973848e-01 1.454709e+01 4.440560e-02 9.980118e-01 4.472713e-02 -1.239485e+01 9.975102e-01 -4.183902e-02 -5.677108e-02 1.505726e+02
-4.501855e-02 4.723422e-02 -9.978689e-01 1.362763e+01 4.568830e-02 9.979337e-01 4.517607e-02 -1.240641e+01 9.979408e-01 -4.355717e-02 -4.708358e-02 1.505929e+02
-3.412082e-02 4.720109e-02 -9.983025e-01 1.280020e+01 4.610225e-02 9.978951e-01 4.560611e-02 -1.238697e+01 9.983538e-01 -4.446787e-02 -3.622508e-02 1.505962e+02
-2.257117e-02 4.594213e-02 -9.986891e-01 1.198783e+01 4.779165e-02 9.978511e-01 4.482345e-02 -1.235945e+01 9.986023e-01 -4.671729e-02 -2.471831e-02 1.505905e+02
-1.062304e-02 4.755165e-02 -9.988123e-01 1.118607e+01 5.021175e-02 9.976339e-01 4.696151e-02 -1.236195e+01 9.986821e-01 -4.965323e-02 -1.298556e-02 1.505492e+02
4.928951e-04 4.877639e-02 -9.988096e-01 1.048153e+01 5.370617e-02 9.973669e-01 4.873244e-02 -1.234888e+01 9.985567e-01 -5.366626e-02 -2.127996e-03 1.505464e+02
1.089448e-02 4.944771e-02 -9.987173e-01 9.528653e+00 5.488037e-02 9.972416e-01 4.997331e-02 -1.227254e+01 9.984335e-01 -5.535441e-02 8.150721e-03 1.506064e+02
2.225807e-02 5.063187e-02 -9.984693e-01 8.927996e+00 5.887398e-02 9.969172e-01 5.186559e-02 -1.230328e+01 9.980173e-01 -5.993829e-02 1.920855e-02 1.505628e+02
3.179635e-02 5.012444e-02 -9.982367e-01 8.201498e+00 6.328946e-02 9.966364e-01 5.206002e-02 -1.227357e+01 9.974886e-01 -6.483318e-02 2.851706e-02 1.505942e+02
4.039547e-02 4.985711e-02 -9.979391e-01 7.460418e+00 6.580977e-02 9.964529e-01 5.244676e-02 -1.226150e+01 9.970142e-01 -6.779276e-02 3.697110e-02 1.506176e+02
4.743790e-02 4.967707e-02 -9.976381e-01 6.679462e+00 6.754970e-02 9.963166e-01 5.282327e-02 -1.218978e+01 9.965875e-01 -6.989598e-02 4.390750e-02 1.506853e+02
5.241168e-02 5.014097e-02 -9.973660e-01 5.930773e+00 7.171609e-02 9.959709e-01 5.383952e-02 -1.217183e+01 9.960471e-01 -7.434901e-02 4.860459e-02 1.507037e+02
5.510695e-02 5.092739e-02 -9.971808e-01 5.247844e+00 7.664090e-02 9.955363e-01 5.507879e-02 -1.213375e+01 9.955347e-01 -7.946007e-02 5.095785e-02 1.507333e+02
5.477062e-02 5.137042e-02 -9.971766e-01 4.523164e+00 7.830701e-02 9.953788e-01 5.557887e-02 -1.207858e+01 9.954236e-01 -8.113001e-02 5.049485e-02 1.508056e+02
5.446332e-02 5.035323e-02 -9.972454e-01 3.803347e+00 8.243550e-02 9.950916e-01 5.474660e-02 -1.201600e+01 9.951071e-01 -8.519010e-02 5.004510e-02 1.508011e+02
5.138311e-02 5.346425e-02 -9.972469e-01 3.172868e+00 8.376726e-02 9.948163e-01 5.765005e-02 -1.210296e+01 9.951597e-01 -8.649888e-02 4.663820e-02 1.508400e+02
4.834650e-02 5.282647e-02 -9.974327e-01 2.585444e+00 8.469019e-02 9.947876e-01 5.679139e-02 -1.202703e+01 9.952337e-01 -8.721843e-02 4.362062e-02 1.508041e+02
4.388204e-02 5.342788e-02 -9.976071e-01 1.979799e+00 8.714525e-02 9.945580e-01 5.709787e-02 -1.200189e+01 9.952287e-01 -8.944228e-02 3.898725e-02 1.508441e+02
4.000236e-02 5.475843e-02 -9.976980e-01 1.307146e+00 8.853496e-02 9.943757e-01 5.812586e-02 -1.198228e+01 9.952695e-01 -9.065633e-02 3.492934e-02 1.508378e+02
3.501650e-02 5.604196e-02 -9.978142e-01 7.937903e-01 9.062907e-02 9.941346e-01 5.901576e-02 -1.197087e+01 9.952689e-01 -9.249750e-02 2.973209e-02 1.508644e+02
3.086819e-02 5.628285e-02 -9.979376e-01 2.451134e-01 9.314098e-02 9.939071e-01 5.893657e-02 -1.193993e+01 9.951743e-01 -9.476815e-02 2.543787e-02 1.508818e+02
2.692769e-02 5.646310e-02 -9.980415e-01 -2.800155e-01 9.454231e-02 9.937844e-01 5.877307e-02 -1.193092e+01 9.951566e-01 -9.593977e-02 2.142216e-02 1.508540e+02
2.224419e-02 5.586182e-02 -9.981907e-01 -6.856428e-01 9.140429e-02 9.941424e-01 5.767217e-02 -1.189930e+01 9.955654e-01 -9.252178e-02 1.700789e-02 1.508521e+02
1.841741e-02 5.464623e-02 -9.983359e-01 -1.161780e+00 9.296336e-02 9.940862e-01 5.612861e-02 -1.189877e+01 9.954992e-01 -9.384241e-02 1.322840e-02 1.508535e+02
1.426531e-02 5.193783e-02 -9.985484e-01 -1.564659e+00 9.247732e-02 9.943012e-01 5.303806e-02 -1.186901e+01 9.956126e-01 -9.309969e-02 9.380939e-03 1.508541e+02
9.639119e-03 5.019020e-02 -9.986932e-01 -1.996295e+00 9.130677e-02 9.945231e-01 5.086190e-02 -1.187174e+01 9.957762e-01 -9.167771e-02 5.003621e-03 1.508915e+02
5.886994e-03 4.888426e-02 -9.987871e-01 -2.413794e+00 9.102657e-02 9.946315e-01 4.921739e-02 -1.185400e+01 9.958311e-01 -9.120591e-02 1.405623e-03 1.508591e+02
2.804914e-03 4.870436e-02 -9.988093e-01 -2.771635e+00 9.120468e-02 9.946379e-01 4.875708e-02 -1.187038e+01 9.958282e-01 -9.123285e-02 -1.652192e-03 1.508403e+02
-4.067589e-05 4.722295e-02 -9.988844e-01 -3.095195e+00 9.046064e-02 9.947892e-01 4.702566e-02 -1.184523e+01 9.959000e-01 -9.035781e-02 -4.312282e-03 1.508111e+02
-2.689070e-03 4.581029e-02 -9.989465e-01 -3.437515e+00 8.996389e-02 9.949105e-01 4.538303e-02 -1.182364e+01 9.959414e-01 -8.974708e-02 -6.796656e-03 1.507795e+02
-5.894956e-03 4.563560e-02 -9.989408e-01 -3.729571e+00 8.744229e-02 9.951551e-01 4.494664e-02 -1.182460e+01 9.961521e-01 -8.708471e-02 -9.856877e-03 1.507897e+02
-8.367276e-03 4.559211e-02 -9.989251e-01 -4.017983e+00 8.669663e-02 9.952316e-01 4.469734e-02 -1.181652e+01 9.961996e-01 -8.622944e-02 -1.228006e-02 1.507872e+02
-1.123978e-02 4.413619e-02 -9.989623e-01 -4.301568e+00 8.622568e-02 9.953470e-01 4.300630e-02 -1.178323e+01 9.962122e-01 -8.565282e-02 -1.499316e-02 1.507787e+02
-1.317853e-02 4.529055e-02 -9.988869e-01 -4.502592e+00 8.566828e-02 9.953517e-01 4.400002e-02 -1.182928e+01 9.962366e-01 -8.499307e-02 -1.699723e-02 1.507893e+02
-1.439251e-02 4.262515e-02 -9.989875e-01 -4.731865e+00 8.659409e-02 9.953904e-01 4.122410e-02 -1.180714e+01 9.961397e-01 -8.591310e-02 -1.801725e-02 1.507571e+02
-1.718879e-02 3.976908e-02 -9.990610e-01 -4.976095e+00 8.684514e-02 9.954917e-01 3.813283e-02 -1.178395e+01 9.960735e-01 -8.610814e-02 -2.056505e-02 1.507601e+02
-1.875956e-02 3.973464e-02 -9.990342e-01 -5.167635e+00 8.696427e-02 9.954879e-01 3.796061e-02 -1.181684e+01 9.960348e-01 -8.616815e-02 -2.213041e-02 1.507504e+02
-2.043154e-02 3.750492e-02 -9.990876e-01 -5.396274e+00 8.736380e-02 9.955407e-01 3.558517e-02 -1.176219e+01 9.959669e-01 -8.655702e-02 -2.361700e-02 1.507343e+02
-2.315162e-02 3.682956e-02 -9.990533e-01 -5.608417e+00 8.895144e-02 9.954336e-01 3.463480e-02 -1.176340e+01 9.957669e-01 -8.806538e-02 -2.632194e-02 1.507472e+02
-2.498692e-02 3.536346e-02 -9.990621e-01 -5.789377e+00 8.804194e-02 9.955687e-01 3.303785e-02 -1.177666e+01 9.958033e-01 -8.713385e-02 -2.798967e-02 1.507291e+02
-2.622813e-02 3.317362e-02 -9.991054e-01 -5.997966e+00 8.691471e-02 9.957401e-01 3.078023e-02 -1.175280e+01 9.958704e-01 -8.602965e-02 -2.899968e-02 1.507044e+02
-2.905605e-02 3.383446e-02 -9.990050e-01 -6.241285e+00 8.780702e-02 9.956498e-01 3.116696e-02 -1.175237e+01 9.957137e-01 -8.681406e-02 -3.190055e-02 1.507054e+02
-3.122809e-02 3.393112e-02 -9.989362e-01 -6.414007e+00 8.879708e-02 9.955659e-01 3.104073e-02 -1.173085e+01 9.955601e-01 -8.773327e-02 -3.410261e-02 1.507107e+02
-3.244792e-02 3.490242e-02 -9.988638e-01 -6.619217e+00 9.016949e-02 9.954169e-01 3.185284e-02 -1.174383e+01 9.953977e-01 -8.903348e-02 -3.544634e-02 1.506912e+02
-3.474615e-02 3.577370e-02 -9.987557e-01 -6.831215e+00 9.096822e-02 9.953238e-01 3.248604e-02 -1.174571e+01 9.952475e-01 -8.972627e-02 -3.783794e-02 1.506795e+02
-3.675290e-02 3.611055e-02 -9.986717e-01 -7.033782e+00 9.146287e-02 9.952740e-01 3.262170e-02 -1.173719e+01 9.951300e-01 -9.014244e-02 -3.988199e-02 1.506621e+02
-3.830310e-02 3.650024e-02 -9.985993e-01 -7.239427e+00 9.040655e-02 9.953609e-01 3.291416e-02 -1.173994e+01 9.951681e-01 -8.901921e-02 -4.142527e-02 1.506359e+02
-4.146940e-02 3.626606e-02 -9.984814e-01 -7.447300e+00 8.867390e-02 9.955311e-01 3.247606e-02 -1.171980e+01 9.951971e-01 -8.719248e-02 -4.449993e-02 1.506301e+02
-4.449125e-02 3.731707e-02 -9.983126e-01 -7.656523e+00 8.515454e-02 9.958068e-01 3.342837e-02 -1.174447e+01 9.953739e-01 -8.352358e-02 -4.748241e-02 1.506208e+02
-4.691566e-02 3.282316e-02 -9.983594e-01 -7.862773e+00 8.065999e-02 9.963207e-01 2.896570e-02 -1.174521e+01 9.956369e-01 -7.916872e-02 -4.939056e-02 1.505771e+02
-5.069394e-02 2.897345e-02 -9.982939e-01 -8.087553e+00 7.916167e-02 9.965507e-01 2.490299e-02 -1.175507e+01 9.955720e-01 -7.776418e-02 -5.281267e-02 1.505803e+02
-5.304521e-02 2.640347e-02 -9.982430e-01 -8.351715e+00 7.703800e-02 9.967794e-01 2.227107e-02 -1.175034e+01 9.956161e-01 -7.572127e-02 -5.490844e-02 1.505261e+02
-5.650058e-02 2.665714e-02 -9.980466e-01 -8.623391e+00 7.602794e-02 9.968558e-01 2.232130e-02 -1.175635e+01 9.955036e-01 -7.461827e-02 -5.834961e-02 1.505222e+02
-6.031241e-02 2.647272e-02 -9.978284e-01 -8.924712e+00 7.672180e-02 9.968140e-01 2.180846e-02 -1.175565e+01 9.952267e-01 -7.523987e-02 -6.215129e-02 1.504981e+02
-6.410115e-02 2.555305e-02 -9.976162e-01 -9.297633e+00 7.620872e-02 9.968783e-01 2.063740e-02 -1.176315e+01 9.950293e-01 -7.470417e-02 -6.584841e-02 1.504764e+02
-6.778132e-02 2.305316e-02 -9.974338e-01 -9.620457e+00 7.609251e-02 9.969406e-01 1.787084e-02 -1.175288e+01 9.947943e-01 -7.468593e-02 -6.932813e-02 1.504589e+02
-7.043492e-02 2.010233e-02 -9.973138e-01 -1.000141e+01 7.275662e-02 9.972375e-01 1.496238e-02 -1.173603e+01 9.948595e-01 -7.150731e-02 -7.170292e-02 1.504244e+02
-7.203485e-02 1.795807e-02 -9.972404e-01 -1.038560e+01 7.020643e-02 9.974492e-01 1.289052e-02 -1.172621e+01 9.949282e-01 -6.908412e-02 -7.311188e-02 1.503896e+02
-7.208661e-02 1.566263e-02 -9.972754e-01 -1.083883e+01 6.446705e-02 9.978591e-01 1.101189e-02 -1.171584e+01 9.953128e-01 -6.349759e-02 -7.294200e-02 1.503369e+02
-7.092276e-02 1.544261e-02 -9.973623e-01 -1.128277e+01 6.314869e-02 9.979439e-01 1.096109e-02 -1.172010e+01 9.954809e-01 -6.220473e-02 -7.175212e-02 1.502988e+02
-7.093992e-02 1.689206e-02 -9.973375e-01 -1.175000e+01 5.987235e-02 9.981259e-01 1.264673e-02 -1.169156e+01 9.956821e-01 -5.881578e-02 -7.181834e-02 1.502573e+02
-6.893502e-02 1.987468e-02 -9.974232e-01 -1.225262e+01 5.998890e-02 9.980749e-01 1.574165e-02 -1.166819e+01 9.958159e-01 -5.874917e-02 -6.999458e-02 1.502379e+02
-6.810031e-02 2.494958e-02 -9.973665e-01 -1.281199e+01 5.972972e-02 9.979960e-01 2.088698e-02 -1.164270e+01 9.958889e-01 -5.815001e-02 -6.945407e-02 1.501980e+02
-6.607066e-02 3.005387e-02 -9.973622e-01 -1.322254e+01 5.283779e-02 9.982493e-01 2.658034e-02 -1.166010e+01 9.964150e-01 -5.094223e-02 -6.754297e-02 1.501559e+02
-6.582604e-02 3.596725e-02 -9.971827e-01 -1.389521e+01 5.837177e-02 9.977776e-01 3.213547e-02 -1.165489e+01 9.961223e-01 -5.609197e-02 -6.777922e-02 1.501406e+02
-6.490099e-02 4.085570e-02 -9.970550e-01 -1.443183e+01 6.581827e-02 9.971611e-01 3.657576e-02 -1.163640e+01 9.957187e-01 -6.325063e-02 -6.740580e-02 1.501053e+02
-6.345653e-02 4.207644e-02 -9.970972e-01 -1.483322e+01 7.579073e-02 9.964287e-01 3.722481e-02 -1.165419e+01 9.951025e-01 -7.320857e-02 -6.641891e-02 1.500694e+02
-6.363593e-02 4.147326e-02 -9.971110e-01 -1.557524e+01 8.118955e-02 9.960394e-01 3.624714e-02 -1.161319e+01 9.946651e-01 -7.864838e-02 -6.675108e-02 1.500641e+02
-6.546402e-02 3.974328e-02 -9.970632e-01 -1.617514e+01 8.080206e-02 9.961363e-01 3.440113e-02 -1.161397e+01 9.945780e-01 -7.831272e-02 -6.842243e-02 1.500230e+02
-6.683998e-02 3.794698e-02 -9.970418e-01 -1.673541e+01 8.015562e-02 9.962510e-01 3.254339e-02 -1.159997e+01 9.945388e-01 -7.774331e-02 -6.963105e-02 1.499799e+02
-6.840384e-02 3.845906e-02 -9.969162e-01 -1.742871e+01 8.130450e-02 9.961478e-01 3.285067e-02 -1.155170e+01 9.943392e-01 -7.880666e-02 -7.126723e-02 1.499247e+02
-7.091023e-02 4.333858e-02 -9.965408e-01 -1.809036e+01 9.160300e-02 9.951169e-01 3.675852e-02 -1.153684e+01 9.932677e-01 -8.867957e-02 -7.453392e-02 1.498772e+02
-7.397338e-02 4.479624e-02 -9.962536e-01 -1.873803e+01 9.302882e-02 9.949445e-01 3.782984e-02 -1.152670e+01 9.929117e-01 -8.988190e-02 -7.776674e-02 1.498304e+02
-7.642309e-02 4.169915e-02 -9.962031e-01 -1.948200e+01 9.349878e-02 9.950223e-01 3.447703e-02 -1.151840e+01 9.926820e-01 -9.050894e-02 -7.994149e-02 1.497614e+02
-7.991988e-02 3.298587e-02 -9.962554e-01 -2.018437e+01 8.951160e-02 9.956519e-01 2.578525e-02 -1.150954e+01 9.927741e-01 -8.711566e-02 -8.252500e-02 1.496832e+02
-8.198545e-02 2.096272e-02 -9.964130e-01 -2.090364e+01 8.578358e-02 9.962168e-01 1.390027e-02 -1.147046e+01 9.929348e-01 -8.433626e-02 -8.347354e-02 1.496129e+02
-8.195320e-02 1.678192e-02 -9.964949e-01 -2.174666e+01 8.661204e-02 9.961953e-01 9.653774e-03 -1.149032e+01 9.928656e-01 -8.551729e-02 -8.309491e-02 1.495191e+02
-8.253261e-02 2.117386e-02 -9.963634e-01 -2.253348e+01 8.668352e-02 9.961377e-01 1.398874e-02 -1.148001e+01 9.928113e-01 -8.521376e-02 -8.404927e-02 1.494162e+02
-8.411159e-02 2.855930e-02 -9.960470e-01 -2.332286e+01 9.004240e-02 9.957176e-01 2.094619e-02 -1.149326e+01 9.923798e-01 -8.792464e-02 -8.632294e-02 1.493925e+02
-8.466095e-02 3.343953e-02 -9.958485e-01 -2.420030e+01 9.015593e-02 9.955943e-01 2.576649e-02 -1.150521e+01 9.923227e-01 -8.760023e-02 -8.730273e-02 1.492901e+02
-8.650643e-02 3.075990e-02 -9.957763e-01 -2.501749e+01 8.619698e-02 9.960061e-01 2.327878e-02 -1.148881e+01 9.925153e-01 -8.381915e-02 -8.881235e-02 1.491997e+02
-8.784136e-02 2.584210e-02 -9.957992e-01 -2.571906e+01 8.404489e-02 9.962913e-01 1.844111e-02 -1.147128e+01 9.925827e-01 -8.207195e-02 -8.968748e-02 1.491392e+02
-8.785337e-02 2.336394e-02 -9.958594e-01 -2.675263e+01 8.418434e-02 9.963226e-01 1.594818e-02 -1.147039e+01 9.925698e-01 -8.243467e-02 -8.949717e-02 1.489821e+02
-8.910152e-02 2.573926e-02 -9.956899e-01 -2.763730e+01 8.352984e-02 9.963376e-01 1.828115e-02 -1.147803e+01 9.925138e-01 -8.154094e-02 -9.092519e-02 1.489152e+02
-8.917904e-02 2.863808e-02 -9.956038e-01 -2.845719e+01 8.087950e-02 9.964937e-01 2.141907e-02 -1.145303e+01 9.927264e-01 -7.861380e-02 -9.118259e-02 1.488354e+02
-9.031459e-02 3.165948e-02 -9.954099e-01 -2.941168e+01 8.278251e-02 9.962743e-01 2.417603e-02 -1.144979e+01 9.924668e-01 -8.021908e-02 -9.259896e-02 1.487661e+02
-9.110288e-02 3.421926e-02 -9.952534e-01 -3.029724e+01 8.283977e-02 9.962060e-01 2.666908e-02 -1.144657e+01 9.923900e-01 -8.001693e-02 -9.359195e-02 1.486849e+02
-9.090971e-02 3.598775e-02 -9.952087e-01 -3.129727e+01 8.344038e-02 9.961080e-01 2.839821e-02 -1.142077e+01 9.923574e-01 -8.045892e-02 -9.355873e-02 1.485650e+02
-9.100934e-02 3.813735e-02 -9.951195e-01 -3.219718e+01 8.179979e-02 9.961759e-01 3.069678e-02 -1.146653e+01 9.924848e-01 -7.860688e-02 -9.378094e-02 1.485065e+02
-9.020492e-02 3.485137e-02 -9.953132e-01 -3.318140e+01 7.910192e-02 9.964810e-01 2.772327e-02 -1.142620e+01 9.927769e-01 -7.623041e-02 -9.264429e-02 1.484295e+02
-8.856654e-02 3.229897e-02 -9.955465e-01 -3.408664e+01 7.880234e-02 9.965686e-01 2.532166e-02 -1.140197e+01 9.929482e-01 -7.620874e-02 -9.080787e-02 1.483401e+02
-8.551315e-02 3.294002e-02 -9.957924e-01 -3.489656e+01 7.977191e-02 9.964711e-01 2.611210e-02 -1.144167e+01 9.931384e-01 -7.720333e-02 -8.783906e-02 1.482066e+02
-8.490644e-02 3.498901e-02 -9.957744e-01 -3.598620e+01 7.851457e-02 9.965106e-01 2.832019e-02 -1.140774e+01 9.932907e-01 -7.577823e-02 -8.735732e-02 1.481654e+02
-8.351692e-02 3.473900e-02 -9.959007e-01 -3.704719e+01 7.790691e-02 9.965609e-01 2.822870e-02 -1.133888e+01 9.934563e-01 -7.522997e-02 -8.593610e-02 1.481054e+02
-8.175499e-02 3.712569e-02 -9.959607e-01 -3.817573e+01 8.199534e-02 9.961689e-01 3.040273e-02 -1.134779e+01 9.932738e-01 -7.917857e-02 -8.448592e-02 1.479591e+02
-8.062161e-02 3.806919e-02 -9.960175e-01 -3.926123e+01 8.232968e-02 9.961101e-01 3.140864e-02 -1.134986e+01 9.933388e-01 -7.946959e-02 -8.344223e-02 1.478729e+02
-7.814221e-02 3.722434e-02 -9.962470e-01 -4.045517e+01 8.422154e-02 9.959768e-01 3.060819e-02 -1.133651e+01 9.933783e-01 -8.151367e-02 -8.096292e-02 1.476620e+02
-7.867153e-02 3.685384e-02 -9.962191e-01 -4.110003e+01 8.541833e-02 9.958905e-01 3.009619e-02 -1.129993e+01 9.932344e-01 -8.272766e-02 -8.149623e-02 1.476969e+02
-7.977268e-02 3.600963e-02 -9.961624e-01 -4.208890e+01 8.641342e-02 9.958349e-01 2.907780e-02 -1.126853e+01 9.930604e-01 -8.376219e-02 -8.255213e-02 1.476530e+02
-7.875631e-02 3.680596e-02 -9.962142e-01 -4.309371e+01 8.585514e-02 9.958557e-01 3.000539e-02 -1.125524e+01 9.931900e-01 -8.316699e-02 -8.158990e-02 1.474994e+02
-7.911333e-02 3.627263e-02 -9.962055e-01 -4.416263e+01 8.380405e-02 9.960422e-01 2.961141e-02 -1.120314e+01 9.933368e-01 -8.114339e-02 -8.184001e-02 1.473813e+02
-8.112222e-02 3.659830e-02 -9.960320e-01 -4.521603e+01 8.023857e-02 9.963219e-01 3.007389e-02 -1.118635e+01 9.934692e-01 -7.748053e-02 -8.376044e-02 1.473349e+02
-8.236145e-02 3.521321e-02 -9.959802e-01 -4.623300e+01 7.457371e-02 9.967916e-01 2.907511e-02 -1.121010e+01 9.938085e-01 -7.187927e-02 -8.472318e-02 1.472684e+02
-8.278941e-02 3.229039e-02 -9.960438e-01 -4.726329e+01 7.657122e-02 9.967264e-01 2.594806e-02 -1.114301e+01 9.936210e-01 -7.412006e-02 -8.499090e-02 1.471701e+02
-8.315837e-02 3.475688e-02 -9.959300e-01 -4.834265e+01 7.572250e-02 9.967226e-01 2.846184e-02 -1.115778e+01 9.936553e-01 -7.304747e-02 -8.551771e-02 1.470655e+02
-8.464511e-02 3.737737e-02 -9.957099e-01 -4.940844e+01 7.253626e-02 9.968759e-01 3.125485e-02 -1.116411e+01 9.937674e-01 -6.957950e-02 -8.709188e-02 1.470241e+02
-8.498872e-02 3.857059e-02 -9.956351e-01 -5.027456e+01 7.062204e-02 9.969705e-01 3.259393e-02 -1.116019e+01 9.938760e-01 -6.754366e-02 -8.745518e-02 1.469092e+02
-8.330865e-02 3.933668e-02 -9.957471e-01 -5.129884e+01 7.274789e-02 9.967946e-01 3.329165e-02 -1.115403e+01 9.938649e-01 -6.966502e-02 -8.590327e-02 1.467874e+02
-8.508851e-02 4.090793e-02 -9.955333e-01 -5.239106e+01 7.095472e-02 9.968689e-01 3.489830e-02 -1.114393e+01 9.938437e-01 -6.766834e-02 -8.772470e-02 1.467610e+02
-8.300503e-02 4.211911e-02 -9.956586e-01 -5.329025e+01 7.290917e-02 9.966856e-01 3.608433e-02 -1.112154e+01 9.938785e-01 -6.959747e-02 -8.580079e-02 1.466419e+02
-8.318131e-02 4.210675e-02 -9.956445e-01 -5.436804e+01 7.270214e-02 9.967010e-01 3.607751e-02 -1.108546e+01 9.938789e-01 -6.938451e-02 -8.596814e-02 1.465555e+02
-8.321564e-02 4.125248e-02 -9.956774e-01 -5.543204e+01 7.130200e-02 9.968285e-01 3.534097e-02 -1.106615e+01 9.939775e-01 -6.805286e-02 -8.589311e-02 1.464425e+02
-8.427388e-02 4.012565e-02 -9.956344e-01 -5.642567e+01 6.849599e-02 9.970586e-01 3.438531e-02 -1.106237e+01 9.940856e-01 -6.529918e-02 -8.677445e-02 1.463611e+02
-8.407860e-02 3.658821e-02 -9.957872e-01 -5.750667e+01 6.682416e-02 9.972830e-01 3.100092e-02 -1.104252e+01 9.942159e-01 -6.393613e-02 -8.629514e-02 1.462511e+02
-8.420162e-02 3.543137e-02 -9.958186e-01 -5.853341e+01 6.210450e-02 9.976113e-01 3.024390e-02 -1.103233e+01 9.945115e-01 -5.929823e-02 -8.620094e-02 1.461569e+02
-8.421191e-02 3.829507e-02 -9.957117e-01 -5.957692e+01 5.840623e-02 9.977329e-01 3.343312e-02 -1.099313e+01 9.947347e-01 -5.534030e-02 -8.625766e-02 1.460489e+02
-8.419669e-02 4.622587e-02 -9.953764e-01 -6.067641e+01 5.776192e-02 9.974701e-01 4.143715e-02 -1.098037e+01 9.947736e-01 -5.400598e-02 -8.665378e-02 1.459370e+02
-8.524662e-02 5.297086e-02 -9.949508e-01 -6.181690e+01 5.876593e-02 9.971147e-01 4.805105e-02 -1.093840e+01 9.946253e-01 -5.437302e-02 -8.811354e-02 1.458530e+02
-8.497175e-02 5.162553e-02 -9.950450e-01 -6.275883e+01 5.724521e-02 9.972602e-01 4.685201e-02 -1.088999e+01 9.947375e-01 -5.298047e-02 -8.769426e-02 1.457282e+02
-8.537150e-02 4.605066e-02 -9.952844e-01 -6.378260e+01 5.709678e-02 9.975158e-01 4.125638e-02 -1.088932e+01 9.947118e-01 -5.330541e-02 -8.778877e-02 1.456284e+02
-8.548935e-02 3.770113e-02 -9.956255e-01 -6.487951e+01 5.522864e-02 9.979267e-01 3.304606e-02 -1.083621e+01 9.948072e-01 -5.216195e-02 -8.739429e-02 1.455387e+02
-8.454466e-02 3.327584e-02 -9.958639e-01 -6.599343e+01 5.818276e-02 9.979018e-01 2.840446e-02 -1.085807e+01 9.947195e-01 -5.554067e-02 -8.630335e-02 1.454504e+02
-8.381754e-02 3.466340e-02 -9.958780e-01 -6.705683e+01 5.964132e-02 9.977776e-01 2.970983e-02 -1.084354e+01 9.946947e-01 -5.690528e-02 -8.569864e-02 1.453469e+02
-8.443839e-02 3.566704e-02 -9.957901e-01 -6.809536e+01 6.075511e-02 9.976841e-01 3.058313e-02 -1.083475e+01 9.945748e-01 -5.791695e-02 -8.640979e-02 1.452787e+02
-8.343022e-02 3.780829e-02 -9.957961e-01 -6.913194e+01 6.032365e-02 9.976390e-01 3.282420e-02 -1.080535e+01 9.946861e-01 -5.733153e-02 -8.551397e-02 1.451400e+02
-8.379808e-02 3.734204e-02 -9.957828e-01 -7.020032e+01 6.303166e-02 9.974951e-01 3.210195e-02 -1.077823e+01 9.944873e-01 -6.007577e-02 -8.594190e-02 1.450537e+02
-8.401427e-02 3.663164e-02 -9.957910e-01 -7.138567e+01 6.300891e-02 9.975195e-01 3.137921e-02 -1.076387e+01 9.944705e-01 -6.010740e-02 -8.611400e-02 1.449407e+02
-8.382892e-02 3.584744e-02 -9.958352e-01 -7.158199e+01 6.992109e-02 9.971011e-01 3.000709e-02 -1.085640e+01 9.940240e-01 -6.711442e-02 -8.609240e-02 1.448197e+02
-8.493861e-02 3.500860e-02 -9.957710e-01 -7.266298e+01 7.114500e-02 9.970448e-01 2.898476e-02 -1.082332e+01 9.938430e-01 -6.838220e-02 -8.717828e-02 1.447196e+02
-8.549382e-02 3.764745e-02 -9.956272e-01 -7.366266e+01 7.223952e-02 9.968900e-01 3.149205e-02 -1.081618e+01 9.937164e-01 -6.923125e-02 -8.794757e-02 1.446041e+02
-8.650636e-02 4.226780e-02 -9.953542e-01 -7.482556e+01 7.469813e-02 9.965624e-01 3.582708e-02 -1.081025e+01 9.934469e-01 -7.125183e-02 -8.936631e-02 1.445066e+02
-8.735870e-02 4.608403e-02 -9.951104e-01 -7.586399e+01 7.618226e-02 9.963131e-01 3.945184e-02 -1.079784e+01 9.932596e-01 -7.236330e-02 -9.054740e-02 1.444070e+02
-8.754240e-02 4.242948e-02 -9.952568e-01 -7.713664e+01 7.082343e-02 9.968293e-01 3.626692e-02 -1.077969e+01 9.936400e-01 -6.731260e-02 -9.026983e-02 1.442634e+02
-8.825270e-02 3.761710e-02 -9.953876e-01 -7.816294e+01 6.636929e-02 9.972881e-01 3.180452e-02 -1.078064e+01 9.938846e-01 -6.325633e-02 -9.050999e-02 1.441507e+02
-8.855117e-02 3.437562e-02 -9.954783e-01 -7.922225e+01 6.509132e-02 9.974678e-01 2.865422e-02 -1.075828e+01 9.939426e-01 -6.225963e-02 -9.056449e-02 1.440391e+02
-8.960728e-02 3.607032e-02 -9.953238e-01 -8.032376e+01 6.551839e-02 9.973928e-01 3.024679e-02 -1.073198e+01 9.938198e-01 -6.250168e-02 -9.173693e-02 1.439288e+02
-9.002390e-02 4.091655e-02 -9.950988e-01 -8.160779e+01 6.565852e-02 9.972259e-01 3.506406e-02 -1.072511e+01 9.937729e-01 -6.218011e-02 -9.246068e-02 1.437964e+02
-9.003106e-02 4.445714e-02 -9.949462e-01 -8.270657e+01 6.414778e-02 9.971877e-01 3.875266e-02 -1.072070e+01 9.938710e-01 -6.033464e-02 -9.262969e-02 1.436686e+02
-9.138164e-02 4.359139e-02 -9.948614e-01 -8.386598e+01 6.527772e-02 9.971549e-01 3.769589e-02 -1.068930e+01 9.936741e-01 -6.149757e-02 -9.396719e-02 1.435614e+02
-9.141250e-02 4.035399e-02 -9.949951e-01 -8.490902e+01 6.463752e-02 9.973119e-01 3.450955e-02 -1.065891e+01 9.937131e-01 -6.115941e-02 -9.377516e-02 1.433867e+02
-9.371919e-02 3.923097e-02 -9.948254e-01 -8.634865e+01 5.983377e-02 9.976392e-01 3.370519e-02 -1.062582e+01 9.937991e-01 -5.636533e-02 -9.584528e-02 1.433187e+02
-9.458256e-02 3.796021e-02 -9.947930e-01 -8.706121e+01 5.480081e-02 9.979561e-01 3.287058e-02 -1.062089e+01 9.940076e-01 -5.140648e-02 -9.646950e-02 1.431199e+02
-9.643309e-02 3.914852e-02 -9.945693e-01 -8.802776e+01 6.099464e-02 9.975807e-01 3.335304e-02 -1.062611e+01 9.934688e-01 -5.744706e-02 -9.858764e-02 1.429919e+02
-9.910248e-02 3.544690e-02 -9.944457e-01 -8.914252e+01 5.926354e-02 9.978016e-01 2.966055e-02 -1.060630e+01 9.933109e-01 -5.599494e-02 -1.009853e-01 1.428623e+02
-1.031179e-01 3.642592e-02 -9.940019e-01 -9.030535e+01 6.154066e-02 9.976483e-01 3.017531e-02 -1.059058e+01 9.927635e-01 -5.805992e-02 -1.051171e-01 1.427898e+02
-1.050320e-01 3.582086e-02 -9.938235e-01 -9.145049e+01 6.609161e-02 9.973931e-01 2.896465e-02 -1.058913e+01 9.922702e-01 -6.264118e-02 -1.071256e-01 1.426689e+02
-1.069697e-01 3.198364e-02 -9.937477e-01 -9.261430e+01 6.489497e-02 9.975758e-01 2.512137e-02 -1.053931e+01 9.921422e-01 -6.180200e-02 -1.087860e-01 1.425358e+02
-1.102116e-01 2.748329e-02 -9.935281e-01 -9.375458e+01 6.448354e-02 9.977093e-01 2.044582e-02 -1.053571e+01 9.918141e-01 -6.181284e-02 -1.117314e-01 1.424439e+02
-1.116507e-01 2.694309e-02 -9.933822e-01 -9.483794e+01 6.641783e-02 9.975995e-01 1.959247e-02 -1.055001e+01 9.915255e-01 -6.379078e-02 -1.131722e-01 1.422554e+02
-1.130105e-01 2.953255e-02 -9.931548e-01 -9.592170e+01 6.325457e-02 9.977444e-01 2.247133e-02 -1.051535e+01 9.915783e-01 -6.028208e-02 -1.146237e-01 1.420702e+02
-1.156747e-01 3.402799e-02 -9.927041e-01 -9.726219e+01 6.229549e-02 9.976941e-01 2.694006e-02 -1.051690e+01 9.913318e-01 -5.872470e-02 -1.175277e-01 1.419867e+02
-1.174351e-01 4.000770e-02 -9.922744e-01 -9.845597e+01 6.828347e-02 9.971487e-01 3.212293e-02 -1.053411e+01 9.907302e-01 -6.398358e-02 -1.198321e-01 1.417720e+02
-1.197212e-01 3.891744e-02 -9.920445e-01 -9.959198e+01 6.233289e-02 9.975547e-01 3.161118e-02 -1.046433e+01 9.908488e-01 -5.805247e-02 -1.218543e-01 1.416393e+02
-1.217317e-01 3.663927e-02 -9.918866e-01 -1.006841e+02 6.725492e-02 9.973262e-01 2.858618e-02 -1.047372e+01 9.902819e-01 -6.322940e-02 -1.238704e-01 1.414735e+02
-1.228650e-01 3.158995e-02 -9.919205e-01 -1.013463e+02 6.921226e-02 9.973324e-01 2.318928e-02 -1.042676e+01 9.900070e-01 -6.580391e-02 -1.247236e-01 1.411747e+02
-1.253315e-01 2.914195e-02 -9.916868e-01 -1.024699e+02 6.918333e-02 9.973920e-01 2.056606e-02 -1.042474e+01 9.896998e-01 -6.603062e-02 -1.270208e-01 1.410215e+02
-1.279959e-01 2.901742e-02 -9.913501e-01 -1.035303e+02 6.880517e-02 9.974233e-01 2.031156e-02 -1.041518e+01 9.893851e-01 -6.561021e-02 -1.296626e-01 1.408441e+02
-1.320449e-01 3.085413e-02 -9.907634e-01 -1.050194e+02 6.761642e-02 9.974677e-01 2.205127e-02 -1.036004e+01 9.889349e-01 -6.408012e-02 -1.337967e-01 1.407444e+02
-1.336940e-01 3.275434e-02 -9.904812e-01 -1.060509e+02 6.492076e-02 9.975963e-01 2.422670e-02 -1.035459e+01 9.888939e-01 -6.106383e-02 -1.354990e-01 1.405442e+02
-1.360550e-01 3.187143e-02 -9.901885e-01 -1.071820e+02 6.225991e-02 9.977818e-01 2.356113e-02 -1.032295e+01 9.887430e-01 -5.844344e-02 -1.377375e-01 1.403709e+02
-1.385369e-01 3.161724e-02 -9.898525e-01 -1.081588e+02 5.951009e-02 9.979499e-01 2.354702e-02 -1.033306e+01 9.885677e-01 -5.564407e-02 -1.401344e-01 1.402172e+02
-1.409739e-01 3.190857e-02 -9.894990e-01 -1.093349e+02 6.204008e-02 9.978008e-01 2.333743e-02 -1.031944e+01 9.880675e-01 -5.809863e-02 -1.426435e-01 1.400540e+02
-1.440075e-01 3.140139e-02 -9.890783e-01 -1.104658e+02 6.332217e-02 9.977404e-01 2.245684e-02 -1.034499e+01 9.875486e-01 -5.939663e-02 -1.456705e-01 1.398732e+02
-1.465499e-01 2.902639e-02 -9.887773e-01 -1.115060e+02 6.197027e-02 9.978754e-01 2.010865e-02 -1.032469e+01 9.872602e-01 -5.832788e-02 -1.480374e-01 1.397144e+02
-1.491564e-01 2.884148e-02 -9.883929e-01 -1.126409e+02 6.343667e-02 9.977945e-01 1.954272e-02 -1.032871e+01 9.867767e-01 -5.978543e-02 -1.506570e-01 1.395576e+02
-1.507403e-01 2.953440e-02 -9.881321e-01 -1.136622e+02 6.207523e-02 9.978639e-01 2.035565e-02 -1.034898e+01 9.866225e-01 -5.827011e-02 -1.522517e-01 1.393744e+02
-1.528854e-01 2.802161e-02 -9.878466e-01 -1.150729e+02 5.914879e-02 9.980653e-01 1.915723e-02 -1.029775e+01 9.864722e-01 -5.550106e-02 -1.542471e-01 1.391748e+02
-1.543122e-01 2.699513e-02 -9.876533e-01 -1.160638e+02 6.209541e-02 9.979155e-01 1.757376e-02 -1.029866e+01 9.860689e-01 -5.861689e-02 -1.556668e-01 1.390104e+02
-1.568607e-01 2.817115e-02 -9.872189e-01 -1.173028e+02 6.381229e-02 9.977935e-01 1.833367e-02 -1.030821e+01 9.855571e-01 -6.012086e-02 -1.583122e-01 1.388347e+02
-1.576964e-01 3.105792e-02 -9.869991e-01 -1.182909e+02 6.505470e-02 9.976607e-01 2.099938e-02 -1.028342e+01 9.853424e-01 -6.089741e-02 -1.593480e-01 1.386180e+02
-1.594682e-01 3.256316e-02 -9.866659e-01 -1.194419e+02 6.656279e-02 9.975360e-01 2.216381e-02 -1.028296e+01 9.849565e-01 -6.214081e-02 -1.612428e-01 1.384142e+02
-1.600544e-01 3.137600e-02 -9.866094e-01 -1.205397e+02 6.620744e-02 9.975852e-01 2.098443e-02 -1.028920e+01 9.848854e-01 -6.196223e-02 -1.617452e-01 1.381925e+02
-1.628298e-01 2.979635e-02 -9.862042e-01 -1.216466e+02 6.603205e-02 9.976320e-01 1.923923e-02 -1.029533e+01 9.844421e-01 -6.198836e-02 -1.644117e-01 1.380526e+02
-1.639211e-01 2.947571e-02 -9.860330e-01 -1.228689e+02 6.667622e-02 9.975987e-01 1.873699e-02 -1.029182e+01 9.842175e-01 -6.267356e-02 -1.654928e-01 1.378368e+02
-1.654972e-01 2.961279e-02 -9.857656e-01 -1.240025e+02 6.799599e-02 9.975131e-01 1.855005e-02 -1.031798e+01 9.838634e-01 -6.395812e-02 -1.670991e-01 1.376706e+02
-1.667720e-01 2.832467e-02 -9.855886e-01 -1.250609e+02 6.895505e-02 9.974749e-01 1.699835e-02 -1.029756e+01 9.835814e-01 -6.512646e-02 -1.683041e-01 1.374847e+02
-1.679519e-01 2.877659e-02 -9.853751e-01 -1.261956e+02 7.016193e-02 9.973879e-01 1.716869e-02 -1.030937e+01 9.832952e-01 -6.625231e-02 -1.695322e-01 1.372860e+02
-1.681030e-01 3.098693e-02 -9.852823e-01 -1.273920e+02 7.158592e-02 9.972506e-01 1.914977e-02 -1.028455e+01 9.831667e-01 -6.731321e-02 -1.698590e-01 1.370871e+02
-1.682693e-01 3.369573e-02 -9.851650e-01 -1.284274e+02 7.905422e-02 9.966577e-01 2.058611e-02 -1.026590e+01 9.825660e-01 -7.441744e-02 -1.703707e-01 1.369242e+02
-1.679030e-01 3.377081e-02 -9.852249e-01 -1.295322e+02 8.011142e-02 9.965749e-01 2.050720e-02 -1.027023e+01 9.825430e-01 -7.548455e-02 -1.700333e-01 1.367186e+02
-1.686019e-01 2.947326e-02 -9.852435e-01 -1.307164e+02 7.556532e-02 9.969977e-01 1.689361e-02 -1.025320e+01 9.827834e-01 -7.160194e-02 -1.703229e-01 1.365271e+02
-1.684436e-01 2.717795e-02 -9.853365e-01 -1.318562e+02 7.908895e-02 9.967696e-01 1.397302e-02 -1.026348e+01 9.825333e-01 -7.557557e-02 -1.700490e-01 1.363282e+02
-1.681679e-01 2.614707e-02 -9.854115e-01 -1.329460e+02 7.672048e-02 9.969631e-01 1.336066e-02 -1.027627e+01 9.827683e-01 -7.335442e-02 -1.696632e-01 1.361316e+02
-1.677652e-01 2.667562e-02 -9.854660e-01 -1.340302e+02 7.266088e-02 9.972495e-01 1.462484e-02 -1.026376e+01 9.831456e-01 -6.915129e-02 -1.692420e-01 1.359112e+02
-1.682332e-01 2.905153e-02 -9.853190e-01 -1.351825e+02 7.255113e-02 9.972195e-01 1.701504e-02 -1.027019e+01 9.830737e-01 -6.862351e-02 -1.698732e-01 1.357400e+02
-1.688642e-01 3.165133e-02 -9.851310e-01 -1.363518e+02 7.344125e-02 9.971099e-01 1.944742e-02 -1.026874e+01 9.828994e-01 -6.906528e-02 -1.707007e-01 1.355374e+02
-1.695313e-01 3.363059e-02 -9.849508e-01 -1.373772e+02 7.312538e-02 9.970919e-01 2.145868e-02 -1.027682e+01 9.828081e-01 -6.838698e-02 -1.714975e-01 1.353422e+02
-1.698744e-01 3.349532e-02 -9.848963e-01 -1.384559e+02 7.313719e-02 9.970945e-01 2.129550e-02 -1.026799e+01 9.827480e-01 -6.841499e-02 -1.718306e-01 1.351235e+02
-1.703482e-01 3.229240e-02 -9.848546e-01 -1.394959e+02 7.413097e-02 9.970505e-01 1.987002e-02 -1.028411e+01 9.825915e-01 -6.962341e-02 -1.722397e-01 1.349068e+02
-1.709531e-01 2.925657e-02 -9.848447e-01 -1.407609e+02 7.134650e-02 9.973026e-01 1.724206e-02 -1.024687e+01 9.826926e-01 -6.731764e-02 -1.725793e-01 1.347017e+02
-1.714600e-01 2.856919e-02 -9.847768e-01 -1.418944e+02 6.920795e-02 9.974593e-01 1.688729e-02 -1.024780e+01 9.827572e-01 -6.525889e-02 -1.730016e-01 1.345164e+02
-1.711661e-01 2.829196e-02 -9.848359e-01 -1.429832e+02 6.742877e-02 9.975803e-01 1.693885e-02 -1.024485e+01 9.829321e-01 -6.350692e-02 -1.726596e-01 1.342868e+02
-1.714544e-01 2.881962e-02 -9.847704e-01 -1.441115e+02 6.847293e-02 9.975035e-01 1.727071e-02 -1.024510e+01 9.828097e-01 -6.446898e-02 -1.729997e-01 1.340934e+02
-1.721717e-01 3.040986e-02 -9.845975e-01 -1.455359e+02 6.813254e-02 9.974973e-01 1.889428e-02 -1.027157e+01 9.827079e-01 -6.383007e-02 -1.738127e-01 1.338939e+02
-1.713959e-01 3.083624e-02 -9.847195e-01 -1.465106e+02 7.026293e-02 9.973475e-01 1.900203e-02 -1.027501e+01 9.826935e-01 -6.593241e-02 -1.731079e-01 1.336596e+02
-1.710669e-01 3.117830e-02 -9.847660e-01 -1.476997e+02 7.389455e-02 9.970901e-01 1.873203e-02 -1.028165e+01 9.824845e-01 -6.956440e-02 -1.728730e-01 1.334508e+02
-1.710678e-01 3.233575e-02 -9.847285e-01 -1.491748e+02 7.373797e-02 9.970785e-01 1.993147e-02 -1.027526e+01 9.824961e-01 -6.920225e-02 -1.729524e-01 1.332468e+02
-1.723238e-01 3.123465e-02 -9.845450e-01 -1.503918e+02 7.607277e-02 9.969341e-01 1.831276e-02 -1.028897e+01 9.820985e-01 -7.174134e-02 -1.741716e-01 1.330731e+02
-1.724231e-01 2.795316e-02 -9.846263e-01 -1.516150e+02 7.671527e-02 9.969422e-01 1.486879e-02 -1.031596e+01 9.820311e-01 -7.297215e-02 -1.740403e-01 1.328703e+02
-1.740230e-01 2.773909e-02 -9.843508e-01 -1.532516e+02 7.586801e-02 9.970098e-01 1.468314e-02 -1.034334e+01 9.818147e-01 -7.212553e-02 -1.756071e-01 1.327276e+02
-1.739765e-01 3.079849e-02 -9.842681e-01 -1.544483e+02 7.495473e-02 9.970254e-01 1.794889e-02 -1.033549e+01 9.818931e-01 -7.065286e-02 -1.757675e-01 1.325213e+02
-1.742993e-01 3.345073e-02 -9.841244e-01 -1.556499e+02 7.749058e-02 9.967893e-01 2.015677e-02 -1.036381e+01 9.816389e-01 -7.274706e-02 -1.763318e-01 1.323141e+02
-1.745799e-01 3.620974e-02 -9.839770e-01 -1.570582e+02 8.799114e-02 9.958991e-01 2.103684e-02 -1.046217e+01 9.807035e-01 -8.290865e-02 -1.770501e-01 1.321342e+02
-1.756417e-01 3.548245e-02 -9.838145e-01 -1.582766e+02 8.712726e-02 9.959890e-01 2.036659e-02 -1.042660e+01 9.805911e-01 -8.213984e-02 -1.780287e-01 1.319443e+02
-1.758592e-01 3.858614e-02 -9.836588e-01 -1.594734e+02 9.598256e-02 9.951426e-01 2.187678e-02 -1.049472e+01 9.797249e-01 -9.056686e-02 -1.787086e-01 1.317282e+02
-1.763318e-01 3.844742e-02 -9.835796e-01 -1.605743e+02 9.505806e-02 9.952317e-01 2.186130e-02 -1.048047e+01 9.797301e-01 -8.964233e-02 -1.791457e-01 1.315073e+02
-1.763050e-01 3.645711e-02 -9.836602e-01 -1.616925e+02 9.487096e-02 9.952910e-01 1.988411e-02 -1.047422e+01 9.797531e-01 -8.981512e-02 -1.789335e-01 1.312866e+02
-1.754068e-01 3.576611e-02 -9.838461e-01 -1.626335e+02 9.590424e-02 9.952077e-01 1.908068e-02 -1.044750e+01 9.798137e-01 -9.100814e-02 -1.779963e-01 1.309830e+02
-1.755387e-01 4.015596e-02 -9.836532e-01 -1.638601e+02 1.038333e-01 9.943500e-01 2.206297e-02 -1.053715e+01 9.789815e-01 -9.826308e-02 -1.787164e-01 1.307771e+02
-1.754732e-01 4.443697e-02 -9.834808e-01 -1.649467e+02 1.011207e-01 9.945106e-01 2.689332e-02 -1.050509e+01 9.792772e-01 -9.473120e-02 -1.790035e-01 1.305549e+02
-1.759433e-01 4.938524e-02 -9.831608e-01 -1.663177e+02 1.041995e-01 9.940642e-01 3.128573e-02 -1.050638e+01 9.788700e-01 -9.694037e-02 -1.800448e-01 1.303739e+02
-1.759072e-01 4.511764e-02 -9.833723e-01 -1.673914e+02 1.057834e-01 9.940311e-01 2.668398e-02 -1.050615e+01 9.787066e-01 -9.933054e-02 -1.796299e-01 1.301746e+02
-1.752206e-01 3.415685e-02 -9.839365e-01 -1.684559e+02 1.022347e-01 9.946264e-01 1.632187e-02 -1.047752e+01 9.792067e-01 -9.773250e-02 -1.777711e-01 1.299486e+02
-1.761733e-01 2.871114e-02 -9.839404e-01 -1.698608e+02 1.034965e-01 9.945745e-01 1.049053e-02 -1.054103e+01 9.789032e-01 -9.998619e-02 -1.781890e-01 1.297901e+02
-1.744347e-01 3.181512e-02 -9.841546e-01 -1.710288e+02 1.045887e-01 9.944224e-01 1.360941e-02 -1.058947e+01 9.790984e-01 -1.005575e-01 -1.767893e-01 1.295104e+02
-1.747344e-01 3.983216e-02 -9.838096e-01 -1.721957e+02 1.055419e-01 9.941823e-01 2.150683e-02 -1.056998e+01 9.789427e-01 -1.000751e-01 -1.779218e-01 1.293226e+02
-1.743784e-01 4.577360e-02 -9.836142e-01 -1.731894e+02 1.042909e-01 9.941589e-01 2.777527e-02 -1.048518e+01 9.791402e-01 -9.773861e-02 -1.781336e-01 1.291614e+02
-1.732669e-01 5.001024e-02 -9.836044e-01 -1.741899e+02 1.087951e-01 9.935697e-01 3.135211e-02 -1.051543e+01 9.788474e-01 -1.015791e-01 -1.775936e-01 1.288788e+02
-1.737180e-01 4.989996e-02 -9.835304e-01 -1.753579e+02 1.106081e-01 9.933848e-01 3.086354e-02 -1.054790e+01 9.785642e-01 -1.034249e-01 -1.780882e-01 1.286997e+02
-1.734722e-01 4.085395e-02 -9.839910e-01 -1.765521e+02 1.129212e-01 9.933748e-01 2.133618e-02 -1.053675e+01 9.783436e-01 -1.074122e-01 -1.769362e-01 1.285218e+02
-1.739613e-01 3.239889e-02 -9.842194e-01 -1.775043e+02 1.187342e-01 9.928572e-01 1.169690e-02 -1.052258e+01 9.775682e-01 -1.148257e-01 -1.765656e-01 1.283311e+02
-1.758400e-01 3.349353e-02 -9.838488e-01 -1.786309e+02 1.220537e-01 9.924513e-01 1.197214e-02 -1.054134e+01 9.768230e-01 -1.179772e-01 -1.786007e-01 1.281248e+02
-1.763993e-01 4.745917e-02 -9.831739e-01 -1.795942e+02 1.251889e-01 9.918074e-01 2.541476e-02 -1.051141e+01 9.763253e-01 -1.185993e-01 -1.808955e-01 1.279346e+02
-1.765468e-01 6.329878e-02 -9.822548e-01 -1.806907e+02 1.314304e-01 9.905097e-01 4.020794e-02 -1.051699e+01 9.754780e-01 -1.219995e-01 -1.831907e-01 1.277728e+02
-1.763224e-01 6.653397e-02 -9.820813e-01 -1.817288e+02 1.285082e-01 9.907298e-01 4.404759e-02 -1.049988e+01 9.759078e-01 -1.184389e-01 -1.832381e-01 1.275678e+02
-1.765384e-01 6.050246e-02 -9.824325e-01 -1.827600e+02 1.259062e-01 9.912978e-01 3.842368e-02 -1.047814e+01 9.762079e-01 -1.169111e-01 -1.826198e-01 1.273801e+02
-1.750488e-01 4.947069e-02 -9.833161e-01 -1.835377e+02 1.226637e-01 9.920511e-01 2.807370e-02 -1.051698e+01 9.768887e-01 -1.157030e-01 -1.797256e-01 1.271145e+02
-1.753531e-01 3.865012e-02 -9.837467e-01 -1.845123e+02 1.215473e-01 9.924344e-01 1.732562e-02 -1.052443e+01 9.769737e-01 -1.165337e-01 -1.787242e-01 1.269345e+02
-1.759585e-01 3.496777e-02 -9.837763e-01 -1.856017e+02 1.202425e-01 9.926490e-01 1.377653e-02 -1.051402e+01 9.770263e-01 -1.158676e-01 -1.788697e-01 1.267066e+02
-1.762290e-01 4.304369e-02 -9.834076e-01 -1.866392e+02 1.198347e-01 9.925507e-01 2.196921e-02 -1.053108e+01 9.770276e-01 -1.139748e-01 -1.800743e-01 1.265378e+02
-1.770002e-01 5.273375e-02 -9.827971e-01 -1.876346e+02 1.188996e-01 9.923958e-01 3.183515e-02 -1.053860e+01 9.770025e-01 -1.112194e-01 -1.819243e-01 1.263454e+02
-1.776089e-01 5.898950e-02 -9.823316e-01 -1.886944e+02 1.175850e-01 9.923228e-01 3.832972e-02 -1.050326e+01 9.770511e-01 -1.086997e-01 -1.831816e-01 1.261602e+02
-1.765084e-01 6.135757e-02 -9.823849e-01 -1.895893e+02 1.189173e-01 9.920739e-01 4.059645e-02 -1.059745e+01 9.770893e-01 -1.096570e-01 -1.824058e-01 1.258980e+02
-1.777971e-01 6.018976e-02 -9.822247e-01 -1.906292e+02 1.209680e-01 9.918945e-01 3.888534e-02 -1.059113e+01 9.766038e-01 -1.119040e-01 -1.836370e-01 1.257253e+02
-1.767829e-01 6.034107e-02 -9.823985e-01 -1.913709e+02 1.276998e-01 9.910886e-01 3.789520e-02 -1.059918e+01 9.759306e-01 -1.187529e-01 -1.829131e-01 1.254925e+02
-1.787198e-01 5.641254e-02 -9.822814e-01 -1.928113e+02 1.222330e-01 9.918938e-01 3.472506e-02 -1.059814e+01 9.762778e-01 -1.138611e-01 -1.841666e-01 1.253482e+02
-1.787862e-01 5.118705e-02 -9.825555e-01 -1.937916e+02 1.227004e-01 9.920096e-01 2.935295e-02 -1.057639e+01 9.762070e-01 -1.153121e-01 -1.836383e-01 1.251697e+02
-1.785384e-01 4.989961e-02 -9.826668e-01 -1.947234e+02 1.234906e-01 9.919525e-01 2.793442e-02 -1.053954e+01 9.761527e-01 -1.163627e-01 -1.832638e-01 1.250058e+02
-1.764073e-01 5.252101e-02 -9.829151e-01 -1.955481e+02 1.227892e-01 9.919495e-01 3.096634e-02 -1.056547e+01 9.766285e-01 -1.152287e-01 -1.814362e-01 1.248587e+02
-1.751912e-01 5.145842e-02 -9.831887e-01 -1.964881e+02 1.217602e-01 9.920991e-01 3.022873e-02 -1.056209e+01 9.769762e-01 -1.144174e-01 -1.800726e-01 1.246897e+02
-1.747348e-01 4.697851e-02 -9.834942e-01 -1.974544e+02 1.208329e-01 9.923341e-01 2.593271e-02 -1.055113e+01 9.771730e-01 -1.143071e-01 -1.790718e-01 1.245482e+02
-1.728973e-01 4.327094e-02 -9.839889e-01 -1.982624e+02 1.170521e-01 9.928572e-01 2.309362e-02 -1.050836e+01 9.779598e-01 -1.111851e-01 -1.767273e-01 1.243506e+02
-1.732057e-01 4.455772e-02 -9.838772e-01 -1.992579e+02 1.143330e-01 9.931317e-01 2.484920e-02 -1.051012e+01 9.782268e-01 -1.081856e-01 -1.771105e-01 1.241797e+02
-1.749878e-01 4.570239e-02 -9.835093e-01 -2.001896e+02 1.153980e-01 9.929891e-01 2.561107e-02 -1.042690e+01 9.777845e-01 -1.090134e-01 -1.790350e-01 1.240704e+02
-1.740278e-01 4.825494e-02 -9.835577e-01 -2.007100e+02 1.108873e-01 9.934063e-01 2.911807e-02 -1.052049e+01 9.784776e-01 -1.039967e-01 -1.782311e-01 1.238872e+02
-1.761039e-01 4.758549e-02 -9.832207e-01 -2.017304e+02 1.112767e-01 9.933908e-01 2.814701e-02 -1.048500e+01 9.780618e-01 -1.044528e-01 -1.802351e-01 1.237339e+02
-1.780598e-01 4.539633e-02 -9.829720e-01 -2.025433e+02 1.084253e-01 9.937579e-01 2.625382e-02 -1.053690e+01 9.780279e-01 -1.019043e-01 -1.818705e-01 1.235362e+02
-1.822956e-01 4.347536e-02 -9.822821e-01 -2.034712e+02 1.045566e-01 9.942147e-01 2.459950e-02 -1.049395e+01 9.776688e-01 -9.821966e-02 -1.857866e-01 1.233926e+02
-1.854212e-01 4.528096e-02 -9.816153e-01 -2.044780e+02 1.056769e-01 9.940633e-01 2.589345e-02 -1.050449e+01 9.769603e-01 -9.893287e-02 -1.891056e-01 1.232021e+02
-1.893624e-01 4.684987e-02 -9.807890e-01 -2.053683e+02 1.015815e-01 9.944362e-01 2.788928e-02 -1.050611e+01 9.766387e-01 -9.434880e-02 -1.930679e-01 1.229773e+02
-1.938236e-01 5.031638e-02 -9.797452e-01 -2.064400e+02 1.082346e-01 9.936840e-01 2.962012e-02 -1.046740e+01 9.750475e-01 -1.003012e-01 -1.980454e-01 1.228093e+02
-2.007079e-01 5.207562e-02 -9.782661e-01 -2.074673e+02 1.122734e-01 9.932293e-01 2.983736e-02 -1.044287e+01 9.731963e-01 -1.038446e-01 -2.051956e-01 1.226674e+02
-2.045030e-01 4.913178e-02 -9.776321e-01 -2.082275e+02 1.127107e-01 9.932786e-01 2.634106e-02 -1.041666e+01 9.723553e-01 -1.048028e-01 -2.086661e-01 1.224531e+02
-2.102057e-01 4.422865e-02 -9.766562e-01 -2.089680e+02 1.140681e-01 9.932629e-01 2.042983e-02 -1.040026e+01 9.709799e-01 -1.071108e-01 -2.138346e-01 1.222918e+02
-2.186589e-01 4.227351e-02 -9.748852e-01 -2.099161e+02 1.172797e-01 9.929576e-01 1.675228e-02 -1.040809e+01 9.687279e-01 -1.106712e-01 -2.220768e-01 1.221501e+02
-2.238527e-01 4.517383e-02 -9.735755e-01 -2.107886e+02 1.175448e-01 9.928850e-01 1.904289e-02 -1.038778e+01 9.675088e-01 -1.101759e-01 -2.275699e-01 1.219126e+02
-2.305124e-01 5.022672e-02 -9.717723e-01 -2.117094e+02 1.167163e-01 9.928841e-01 2.363183e-02 -1.038738e+01 9.660442e-01 -1.079743e-01 -2.347343e-01 1.216657e+02
-2.397822e-01 5.361103e-02 -9.693453e-01 -2.127859e+02 1.168661e-01 9.928073e-01 2.600004e-02 -1.039401e+01 9.637670e-01 -1.070493e-01 -2.443228e-01 1.214642e+02
-2.443035e-01 5.144956e-02 -9.683330e-01 -2.134956e+02 1.169939e-01 9.928608e-01 2.323605e-02 -1.036459e+01 9.626153e-01 -1.076124e-01 -2.485786e-01 1.212212e+02
-2.501789e-01 4.870037e-02 -9.669741e-01 -2.144271e+02 1.187189e-01 9.927406e-01 1.928270e-02 -1.039901e+01 9.608935e-01 -1.099740e-01 -2.541444e-01 1.209808e+02
-2.547279e-01 4.429030e-02 -9.659980e-01 -2.152861e+02 1.145166e-01 9.933028e-01 1.534487e-02 -1.038983e+01 9.602081e-01 -1.067140e-01 -2.580939e-01 1.207555e+02
-2.590352e-01 4.357164e-02 -9.648846e-01 -2.162308e+02 1.114576e-01 9.936568e-01 1.494875e-02 -1.040278e+01 9.594154e-01 -1.036715e-01 -2.622484e-01 1.205491e+02
-2.607426e-01 4.523821e-02 -9.643479e-01 -2.169817e+02 1.057997e-01 9.942239e-01 1.803336e-02 -1.038601e+01 9.595935e-01 -9.732562e-02 -2.640227e-01 1.202972e+02
-2.613412e-01 4.663835e-02 -9.641191e-01 -2.178916e+02 1.033063e-01 9.944464e-01 2.010244e-02 -1.039014e+01 9.597023e-01 -9.434599e-02 -2.647078e-01 1.200725e+02
-2.621128e-01 4.738472e-02 -9.638732e-01 -2.188408e+02 1.049847e-01 9.942660e-01 2.032961e-02 -1.038831e+01 9.593097e-01 -9.586333e-02 -2.655845e-01 1.198816e+02
-2.645802e-01 5.044493e-02 -9.630434e-01 -2.195944e+02 1.021018e-01 9.944834e-01 2.404102e-02 -1.049580e+01 9.589435e-01 -9.196765e-02 -2.682711e-01 1.198425e+02
-2.647131e-01 5.223360e-02 -9.629115e-01 -2.204721e+02 1.024306e-01 9.944060e-01 2.578292e-02 -1.047616e+01 9.588717e-01 -9.180655e-02 -2.685826e-01 1.196461e+02
-2.636150e-01 5.366898e-02 -9.631338e-01 -2.212921e+02 9.720499e-02 9.948467e-01 2.883058e-02 -1.047779e+01 9.597178e-01 -8.602124e-02 -2.674734e-01 1.194342e+02
-2.620954e-01 4.922996e-02 -9.637855e-01 -2.220816e+02 9.332856e-02 9.953098e-01 2.546010e-02 -1.045088e+01 9.605185e-01 -8.327573e-02 -2.654607e-01 1.192559e+02
-2.582211e-01 4.615896e-02 -9.649825e-01 -2.228720e+02 8.869240e-02 9.957723e-01 2.389843e-02 -1.042943e+01 9.620060e-01 -7.941553e-02 -2.612234e-01 1.190541e+02
-2.508958e-01 4.677694e-02 -9.668832e-01 -2.237009e+02 8.771746e-02 9.958211e-01 2.541519e-02 -1.045976e+01 9.640316e-01 -7.843598e-02 -2.539505e-01 1.188932e+02
-2.358638e-01 4.499302e-02 -9.707440e-01 -2.242594e+02 7.935133e-02 9.964835e-01 2.690585e-02 -1.041468e+01 9.685410e-01 -7.068372e-02 -2.386046e-01 1.185810e+02
-2.245206e-01 4.605707e-02 -9.733803e-01 -2.250536e+02 7.683577e-02 9.966092e-01 2.943319e-02 -1.042615e+01 9.714354e-01 -6.818207e-02 -2.272981e-01 1.184259e+02
-2.149523e-01 4.837766e-02 -9.754256e-01 -2.257529e+02 7.597534e-02 9.965739e-01 3.268403e-02 -1.050516e+01 9.736649e-01 -6.708279e-02 -2.178913e-01 1.184047e+02
-2.000181e-01 4.650233e-02 -9.786880e-01 -2.265653e+02 7.818437e-02 9.964453e-01 3.136724e-02 -1.040293e+01 9.766678e-01 -7.024410e-02 -2.029428e-01 1.181013e+02
-1.879696e-01 4.752297e-02 -9.810245e-01 -2.273298e+02 7.950897e-02 9.962868e-01 3.302796e-02 -1.038609e+01 9.789514e-01 -7.179199e-02 -1.910502e-01 1.179753e+02
-1.778187e-01 4.767191e-02 -9.829079e-01 -2.281670e+02 7.807819e-02 9.963605e-01 3.419918e-02 -1.034420e+01 9.809609e-01 -7.066241e-02 -1.808937e-01 1.178920e+02
-1.630452e-01 4.885836e-02 -9.854081e-01 -2.288041e+02 7.741604e-02 9.963272e-01 3.659053e-02 -1.035533e+01 9.835767e-01 -7.032048e-02 -1.662288e-01 1.176994e+02
-1.506933e-01 5.057760e-02 -9.872859e-01 -2.294770e+02 7.656398e-02 9.962878e-01 3.935249e-02 -1.033711e+01 9.856112e-01 -6.966038e-02 -1.540064e-01 1.176548e+02
-1.351657e-01 5.165371e-02 -9.894757e-01 -2.302086e+02 7.673697e-02 9.961864e-01 4.152151e-02 -1.034095e+01 9.878470e-01 -7.031708e-02 -1.386140e-01 1.175277e+02
-1.222564e-01 5.029890e-02 -9.912232e-01 -2.309210e+02 7.709197e-02 9.961789e-01 4.104193e-02 -1.030496e+01 9.895000e-01 -7.139770e-02 -1.256669e-01 1.174729e+02
-1.081371e-01 5.106719e-02 -9.928235e-01 -2.316137e+02 7.758181e-02 9.960676e-01 4.278394e-02 -1.028060e+01 9.911041e-01 -7.239851e-02 -1.116738e-01 1.174199e+02
-9.105396e-02 5.087827e-02 -9.945454e-01 -2.322441e+02 7.733329e-02 9.960394e-01 4.387458e-02 -1.029694e+01 9.928387e-01 -7.291652e-02 -9.462792e-02 1.172625e+02
-7.888979e-02 4.918249e-02 -9.956694e-01 -2.328773e+02 8.011615e-02 9.958643e-01 4.284428e-02 -1.021794e+01 9.936588e-01 -7.638922e-02 -8.250384e-02 1.173063e+02
-6.456596e-02 4.991487e-02 -9.966643e-01 -2.335349e+02 8.260220e-02 9.955881e-01 4.450983e-02 -1.021399e+01 9.944889e-01 -7.945285e-02 -6.840419e-02 1.172894e+02
-4.918803e-02 4.642914e-02 -9.977098e-01 -2.342453e+02 8.327542e-02 9.956315e-01 4.222687e-02 -1.016797e+01 9.953119e-01 -8.100764e-02 -5.283955e-02 1.172620e+02
-3.414658e-02 4.506129e-02 -9.984005e-01 -2.348921e+02 8.343300e-02 9.956244e-01 4.208249e-02 -1.017171e+01 9.959282e-01 -8.186257e-02 -3.775677e-02 1.171949e+02
-1.988374e-02 4.455089e-02 -9.988092e-01 -2.354782e+02 8.273285e-02 9.956538e-01 4.276315e-02 -1.016201e+01 9.963734e-01 -8.178405e-02 -2.348315e-02 1.171897e+02
-6.470158e-03 4.318005e-02 -9.990464e-01 -2.360654e+02 8.658422e-02 9.953393e-01 4.245908e-02 -1.011173e+01 9.962235e-01 -8.622693e-02 -1.017871e-02 1.172202e+02
6.064160e-03 4.540709e-02 -9.989502e-01 -2.367409e+02 8.663726e-02 9.951883e-01 4.576203e-02 -1.010520e+01 9.962215e-01 -8.682381e-02 2.101036e-03 1.172455e+02
2.016388e-02 4.638678e-02 -9.987200e-01 -2.373711e+02 8.885901e-02 9.948868e-01 4.800278e-02 -1.007772e+01 9.958401e-01 -8.971319e-02 1.593889e-02 1.172393e+02
3.148618e-02 4.856403e-02 -9.983237e-01 -2.379126e+02 8.908118e-02 9.947077e-01 5.119767e-02 -1.008221e+01 9.955266e-01 -9.054387e-02 2.699340e-02 1.172856e+02
4.206780e-02 4.820774e-02 -9.979511e-01 -2.384724e+02 8.831780e-02 9.947458e-01 5.177587e-02 -1.004318e+01 9.952036e-01 -9.031494e-02 3.758917e-02 1.173163e+02
5.066474e-02 4.849540e-02 -9.975376e-01 -2.389978e+02 9.006631e-02 9.945286e-01 5.292357e-02 -1.003714e+01 9.946462e-01 -9.252589e-02 4.601973e-02 1.173343e+02
5.616920e-02 4.771376e-02 -9.972805e-01 -2.395519e+02 9.386765e-02 9.941808e-01 5.285231e-02 -1.001036e+01 9.939989e-01 -9.658105e-02 5.136356e-02 1.173783e+02
6.216602e-02 4.796731e-02 -9.969125e-01 -2.401151e+02 9.719878e-02 9.938055e-01 5.387899e-02 -9.996521e+00 9.933216e-01 -1.002481e-01 5.711857e-02 1.173464e+02
6.206653e-02 4.755913e-02 -9.969383e-01 -2.406154e+02 1.002510e-01 9.935154e-01 5.363718e-02 -9.959233e+00 9.930244e-01 -1.032731e-01 5.689620e-02 1.173861e+02
6.093427e-02 4.937974e-02 -9.969196e-01 -2.410953e+02 1.016434e-01 9.932765e-01 5.541199e-02 -9.948282e+00 9.929530e-01 -1.047068e-01 5.550545e-02 1.174106e+02
5.683517e-02 5.042189e-02 -9.971095e-01 -2.415630e+02 1.024520e-01 9.931569e-01 5.606177e-02 -9.945305e+00 9.931130e-01 -1.053422e-01 5.128042e-02 1.174566e+02
5.083550e-02 5.025635e-02 -9.974418e-01 -2.420322e+02 1.037678e-01 9.930617e-01 5.532428e-02 -9.926730e+00 9.933016e-01 -1.063148e-01 4.526780e-02 1.174745e+02
4.179955e-02 5.022660e-02 -9.978628e-01 -2.424803e+02 1.058441e-01 9.928930e-01 5.441016e-02 -9.900937e+00 9.935038e-01 -1.078922e-01 3.618630e-02 1.174882e+02
2.965447e-02 5.131799e-02 -9.982420e-01 -2.429296e+02 1.099941e-01 9.924486e-01 5.428772e-02 -9.893573e+00 9.934898e-01 -1.114106e-01 2.378586e-02 1.174907e+02
1.471190e-02 5.106775e-02 -9.985868e-01 -2.433401e+02 1.116699e-01 9.923632e-01 5.239468e-02 -9.882177e+00 9.936364e-01 -1.122829e-01 8.896818e-03 1.174796e+02
-5.304518e-03 5.066746e-02 -9.987015e-01 -2.437943e+02 1.144344e-01 9.921854e-01 4.972907e-02 -9.860378e+00 9.934166e-01 -1.140220e-01 -1.106116e-02 1.174842e+02
-2.420038e-02 5.020366e-02 -9.984458e-01 -2.441747e+02 1.138932e-01 9.923741e-01 4.713782e-02 -9.846100e+00 9.931982e-01 -1.125754e-01 -2.973368e-02 1.174462e+02
-4.628807e-02 5.166686e-02 -9.975911e-01 -2.445562e+02 1.162983e-01 9.921490e-01 4.598879e-02 -9.849125e+00 9.921351e-01 -1.138894e-01 -5.193344e-02 1.174132e+02
-7.100564e-02 5.213516e-02 -9.961125e-01 -2.449276e+02 1.186074e-01 9.919895e-01 4.346471e-02 -9.833985e+00 9.903992e-01 -1.150601e-01 -7.662046e-02 1.173716e+02
-9.978989e-02 5.440109e-02 -9.935203e-01 -2.453144e+02 1.221766e-01 9.916182e-01 4.202544e-02 -9.831392e+00 9.874790e-01 -1.171912e-01 -1.056000e-01 1.173230e+02
-1.309438e-01 5.511735e-02 -9.898565e-01 -2.456611e+02 1.221267e-01 9.917453e-01 3.906691e-02 -9.834647e+00 9.838388e-01 -1.157724e-01 -1.365942e-01 1.172494e+02
-1.642367e-01 5.612579e-02 -9.848229e-01 -2.459863e+02 1.220155e-01 9.918686e-01 3.617908e-02 -9.839068e+00 9.788455e-01 -1.142217e-01 -1.697494e-01 1.171714e+02
-1.993340e-01 5.343868e-02 -9.784734e-01 -2.463364e+02 1.169812e-01 9.926693e-01 3.038264e-02 -9.816882e+00 9.729241e-01 -1.084067e-01 -2.041240e-01 1.170671e+02
-2.339413e-01 4.892266e-02 -9.710191e-01 -2.465977e+02 1.141107e-01 9.932121e-01 2.254887e-02 -9.817461e+00 9.655311e-01 -1.055285e-01 -2.379359e-01 1.169399e+02
-2.693125e-01 4.403449e-02 -9.620456e-01 -2.468454e+02 1.112477e-01 9.936892e-01 1.434047e-02 -9.831366e+00 9.566058e-01 -1.031633e-01 -2.725117e-01 1.168009e+02
-3.011407e-01 4.162453e-02 -9.526708e-01 -2.470524e+02 1.123458e-01 9.936377e-01 7.901794e-03 -9.843387e+00 9.469386e-01 -1.046490e-01 -3.039011e-01 1.166070e+02
-3.343095e-01 4.092345e-02 -9.415744e-01 -2.472686e+02 1.109437e-01 9.938194e-01 3.803197e-03 -9.869358e+00 9.359106e-01 -1.031903e-01 -3.367835e-01 1.164650e+02
-3.657919e-01 3.982769e-02 -9.298441e-01 -2.474707e+02 1.105042e-01 9.938753e-01 -9.009758e-04 -9.855305e+00 9.241132e-01 -1.030812e-01 -3.679526e-01 1.162969e+02
-4.021204e-01 4.232492e-02 -9.146080e-01 -2.477505e+02 1.101163e-01 9.939158e-01 -2.419170e-03 -9.903052e+00 9.089409e-01 -1.016860e-01 -4.043344e-01 1.162303e+02
-4.340532e-01 3.933637e-02 -9.000280e-01 -2.479706e+02 1.042322e-01 9.945297e-01 -6.801038e-03 -9.899026e+00 8.948371e-01 -9.676389e-02 -4.357790e-01 1.160646e+02
-4.661307e-01 3.553425e-02 -8.840020e-01 -2.482108e+02 9.864843e-02 9.950498e-01 -1.201888e-02 -9.916457e+00 8.791989e-01 -9.280777e-02 -4.673286e-01 1.159089e+02
-4.955434e-01 3.239255e-02 -8.679790e-01 -2.484080e+02 9.164301e-02 9.956765e-01 -1.516234e-02 -9.952649e+00 8.637351e-01 -8.705780e-02 -4.963695e-01 1.157367e+02
-5.243886e-01 3.073484e-02 -8.509242e-01 -2.486363e+02 8.644239e-02 9.961068e-01 -1.729205e-02 -9.965244e+00 8.470798e-01 -8.262368e-02 -5.250039e-01 1.155451e+02
-5.516030e-01 3.107688e-02 -8.335277e-01 -2.488370e+02 8.108275e-02 9.965708e-01 -1.650236e-02 -9.977990e+00 8.301564e-01 -7.668746e-02 -5.522312e-01 1.153540e+02
-5.766504e-01 3.303476e-02 -8.163229e-01 -2.490392e+02 8.153329e-02 9.965210e-01 -1.726814e-02 -9.978702e+00 8.129124e-01 -7.651516e-02 -5.773377e-01 1.151542e+02
-6.008021e-01 3.154075e-02 -7.987753e-01 -2.492246e+02 7.916687e-02 9.966569e-01 -2.019132e-02 -1.000390e+01 7.954680e-01 -7.536753e-02 -6.012906e-01 1.149369e+02
-6.243884e-01 2.825801e-02 -7.806027e-01 -2.494185e+02 7.675740e-02 9.967284e-01 -2.531489e-02 -1.000739e+01 7.773335e-01 -7.572337e-02 -6.245146e-01 1.147260e+02
-6.459932e-01 2.629933e-02 -7.628900e-01 -2.495990e+02 7.135451e-02 9.971109e-01 -2.604724e-02 -1.002659e+01 7.600009e-01 -7.126198e-02 -6.460034e-01 1.145129e+02
-6.654529e-01 2.438686e-02 -7.460414e-01 -2.498052e+02 6.513420e-02 9.975509e-01 -2.549001e-02 -1.003922e+01 7.435926e-01 -6.555521e-02 -6.654115e-01 1.143040e+02
-6.818650e-01 2.202670e-02 -7.311464e-01 -2.500015e+02 6.058813e-02 9.978125e-01 -2.644396e-02 -1.004947e+01 7.289645e-01 -6.233000e-02 -6.817079e-01 1.140845e+02
-6.953738e-01 1.514186e-02 -7.184887e-01 -2.501552e+02 5.511905e-02 9.979568e-01 -3.231425e-02 -1.003939e+01 7.165314e-01 -6.207290e-02 -6.947876e-01 1.138684e+02
-7.107317e-01 1.346553e-02 -7.033343e-01 -2.503773e+02 5.483486e-02 9.978351e-01 -3.630777e-02 -1.008703e+01 7.013227e-01 -6.437231e-02 -7.099315e-01 1.136466e+02
-7.230330e-01 1.607720e-02 -6.906264e-01 -2.505303e+02 5.974296e-02 9.974388e-01 -3.932677e-02 -1.009119e+01 6.882253e-01 -6.969461e-02 -7.221417e-01 1.134559e+02
-7.342564e-01 1.755010e-02 -6.786454e-01 -2.506972e+02 6.245699e-02 9.971725e-01 -4.178761e-02 -1.010578e+01 6.759931e-01 -7.306897e-02 -7.332764e-01 1.132439e+02
-7.461090e-01 1.700872e-02 -6.656065e-01 -2.508895e+02 6.416327e-02 9.968578e-01 -4.645014e-02 -1.010841e+01 6.627250e-01 -7.736436e-02 -7.448559e-01 1.130168e+02
-7.579489e-01 1.534343e-02 -6.521335e-01 -2.510550e+02 6.511108e-02 9.965102e-01 -5.223008e-02 -1.013269e+01 6.490563e-01 -8.204884e-02 -7.563028e-01 1.128067e+02
-7.691428e-01 1.398723e-02 -6.389238e-01 -2.512267e+02 6.774145e-02 9.959124e-01 -5.974545e-02 -1.015028e+01 6.354765e-01 -8.923441e-02 -7.669464e-01 1.125631e+02
-7.802391e-01 1.364856e-02 -6.253324e-01 -2.513917e+02 6.938109e-02 9.954808e-01 -6.484065e-02 -1.015494e+01 6.216214e-01 -9.397746e-02 -7.776600e-01 1.123354e+02
-7.925452e-01 1.518241e-02 -6.096241e-01 -2.515687e+02 6.917499e-02 9.954756e-01 -6.513947e-02 -1.020185e+01 6.058769e-01 -9.379671e-02 -7.900097e-01 1.120817e+02
-8.056603e-01 1.721403e-02 -5.921276e-01 -2.517455e+02 6.796565e-02 9.956629e-01 -6.352998e-02 -1.021530e+01 5.884659e-01 -9.142793e-02 -8.033360e-01 1.118188e+02
-8.196907e-01 2.592314e-02 -5.722195e-01 -2.518807e+02 7.287696e-02 9.955769e-01 -5.929207e-02 -1.026500e+01 5.681515e-01 -9.030277e-02 -8.179543e-01 1.115783e+02
-8.346630e-01 2.535951e-02 -5.501768e-01 -2.520262e+02 6.934713e-02 9.958283e-01 -5.930414e-02 -1.028077e+01 5.463777e-01 -8.765215e-02 -8.329397e-01 1.113318e+02
-8.489416e-01 2.879514e-02 -5.277015e-01 -2.521084e+02 7.161077e-02 9.955731e-01 -6.087854e-02 -1.028481e+01 5.236124e-01 -8.947144e-02 -8.472455e-01 1.111244e+02
-8.629012e-01 3.506382e-02 -5.041548e-01 -2.520325e+02 7.476881e-02 9.954695e-01 -5.873818e-02 -1.034310e+01 4.998111e-01 -8.838030e-02 -8.616135e-01 1.111864e+02
-8.769380e-01 3.211711e-02 -4.795292e-01 -2.522457e+02 6.942362e-02 9.957652e-01 -6.026558e-02 -1.036234e+01 4.755629e-01 -8.613983e-02 -8.754541e-01 1.107709e+02
-8.910741e-01 4.024225e-02 -4.520702e-01 -2.522629e+02 7.424433e-02 9.955683e-01 -5.771956e-02 -1.045924e+01 4.477440e-01 -8.499606e-02 -8.901129e-01 1.105801e+02
-9.049608e-01 4.466398e-02 -4.231442e-01 -2.523761e+02 7.672168e-02 9.953039e-01 -5.902452e-02 -1.051431e+01 4.185208e-01 -8.587921e-02 -9.041377e-01 1.103491e+02
-9.179570e-01 4.572571e-02 -3.940357e-01 -2.524455e+02 7.700853e-02 9.949781e-01 -6.393947e-02 -1.052790e+01 3.891332e-01 -8.903779e-02 -9.168684e-01 1.102051e+02
-9.304222e-01 4.873262e-02 -3.632351e-01 -2.525805e+02 7.883108e-02 9.945321e-01 -6.849569e-02 -1.056502e+01 3.579110e-01 -9.236412e-02 -9.291763e-01 1.097131e+02
-9.420739e-01 4.873671e-02 -3.318457e-01 -2.525366e+02 7.700404e-02 9.943866e-01 -7.256493e-02 -1.060645e+01 3.264464e-01 -9.391498e-02 -9.405385e-01 1.096780e+02
-9.529738e-01 4.207511e-02 -3.001175e-01 -2.526268e+02 6.805375e-02 9.947339e-01 -7.663633e-02 -1.063475e+01 2.953126e-01 -9.345654e-02 -9.508188e-01 1.093717e+02
-9.622002e-01 5.005330e-02 -2.677039e-01 -2.524010e+02 7.267792e-02 9.945105e-01 -7.527787e-02 -1.071432e+01 2.624664e-01 -9.188854e-02 -9.605560e-01 1.094289e+02
-9.696430e-01 5.784841e-02 -2.375836e-01 -2.524847e+02 7.750900e-02 9.942226e-01 -7.425542e-02 -1.075384e+01 2.319154e-01 -9.041611e-02 -9.685247e-01 1.092296e+02
-9.755211e-01 6.338614e-02 -2.105727e-01 -2.525044e+02 8.086337e-02 9.938658e-01 -7.544471e-02 -1.074844e+01 2.044989e-01 -9.062552e-02 -9.746626e-01 1.091835e+02
-9.807453e-01 5.900888e-02 -1.861628e-01 -2.526304e+02 7.456145e-02 9.941868e-01 -7.767361e-02 -1.077006e+01 1.804972e-01 -9.005860e-02 -9.794438e-01 1.085432e+02
-9.841709e-01 5.519570e-02 -1.684078e-01 -2.526761e+02 6.909326e-02 9.945713e-01 -7.780829e-02 -1.078466e+01 1.631988e-01 -8.821249e-02 -9.826417e-01 1.081666e+02
-9.864846e-01 5.229059e-02 -1.552860e-01 -2.528113e+02 6.502989e-02 9.948206e-01 -7.812184e-02 -1.081924e+01 1.503967e-01 -8.716423e-02 -9.847757e-01 1.076378e+02
-9.878636e-01 5.409716e-02 -1.455985e-01 -2.528047e+02 6.594046e-02 9.947873e-01 -7.778252e-02 -1.080135e+01 1.406318e-01 -8.643935e-02 -9.862814e-01 1.074717e+02
-9.891146e-01 6.300319e-02 -1.329770e-01 -2.528776e+02 7.377294e-02 9.942454e-01 -7.767700e-02 -1.084427e+01 1.273179e-01 -8.664156e-02 -9.880705e-01 1.070413e+02
-9.904888e-01 6.810009e-02 -1.195592e-01 -2.529498e+02 7.790634e-02 9.937974e-01 -7.935533e-02 -1.087639e+01 1.134136e-01 -8.791498e-02 -9.896506e-01 1.067510e+02
-9.922066e-01 6.894204e-02 -1.037931e-01 -2.529995e+02 7.775877e-02 9.934743e-01 -8.344127e-02 -1.097298e+01 9.736317e-02 -9.086181e-02 -9.910926e-01 1.059297e+02
-9.936722e-01 6.998186e-02 -8.785269e-02 -2.530390e+02 7.758179e-02 9.932437e-01 -8.630157e-02 -1.103371e+01 8.121959e-02 -9.257124e-02 -9.923880e-01 1.053547e+02
-9.948383e-01 7.135694e-02 -7.214567e-02 -2.530676e+02 7.754729e-02 9.931860e-01 -8.699474e-02 -1.109043e+01 6.544639e-02 -9.214039e-02 -9.935929e-01 1.047404e+02
-9.958233e-01 7.080741e-02 -5.763834e-02 -2.529308e+02 7.562968e-02 9.933945e-01 -8.629863e-02 -1.110065e+01 5.114703e-02 -9.029736e-02 -9.946006e-01 1.045621e+02
-9.964285e-01 7.366899e-02 -4.126821e-02 -2.529743e+02 7.691856e-02 9.935222e-01 -8.364958e-02 -1.120162e+01 3.483850e-02 -8.652512e-02 -9.956403e-01 1.039521e+02
-9.967588e-01 7.575907e-02 -2.706346e-02 -2.529921e+02 7.776560e-02 9.935114e-01 -8.299208e-02 -1.129176e+01 2.060045e-02 -8.482769e-02 -9.961827e-01 1.031741e+02
-9.969035e-01 7.726248e-02 -1.462897e-02 -2.530050e+02 7.823225e-02 9.932907e-01 -8.516649e-02 -1.140351e+01 7.950651e-03 -8.604722e-02 -9.962593e-01 1.023781e+02
-9.970528e-01 7.660882e-02 -4.091361e-03 -2.529544e+02 7.666925e-02 9.931008e-01 -8.872731e-02 -1.148632e+01 -2.734160e-03 -8.877950e-02 -9.960476e-01 1.016074e+02
-9.970406e-01 7.678763e-02 3.695142e-03 -2.529506e+02 7.614745e-02 9.930479e-01 -8.976336e-02 -1.156678e+01 -1.056217e-02 -8.921634e-02 -9.959563e-01 1.008933e+02
-9.968569e-01 7.852344e-02 1.051091e-02 -2.529822e+02 7.728142e-02 9.930184e-01 -8.911817e-02 -1.162259e+01 -1.743540e-02 -8.802576e-02 -9.959656e-01 1.006197e+02
-9.970534e-01 7.525067e-02 1.489421e-02 -2.529611e+02 7.365478e-02 9.933727e-01 -8.823659e-02 -1.169621e+01 -2.143536e-02 -8.687957e-02 -9.959882e-01 9.981275e+01
-9.969918e-01 7.537008e-02 1.807688e-02 -2.529317e+02 7.350178e-02 9.933993e-01 -8.806384e-02 -1.182005e+01 -2.459493e-02 -8.647024e-02 -9.959508e-01 9.877517e+01
-9.966002e-01 7.970468e-02 2.086026e-02 -2.529088e+02 7.756514e-02 9.930411e-01 -8.861772e-02 -1.194727e+01 -2.777835e-02 -8.669841e-02 -9.958473e-01 9.795065e+01
-9.966929e-01 7.807870e-02 2.251535e-02 -2.528919e+02 7.579904e-02 9.931702e-01 -8.869835e-02 -1.202099e+01 -2.928703e-02 -8.669838e-02 -9.958040e-01 9.729185e+01
-9.965244e-01 7.970760e-02 2.420410e-02 -2.528459e+02 7.730100e-02 9.931261e-01 -8.789282e-02 -1.212110e+01 -3.104345e-02 -8.571634e-02 -9.958358e-01 9.654347e+01
-9.959724e-01 8.587160e-02 2.579040e-02 -2.527595e+02 8.337116e-02 9.928006e-01 -8.600120e-02 -1.230768e+01 -3.298979e-02 -8.350464e-02 -9.959612e-01 9.511568e+01
-9.958343e-01 8.691955e-02 2.755072e-02 -2.527493e+02 8.434120e-02 9.928962e-01 -8.392632e-02 -1.244958e+01 -3.464984e-02 -8.125304e-02 -9.960910e-01 9.415383e+01
-9.949788e-01 9.558253e-02 2.968387e-02 -2.526736e+02 9.284318e-02 9.922204e-01 -8.293860e-02 -1.258528e+01 -3.738042e-02 -7.976620e-02 -9.961125e-01 9.255602e+01
-9.956188e-01 8.835147e-02 3.061337e-02 -2.526331e+02 8.550609e-02 9.927648e-01 -8.430163e-02 -1.268042e+01 -3.784005e-02 -8.131466e-02 -9.959699e-01 9.188738e+01
-9.954425e-01 8.990291e-02 3.180623e-02 -2.525933e+02 8.681530e-02 9.923418e-01 -8.786891e-02 -1.281164e+01 -3.946232e-02 -8.470718e-02 -9.956241e-01 9.075103e+01
-9.956831e-01 8.671793e-02 3.309282e-02 -2.525696e+02 8.342893e-02 9.924073e-01 -9.037394e-02 -1.294481e+01 -4.067859e-02 -8.722291e-02 -9.953579e-01 8.967085e+01
-9.959462e-01 8.319077e-02 3.421305e-02 -2.524200e+02 7.981644e-02 9.927065e-01 -9.034974e-02 -1.308306e+01 -4.147978e-02 -8.725272e-02 -9.953223e-01 8.836877e+01
-9.960502e-01 8.144535e-02 3.536594e-02 -2.523605e+02 7.807544e-02 9.930549e-01 -8.801279e-02 -1.325918e+01 -4.228855e-02 -8.490395e-02 -9.954913e-01 8.716899e+01
-9.957299e-01 8.460513e-02 3.693215e-02 -2.522875e+02 8.130580e-02 9.932118e-01 -8.318482e-02 -1.338493e+01 -4.371931e-02 -7.982681e-02 -9.958495e-01 8.589977e+01
-9.958177e-01 8.264982e-02 3.893748e-02 -2.522067e+02 7.950896e-02 9.939113e-01 -7.628012e-02 -1.359410e+01 -4.500494e-02 -7.286522e-02 -9.963259e-01 8.441574e+01
-9.955046e-01 8.518670e-02 4.139906e-02 -2.521560e+02 8.214210e-02 9.941319e-01 -7.038776e-02 -1.375525e+01 -4.715223e-02 -6.667073e-02 -9.966603e-01 8.313925e+01
-9.950113e-01 8.945876e-02 4.415548e-02 -2.521347e+02 8.620369e-02 9.937579e-01 -7.081132e-02 -1.386355e+01 -5.021454e-02 -6.665170e-02 -9.965119e-01 8.184987e+01
-9.951523e-01 8.731979e-02 4.524461e-02 -2.520446e+02 8.390125e-02 9.938239e-01 -7.262667e-02 -1.403505e+01 -5.130692e-02 -6.847852e-02 -9.963324e-01 8.058265e+01
-9.951649e-01 8.603094e-02 4.738599e-02 -2.519826e+02 8.230095e-02 9.937266e-01 -7.572318e-02 -1.419751e+01 -5.360326e-02 -7.145714e-02 -9.960023e-01 7.926625e+01
-9.951588e-01 8.439485e-02 5.036317e-02 -2.519418e+02 8.042558e-02 9.938418e-01 -7.622441e-02 -1.432745e+01 -5.648597e-02 -7.180490e-02 -9.958180e-01 7.793618e+01
-9.952885e-01 8.181883e-02 5.202321e-02 -2.517817e+02 7.777255e-02 9.941045e-01 -7.554974e-02 -1.447017e+01 -5.789790e-02 -7.114781e-02 -9.957840e-01 7.679911e+01
-9.953606e-01 7.950713e-02 5.418368e-02 -2.517212e+02 7.538470e-02 9.943829e-01 -7.429494e-02 -1.460356e+01 -5.978630e-02 -6.986564e-02 -9.957632e-01 7.561581e+01
-9.951847e-01 7.996268e-02 5.668736e-02 -2.516521e+02 7.566530e-02 9.943625e-01 -7.428367e-02 -1.473439e+01 -6.230771e-02 -6.963671e-02 -9.956247e-01 7.422114e+01
-9.948026e-01 8.235783e-02 5.987465e-02 -2.515743e+02 7.792149e-02 9.942837e-01 -7.299483e-02 -1.488148e+01 -6.554408e-02 -6.794992e-02 -9.955334e-01 7.306734e+01
-9.945750e-01 8.315771e-02 6.249312e-02 -2.515153e+02 7.854870e-02 9.942407e-01 -7.290742e-02 -1.504154e+01 -6.819602e-02 -6.760314e-02 -9.953789e-01 7.184282e+01
-9.943124e-01 8.441511e-02 6.493742e-02 -2.513879e+02 7.966102e-02 9.941737e-01 -7.261360e-02 -1.519469e+01 -7.068876e-02 -6.702762e-02 -9.952439e-01 7.047482e+01
-9.940325e-01 8.554098e-02 6.769206e-02 -2.513753e+02 8.061130e-02 9.941066e-01 -7.248420e-02 -1.525608e+01 -7.349349e-02 -6.659490e-02 -9.950698e-01 6.926780e+01
-9.940957e-01 8.339652e-02 6.941672e-02 -2.512746e+02 7.839696e-02 9.943278e-01 -7.187591e-02 -1.538832e+01 -7.501718e-02 -6.600948e-02 -9.949951e-01 6.808304e+01
-9.940757e-01 8.174884e-02 7.162807e-02 -2.512137e+02 7.667340e-02 9.945283e-01 -7.095493e-02 -1.556699e+01 -7.703663e-02 -6.504261e-02 -9.949044e-01 6.674483e+01
-9.939271e-01 8.262869e-02 7.267398e-02 -2.510713e+02 7.744574e-02 9.944324e-01 -7.145928e-02 -1.565013e+01 -7.817395e-02 -6.539702e-02 -9.947925e-01 6.557997e+01
-9.938943e-01 8.161090e-02 7.425464e-02 -2.510017e+02 7.636872e-02 9.945561e-01 -7.089371e-02 -1.578707e+01 -7.963611e-02 -6.479013e-02 -9.947162e-01 6.429341e+01
-9.938380e-01 8.143823e-02 7.519253e-02 -2.509239e+02 7.615121e-02 9.945872e-01 -7.069136e-02 -1.597034e+01 -8.054251e-02 -6.452976e-02 -9.946602e-01 6.300320e+01
-9.939651e-01 7.988796e-02 7.517543e-02 -2.508188e+02 7.443173e-02 9.945666e-01 -7.278121e-02 -1.604982e+01 -8.058132e-02 -6.674654e-02 -9.945107e-01 6.185976e+01
-9.936296e-01 8.254860e-02 7.672049e-02 -2.507421e+02 7.696212e-02 9.943487e-01 -7.312602e-02 -1.620841e+01 -8.232337e-02 -6.675560e-02 -9.943674e-01 6.062029e+01
-9.936911e-01 8.138719e-02 7.716357e-02 -2.506382e+02 7.584504e-02 9.945005e-01 -7.222402e-02 -1.629506e+01 -8.261732e-02 -6.591589e-02 -9.943991e-01 5.952170e+01
-9.933894e-01 8.331877e-02 7.896446e-02 -2.506082e+02 7.775843e-02 9.944369e-01 -7.105536e-02 -1.639063e+01 -8.444542e-02 -6.444549e-02 -9.943419e-01 5.831817e+01
-9.931668e-01 8.434445e-02 8.065837e-02 -2.505272e+02 7.878359e-02 9.944445e-01 -6.980852e-02 -1.652712e+01 -8.609823e-02 -6.297695e-02 -9.942942e-01 5.709746e+01
-9.930408e-01 8.432063e-02 8.221967e-02 -2.504311e+02 7.858734e-02 9.944012e-01 -7.064141e-02 -1.665877e+01 -8.771587e-02 -6.368838e-02 -9.941075e-01 5.580096e+01
-9.932932e-01 8.025624e-02 8.323230e-02 -2.502882e+02 7.449243e-02 9.947484e-01 -7.018846e-02 -1.688298e+01 -8.842826e-02 -6.351754e-02 -9.940553e-01 5.461981e+01
-9.932165e-01 7.910637e-02 8.522387e-02 -2.501971e+02 7.318965e-02 9.948267e-01 -7.044920e-02 -1.700345e+01 -9.035596e-02 -6.373380e-02 -9.938681e-01 5.328356e+01
-9.931932e-01 7.707299e-02 8.733294e-02 -2.501228e+02 7.117188e-02 9.950896e-01 -6.878395e-02 -1.714830e+01 -9.220549e-02 -6.210010e-02 -9.938017e-01 5.225720e+01
-9.929683e-01 7.751611e-02 8.947156e-02 -2.500668e+02 7.145457e-02 9.950492e-01 -6.907473e-02 -1.734455e+01 -9.438300e-02 -6.219586e-02 -9.935912e-01 5.096066e+01
-9.930120e-01 7.555164e-02 9.065912e-02 -2.499469e+02 6.913547e-02 9.950098e-01 -7.194280e-02 -1.745398e+01 -9.564211e-02 -6.517230e-02 -9.932800e-01 4.984789e+01
-9.928858e-01 7.591174e-02 9.173437e-02 -2.497891e+02 6.919726e-02 9.948333e-01 -7.428571e-02 -1.760125e+01 -9.689957e-02 -6.740946e-02 -9.930088e-01 4.855838e+01
-9.930323e-01 7.339129e-02 9.219893e-02 -2.497017e+02 6.676964e-02 9.950971e-01 -7.296243e-02 -1.779804e+01 -9.710170e-02 -6.629795e-02 -9.930639e-01 4.746550e+01
-9.930965e-01 7.111350e-02 9.328537e-02 -2.496262e+02 6.470300e-02 9.954440e-01 -7.003434e-02 -1.798247e+01 -9.784075e-02 -6.351501e-02 -9.931732e-01 4.610298e+01
-9.927932e-01 7.322417e-02 9.486753e-02 -2.495755e+02 6.685495e-02 9.953972e-01 -6.866412e-02 -1.806941e+01 -9.945875e-02 -6.182691e-02 -9.931190e-01 4.484091e+01
-9.926061e-01 7.550327e-02 9.503883e-02 -2.494360e+02 6.915934e-02 9.952603e-01 -6.836602e-02 -1.814354e+01 -9.975024e-02 -6.128771e-02 -9.931232e-01 4.408572e+01
-9.925601e-01 7.587726e-02 9.522101e-02 -2.493699e+02 6.930815e-02 9.951011e-01 -7.049957e-02 -1.834024e+01 -1.001038e-01 -6.337547e-02 -9.929566e-01 4.276371e+01
-9.927394e-01 7.500357e-02 9.403720e-02 -2.492467e+02 6.829390e-02 9.950166e-01 -7.264954e-02 -1.848569e+01 -9.901755e-02 -6.569989e-02 -9.929144e-01 4.150144e+01
-9.929972e-01 7.350505e-02 9.248504e-02 -2.492408e+02 6.683488e-02 9.950706e-01 -7.326435e-02 -1.868465e+01 -9.741444e-02 -6.657007e-02 -9.930150e-01 4.048823e+01
-9.933335e-01 7.273725e-02 8.943046e-02 -2.491768e+02 6.646346e-02 9.952426e-01 -7.123779e-02 -1.883120e+01 -9.418664e-02 -6.481903e-02 -9.934422e-01 3.923554e+01
-9.937053e-01 7.285856e-02 8.509619e-02 -2.491147e+02 6.692393e-02 9.952552e-01 -7.062821e-02 -1.900335e+01 -8.983829e-02 -6.448866e-02 -9.938663e-01 3.802071e+01
-9.946450e-01 6.613631e-02 7.941853e-02 -2.489353e+02 6.055435e-02 9.956544e-01 -7.074949e-02 -1.921576e+01 -8.375252e-02 -6.556149e-02 -9.943275e-01 3.670073e+01
-9.941600e-01 7.503453e-02 7.756106e-02 -2.489382e+02 6.953291e-02 9.950245e-01 -7.135484e-02 -1.937422e+01 -8.252923e-02 -6.554508e-02 -9.944309e-01 3.549227e+01
-9.942006e-01 7.788368e-02 7.415758e-02 -2.488194e+02 7.277678e-02 9.949416e-01 -6.924445e-02 -1.948554e+01 -7.917547e-02 -6.344592e-02 -9.948396e-01 3.432562e+01
-9.941085e-01 8.017978e-02 7.293448e-02 -2.488748e+02 7.557933e-02 9.950972e-01 -6.379172e-02 -1.980767e+01 -7.769170e-02 -5.790355e-02 -9.952945e-01 3.295281e+01
-9.940410e-01 8.095659e-02 7.299685e-02 -2.488644e+02 7.680486e-02 9.953579e-01 -5.799698e-02 -1.997538e+01 -7.735323e-02 -5.204486e-02 -9.956444e-01 3.172002e+01
-9.952072e-01 6.806716e-02 7.020971e-02 -2.487432e+02 6.456710e-02 9.966107e-01 -5.097319e-02 -2.008476e+01 -7.344134e-02 -4.619565e-02 -9.962291e-01 3.058652e+01
-9.949673e-01 7.195378e-02 6.973310e-02 -2.487422e+02 6.870762e-02 9.964870e-01 -4.788504e-02 -2.031183e+01 -7.293363e-02 -4.285285e-02 -9.964157e-01 2.940020e+01
-9.954745e-01 6.638544e-02 6.799618e-02 -2.486737e+02 6.289590e-02 9.966521e-01 -5.223710e-02 -2.043238e+01 -7.123632e-02 -4.772402e-02 -9.963171e-01 2.831358e+01
-9.956488e-01 6.537241e-02 6.640772e-02 -2.485788e+02 6.145808e-02 9.963423e-01 -5.937030e-02 -2.056908e+01 -7.004600e-02 -5.503067e-02 -9.960247e-01 2.709111e+01
-9.953503e-01 6.953984e-02 6.664781e-02 -2.485256e+02 6.527191e-02 9.957996e-01 -6.420811e-02 -2.067301e+01 -7.083288e-02 -5.955934e-02 -9.957085e-01 2.630962e+01
-9.949046e-01 7.425822e-02 6.819536e-02 -2.485295e+02 6.991736e-02 9.954992e-01 -6.397644e-02 -2.081677e+01 -7.263920e-02 -5.888241e-02 -9.956186e-01 2.513620e+01
-9.950042e-01 7.319451e-02 6.789139e-02 -2.484384e+02 6.925471e-02 9.958719e-01 -5.867662e-02 -2.096645e+01 -7.190594e-02 -5.368168e-02 -9.959658e-01 2.454862e+01
-9.948512e-01 7.421098e-02 6.901992e-02 -2.483740e+02 7.042962e-02 9.959606e-01 -5.569716e-02 -2.103050e+01 -7.287446e-02 -5.054934e-02 -9.960593e-01 2.318098e+01
-9.948714e-01 7.372303e-02 6.925156e-02 -2.483239e+02 7.018002e-02 9.961637e-01 -5.227474e-02 -2.113127e+01 -7.283974e-02 -4.714657e-02 -9.962287e-01 2.200697e+01
-9.950556e-01 7.211037e-02 6.829714e-02 -2.482392e+02 6.880822e-02 9.963996e-01 -4.952967e-02 -2.124399e+01 -7.162284e-02 -4.458537e-02 -9.964348e-01 2.108935e+01
-9.952655e-01 6.978528e-02 6.764986e-02 -2.481937e+02 6.651928e-02 9.965621e-01 -4.938702e-02 -2.132787e+01 -7.086378e-02 -4.465318e-02 -9.964860e-01 2.018788e+01
-9.949024e-01 7.382353e-02 6.869746e-02 -2.481823e+02 7.042614e-02 9.962313e-01 -5.063030e-02 -2.141074e+01 -7.217626e-02 -4.553411e-02 -9.963520e-01 1.923777e+01
-9.945769e-01 7.724436e-02 6.964334e-02 -2.481451e+02 7.368327e-02 9.959077e-01 -5.233204e-02 -2.147170e+01 -7.340069e-02 -4.691668e-02 -9.961984e-01 1.827887e+01
-9.946990e-01 7.550875e-02 6.980145e-02 -2.480288e+02 7.193359e-02 9.960326e-01 -5.238994e-02 -2.156759e+01 -7.348042e-02 -4.709116e-02 -9.961842e-01 1.720655e+01
-9.947256e-01 7.430000e-02 7.071358e-02 -2.479323e+02 7.073029e-02 9.961540e-01 -5.171587e-02 -2.167609e+01 -7.428410e-02 -4.644151e-02 -9.961551e-01 1.596430e+01
-9.947470e-01 7.274276e-02 7.201981e-02 -2.478177e+02 6.924278e-02 9.963481e-01 -4.995942e-02 -2.178819e+01 -7.539098e-02 -4.471013e-02 -9.961512e-01 1.487573e+01
-9.950046e-01 6.804108e-02 7.305030e-02 -2.477265e+02 6.447744e-02 9.966616e-01 -5.008304e-02 -2.180441e+01 -7.621413e-02 -4.512275e-02 -9.960699e-01 1.381028e+01
-9.947926e-01 6.892179e-02 7.508311e-02 -2.476393e+02 6.526757e-02 9.966101e-01 -5.008392e-02 -2.187644e+01 -7.828046e-02 -4.492262e-02 -9.959187e-01 1.272386e+01
-9.947976e-01 6.695671e-02 7.677639e-02 -2.475411e+02 6.317266e-02 9.967139e-01 -5.070140e-02 -2.193682e+01 -7.991889e-02 -4.558746e-02 -9.957584e-01 1.161061e+01
-9.944751e-01 6.841770e-02 7.961312e-02 -2.474977e+02 6.449635e-02 9.966226e-01 -5.082844e-02 -2.201646e+01 -8.282180e-02 -4.541286e-02 -9.955291e-01 1.089170e+01
-9.943679e-01 6.783682e-02 8.142876e-02 -2.473914e+02 6.378631e-02 9.966413e-01 -5.135677e-02 -2.209429e+01 -8.463914e-02 -4.587348e-02 -9.953551e-01 9.735360e+00
-9.941685e-01 6.762087e-02 8.400228e-02 -2.473414e+02 6.342302e-02 9.966479e-01 -5.167745e-02 -2.217630e+01 -8.721516e-02 -4.604841e-02 -9.951246e-01 8.605145e+00
-9.942359e-01 6.478697e-02 8.542651e-02 -2.472263e+02 6.050221e-02 9.968216e-01 -5.182911e-02 -2.227273e+01 -8.851284e-02 -4.636187e-02 -9.949955e-01 7.574094e+00
-9.939308e-01 6.609042e-02 8.794051e-02 -2.471901e+02 6.161710e-02 9.967104e-01 -5.264778e-02 -2.235712e+01 -9.113073e-02 -4.690962e-02 -9.947335e-01 6.355504e+00
-9.936311e-01 6.798849e-02 8.985965e-02 -2.471155e+02 6.345329e-02 9.966082e-01 -5.240079e-02 -2.245243e+01 -9.311751e-02 -4.636517e-02 -9.945750e-01 5.344544e+00
-9.939203e-01 6.385361e-02 8.969446e-02 -2.469874e+02 5.938431e-02 9.968983e-01 -5.164522e-02 -2.253201e+01 -9.271399e-02 -4.600479e-02 -9.946294e-01 4.411102e+00
-9.938065e-01 6.365329e-02 9.108720e-02 -2.469064e+02 5.914763e-02 9.969281e-01 -5.134042e-02 -2.261033e+01 -9.407538e-02 -4.563485e-02 -9.945186e-01 3.329328e+00
-9.937728e-01 6.410231e-02 9.113970e-02 -2.468144e+02 5.969251e-02 9.969479e-01 -5.031685e-02 -2.270811e+01 -9.408696e-02 -4.456317e-02 -9.945661e-01 2.325035e+00
-9.937857e-01 6.219189e-02 9.231564e-02 -2.467852e+02 5.775736e-02 9.970799e-01 -4.995729e-02 -2.286428e+01 -9.515301e-02 -4.431493e-02 -9.944758e-01 1.039793e+00
-9.936651e-01 6.350316e-02 9.271985e-02 -2.467263e+02 5.893380e-02 9.969472e-01 -5.121701e-02 -2.296943e+01 -9.568924e-02 -4.542822e-02 -9.943741e-01 -1.185842e-01
-9.937315e-01 6.389347e-02 9.173515e-02 -2.465969e+02 5.935545e-02 9.969140e-01 -5.137515e-02 -2.305383e+01 -9.473459e-02 -4.560812e-02 -9.944573e-01 -1.031328e+00
-9.942124e-01 6.064852e-02 8.867632e-02 -2.463794e+02 5.611627e-02 9.970302e-01 -5.274143e-02 -2.313533e+01 -9.161166e-02 -4.746000e-02 -9.946632e-01 -2.677172e+00
-9.942409e-01 6.154932e-02 8.773095e-02 -2.463250e+02 5.710798e-02 9.969989e-01 -5.226788e-02 -2.324825e+01 -9.068471e-02 -4.695673e-02 -9.947720e-01 -3.758921e+00
-9.942176e-01 6.447297e-02 8.587554e-02 -2.462764e+02 6.022229e-02 9.968708e-01 -5.120396e-02 -2.335939e+01 -8.890809e-02 -4.573626e-02 -9.949892e-01 -4.860736e+00
-9.947037e-01 5.923806e-02 8.399624e-02 -2.462618e+02 5.541302e-02 9.973490e-01 -4.716274e-02 -2.351218e+01 -8.656740e-02 -4.225847e-02 -9.953493e-01 -5.766203e+00
-9.949063e-01 5.918604e-02 8.159902e-02 -2.462027e+02 5.552924e-02 9.973793e-01 -4.637968e-02 -2.361615e+01 -8.413021e-02 -4.161231e-02 -9.955855e-01 -6.962526e+00
-9.952379e-01 5.861571e-02 7.788288e-02 -2.460661e+02 5.505592e-02 9.973720e-01 -4.709543e-02 -2.368668e+01 -8.043874e-02 -4.258324e-02 -9.958495e-01 -7.993936e+00
-9.951828e-01 6.067822e-02 7.700236e-02 -2.460513e+02 5.724771e-02 9.972995e-01 -4.600405e-02 -2.381892e+01 -7.958586e-02 -4.137423e-02 -9.959690e-01 -8.931627e+00
-9.953819e-01 6.029424e-02 7.469603e-02 -2.459877e+02 5.688088e-02 9.972735e-01 -4.701250e-02 -2.387201e+01 -7.732695e-02 -4.254662e-02 -9.960975e-01 -9.939703e+00
-9.956624e-01 5.824358e-02 7.255364e-02 -2.458833e+02 5.507857e-02 9.974726e-01 -4.488696e-02 -2.401193e+01 -7.498465e-02 -4.069610e-02 -9.963539e-01 -1.113636e+01
-9.956426e-01 5.974558e-02 7.159819e-02 -2.458269e+02 5.642559e-02 9.972748e-01 -4.752964e-02 -2.398904e+01 -7.424276e-02 -4.328256e-02 -9.963005e-01 -1.202390e+01
-9.958880e-01 5.893135e-02 6.880539e-02 -2.457165e+02 5.580396e-02 9.973572e-01 -4.652415e-02 -2.408498e+01 -7.136528e-02 -4.249323e-02 -9.965447e-01 -1.304996e+01
-9.958277e-01 6.039924e-02 6.840368e-02 -2.456748e+02 5.729721e-02 9.972765e-01 -4.643882e-02 -2.414430e+01 -7.102225e-02 -4.232573e-02 -9.965763e-01 -1.402042e+01
-9.960296e-01 5.820209e-02 6.736130e-02 -2.455966e+02 5.523977e-02 9.974570e-01 -4.503525e-02 -2.424421e+01 -6.981115e-02 -4.113542e-02 -9.967117e-01 -1.492272e+01
-9.959150e-01 6.024671e-02 6.725826e-02 -2.455708e+02 5.715217e-02 9.972574e-01 -4.702428e-02 -2.428313e+01 -6.990686e-02 -4.298823e-02 -9.966268e-01 -1.601240e+01
-9.959784e-01 6.120510e-02 6.542958e-02 -2.454877e+02 5.831725e-02 9.972756e-01 -4.517265e-02 -2.441411e+01 -6.801612e-02 -4.117531e-02 -9.968342e-01 -1.677791e+01
-9.959992e-01 6.175264e-02 6.459255e-02 -2.453725e+02 5.908265e-02 9.973496e-01 -4.246154e-02 -2.450647e+01 -6.704347e-02 -3.847536e-02 -9.970079e-01 -1.779905e+01
-9.958479e-01 6.248814e-02 6.619882e-02 -2.453056e+02 5.977019e-02 9.973166e-01 -4.227337e-02 -2.455909e+01 -6.866277e-02 -3.814113e-02 -9.969106e-01 -1.886399e+01
-9.955673e-01 6.493096e-02 6.804143e-02 -2.451863e+02 6.222707e-02 9.972140e-01 -4.113408e-02 -2.465378e+01 -7.052274e-02 -3.671773e-02 -9.968342e-01 -1.989766e+01
-9.952866e-01 6.523911e-02 7.175319e-02 -2.451141e+02 6.228261e-02 9.971448e-01 -4.269903e-02 -2.469176e+01 -7.433397e-02 -3.802880e-02 -9.965080e-01 -2.073028e+01
-9.947339e-01 6.496333e-02 7.927319e-02 -2.450491e+02 6.169557e-02 9.971683e-01 -4.299945e-02 -2.475492e+01 -8.184211e-02 -3.788221e-02 -9.959251e-01 -2.178848e+01
-9.940214e-01 6.614143e-02 8.687168e-02 -2.449333e+02 6.251570e-02 9.970817e-01 -4.381712e-02 -2.480242e+01 -8.951629e-02 -3.812431e-02 -9.952554e-01 -2.271620e+01
-9.928572e-01 6.728334e-02 9.852680e-02 -2.449759e+02 6.320348e-02 9.970319e-01 -4.396371e-02 -2.485974e+01 -1.011924e-01 -3.742245e-02 -9.941628e-01 -2.348922e+01
-9.920027e-01 6.612141e-02 1.075107e-01 -2.448212e+02 6.180548e-02 9.971617e-01 -4.299611e-02 -2.495227e+01 -1.100485e-01 -3.600751e-02 -9.932738e-01 -2.445478e+01
-9.908302e-01 6.519279e-02 1.183448e-01 -2.447744e+02 6.048536e-02 9.972448e-01 -4.294614e-02 -2.499788e+01 -1.208185e-01 -3.539420e-02 -9.920434e-01 -2.529719e+01
-9.896447e-01 6.477050e-02 1.280940e-01 -2.445001e+02 5.977146e-02 9.973071e-01 -4.249667e-02 -2.509043e+01 -1.305016e-01 -3.440024e-02 -9.908511e-01 -2.643644e+01
-9.880627e-01 6.571894e-02 1.393307e-01 -2.443604e+02 6.039558e-02 9.972863e-01 -4.210110e-02 -2.521777e+01 -1.417194e-01 -3.318357e-02 -9.893505e-01 -2.757884e+01
-9.865373e-01 6.508853e-02 1.500257e-01 -2.441962e+02 5.878557e-02 9.972067e-01 -4.607591e-02 -2.522644e+01 -1.526056e-01 -3.663626e-02 -9.876079e-01 -2.833713e+01
-9.848546e-01 6.660853e-02 1.600770e-01 -2.440253e+02 5.932298e-02 9.969922e-01 -4.987396e-02 -2.521139e+01 -1.629176e-01 -3.962235e-02 -9.858438e-01 -2.893093e+01
-9.826800e-01 6.496377e-02 1.735503e-01 -2.438657e+02 5.666552e-02 9.970196e-01 -5.235418e-02 -2.525816e+01 -1.764342e-01 -4.161309e-02 -9.834324e-01 -2.989425e+01
-9.797647e-01 6.712299e-02 1.885619e-01 -2.436421e+02 5.883068e-02 9.970528e-01 -4.924078e-02 -2.536440e+01 -1.913113e-01 -3.715116e-02 -9.808261e-01 -3.078563e+01
-9.764322e-01 6.588728e-02 2.055212e-01 -2.434304e+02 5.649615e-02 9.970871e-01 -5.123899e-02 -2.539746e+01 -2.082985e-01 -3.842025e-02 -9.773104e-01 -3.171417e+01
-9.724149e-01 6.644597e-02 2.235939e-01 -2.432068e+02 5.561071e-02 9.969684e-01 -5.441943e-02 -2.546935e+01 -2.265321e-01 -4.048404e-02 -9.731620e-01 -3.260842e+01
-9.679247e-01 6.727532e-02 2.420659e-01 -2.430403e+02 5.524360e-02 9.968922e-01 -5.616075e-02 -2.556564e+01 -2.450918e-01 -4.098678e-02 -9.686331e-01 -3.318253e+01
-9.630857e-01 6.763330e-02 2.605602e-01 -2.429273e+02 5.487796e-02 9.969254e-01 -5.593016e-02 -2.559672e+01 -2.635418e-01 -3.956653e-02 -9.638362e-01 -3.351662e+01
-9.577896e-01 6.637988e-02 2.797012e-01 -2.427107e+02 5.295013e-02 9.970643e-01 -5.530874e-02 -2.568152e+01 -2.825515e-01 -3.816392e-02 -9.584926e-01 -3.416529e+01
-9.521757e-01 6.306043e-02 2.989730e-01 -2.422081e+02 4.822142e-02 9.972226e-01 -5.676105e-02 -2.577771e+01 -3.017220e-01 -3.962959e-02 -9.525719e-01 -3.540927e+01
-9.451359e-01 6.505012e-02 3.201354e-01 -2.419041e+02 4.906524e-02 9.971243e-01 -5.775600e-02 -2.585018e+01 -3.229718e-01 -3.887974e-02 -9.456096e-01 -3.623272e+01
-9.381500e-01 6.390359e-02 3.402807e-01 -2.415727e+02 4.653395e-02 9.971744e-01 -5.897250e-02 -2.592935e+01 -3.430877e-01 -3.949045e-02 -9.384729e-01 -3.698120e+01
-9.301228e-01 6.452744e-02 3.615353e-01 -2.410700e+02 4.542174e-02 9.970972e-01 -6.110697e-02 -2.604184e+01 -3.644289e-01 -4.041542e-02 -9.303538e-01 -3.801227e+01
-9.210741e-01 6.419687e-02 3.840590e-01 -2.408000e+02 4.241743e-02 9.969884e-01 -6.492215e-02 -2.608042e+01 -3.870702e-01 -4.350731e-02 -9.210232e-01 -3.897668e+01
-9.120568e-01 6.419943e-02 4.050071e-01 -2.404169e+02 4.033308e-02 9.969241e-01 -6.719858e-02 -2.616304e+01 -4.080754e-01 -4.495374e-02 -9.118408e-01 -3.974548e+01
-9.028006e-01 6.342774e-02 4.253562e-01 -2.400889e+02 3.810008e-02 9.969712e-01 -6.779929e-02 -2.622338e+01 -4.283683e-01 -4.500314e-02 -9.024829e-01 -4.028170e+01
-8.939141e-01 6.589677e-02 4.433681e-01 -2.398391e+02 4.127529e-02 9.970334e-01 -6.496794e-02 -2.627954e+01 -4.463339e-01 -3.977561e-02 -8.939821e-01 -3.990750e+01
-8.830523e-01 6.532561e-02 4.647055e-01 -2.394304e+02 4.006502e-02 9.971428e-01 -6.403939e-02 -2.636276e+01 -4.675611e-01 -3.793170e-02 -8.831465e-01 -4.070317e+01
-8.715123e-01 6.482874e-02 4.860694e-01 -2.388927e+02 3.894112e-02 9.972418e-01 -6.318493e-02 -2.647289e+01 -4.888249e-01 -3.613835e-02 -8.716331e-01 -4.164755e+01
-8.594493e-01 6.733216e-02 5.067674e-01 -2.383265e+02 4.063371e-02 9.971495e-01 -6.357476e-02 -2.654786e+01 -5.096035e-01 -3.404745e-02 -8.597354e-01 -4.247442e+01
-8.465935e-01 6.896837e-02 5.277526e-01 -2.379821e+02 4.061211e-02 9.970487e-01 -6.514961e-02 -2.661339e+01 -5.306884e-01 -3.372209e-02 -8.468959e-01 -4.308251e+01
-8.338518e-01 6.882556e-02 5.476807e-01 -2.373041e+02 3.889344e-02 9.970559e-01 -6.608149e-02 -2.670280e+01 -5.506164e-01 -3.380099e-02 -8.340738e-01 -4.401003e+01
-8.214207e-01 6.446865e-02 5.666673e-01 -2.367484e+02 3.246995e-02 9.972653e-01 -6.638968e-02 -2.680222e+01 -5.693977e-01 -3.613420e-02 -8.212677e-01 -4.477984e+01
-8.095288e-01 6.088044e-02 5.839149e-01 -2.360778e+02 2.861761e-02 9.975183e-01 -6.432885e-02 -2.690615e+01 -5.863822e-01 -3.536581e-02 -8.092621e-01 -4.562396e+01
-7.967520e-01 6.369704e-02 6.009401e-01 -2.355762e+02 2.670229e-02 9.971690e-01 -7.029256e-02 -2.700389e+01 -6.037162e-01 -3.995926e-02 -7.961972e-01 -4.630742e+01
-7.839009e-01 6.307435e-02 6.176739e-01 -2.349824e+02 2.417460e-02 9.971729e-01 -7.114683e-02 -2.711271e+01 -6.204152e-01 -4.084005e-02 -7.832095e-01 -4.706882e+01
-7.717238e-01 6.224944e-02 6.329040e-01 -2.344663e+02 2.029721e-02 9.971018e-01 -7.332107e-02 -2.720359e+01 -6.356339e-01 -4.373743e-02 -7.707507e-01 -4.771254e+01
-7.602028e-01 6.073032e-02 6.468412e-01 -2.337009e+02 1.839812e-02 9.972345e-01 -7.200542e-02 -2.734526e+01 -6.494253e-01 -4.283806e-02 -7.592178e-01 -4.860307e+01
-7.506579e-01 6.013340e-02 6.579488e-01 -2.330551e+02 1.619121e-02 9.972247e-01 -7.266896e-02 -2.754425e+01 -6.604926e-01 -4.389655e-02 -7.495482e-01 -4.917566e+01
-7.428769e-01 5.765653e-02 6.669405e-01 -2.321117e+02 1.203203e-02 9.972731e-01 -7.281159e-02 -2.763651e+01 -6.693199e-01 -4.606540e-02 -7.415449e-01 -5.016409e+01
-7.367475e-01 5.504427e-02 6.739238e-01 -2.312233e+02 9.107686e-03 9.973984e-01 -7.150809e-02 -2.784584e+01 -6.761066e-01 -4.654552e-02 -7.353321e-01 -5.097938e+01
-7.302943e-01 5.594255e-02 6.808383e-01 -2.309257e+02 1.008461e-02 9.974155e-01 -7.113766e-02 -2.792325e+01 -6.830583e-01 -4.508543e-02 -7.289710e-01 -5.150771e+01
-7.265876e-01 5.565337e-02 6.848162e-01 -2.301547e+02 8.782286e-03 9.973849e-01 -7.173711e-02 -2.801470e+01 -6.870177e-01 -4.610904e-02 -7.251763e-01 -5.228270e+01
-7.253635e-01 5.524578e-02 6.861455e-01 -2.287644e+02 7.554275e-03 9.973531e-01 -7.231695e-02 -2.833800e+01 -6.883245e-01 -4.727275e-02 -7.238609e-01 -5.341799e+01
-7.230796e-01 5.546994e-02 6.885339e-01 -2.283119e+02 6.590824e-03 9.972792e-01 -7.342169e-02 -2.845424e+01 -6.907333e-01 -4.855172e-02 -7.214778e-01 -5.402385e+01
-7.209998e-01 5.603454e-02 6.906659e-01 -2.275068e+02 6.193782e-03 9.972064e-01 -7.443872e-02 -2.859742e+01 -6.929076e-01 -4.939247e-02 -7.193327e-01 -5.492291e+01
-7.187595e-01 5.778958e-02 6.928529e-01 -2.268556e+02 8.591017e-03 9.972017e-01 -7.426251e-02 -2.872888e+01 -6.952057e-01 -4.742458e-02 -7.172447e-01 -5.569552e+01
-7.188580e-01 5.483511e-02 6.929908e-01 -2.255922e+02 5.429552e-03 9.972965e-01 -7.328205e-02 -2.893285e+01 -6.951357e-01 -4.891676e-02 -7.172123e-01 -5.689460e+01
-7.182746e-01 5.376376e-02 6.936793e-01 -2.247020e+02 5.730789e-03 9.974333e-01 -7.137229e-02 -2.915068e+01 -6.957361e-01 -4.728957e-02 -7.167391e-01 -5.786310e+01
-7.178710e-01 5.285452e-02 6.941669e-01 -2.239091e+02 5.208828e-03 9.974937e-01 -7.056341e-02 -2.933893e+01 -6.961567e-01 -4.703963e-02 -7.163471e-01 -5.877445e+01
-7.185577e-01 5.121255e-02 6.935792e-01 -2.230930e+02 3.299557e-03 9.975249e-01 -7.023693e-02 -2.951688e+01 -6.954595e-01 -4.818078e-02 -7.169482e-01 -5.976228e+01
-7.198304e-01 5.048947e-02 6.923113e-01 -2.224880e+02 3.358872e-03 9.975929e-01 -6.926092e-02 -2.974776e+01 -6.941418e-01 -4.753073e-02 -7.182673e-01 -6.055402e+01
-7.210685e-01 5.012216e-02 6.910485e-01 -2.212526e+02 5.127812e-03 9.977387e-01 -6.701602e-02 -3.018774e+01 -6.928448e-01 -4.477957e-02 -7.196949e-01 -6.205338e+01
-7.244439e-01 5.026239e-02 6.874989e-01 -2.207823e+02 5.804561e-03 9.977476e-01 -6.682789e-02 -3.004624e+01 -6.893094e-01 -4.442243e-02 -7.231039e-01 -6.254124e+01
-7.289882e-01 4.989100e-02 6.827057e-01 -2.195692e+02 6.524072e-03 9.978015e-01 -6.595132e-02 -3.028491e+01 -6.844951e-01 -4.362371e-02 -7.277111e-01 -6.372346e+01
-7.326121e-01 4.827169e-02 6.789325e-01 -2.188800e+02 5.699051e-03 9.978821e-01 -6.479917e-02 -3.044504e+01 -6.806226e-01 -4.360338e-02 -7.313355e-01 -6.463526e+01
-7.372839e-01 4.905508e-02 6.737997e-01 -2.180736e+02 7.763811e-03 9.979097e-01 -6.415618e-02 -3.059320e+01 -6.755384e-01 -4.207006e-02 -7.361236e-01 -6.548958e+01
-7.417667e-01 4.929205e-02 6.688441e-01 -2.171941e+02 8.544270e-03 9.979090e-01 -6.406743e-02 -3.080999e+01 -6.706035e-01 -4.180830e-02 -7.406369e-01 -6.657151e+01
-7.473463e-01 4.862855e-02 6.626528e-01 -2.161704e+02 9.191105e-03 9.979794e-01 -6.287056e-02 -3.101739e+01 -6.643711e-01 -4.089557e-02 -7.462832e-01 -6.779824e+01
-7.533906e-01 4.851342e-02 6.557812e-01 -2.157645e+02 1.113446e-02 9.980730e-01 -6.104374e-02 -3.114192e+01 -6.574790e-01 -3.868802e-02 -7.524790e-01 -6.823297e+01
-7.589266e-01 4.872284e-02 6.493508e-01 -2.149596e+02 1.262874e-02 9.981106e-01 -6.013159e-02 -3.124078e+01 -6.510537e-01 -3.743498e-02 -7.581080e-01 -6.917572e+01
-7.636777e-01 5.093693e-02 6.435851e-01 -2.140857e+02 1.733322e-02 9.981410e-01 -5.843087e-02 -3.145681e+01 -6.453650e-01 -3.346695e-02 -7.631409e-01 -7.017513e+01
-7.663094e-01 5.627398e-02 6.400025e-01 -2.138447e+02 2.421106e-02 9.979785e-01 -5.876079e-02 -3.146366e+01 -6.420154e-01 -2.953381e-02 -7.661227e-01 -7.058520e+01
-7.681737e-01 6.026940e-02 6.373985e-01 -2.131882e+02 2.918946e-02 9.978210e-01 -5.917099e-02 -3.155967e+01 -6.395758e-01 -2.684827e-02 -7.682591e-01 -7.137465e+01
-7.697240e-01 6.136572e-02 6.354205e-01 -2.123686e+02 3.074660e-02 9.977776e-01 -5.911510e-02 -3.168620e+01 -6.376359e-01 -2.596530e-02 -7.699001e-01 -7.230597e+01
-7.703519e-01 6.420490e-02 6.343782e-01 -2.116350e+02 3.564620e-02 9.976980e-01 -5.768954e-02 -3.178472e+01 -6.366218e-01 -2.182808e-02 -7.708672e-01 -7.315853e+01
-7.716161e-01 6.438774e-02 6.328214e-01 -2.107673e+02 3.702040e-02 9.977231e-01 -5.637546e-02 -3.185065e+01 -6.350104e-01 -2.007291e-02 -7.722428e-01 -7.410048e+01
-7.730930e-01 6.642967e-02 6.308044e-01 -2.100601e+02 3.933676e-02 9.976076e-01 -5.684768e-02 -3.199315e+01 -6.330717e-01 -1.913475e-02 -7.738566e-01 -7.487516e+01
-7.724055e-01 6.894119e-02 6.313770e-01 -2.097032e+02 4.250403e-02 9.974737e-01 -5.691794e-02 -3.201836e+01 -6.337059e-01 -1.712766e-02 -7.733844e-01 -7.560606e+01
-7.729582e-01 7.140286e-02 6.304263e-01 -2.089063e+02 4.599279e-02 9.973388e-01 -5.656862e-02 -3.212236e+01 -6.327878e-01 -1.473011e-02 -7.741852e-01 -7.651247e+01
-7.733579e-01 7.273914e-02 6.297830e-01 -2.082300e+02 4.749519e-02 9.972519e-01 -5.685842e-02 -3.219453e+01 -6.321881e-01 -1.406024e-02 -7.746873e-01 -7.736273e+01
-7.734019e-01 7.576550e-02 6.293720e-01 -2.075478e+02 5.063941e-02 9.970431e-01 -5.779865e-02 -3.227233e+01 -6.318901e-01 -1.283056e-02 -7.749518e-01 -7.826572e+01
-7.735535e-01 7.707124e-02 6.290271e-01 -2.068539e+02 5.183495e-02 9.969463e-01 -5.840572e-02 -3.234534e+01 -6.316076e-01 -1.257436e-02 -7.751862e-01 -7.912529e+01
-7.730665e-01 7.763057e-02 6.295568e-01 -2.061401e+02 5.347489e-02 9.969258e-01 -5.726612e-02 -3.244767e+01 -6.320670e-01 -1.060504e-02 -7.748412e-01 -8.007178e+01
-7.738473e-01 7.796880e-02 6.285549e-01 -2.054963e+02 5.422385e-02 9.969061e-01 -5.690289e-02 -3.249241e+01 -6.310469e-01 -9.951480e-03 -7.756809e-01 -8.083136e+01
-7.743892e-01 7.895359e-02 6.277640e-01 -2.046790e+02 5.599314e-02 9.968425e-01 -5.630111e-02 -3.259792e+01 -6.302270e-01 -8.448495e-03 -7.763649e-01 -8.176394e+01
-7.732407e-01 8.153344e-02 6.288491e-01 -2.040414e+02 5.948502e-02 9.966528e-01 -5.607751e-02 -3.263414e+01 -6.313164e-01 -5.954313e-03 -7.755025e-01 -8.263953e+01
-7.740056e-01 7.957840e-02 6.281581e-01 -2.032933e+02 5.673242e-02 9.967965e-01 -5.637476e-02 -3.273280e+01 -6.306320e-01 -7.997456e-03 -7.760408e-01 -8.352157e+01
-7.749285e-01 7.791602e-02 6.272279e-01 -2.026200e+02 5.427384e-02 9.969102e-01 -5.678466e-02 -3.283344e+01 -6.297143e-01 -9.961979e-03 -7.767629e-01 -8.433554e+01
-7.739244e-01 7.819541e-02 6.284318e-01 -2.020869e+02 5.445879e-02 9.968892e-01 -5.697543e-02 -3.285135e+01 -6.309321e-01 -9.871043e-03 -7.757753e-01 -8.504318e+01
-7.735281e-01 7.791503e-02 6.289543e-01 -2.014125e+02 5.488351e-02 9.969212e-01 -5.599962e-02 -3.293294e+01 -6.313811e-01 -8.798056e-03 -7.754228e-01 -8.571088e+01
-7.703020e-01 7.838736e-02 6.328430e-01 -2.008876e+02 5.611688e-02 9.968985e-01 -5.517529e-02 -3.299536e+01 -6.352053e-01 -6.988453e-03 -7.723117e-01 -8.643228e+01
-7.670615e-01 7.751623e-02 6.368736e-01 -2.001796e+02 5.634579e-02 9.969778e-01 -5.348201e-02 -3.305043e+01 -6.390946e-01 -5.138841e-03 -7.691110e-01 -8.725249e+01
-7.620129e-01 7.930668e-02 6.426871e-01 -1.996492e+02 5.891527e-02 9.968468e-01 -5.315559e-02 -3.315185e+01 -6.448762e-01 -2.641158e-03 -7.642825e-01 -8.791083e+01
-7.566565e-01 8.290018e-02 6.485356e-01 -1.990768e+02 6.153123e-02 9.965555e-01 -5.559698e-02 -3.316838e+01 -6.509108e-01 -2.162625e-03 -7.591512e-01 -8.859102e+01
-7.520490e-01 8.170373e-02 6.540236e-01 -1.984666e+02 5.906247e-02 9.966489e-01 -5.659132e-02 -3.328776e+01 -6.564556e-01 -3.931191e-03 -7.543544e-01 -8.924182e+01
-7.478973e-01 8.099233e-02 6.588549e-01 -1.978788e+02 5.856160e-02 9.967091e-01 -5.604835e-02 -3.333357e+01 -6.612262e-01 -3.334809e-03 -7.501792e-01 -8.988950e+01
-7.431533e-01 7.991870e-02 6.643314e-01 -1.973438e+02 5.771175e-02 9.967975e-01 -5.535503e-02 -3.329927e+01 -6.666277e-01 -2.797549e-03 -7.453856e-01 -9.051143e+01
-7.392177e-01 7.798037e-02 6.689366e-01 -1.967802e+02 5.560163e-02 9.969494e-01 -5.477466e-02 -3.343074e+01 -6.711674e-01 -3.296431e-03 -7.412985e-01 -9.108569e+01
-7.341544e-01 7.828892e-02 6.744540e-01 -1.963384e+02 5.477680e-02 9.969217e-01 -5.609470e-02 -3.342126e+01 -6.767694e-01 -4.237745e-03 -7.361829e-01 -9.161567e+01
-7.299729e-01 7.875570e-02 6.789235e-01 -1.958413e+02 5.349912e-02 9.968753e-01 -5.811656e-02 -3.337268e+01 -6.813791e-01 -6.101700e-03 -7.319053e-01 -9.214497e+01
-7.257815e-01 7.714678e-02 6.835858e-01 -1.953906e+02 5.126272e-02 9.969943e-01 -5.808981e-02 -3.348679e+01 -6.860126e-01 -7.118041e-03 -7.275548e-01 -9.265455e+01
-7.218420e-01 7.677428e-02 6.877862e-01 -1.949532e+02 5.115613e-02 9.970280e-01 -5.760433e-02 -3.360297e+01 -6.901646e-01 -6.396747e-03 -7.236242e-01 -9.311014e+01
-7.181004e-01 7.650306e-02 6.917218e-01 -1.943115e+02 5.127042e-02 9.970542e-01 -5.704661e-02 -3.368452e+01 -6.940484e-01 -5.500325e-03 -7.199074e-01 -9.364907e+01
-7.133069e-01 7.568315e-02 6.967534e-01 -1.937591e+02 5.008638e-02 9.971151e-01 -5.703287e-02 -3.370369e+01 -6.990598e-01 -5.784085e-03 -7.150398e-01 -9.422454e+01
-7.049999e-01 7.652536e-02 7.050667e-01 -1.936168e+02 5.213796e-02 9.970638e-01 -5.608464e-02 -3.378337e+01 -7.072884e-01 -2.778925e-03 -7.069197e-01 -9.454342e+01
-6.984197e-01 7.633116e-02 7.116062e-01 -1.931533e+02 5.161760e-02 9.970792e-01 -5.629161e-02 -3.386641e+01 -7.138246e-01 -2.583764e-03 -7.003198e-01 -9.495272e+01
-6.891426e-01 7.675682e-02 7.205490e-01 -1.927280e+02 5.103575e-02 9.970460e-01 -5.739953e-02 -3.394555e+01 -7.228262e-01 -2.782708e-03 -6.910242e-01 -9.540288e+01
-6.803659e-01 7.740580e-02 7.287734e-01 -1.921019e+02 5.094709e-02 9.969964e-01 -5.833177e-02 -3.409709e+01 -7.310996e-01 -2.558060e-03 -6.822659e-01 -9.590330e+01
-6.713364e-01 7.777313e-02 7.370609e-01 -1.916511e+02 4.924847e-02 9.969622e-01 -6.034043e-02 -3.416113e+01 -7.395147e-01 -4.209603e-03 -6.731272e-01 -9.625373e+01
-6.603949e-01 7.861350e-02 7.467922e-01 -1.913243e+02 4.776821e-02 9.968887e-01 -6.269887e-02 -3.417124e+01 -7.493976e-01 -5.733088e-03 -6.620954e-01 -9.656073e+01
-6.490550e-01 7.921222e-02 7.566062e-01 -1.908388e+02 4.784505e-02 9.968457e-01 -6.331998e-02 -3.423654e+01 -7.592354e-01 -4.898288e-03 -6.507977e-01 -9.693186e+01
-6.371549e-01 8.039757e-02 7.665311e-01 -1.903865e+02 4.774023e-02 9.967516e-01 -6.486168e-02 -3.426761e+01 -7.692558e-01 -4.732571e-03 -6.389234e-01 -9.725002e+01
-6.234035e-01 8.160839e-02 7.776298e-01 -1.900256e+02 4.813157e-02 9.966575e-01 -6.600857e-02 -3.431840e+01 -7.804175e-01 -3.721432e-03 -6.252478e-01 -9.757679e+01
-6.099718e-01 8.187674e-02 7.881818e-01 -1.894565e+02 4.783769e-02 9.966383e-01 -6.650985e-02 -3.437829e+01 -7.909778e-01 -2.864343e-03 -6.118381e-01 -9.776285e+01
-5.926071e-01 8.124875e-02 8.013835e-01 -1.889985e+02 4.707956e-02 9.966927e-01 -6.623590e-02 -3.443402e+01 -8.041146e-01 -1.523078e-03 -5.944723e-01 -9.804889e+01
-5.726391e-01 8.032644e-02 8.158628e-01 -1.885980e+02 4.601163e-02 9.967686e-01 -6.584295e-02 -3.448036e+01 -8.185153e-01 -1.650695e-04 -5.744847e-01 -9.834778e+01
-5.510629e-01 7.952291e-02 8.306659e-01 -1.881498e+02 4.276081e-02 9.968320e-01 -6.706318e-02 -3.453890e+01 -8.333674e-01 -1.436088e-03 -5.527176e-01 -9.872199e+01
-5.281284e-01 7.798936e-02 8.455755e-01 -1.878019e+02 3.797838e-02 9.969465e-01 -6.823016e-02 -3.458605e+01 -8.483148e-01 -3.920700e-03 -5.294777e-01 -9.893098e+01
-5.054618e-01 7.623895e-02 8.594742e-01 -1.874845e+02 3.112317e-02 9.970516e-01 -7.013891e-02 -3.460917e+01 -8.622875e-01 -8.702984e-03 -5.063443e-01 -9.907909e+01
-4.830903e-01 7.330007e-02 8.724969e-01 -1.871650e+02 2.446991e-02 9.972306e-01 -7.023051e-02 -3.464715e+01 -8.752285e-01 -1.257776e-02 -4.835461e-01 -9.924703e+01
-4.631531e-01 7.206989e-02 8.833432e-01 -1.868842e+02 1.776268e-02 9.972429e-01 -7.204940e-02 -3.467338e+01 -8.861003e-01 -1.767935e-02 -4.631563e-01 -9.931047e+01
-4.422448e-01 7.432615e-02 8.938094e-01 -1.866137e+02 1.426380e-02 9.970171e-01 -7.585103e-02 -3.469659e+01 -8.967810e-01 -2.079560e-02 -4.419858e-01 -9.941283e+01
-4.225577e-01 7.650548e-02 9.031012e-01 -1.864017e+02 1.182800e-02 9.968116e-01 -7.890980e-02 -3.475032e+01 -9.062588e-01 -2.266206e-02 -4.221154e-01 -9.943466e+01
-4.005306e-01 7.802495e-02 9.129553e-01 -1.862611e+02 1.117499e-02 9.967097e-01 -8.028027e-02 -3.484790e+01 -9.162152e-01 -2.195244e-02 -4.000847e-01 -9.943205e+01
-3.754861e-01 7.831243e-02 9.235136e-01 -1.859679e+02 1.197036e-02 9.967505e-01 -7.965584e-02 -3.496164e+01 -9.267507e-01 -1.885487e-02 -3.752034e-01 -9.954318e+01
-3.499990e-01 7.511129e-02 9.337339e-01 -1.857706e+02 6.675585e-03 9.969549e-01 -7.769464e-02 -3.491742e+01 -9.367263e-01 -2.095982e-02 -3.494346e-01 -9.959498e+01
-3.236095e-01 7.095686e-02 9.435264e-01 -1.855617e+02 2.560039e-03 9.972461e-01 -7.411876e-02 -3.507831e+01 -9.461873e-01 -2.157007e-02 -3.229000e-01 -9.960601e+01
-2.950325e-01 7.029216e-02 9.528981e-01 -1.852925e+02 7.152225e-05 9.972919e-01 -7.354480e-02 -3.518996e+01 -9.554872e-01 -2.162995e-02 -2.942386e-01 -9.965695e+01
-2.670628e-01 7.125240e-02 9.610414e-01 -1.850550e+02 1.672676e-03 9.972956e-01 -7.347550e-02 -3.534995e+01 -9.636777e-01 -1.801506e-02 -2.664598e-01 -9.963311e+01
-2.396457e-01 6.789980e-02 9.684831e-01 -1.847615e+02 2.099301e-03 9.975853e-01 -6.942067e-02 -3.543070e+01 -9.708581e-01 -1.460323e-02 -2.392096e-01 -9.967250e+01
-2.125449e-01 6.702348e-02 9.748500e-01 -1.844797e+02 -2.497806e-03 9.976044e-01 -6.913249e-02 -3.544236e+01 -9.771481e-01 -1.712875e-02 -2.118683e-01 -9.968347e+01
-1.839005e-01 6.953134e-02 9.804825e-01 -1.842774e+02 -7.910942e-03 9.973579e-01 -7.221185e-02 -3.541846e+01 -9.829130e-01 -2.103634e-02 -1.828646e-01 -9.970002e+01
-1.546086e-01 7.021631e-02 9.854775e-01 -1.840506e+02 -4.631658e-03 9.974088e-01 -7.179307e-02 -3.581325e+01 -9.879649e-01 -1.566422e-02 -1.538827e-01 -9.963597e+01
-1.242227e-01 7.252213e-02 9.896006e-01 -1.837644e+02 -1.086105e-02 9.971664e-01 -7.443995e-02 -3.569009e+01 -9.921949e-01 -1.999523e-02 -1.230830e-01 -9.964664e+01
-9.346064e-02 7.359583e-02 9.928992e-01 -1.834279e+02 -6.346491e-03 9.971999e-01 -7.451200e-02 -3.596704e+01 -9.956027e-01 -1.326536e-02 -9.273186e-02 -9.962749e+01
-6.295034e-02 7.544960e-02 9.951606e-01 -1.830498e+02 -7.213493e-03 9.970778e-01 -7.605126e-02 -3.586973e+01 -9.979906e-01 -1.196604e-02 -6.222213e-02 -9.968379e+01
-3.153063e-02 6.965146e-02 9.970730e-01 -1.826955e+02 -1.617691e-02 9.974027e-01 -7.018606e-02 -3.556763e+01 -9.993719e-01 -1.834257e-02 -3.032199e-02 -9.977690e+01
3.476698e-04 7.815877e-02 9.969409e-01 -1.824146e+02 -8.999417e-03 9.969008e-01 -7.815249e-02 -3.598578e+01 -9.999594e-01 -8.944715e-03 1.049976e-03 -9.963700e+01
3.111611e-02 7.998161e-02 9.963106e-01 -1.820927e+02 -1.046146e-02 9.967647e-01 -7.969134e-02 -3.602710e+01 -9.994610e-01 -7.943176e-03 3.185217e-02 -9.960701e+01
6.283432e-02 8.106106e-02 9.947266e-01 -1.816938e+02 -1.235493e-02 9.966829e-01 -8.044005e-02 -3.604272e+01 -9.979475e-01 -7.235379e-03 6.362740e-02 -9.950814e+01
9.410301e-02 8.251441e-02 9.921371e-01 -1.812477e+02 -1.332434e-02 9.965745e-01 -8.161966e-02 -3.604530e+01 -9.954733e-01 -5.538916e-03 9.488011e-02 -9.941910e+01
1.255535e-01 8.401619e-02 9.885229e-01 -1.808321e+02 -1.726963e-02 9.964418e-01 -8.249578e-02 -3.609404e+01 -9.919365e-01 -6.713787e-03 1.265577e-01 -9.937654e+01
1.548150e-01 8.058097e-02 9.846517e-01 -1.805972e+02 -1.584083e-02 9.967424e-01 -7.907981e-02 -3.617875e+01 -9.878165e-01 -3.354960e-03 1.555872e-01 -9.924926e+01
1.857198e-01 8.318912e-02 9.790749e-01 -1.799719e+02 -2.338794e-02 9.965017e-01 -8.023338e-02 -3.632576e+01 -9.823244e-01 -7.997622e-03 1.870157e-01 -9.913111e+01
2.134290e-01 7.957704e-02 9.737123e-01 -1.794659e+02 -2.671762e-02 9.967798e-01 -7.560598e-02 -3.637455e+01 -9.765932e-01 -9.878763e-03 2.148678e-01 -9.893370e+01
2.384534e-01 7.146842e-02 9.685206e-01 -1.792706e+02 -2.230569e-02 9.974284e-01 -6.810982e-02 -3.649580e+01 -9.708977e-01 -5.362502e-03 2.394344e-01 -9.881374e+01
2.622517e-01 7.628530e-02 9.619795e-01 -1.787346e+02 -2.702441e-02 9.970601e-01 -7.169989e-02 -3.633679e+01 -9.646210e-01 -7.193503e-03 2.635423e-01 -9.864161e+01
2.839973e-01 7.448365e-02 9.559277e-01 -1.782214e+02 -2.646487e-02 9.972073e-01 -6.983759e-02 -3.636539e+01 -9.584598e-01 -5.464815e-03 2.851754e-01 -9.845819e+01
3.042084e-01 7.248305e-02 9.498439e-01 -1.777396e+02 -2.691930e-02 9.973569e-01 -6.748729e-02 -3.640460e+01 -9.522251e-01 -5.038936e-03 3.053555e-01 -9.825714e+01
3.244941e-01 7.324872e-02 9.430473e-01 -1.772871e+02 -2.973221e-02 9.972943e-01 -6.723163e-02 -3.641516e+01 -9.454203e-01 -6.222612e-03 3.257940e-01 -9.806133e+01
3.471901e-01 7.409598e-02 9.348630e-01 -1.767094e+02 -3.166221e-02 9.972316e-01 -6.728049e-02 -3.645046e+01 -9.372601e-01 -6.240709e-03 3.485749e-01 -9.785237e+01
3.704513e-01 7.204354e-02 9.260538e-01 -1.760832e+02 -3.206950e-02 9.973852e-01 -6.476402e-02 -3.653059e+01 -9.282981e-01 -5.706170e-03 3.717930e-01 -9.759476e+01
3.941920e-01 6.700786e-02 9.165820e-01 -1.755248e+02 -2.863780e-02 9.977497e-01 -6.062554e-02 -3.654720e+01 -9.185818e-01 -2.350793e-03 3.952239e-01 -9.730615e+01
4.178894e-01 6.054400e-02 9.064783e-01 -1.748656e+02 -2.571544e-02 9.981654e-01 -5.481292e-02 -3.665523e+01 -9.081339e-01 -4.047501e-04 4.186797e-01 -9.690317e+01
4.417076e-01 5.214099e-02 8.956426e-01 -1.742554e+02 -1.924756e-02 9.986307e-01 -4.864418e-02 -3.668989e+01 -8.969526e-01 4.247568e-03 4.421064e-01 -9.653819e+01
4.634432e-01 4.652483e-02 8.849044e-01 -1.738561e+02 -1.414940e-02 9.988820e-01 -4.510698e-02 -3.670526e+01 -8.860136e-01 8.383655e-03 4.635834e-01 -9.612241e+01
4.884531e-01 4.458650e-02 8.714503e-01 -1.732044e+02 -9.280208e-03 9.989027e-01 -4.590580e-02 -3.673208e+01 -8.725408e-01 1.433559e-02 4.883309e-01 -9.568724e+01
5.169185e-01 4.459897e-02 8.548720e-01 -1.725495e+02 -4.984371e-03 9.987818e-01 -4.909288e-02 -3.677340e+01 -8.560201e-01 2.111602e-02 5.165111e-01 -9.547587e+01
5.413214e-01 4.481925e-02 8.396204e-01 -1.719522e+02 -1.080786e-03 9.986146e-01 -5.260962e-02 -3.693302e+01 -8.408151e-01 2.757126e-02 5.406198e-01 -9.501978e+01
5.664059e-01 4.601813e-02 8.228406e-01 -1.712591e+02 1.869506e-04 9.984326e-01 -5.596696e-02 -3.690904e+01 -8.241264e-01 3.185385e-02 5.655095e-01 -9.466509e+01
5.833600e-01 4.373177e-02 8.110355e-01 -1.707155e+02 -1.977094e-03 9.986229e-01 -5.242457e-02 -3.705393e+01 -8.122113e-01 2.897891e-02 5.826431e-01 -9.407112e+01
6.041396e-01 4.213390e-02 7.957638e-01 -1.700148e+02 -4.621496e-03 9.987697e-01 -4.937399e-02 -3.705063e+01 -7.968651e-01 2.615116e-02 6.035911e-01 -9.369742e+01
6.212336e-01 4.109440e-02 7.825472e-01 -1.693315e+02 -9.419253e-03 9.989435e-01 -4.498058e-02 -3.714633e+01 -7.835689e-01 2.057244e-02 6.209643e-01 -9.326134e+01
6.333921e-01 4.021656e-02 7.727853e-01 -1.686857e+02 -1.032388e-02 9.989989e-01 -4.352728e-02 -3.717064e+01 -7.737622e-01 1.959169e-02 6.331732e-01 -9.265628e+01
6.416732e-01 4.140323e-02 7.658598e-01 -1.679893e+02 -1.257390e-02 9.989756e-01 -4.347073e-02 -3.724673e+01 -7.668751e-01 1.826416e-02 6.415364e-01 -9.186178e+01
6.521041e-01 4.480567e-02 7.568042e-01 -1.672684e+02 -1.729714e-02 9.988715e-01 -4.423280e-02 -3.728097e+01 -7.579321e-01 1.575385e-02 6.521432e-01 -9.143194e+01
6.574392e-01 4.950989e-02 7.518793e-01 -1.665714e+02 -2.529012e-02 9.987267e-01 -4.365080e-02 -3.740004e+01 -7.530830e-01 9.682633e-03 6.578542e-01 -9.088630e+01
6.571822e-01 5.065478e-02 7.520277e-01 -1.658796e+02 -2.657885e-02 9.986761e-01 -4.404169e-02 -3.737959e+01 -7.532630e-01 8.955379e-03 6.576584e-01 -9.001754e+01
6.574805e-01 5.155671e-02 7.517056e-01 -1.651322e+02 -3.061328e-02 9.986603e-01 -4.171846e-02 -3.742432e+01 -7.528494e-01 4.416895e-03 6.581780e-01 -8.932808e+01
6.574630e-01 5.215774e-02 7.516794e-01 -1.643412e+02 -3.045447e-02 9.986256e-01 -4.265563e-02 -3.747638e+01 -7.528711e-01 5.152503e-03 6.581478e-01 -8.865162e+01
6.565170e-01 5.619624e-02 7.522150e-01 -1.636088e+02 -3.389296e-02 9.984115e-01 -4.500796e-02 -3.755572e+01 -7.535494e-01 4.053700e-03 6.573788e-01 -8.801361e+01
6.556708e-01 5.768229e-02 7.528404e-01 -1.628186e+02 -3.385780e-02 9.983208e-01 -4.700314e-02 -3.762743e+01 -7.542874e-01 5.329065e-03 6.565227e-01 -8.726388e+01
6.551577e-01 5.770068e-02 7.532855e-01 -1.620608e+02 -3.428068e-02 9.983227e-01 -4.665515e-02 -3.765441e+01 -7.547140e-01 4.743343e-03 6.560368e-01 -8.664553e+01
6.544809e-01 5.613643e-02 7.539917e-01 -1.612357e+02 -3.425523e-02 9.984174e-01 -4.460023e-02 -3.771221e+01 -7.553022e-01 3.361841e-03 6.553681e-01 -8.594419e+01
6.529716e-01 5.474482e-02 7.554012e-01 -1.604011e+02 -3.503907e-02 9.984999e-01 -4.207457e-02 -3.775330e+01 -7.565714e-01 1.004940e-03 6.539103e-01 -8.515468e+01
6.505072e-01 5.493633e-02 7.575106e-01 -1.594766e+02 -3.746621e-02 9.984874e-01 -4.023863e-02 -3.785020e+01 -7.585754e-01 -2.205526e-03 6.515816e-01 -8.424252e+01
6.504834e-01 5.583224e-02 7.574656e-01 -1.588064e+02 -3.800352e-02 9.984379e-01 -4.095811e-02 -3.786808e+01 -7.585691e-01 -2.143786e-03 6.515891e-01 -8.384738e+01
6.475875e-01 5.871243e-02 7.597258e-01 -1.578967e+02 -4.009702e-02 9.982715e-01 -4.296893e-02 -3.792314e+01 -7.609354e-01 -2.636602e-03 6.488223e-01 -8.295288e+01
6.459902e-01 6.209534e-02 7.608159e-01 -1.570974e+02 -4.194604e-02 9.980676e-01 -4.584370e-02 -3.797679e+01 -7.621924e-01 -2.298634e-03 6.473465e-01 -8.236043e+01
6.450195e-01 6.343713e-02 7.615284e-01 -1.563867e+02 -4.196773e-02 9.979850e-01 -4.758759e-02 -3.806792e+01 -7.630128e-01 -1.264699e-03 6.463822e-01 -8.186976e+01
6.425212e-01 6.415886e-02 7.635772e-01 -1.555090e+02 -4.503433e-02 9.979279e-01 -4.595527e-02 -3.812966e+01 -7.649434e-01 -4.859957e-03 6.440791e-01 -8.113445e+01
6.389758e-01 6.071768e-02 7.668267e-01 -1.545016e+02 -4.541478e-02 9.981187e-01 -4.118858e-02 -3.818756e+01 -7.678850e-01 -8.506762e-03 6.405312e-01 -8.028082e+01
6.343787e-01 6.169034e-02 7.705569e-01 -1.536582e+02 -5.097875e-02 9.979793e-01 -3.792821e-02 -3.826412e+01 -7.713396e-01 -1.522118e-02 6.362417e-01 -7.953603e+01
6.302983e-01 6.158054e-02 7.739069e-01 -1.526858e+02 -5.028120e-02 9.979943e-01 -3.846052e-02 -3.831996e+01 -7.747231e-01 -1.467136e-02 6.321305e-01 -7.877505e+01
6.254704e-01 6.256989e-02 7.777351e-01 -1.516970e+02 -5.083182e-02 9.979295e-01 -3.940486e-02 -3.836286e+01 -7.785904e-01 -1.488712e-02 6.273559e-01 -7.794619e+01
6.192553e-01 6.208827e-02 7.827310e-01 -1.509736e+02 -5.101242e-02 9.979440e-01 -3.880119e-02 -3.846611e+01 -7.835308e-01 -1.590116e-02 6.211494e-01 -7.733683e+01
6.159182e-01 5.949932e-02 7.855600e-01 -1.499535e+02 -4.805295e-02 9.981246e-01 -3.792332e-02 -3.852389e+01 -7.863432e-01 -1.439081e-02 6.176223e-01 -7.659200e+01
6.101389e-01 5.538485e-02 7.903563e-01 -1.488833e+02 -4.290451e-02 9.983996e-01 -3.684225e-02 -3.856528e+01 -7.911319e-01 -1.143096e-02 6.115387e-01 -7.563691e+01
6.057945e-01 5.499642e-02 7.937181e-01 -1.479174e+02 -4.260403e-02 9.984191e-01 -3.666314e-02 -3.860107e+01 -7.944797e-01 -1.160526e-02 6.071799e-01 -7.498858e+01
6.002836e-01 5.587293e-02 7.978332e-01 -1.469513e+02 -4.180222e-02 9.983852e-01 -3.846608e-02 -3.866317e+01 -7.986941e-01 -1.026065e-02 6.016498e-01 -7.425871e+01
5.945128e-01 5.979603e-02 8.018597e-01 -1.459256e+02 -4.453520e-02 9.981490e-01 -4.141448e-02 -3.871811e+01 -8.028519e-01 -1.108954e-02 5.960754e-01 -7.350223e+01
5.880179e-01 6.082918e-02 8.065573e-01 -1.450018e+02 -4.288719e-02 9.981102e-01 -4.400901e-02 -3.876923e+01 -8.077101e-01 -8.712890e-03 5.895155e-01 -7.278904e+01
5.812169e-01 6.005059e-02 8.115299e-01 -1.439937e+02 -4.375163e-02 9.981370e-01 -4.252404e-02 -3.885107e+01 -8.125717e-01 -1.079006e-02 5.827614e-01 -7.203687e+01
5.748995e-01 5.878708e-02 8.161094e-01 -1.429933e+02 -4.363158e-02 9.981991e-01 -4.116781e-02 -3.891479e+01 -8.170599e-01 -1.194079e-02 5.764292e-01 -7.135335e+01
5.696995e-01 5.706840e-02 8.198693e-01 -1.418963e+02 -4.284431e-02 9.982920e-01 -3.971675e-02 -3.905025e+01 -8.207356e-01 -1.250012e-02 5.711715e-01 -7.061160e+01
5.647874e-01 5.755915e-02 8.232267e-01 -1.408684e+02 -4.478627e-02 9.982323e-01 -3.906906e-02 -3.909286e+01 -8.240203e-01 -1.480354e-02 5.663669e-01 -6.995342e+01
5.598968e-01 5.348894e-02 8.268340e-01 -1.398343e+02 -4.280203e-02 9.984489e-01 -3.560720e-02 -3.919568e+01 -8.274561e-01 -1.545382e-02 5.613177e-01 -6.921150e+01
5.544195e-01 5.220607e-02 8.305983e-01 -1.387957e+02 -4.258766e-02 9.985027e-01 -3.433244e-02 -3.923134e+01 -8.311470e-01 -1.633867e-02 5.558126e-01 -6.838797e+01
5.526638e-01 5.160852e-02 8.318048e-01 -1.377491e+02 -4.317622e-02 9.985135e-01 -3.326486e-02 -3.930886e+01 -8.322851e-01 -1.752991e-02 5.540705e-01 -6.774652e+01
5.518422e-01 5.226656e-02 8.323091e-01 -1.367510e+02 -3.662769e-02 9.985900e-01 -3.842341e-02 -3.936812e+01 -8.331438e-01 -9.281903e-03 5.529785e-01 -6.709204e+01
5.517597e-01 5.575960e-02 8.321371e-01 -1.356187e+02 -3.099970e-02 9.984442e-01 -4.634869e-02 -3.944272e+01 -8.334268e-01 -2.226606e-04 5.526298e-01 -6.630160e+01
5.507638e-01 5.576181e-02 8.327964e-01 -1.345463e+02 -2.945455e-02 9.984429e-01 -4.737350e-02 -3.950233e+01 -8.341413e-01 1.561967e-03 5.515486e-01 -6.553687e+01
5.511551e-01 5.244997e-02 8.327527e-01 -1.335474e+02 -2.923978e-02 9.986235e-01 -4.354488e-02 -3.957734e+01 -8.338904e-01 -3.495281e-04 5.519300e-01 -6.490235e+01
5.502281e-01 5.239305e-02 8.333691e-01 -1.326126e+02 -3.042519e-02 9.986248e-01 -4.269441e-02 -3.963487e+01 -8.344599e-01 -1.863748e-03 5.510655e-01 -6.425943e+01
5.488269e-01 5.281185e-02 8.342661e-01 -1.315256e+02 -3.361374e-02 9.985894e-01 -4.110107e-02 -3.970732e+01 -8.352599e-01 -5.485431e-03 5.498279e-01 -6.348828e+01
5.480507e-01 5.342443e-02 8.347373e-01 -1.305206e+02 -3.348125e-02 9.985595e-01 -4.192702e-02 -3.976387e+01 -8.357748e-01 -4.969917e-03 5.490499e-01 -6.282369e+01
5.479027e-01 5.510657e-02 8.347250e-01 -1.295689e+02 -3.383526e-02 9.984712e-01 -4.370768e-02 -3.989405e+01 -8.358575e-01 -4.295578e-03 5.489297e-01 -6.220348e+01
5.484691e-01 5.819071e-02 8.341435e-01 -1.284458e+02 -3.100268e-02 9.983048e-01 -4.925777e-02 -3.994340e+01 -8.355959e-01 1.155686e-03 5.493434e-01 -6.145358e+01
5.479928e-01 5.947897e-02 8.343657e-01 -1.275175e+02 -2.954756e-02 9.982227e-01 -5.175357e-02 -4.005763e+01 -8.359610e-01 3.707113e-03 5.487763e-01 -6.084798e+01
5.466569e-01 5.869807e-02 8.352968e-01 -1.263088e+02 -2.514112e-02 9.982408e-01 -5.369498e-02 -4.010299e+01 -8.369792e-01 8.352437e-03 5.471710e-01 -5.993237e+01
5.463622e-01 5.791914e-02 8.355439e-01 -1.252214e+02 -2.772769e-02 9.983100e-01 -5.107080e-02 -4.019251e+01 -8.370899e-01 4.735453e-03 5.470449e-01 -5.921729e+01
5.465994e-01 5.616465e-02 8.355086e-01 -1.243853e+02 -2.562865e-02 9.984028e-01 -5.034818e-02 -4.025706e+01 -8.370019e-01 6.107329e-03 5.471658e-01 -5.877614e+01
5.460884e-01 5.274329e-02 8.360655e-01 -1.232897e+02 -1.891651e-02 9.985379e-01 -5.063729e-02 -4.037582e+01 -8.375139e-01 1.183699e-02 5.462877e-01 -5.798852e+01
5.452122e-01 5.289276e-02 8.366278e-01 -1.222580e+02 -1.998611e-02 9.985440e-01 -5.010480e-02 -4.045680e+01 -8.380598e-01 1.059681e-02 5.454755e-01 -5.729918e+01
5.452425e-01 5.516388e-02 8.364613e-01 -1.212509e+02 -2.100703e-02 9.984182e-01 -5.215148e-02 -4.058736e+01 -8.380151e-01 1.086363e-02 5.455389e-01 -5.666234e+01
5.458571e-01 5.638845e-02 8.359787e-01 -1.201963e+02 -2.023544e-02 9.983290e-01 -5.412646e-02 -4.061356e+01 -8.376339e-01 1.262892e-02 5.460861e-01 -5.603649e+01
5.447419e-01 5.566361e-02 8.367544e-01 -1.191893e+02 -2.301663e-02 9.984112e-01 -5.143331e-02 -4.069377e+01 -8.382879e-01 8.758612e-03 5.451576e-01 -5.534700e+01
5.433164e-01 5.300403e-02 8.378531e-01 -1.183390e+02 -2.247262e-02 9.985656e-01 -4.859832e-02 -4.080050e+01 -8.392272e-01 7.575511e-03 5.437282e-01 -5.469407e+01
5.436167e-01 5.014016e-02 8.378346e-01 -1.173125e+02 -2.150596e-02 9.987184e-01 -4.581442e-02 -4.087914e+01 -8.390581e-01 6.887047e-03 5.439983e-01 -5.408073e+01
5.442107e-01 4.934530e-02 8.374961e-01 -1.162710e+02 -2.125240e-02 9.987592e-01 -4.503697e-02 -4.096659e+01 -8.386793e-01 6.710803e-03 5.445842e-01 -5.344150e+01
5.442739e-01 5.011669e-02 8.374092e-01 -1.153353e+02 -2.015427e-02 9.987070e-01 -4.667066e-02 -4.104152e+01 -8.386654e-01 8.524254e-03 5.445802e-01 -5.273165e+01
5.428906e-01 5.519844e-02 8.379874e-01 -1.141380e+02 -2.617202e-02 9.984650e-01 -4.881357e-02 -4.118093e+01 -8.393955e-01 4.568605e-03 5.435019e-01 -5.177766e+01
5.452316e-01 5.600374e-02 8.364126e-01 -1.130538e+02 -2.675586e-02 9.984201e-01 -4.940997e-02 -4.124846e+01 -8.378584e-01 4.560938e-03 5.458686e-01 -5.114238e+01
5.486830e-01 5.400306e-02 8.342845e-01 -1.124731e+02 -2.644664e-02 9.985333e-01 -4.724172e-02 -4.134135e+01 -8.356121e-01 3.856711e-03 5.493065e-01 -5.087288e+01
5.479177e-01 5.302073e-02 8.348503e-01 -1.105619e+02 -2.434912e-02 9.985773e-01 -4.743843e-02 -4.138491e+01 -8.361778e-01 5.664490e-03 5.484292e-01 -4.936467e+01
5.502283e-01 5.366108e-02 8.332882e-01 -1.095126e+02 -2.635226e-02 9.985518e-01 -4.690287e-02 -4.151023e+01 -8.345983e-01 3.848256e-03 5.508456e-01 -4.878332e+01
5.506341e-01 5.810565e-02 8.327220e-01 -1.085344e+02 -2.828490e-02 9.983003e-01 -5.095609e-02 -4.151763e+01 -8.342674e-01 4.504695e-03 5.513416e-01 -4.812634e+01
5.493747e-01 6.142942e-02 8.333150e-01 -1.075079e+02 -3.516157e-02 9.981101e-01 -5.039684e-02 -4.160704e+01 -8.348360e-01 -1.613914e-03 5.504964e-01 -4.747224e+01
5.471865e-01 5.850483e-02 8.349635e-01 -1.065336e+02 -3.845220e-02 9.982580e-01 -4.474734e-02 -4.163833e+01 -8.361270e-01 -7.621046e-03 5.484830e-01 -4.688421e+01
5.418322e-01 5.517031e-02 8.386740e-01 -1.056513e+02 -4.417319e-02 9.983335e-01 -3.713470e-02 -4.178668e+01 -8.393251e-01 -1.692613e-02 5.433663e-01 -4.633298e+01
5.337784e-01 5.889988e-02 8.435706e-01 -1.047494e+02 -4.891445e-02 9.980516e-01 -3.873492e-02 -4.185610e+01 -8.442085e-01 -2.058692e-02 5.356195e-01 -4.566265e+01
5.256946e-01 6.739561e-02 8.479994e-01 -1.035924e+02 -5.219169e-02 9.975340e-01 -4.692518e-02 -4.191817e+01 -8.490708e-01 -1.959020e-02 5.279157e-01 -4.485288e+01
5.177612e-01 7.326741e-02 8.523821e-01 -1.027696e+02 -5.456697e-02 9.971256e-01 -5.256346e-02 -4.197671e+01 -8.537832e-01 -1.929659e-02 5.202709e-01 -4.444159e+01
5.089636e-01 7.262777e-02 8.577186e-01 -1.015300e+02 -5.519728e-02 9.971371e-01 -5.167946e-02 -4.210695e+01 -8.590165e-01 -2.104077e-02 5.115154e-01 -4.366494e+01
4.990231e-01 6.870362e-02 8.638609e-01 -1.004058e+02 -5.655289e-02 9.973092e-01 -4.664819e-02 -4.219598e+01 -8.647414e-01 -2.557531e-02 5.015658e-01 -4.290410e+01
4.905162e-01 6.705264e-02 8.688486e-01 -9.947735e+01 -6.021193e-02 9.972603e-01 -4.296953e-02 -4.229418e+01 -8.693494e-01 -3.123780e-02 4.932097e-01 -4.244078e+01
4.837116e-01 6.701714e-02 8.726579e-01 -9.845613e+01 -5.541197e-02 9.974088e-01 -4.588289e-02 -4.232228e+01 -8.734716e-01 -2.616161e-02 4.861718e-01 -4.189837e+01
4.773210e-01 7.109206e-02 8.758485e-01 -9.744694e+01 -5.502800e-02 9.971840e-01 -5.095155e-02 -4.241680e+01 -8.770043e-01 -2.387594e-02 4.798889e-01 -4.136858e+01
4.738463e-01 7.094278e-02 8.777453e-01 -9.672484e+01 -5.119570e-02 9.972831e-01 -5.296656e-02 -4.243921e+01 -8.791181e-01 -1.983878e-02 4.761908e-01 -4.122829e+01
4.678640e-01 6.415394e-02 8.814690e-01 -9.541297e+01 -4.739985e-02 9.977480e-01 -4.745803e-02 -4.260425e+01 -8.825285e-01 -1.957760e-02 4.698513e-01 -4.025192e+01
4.656299e-01 6.165417e-02 8.828293e-01 -9.439059e+01 -4.989121e-02 9.978126e-01 -4.337018e-02 -4.268373e+01 -8.835721e-01 -2.385097e-02 4.676874e-01 -3.975719e+01
4.598576e-01 6.585859e-02 8.855471e-01 -9.328190e+01 -4.976984e-02 9.975899e-01 -4.834619e-02 -4.272005e+01 -8.865968e-01 -2.184117e-02 4.620271e-01 -3.902385e+01
4.568289e-01 7.257701e-02 8.865889e-01 -9.241375e+01 -5.179911e-02 9.971453e-01 -5.493695e-02 -4.282941e+01 -8.880452e-01 -2.082773e-02 4.592842e-01 -3.877010e+01
4.530198e-01 7.761153e-02 8.881157e-01 -9.146874e+01 -5.837686e-02 9.966477e-01 -5.731853e-02 -4.292821e+01 -8.895871e-01 -2.587898e-02 4.560319e-01 -3.837383e+01
4.506904e-01 7.704209e-02 8.893496e-01 -9.046089e+01 -5.799855e-02 9.966910e-01 -5.694922e-02 -4.298365e+01 -8.907942e-01 -2.591452e-02 4.536674e-01 -3.788846e+01
4.487802e-01 7.291209e-02 8.906628e-01 -8.945966e+01 -5.496090e-02 9.970312e-01 -5.392643e-02 -4.305673e+01 -8.919505e-01 -2.475051e-02 4.514552e-01 -3.736217e+01
4.503017e-01 7.140402e-02 8.900167e-01 -8.868550e+01 -5.944154e-02 9.969832e-01 -4.991140e-02 -4.317802e+01 -8.908956e-01 -3.042878e-02 4.531876e-01 -3.727558e+01
4.481053e-01 6.816519e-02 8.913782e-01 -8.776583e+01 -5.308794e-02 9.973582e-01 -4.958179e-02 -4.316217e+01 -8.924031e-01 -2.510357e-02 4.505402e-01 -3.669134e+01
4.482550e-01 6.418132e-02 8.915987e-01 -8.681334e+01 -4.584016e-02 9.977572e-01 -4.877675e-02 -4.310495e+01 -8.927296e-01 -1.900660e-02 4.501918e-01 -3.622500e+01
4.475635e-01 6.664901e-02 8.917650e-01 -8.615267e+01 -5.615288e-02 9.973454e-01 -4.635762e-02 -4.322225e+01 -8.924874e-01 -2.932720e-02 4.501179e-01 -3.607821e+01
4.414375e-01 7.165459e-02 8.944264e-01 -8.506939e+01 -5.641400e-02 9.970506e-01 -5.203335e-02 -4.324018e+01 -8.955168e-01 -2.748870e-02 4.441779e-01 -3.542511e+01
4.368946e-01 7.948324e-02 8.959941e-01 -8.419109e+01 -5.446696e-02 9.965982e-01 -6.184921e-02 -4.328282e+01 -8.978621e-01 -2.178049e-02 4.397376e-01 -3.506154e+01
4.335450e-01 8.643708e-02 8.969768e-01 -8.334071e+01 -6.160034e-02 9.959033e-01 -6.619620e-02 -4.347982e+01 -8.990240e-01 -2.655504e-02 4.370935e-01 -3.484118e+01
4.298738e-01 8.395884e-02 8.989769e-01 -8.268467e+01 -5.562529e-02 9.962385e-01 -6.644350e-02 -4.351898e+01 -9.011739e-01 -2.144353e-02 4.329271e-01 -3.468635e+01
4.201114e-01 7.813199e-02 9.041027e-01 -8.121418e+01 -4.644497e-02 9.968322e-01 -6.456393e-02 -4.356930e+01 -9.062832e-01 -1.486698e-02 4.224094e-01 -3.370201e+01
4.134115e-01 7.529481e-02 9.074258e-01 -8.022241e+01 -4.412319e-02 9.970610e-01 -6.263045e-02 -4.365606e+01 -9.094746e-01 -1.414638e-02 4.155187e-01 -3.327980e+01
4.052843e-01 7.402150e-02 9.111890e-01 -7.921384e+01 -4.317430e-02 9.971542e-01 -6.180165e-02 -4.374318e+01 -9.131706e-01 -1.429271e-02 4.073268e-01 -3.281900e+01
4.001365e-01 7.056760e-02 9.137346e-01 -7.838457e+01 -3.474864e-02 9.974823e-01 -6.181853e-02 -4.381118e+01 -9.157965e-01 -7.015178e-03 4.015813e-01 -3.257801e+01
3.934230e-01 6.959685e-02 9.167195e-01 -7.750050e+01 -3.088302e-02 9.975682e-01 -6.248096e-02 -4.388737e+01 -9.188387e-01 -3.729623e-03 3.946156e-01 -3.229408e+01
3.844737e-01 7.010834e-02 9.204699e-01 -7.637037e+01 -3.025891e-02 9.975332e-01 -6.333900e-02 -4.400049e+01 -9.226399e-01 -3.500233e-03 3.856467e-01 -3.174448e+01
3.756549e-01 7.134424e-02 9.240094e-01 -7.518414e+01 -3.443661e-02 9.974185e-01 -6.301211e-02 -4.414261e+01 -9.261196e-01 -8.148946e-03 3.771420e-01 -3.114202e+01
3.681036e-01 7.103183e-02 9.270675e-01 -7.404573e+01 -3.989796e-02 9.973659e-01 -6.057610e-02 -4.417491e+01 -9.289284e-01 -1.468982e-02 3.699680e-01 -3.063712e+01
3.637473e-01 6.529193e-02 9.292066e-01 -7.320967e+01 -2.499515e-02 9.978654e-01 -6.033172e-02 -4.431208e+01 -9.311622e-01 -1.280153e-03 3.646029e-01 -3.042752e+01
3.565764e-01 6.631935e-02 9.319093e-01 -7.223498e+01 -3.172704e-02 9.977616e-01 -5.886601e-02 -4.442015e+01 -9.337273e-01 -8.576495e-03 3.578824e-01 -3.003062e+01
3.514824e-01 6.396933e-02 9.340065e-01 -7.116181e+01 -2.662028e-02 9.979423e-01 -5.833059e-02 -4.450103e+01 -9.358160e-01 -4.361346e-03 3.524620e-01 -2.961316e+01
3.475609e-01 6.269254e-02 9.355592e-01 -7.025260e+01 -2.260396e-02 9.980325e-01 -5.848154e-02 -4.459241e+01 -9.373849e-01 -8.214506e-04 3.482942e-01 -2.925990e+01
3.452928e-01 6.530131e-02 9.362204e-01 -6.847695e+01 -2.264056e-02 9.978656e-01 -6.125087e-02 -4.468548e+01 -9.382219e-01 -4.706485e-05 3.460343e-01 -2.864183e+01
3.429180e-01 6.693427e-02 9.369776e-01 -6.737029e+01 -2.095391e-02 9.977550e-01 -6.360721e-02 -4.478747e+01 -9.391316e-01 2.178716e-03 3.435507e-01 -2.822545e+01
3.418997e-01 6.442427e-02 9.375255e-01 -6.649127e+01 -1.627633e-02 9.979036e-01 -6.263759e-02 -4.486259e+01 -9.395955e-01 6.156299e-03 3.422315e-01 -2.794796e+01
3.383726e-01 6.061236e-02 9.390581e-01 -6.573748e+01 -1.771996e-02 9.981569e-01 -5.804188e-02 -4.493438e+01 -9.408454e-01 2.999706e-03 3.388230e-01 -2.766708e+01
3.362953e-01 5.629169e-02 9.400727e-01 -6.459763e+01 -1.690986e-02 9.984120e-01 -5.373584e-02 -4.505363e+01 -9.416048e-01 2.174610e-03 3.367131e-01 -2.727428e+01
3.335030e-01 5.576300e-02 9.410984e-01 -6.352438e+01 -1.512905e-02 9.984372e-01 -5.379912e-02 -4.510044e+01 -9.426276e-01 3.704239e-03 3.338254e-01 -2.689252e+01
3.289756e-01 5.928284e-02 9.424758e-01 -6.257098e+01 -2.393128e-02 9.982304e-01 -5.443655e-02 -4.520429e+01 -9.440351e-01 -4.646358e-03 3.298122e-01 -2.654013e+01
3.267116e-01 5.921145e-02 9.432675e-01 -6.148160e+01 -2.309811e-02 9.982377e-01 -5.466178e-02 -4.529606e+01 -9.448418e-01 -3.929065e-03 3.275035e-01 -2.617476e+01
3.235131e-01 5.714959e-02 9.444963e-01 -6.028022e+01 -2.197777e-02 9.983590e-01 -5.288079e-02 -4.540062e+01 -9.459684e-01 -3.650290e-03 3.242382e-01 -2.568467e+01
3.224381e-01 5.685450e-02 9.448816e-01 -5.912653e+01 -2.156360e-02 9.983768e-01 -5.271484e-02 -4.544458e+01 -9.463449e-01 -3.377776e-03 3.231407e-01 -2.532857e+01
3.209982e-01 5.695174e-02 9.453659e-01 -5.812890e+01 -2.055517e-02 9.983741e-01 -5.316563e-02 -4.553961e+01 -9.468567e-01 -2.366079e-03 3.216470e-01 -2.501834e+01
3.177923e-01 5.905136e-02 9.463197e-01 -5.696920e+01 -2.276837e-02 9.982462e-01 -5.464558e-02 -4.562128e+01 -9.478869e-01 -4.180212e-03 3.185795e-01 -2.455338e+01
3.178611e-01 5.958547e-02 9.462631e-01 -5.611709e+01 -2.244031e-02 9.982165e-01 -5.531897e-02 -4.570843e+01 -9.478717e-01 -3.650685e-03 3.186313e-01 -2.437778e+01
3.149978e-01 6.122697e-02 9.471154e-01 -5.485977e+01 -2.763875e-02 9.980855e-01 -5.532969e-02 -4.580898e+01 -9.486899e-01 -8.748358e-03 3.160870e-01 -2.387904e+01
3.142198e-01 5.796254e-02 9.475791e-01 -5.402681e+01 -2.111355e-02 9.983142e-01 -5.406464e-02 -4.586665e+01 -9.491154e-01 -3.018578e-03 3.149139e-01 -2.364128e+01
3.126543e-01 5.518949e-02 9.482623e-01 -5.319127e+01 -2.161892e-02 9.984655e-01 -5.098332e-02 -4.594409e+01 -9.496209e-01 -4.560258e-03 3.133676e-01 -2.340169e+01
3.107513e-01 5.578502e-02 9.488528e-01 -5.192962e+01 -2.237450e-02 9.984289e-01 -5.137201e-02 -4.599020e+01 -9.502279e-01 -5.266185e-03 3.115113e-01 -2.293396e+01
3.097639e-01 5.661018e-02 9.491268e-01 -5.088998e+01 -1.992494e-02 9.983933e-01 -5.304581e-02 -4.607669e+01 -9.506047e-01 -2.479624e-03 3.103941e-01 -2.261938e+01
3.087366e-01 5.987257e-02 9.492613e-01 -4.985888e+01 -2.066476e-02 9.982035e-01 -5.623851e-02 -4.614719e+01 -9.509231e-01 -2.253372e-03 3.094192e-01 -2.231831e+01
3.075987e-01 5.931024e-02 9.496659e-01 -4.871131e+01 -1.607053e-02 9.982369e-01 -5.713841e-02 -4.622449e+01 -9.513805e-01 2.314064e-03 3.080095e-01 -2.194794e+01
3.041331e-01 5.772957e-02 9.508787e-01 -4.779562e+01 -1.920630e-02 9.983308e-01 -5.446745e-02 -4.634479e+01 -9.524359e-01 -1.697506e-03 3.047342e-01 -2.160742e+01
3.010474e-01 5.568638e-02 9.519819e-01 -4.647061e+01 -1.995642e-02 9.984428e-01 -5.209325e-02 -4.642099e+01 -9.534003e-01 -3.315609e-03 3.016899e-01 -2.108645e+01
2.991906e-01 5.379356e-02 9.526758e-01 -4.540392e+01 -2.093921e-02 9.985393e-01 -4.980726e-02 -4.650151e+01 -9.539636e-01 -5.046417e-03 2.998800e-01 -2.073950e+01
2.972305e-01 5.515129e-02 9.532116e-01 -4.440018e+01 -2.030240e-02 9.984697e-01 -5.143915e-02 -4.656637e+01 -9.545899e-01 -4.063201e-03 2.978954e-01 -2.041639e+01
2.949619e-01 5.916116e-02 9.536757e-01 -4.318232e+01 -2.376356e-02 9.982269e-01 -5.457506e-02 -4.665243e+01 -9.552135e-01 -6.565162e-03 2.958448e-01 -2.002849e+01
2.928880e-01 6.133628e-02 9.541774e-01 -4.216477e+01 -2.361216e-02 9.980999e-01 -5.691187e-02 -4.674255e+01 -9.558552e-01 -5.861390e-03 2.937798e-01 -1.971898e+01
2.903496e-01 6.240298e-02 9.548838e-01 -4.101391e+01 -2.367444e-02 9.980344e-01 -5.802430e-02 -4.682781e+01 -9.566277e-01 -5.759006e-03 2.912563e-01 -1.931965e+01
2.881833e-01 6.306375e-02 9.554964e-01 -3.993599e+01 -2.180969e-02 9.980024e-01 -5.929127e-02 -4.693716e+01 -9.573268e-01 -3.752327e-03 2.889831e-01 -1.906437e+01
2.851727e-01 6.523234e-02 9.562538e-01 -3.897924e+01 -2.102868e-02 9.978670e-01 -6.179990e-02 -4.703148e+01 -9.582454e-01 -2.485106e-03 2.859362e-01 -1.878480e+01
2.810140e-01 6.596533e-02 9.574339e-01 -3.787773e+01 -2.763163e-02 9.977775e-01 -6.063483e-02 -4.714206e+01 -9.593058e-01 -9.416222e-03 2.822121e-01 -1.841386e+01
2.788681e-01 6.397224e-02 9.581963e-01 -3.708251e+01 -2.756221e-02 9.979009e-01 -5.860150e-02 -4.722159e+01 -9.599338e-01 -1.006791e-02 2.800460e-01 -1.821260e+01
2.767235e-01 6.274260e-02 9.588991e-01 -3.592096e+01 -3.094169e-02 9.979305e-01 -5.636721e-02 -4.731131e+01 -9.604513e-01 -1.407182e-02 2.780922e-01 -1.788966e+01
2.743277e-01 6.622852e-02 9.593529e-01 -3.458230e+01 -3.602292e-02 9.976331e-01 -5.857039e-02 -4.739574e+01 -9.609613e-01 -1.849121e-02 2.760642e-01 -1.748413e+01
2.739663e-01 6.547998e-02 9.595076e-01 -3.374339e+01 -2.433096e-02 9.978321e-01 -6.114820e-02 -4.750544e+01 -9.614315e-01 -6.593190e-03 2.749656e-01 -1.730570e+01
2.705063e-01 6.791996e-02 9.603193e-01 -3.273975e+01 -2.759857e-02 9.976454e-01 -6.278582e-02 -4.764856e+01 -9.623225e-01 -9.519483e-03 2.717438e-01 -1.699319e+01
2.687921e-01 6.932472e-02 9.607002e-01 -3.158784e+01 -2.809314e-02 9.975465e-01 -6.412345e-02 -4.763183e+01 -9.627884e-01 -9.753212e-03 2.700802e-01 -1.665535e+01
2.662003e-01 6.744904e-02 9.615550e-01 -3.060001e+01 -2.673635e-02 9.976817e-01 -6.258139e-02 -4.779122e+01 -9.635469e-01 -9.049285e-03 2.673865e-01 -1.636569e+01
2.651042e-01 6.537074e-02 9.620013e-01 -2.950070e+01 -2.263413e-02 9.978462e-01 -6.156909e-02 -4.790946e+01 -9.639541e-01 -5.451833e-03 2.660129e-01 -1.608786e+01
2.632313e-01 6.349334e-02 9.626411e-01 -2.845923e+01 -2.171142e-02 9.979690e-01 -5.988656e-02 -4.798568e+01 -9.644884e-01 -5.136287e-03 2.640752e-01 -1.581445e+01
2.595631e-01 6.362790e-02 9.636278e-01 -2.781898e+01 -2.758272e-02 9.979085e-01 -5.846175e-02 -4.811627e+01 -9.653322e-01 -1.140496e-02 2.607753e-01 -1.557073e+01
2.576493e-01 6.341944e-02 9.641550e-01 -2.680958e+01 -2.763577e-02 9.979191e-01 -5.825529e-02 -4.819465e+01 -9.658432e-01 -1.163572e-02 2.588658e-01 -1.530075e+01
2.562867e-01 6.453269e-02 9.644442e-01 -2.576495e+01 -2.552605e-02 9.978728e-01 -5.998629e-02 -4.827560e+01 -9.662637e-01 -9.244757e-03 2.573888e-01 -1.502088e+01
2.547488e-01 6.491830e-02 9.648257e-01 -2.476893e+01 -2.215008e-02 9.978740e-01 -6.129353e-02 -4.833523e+01 -9.667535e-01 -5.756508e-03 2.556452e-01 -1.477543e+01
2.532236e-01 6.716557e-02 9.650734e-01 -2.376635e+01 -2.255495e-02 9.977257e-01 -6.351991e-02 -4.838810e+01 -9.671448e-01 -5.682441e-03 2.541626e-01 -1.449081e+01
2.519431e-01 6.585178e-02 9.654990e-01 -2.274397e+01 -2.149577e-02 9.978168e-01 -6.244678e-02 -4.851247e+01 -9.675033e-01 -5.021115e-03 2.528086e-01 -1.419145e+01
2.514970e-01 6.382541e-02 9.657513e-01 -2.187386e+01 -2.154355e-02 9.979452e-01 -6.034279e-02 -4.863467e+01 -9.676183e-01 -5.629681e-03 2.523552e-01 -1.400919e+01
2.499323e-01 6.302215e-02 9.662102e-01 -2.095650e+01 -2.160263e-02 9.979941e-01 -5.950728e-02 -4.869340e+01 -9.680223e-01 -5.999887e-03 2.507924e-01 -1.374870e+01
2.495250e-01 6.259510e-02 9.663432e-01 -2.001910e+01 -1.970182e-02 9.980303e-01 -5.956031e-02 -4.878187e+01 -9.681679e-01 -4.176935e-03 2.502667e-01 -1.351709e+01
2.476974e-01 6.374898e-02 9.667379e-01 -1.910406e+01 -2.021178e-02 9.979557e-01 -6.062891e-02 -4.882335e+01 -9.686266e-01 -4.521870e-03 2.484795e-01 -1.324034e+01
2.471733e-01 6.311271e-02 9.669137e-01 -1.821447e+01 -1.910364e-02 9.980000e-01 -6.025829e-02 -4.888744e+01 -9.687830e-01 -3.577334e-03 2.478846e-01 -1.304082e+01
2.456618e-01 6.009603e-02 9.674910e-01 -1.733319e+01 -1.922118e-02 9.981822e-01 -5.712185e-02 -4.895672e+01 -9.691650e-01 -4.563667e-03 2.463703e-01 -1.277655e+01
2.463145e-01 5.451193e-02 9.676557e-01 -1.610647e+01 -1.489149e-02 9.985120e-01 -5.245960e-02 -4.906176e+01 -9.690755e-01 -1.488277e-03 2.467598e-01 -1.252886e+01
2.444826e-01 4.976561e-02 9.683758e-01 -1.526157e+01 -1.619520e-02 9.987524e-01 -4.723794e-02 -4.912805e+01 -9.695184e-01 -4.134184e-03 2.449835e-01 -1.228904e+01
2.419656e-01 4.685591e-02 9.691528e-01 -1.438901e+01 -1.492641e-02 9.988949e-01 -4.456722e-02 -4.921982e+01 -9.701700e-01 -3.682239e-03 2.423976e-01 -1.201298e+01
2.415722e-01 4.687226e-02 9.692502e-01 -1.361327e+01 -1.340475e-02 9.988986e-01 -4.496509e-02 -4.926062e+01 -9.702903e-01 -2.130240e-03 2.419344e-01 -1.186419e+01
2.405501e-01 4.884199e-02 9.694071e-01 -1.281811e+01 -1.334332e-02 9.988052e-01 -4.701214e-02 -4.932378e+01 -9.705450e-01 -1.626332e-03 2.409144e-01 -1.163967e+01
2.394611e-01 5.143134e-02 9.695428e-01 -1.206342e+01 -1.468930e-02 9.986736e-01 -4.934863e-02 -4.939733e+01 -9.707948e-01 -2.424830e-03 2.398989e-01 -1.147474e+01
2.377110e-01 5.430169e-02 9.698169e-01 -1.123511e+01 -1.724053e-02 9.985147e-01 -5.168271e-02 -4.949817e+01 -9.711829e-01 -4.434610e-03 2.382941e-01 -1.122603e+01
2.369171e-01 5.706288e-02 9.698526e-01 -1.049429e+01 -1.653340e-02 9.983659e-01 -5.470170e-02 -4.955216e+01 -9.713892e-01 -3.075193e-03 2.374734e-01 -1.102424e+01
2.368145e-01 5.809460e-02 9.698164e-01 -9.743001e+00 -1.532988e-02 9.983098e-01 -5.605811e-02 -4.959485e+01 -9.714339e-01 -1.591792e-03 2.373048e-01 -1.085422e+01
2.375497e-01 5.488571e-02 9.698236e-01 -9.102114e+00 -1.564303e-02 9.984891e-01 -5.267637e-02 -4.968117e+01 -9.712494e-01 -2.657726e-03 2.380493e-01 -1.072501e+01
2.382036e-01 5.374014e-02 9.697273e-01 -8.374044e+00 -1.680864e-02 9.985465e-01 -5.120837e-02 -4.973385e+01 -9.710698e-01 -4.101778e-03 2.387607e-01 -1.051028e+01
2.399220e-01 5.079115e-02 9.694626e-01 -7.678283e+00 -1.582108e-02 9.987024e-01 -4.840766e-02 -4.982180e+01 -9.706632e-01 -3.723888e-03 2.404142e-01 -1.034252e+01
2.411442e-01 4.985259e-02 9.692080e-01 -7.103835e+00 -1.550948e-02 9.987502e-01 -4.751329e-02 -4.987211e+01 -9.703654e-01 -3.574361e-03 2.416160e-01 -1.023276e+01
2.409952e-01 5.066737e-02 9.692028e-01 -6.401693e+00 -1.456462e-02 9.987127e-01 -4.858853e-02 -4.991114e+01 -9.704170e-01 -2.406465e-03 2.414229e-01 -1.000141e+01
2.411640e-01 5.190225e-02 9.690955e-01 -5.765378e+00 -1.551741e-02 9.986474e-01 -4.962340e-02 -4.995860e+01 -9.703603e-01 -3.070470e-03 2.416432e-01 -9.861783e+00
2.404207e-01 5.465677e-02 9.691287e-01 -5.209609e+00 -1.658307e-02 9.984990e-01 -5.219927e-02 -5.001726e+01 -9.705271e-01 -3.521346e-03 2.409662e-01 -9.747653e+00
2.390623e-01 5.604019e-02 9.693857e-01 -4.607623e+00 -1.662767e-02 9.984231e-01 -5.361825e-02 -5.007291e+01 -9.708618e-01 -3.300523e-03 2.396172e-01 -9.613361e+00
2.369342e-01 5.581666e-02 9.699210e-01 -4.004439e+00 -1.477497e-02 9.984398e-01 -5.384860e-02 -5.014368e+01 -9.714133e-01 -1.571981e-03 2.373892e-01 -9.464927e+00
2.350828e-01 5.570654e-02 9.703777e-01 -3.377514e+00 -1.414826e-02 9.984466e-01 -5.389035e-02 -5.022160e+01 -9.718724e-01 -1.060463e-03 2.355057e-01 -9.313653e+00
2.330334e-01 5.408043e-02 9.709638e-01 -2.798319e+00 -1.036283e-02 9.985339e-01 -5.312892e-02 -5.026310e+01 -9.724135e-01 2.318881e-03 2.332522e-01 -9.165675e+00
2.315066e-01 5.237284e-02 9.714226e-01 -2.258420e+00 -8.643242e-03 9.986211e-01 -5.177938e-02 -5.031167e+01 -9.727949e-01 3.591027e-03 2.316400e-01 -9.042797e+00
2.299526e-01 5.333283e-02 9.717394e-01 -1.789051e+00 -7.313330e-03 9.985638e-01 -5.307443e-02 -5.035924e+01 -9.731743e-01 5.097952e-03 2.300124e-01 -8.924138e+00
2.279208e-01 5.463500e-02 9.721456e-01 -1.281123e+00 -7.832210e-03 9.984951e-01 -5.427958e-02 -5.039312e+01 -9.736482e-01 4.757394e-03 2.280057e-01 -8.789653e+00
2.262883e-01 5.530251e-02 9.724892e-01 -7.752515e-01 -9.809990e-03 9.984657e-01 -5.449703e-02 -5.045792e+01 -9.740110e-01 2.791933e-03 2.264837e-01 -8.670835e+00
2.243738e-01 5.777767e-02 9.727888e-01 -3.478087e-01 -8.924764e-03 9.983208e-01 -5.723561e-02 -5.050946e+01 -9.744623e-01 4.160263e-03 2.245127e-01 -8.566488e+00
2.238928e-01 6.368958e-02 9.725305e-01 7.942410e-02 -1.010224e-02 9.979605e-01 -6.302925e-02 -5.053224e+01 -9.745614e-01 4.287061e-03 2.240796e-01 -8.477040e+00
2.247202e-01 6.625516e-02 9.721682e-01 5.000773e-01 -7.824551e-03 9.977762e-01 -6.619173e-02 -5.059502e+01 -9.743919e-01 7.267840e-03 2.247389e-01 -8.441622e+00
2.220740e-01 6.780823e-02 9.726691e-01 8.643276e-01 -1.029170e-02 9.976863e-01 -6.720252e-02 -5.061100e+01 -9.749755e-01 4.913510e-03 2.222580e-01 -8.268749e+00
2.223514e-01 6.758380e-02 9.726213e-01 1.290088e+00 -8.980840e-03 9.976942e-01 -6.727291e-02 -5.063839e+01 -9.749252e-01 6.223268e-03 2.224457e-01 -8.183641e+00
2.244774e-01 6.985451e-02 9.719724e-01 1.570383e+00 -9.056409e-03 9.975339e-01 -6.960000e-02 -5.068748e+01 -9.744372e-01 6.821046e-03 2.245564e-01 -8.136997e+00
2.257849e-01 7.126917e-02 9.715667e-01 1.869477e+00 -9.760860e-03 9.974358e-01 -7.089844e-02 -5.072693e+01 -9.741283e-01 6.524472e-03 2.259016e-01 -8.024473e+00
2.300084e-01 7.153410e-02 9.705560e-01 2.160542e+00 -1.168821e-02 9.974260e-01 -7.074458e-02 -5.074919e+01 -9.731185e-01 4.927782e-03 2.302524e-01 -7.957945e+00
2.355546e-01 7.138960e-02 9.692356e-01 2.449070e+00 -1.274201e-02 9.974396e-01 -7.037028e-02 -5.078703e+01 -9.717776e-01 4.226033e-03 2.358611e-01 -7.878292e+00
2.412996e-01 7.083619e-02 9.678620e-01 2.708865e+00 -1.609417e-02 9.974874e-01 -6.899195e-02 -5.081921e+01 -9.703172e-01 1.070793e-03 2.418333e-01 -7.781048e+00
2.507627e-01 7.001596e-02 9.655133e-01 2.971753e+00 -1.788714e-02 9.975458e-01 -6.769322e-02 -5.083940e+01 -9.678833e-01 -2.953393e-04 2.513996e-01 -7.714583e+00
2.618825e-01 6.976244e-02 9.625751e-01 3.245338e+00 -1.943564e-02 9.975630e-01 -6.701044e-02 -5.087315e+01 -9.649040e-01 -1.159395e-03 2.626002e-01 -7.629799e+00
2.744053e-01 7.007619e-02 9.590574e-01 3.453403e+00 -1.901336e-02 9.975416e-01 -6.744805e-02 -5.090235e+01 -9.614261e-01 2.731982e-04 2.750631e-01 -7.556310e+00
2.890624e-01 7.033753e-02 9.547228e-01 3.694011e+00 -1.883970e-02 9.975220e-01 -6.778657e-02 -5.090846e+01 -9.571248e-01 1.607858e-03 2.896713e-01 -7.455269e+00
3.067367e-01 6.924065e-02 9.492725e-01 3.951948e+00 -2.130579e-02 9.976000e-01 -6.588119e-02 -5.095182e+01 -9.515559e-01 -1.682404e-05 3.074757e-01 -7.386994e+00
3.240296e-01 6.846488e-02 9.435663e-01 4.185618e+00 -2.507344e-02 9.976490e-01 -6.377865e-02 -5.095866e+01 -9.457146e-01 -2.992277e-03 3.249845e-01 -7.297351e+00
3.390798e-01 6.846698e-02 9.382628e-01 4.414733e+00 -3.012917e-02 9.976268e-01 -6.191048e-02 -5.097891e+01 -9.402750e-01 -7.276486e-03 3.403380e-01 -7.189135e+00
3.497939e-01 6.658716e-02 9.344573e-01 4.561989e+00 -3.387179e-02 9.977175e-01 -5.841576e-02 -5.100224e+01 -9.362142e-01 -1.121826e-02 3.512509e-01 -7.102944e+00
3.580241e-01 6.244662e-02 9.316218e-01 4.751766e+00 -3.465571e-02 9.979623e-01 -5.357517e-02 -5.100538e+01 -9.330690e-01 -1.310481e-02 3.594587e-01 -7.034995e+00
3.644728e-01 5.851860e-02 9.293735e-01 4.844034e+00 -3.282760e-02 9.982106e-01 -4.997896e-02 -5.101840e+01 -9.306352e-01 -1.229313e-02 3.657417e-01 -6.959730e+00
3.694616e-01 5.833002e-02 9.274135e-01 4.951060e+00 -3.245611e-02 9.982290e-01 -4.985417e-02 -5.102835e+01 -9.286790e-01 -1.168103e-02 3.707005e-01 -6.917620e+00
3.711267e-01 6.107068e-02 9.265718e-01 5.065118e+00 -3.491838e-02 9.980471e-01 -5.179551e-02 -5.102230e+01 -9.279255e-01 -1.313169e-02 3.725344e-01 -6.872230e+00
3.729456e-01 6.238901e-02 9.257533e-01 5.080537e+00 -3.661339e-02 9.979493e-01 -5.250455e-02 -5.102822e+01 -9.271305e-01 -1.431362e-02 3.744651e-01 -6.860962e+00
3.734371e-01 6.198771e-02 9.255821e-01 5.101032e+00 -3.668999e-02 9.979712e-01 -5.203270e-02 -5.103503e+01 -9.269296e-01 -1.452866e-02 3.749538e-01 -6.856484e+00
3.732341e-01 6.269984e-02 9.256160e-01 5.061847e+00 -3.408471e-02 9.979668e-01 -5.385687e-02 -5.103852e+01 -9.271109e-01 -1.144814e-02 3.746123e-01 -6.855421e+00
3.741804e-01 6.686570e-02 9.249422e-01 5.043756e+00 -3.259917e-02 9.977291e-01 -5.893978e-02 -5.103242e+01 -9.267828e-01 -8.098232e-03 3.755104e-01 -6.877298e+00
3.741763e-01 7.076185e-02 9.246539e-01 5.045042e+00 -3.162443e-02 9.974783e-01 -6.353761e-02 -5.103402e+01 -9.268182e-01 -5.467390e-03 3.754705e-01 -6.879629e+00
3.730586e-01 7.141288e-02 9.250554e-01 5.050876e+00 -3.366064e-02 9.974188e-01 -6.342448e-02 -5.103086e+01 -9.271970e-01 -7.476909e-03 3.744994e-01 -6.866232e+00
3.734168e-01 7.009980e-02 9.250113e-01 5.043885e+00 -3.378536e-02 9.975070e-01 -6.195493e-02 -5.103314e+01 -9.270482e-01 -8.116822e-03 3.748542e-01 -6.858428e+00
3.735735e-01 6.958253e-02 9.249871e-01 5.080681e+00 -3.513180e-02 9.975284e-01 -6.085084e-02 -5.104403e+01 -9.269351e-01 -9.764201e-03 3.750947e-01 -6.870431e+00
3.730010e-01 6.937319e-02 9.252338e-01 5.066933e+00 -3.464108e-02 9.975469e-01 -6.082987e-02 -5.103329e+01 -9.271840e-01 -9.361490e-03 3.744892e-01 -6.862314e+00
3.736087e-01 6.895943e-02 9.250195e-01 5.077470e+00 -3.411909e-02 9.975795e-01 -6.058827e-02 -5.103593e+01 -9.269587e-01 -8.924521e-03 3.750573e-01 -6.868134e+00
3.732032e-01 6.942263e-02 9.251486e-01 5.053452e+00 -3.393649e-02 9.975505e-01 -6.116572e-02 -5.103086e+01 -9.271287e-01 -8.569051e-03 3.746450e-01 -6.862723e+00
3.731433e-01 6.903099e-02 9.252020e-01 5.055758e+00 -3.391058e-02 9.975765e-01 -6.075450e-02 -5.103594e+01 -9.271538e-01 -8.703997e-03 3.745799e-01 -6.860193e+00
3.733866e-01 6.889971e-02 9.251137e-01 5.076297e+00 -3.439490e-02 9.975806e-01 -6.041465e-02 -5.103734e+01 -9.270380e-01 -9.261172e-03 3.748530e-01 -6.865806e+00
3.730937e-01 6.895496e-02 9.252277e-01 5.065094e+00 -3.394696e-02 9.975812e-01 -6.065834e-02 -5.103622e+01 -9.271724e-01 -8.777428e-03 3.745320e-01 -6.862709e+00
3.732556e-01 6.888818e-02 9.251674e-01 5.055935e+00 -3.360811e-02 9.975888e-01 -6.072161e-02 -5.103341e+01 -9.271196e-01 -8.428444e-03 3.746708e-01 -6.861823e+00
3.732507e-01 6.889874e-02 9.251686e-01 5.045215e+00 -3.375443e-02 9.975867e-01 -6.067392e-02 -5.103149e+01 -9.271163e-01 -8.581956e-03 3.746755e-01 -6.868007e+00
3.731484e-01 6.883644e-02 9.252145e-01 5.061634e+00 -3.369095e-02 9.975914e-01 -6.063342e-02 -5.103747e+01 -9.271598e-01 -8.546090e-03 3.745688e-01 -6.859994e+00
3.732138e-01 6.890613e-02 9.251829e-01 5.055020e+00 -3.374246e-02 9.975863e-01 -6.068710e-02 -5.103493e+01 -9.271316e-01 -8.568686e-03 3.746380e-01 -6.860365e+00
3.732297e-01 6.884440e-02 9.251811e-01 5.063767e+00 -3.357808e-02 9.975919e-01 -6.068681e-02 -5.103297e+01 -9.271311e-01 -8.415688e-03 3.746426e-01 -6.860477e+00
3.731836e-01 6.883938e-02 9.252000e-01 5.052956e+00 -3.366503e-02 9.975914e-01 -6.064671e-02 -5.103503e+01 -9.271465e-01 -8.514528e-03 3.746022e-01 -6.856747e+00
3.731344e-01 6.889858e-02 9.252155e-01 5.047257e+00 -3.394109e-02 9.975849e-01 -6.059950e-02 -5.103506e+01 -9.271563e-01 -8.791064e-03 3.745717e-01 -6.860740e+00
3.732321e-01 6.887453e-02 9.251779e-01 5.053382e+00 -3.377721e-02 9.975881e-01 -6.063880e-02 -5.103491e+01 -9.271229e-01 -8.617581e-03 3.746583e-01 -6.861642e+00
3.735968e-01 6.883719e-02 9.250334e-01 5.054015e+00 -3.358399e-02 9.975926e-01 -6.067305e-02 -5.103387e+01 -9.269830e-01 -8.399055e-03 3.750092e-01 -6.871313e+00
3.732618e-01 6.889968e-02 9.251640e-01 5.058333e+00 -3.381801e-02 9.975861e-01 -6.064913e-02 -5.103457e+01 -9.271095e-01 -8.649201e-03 3.746908e-01 -6.864330e+00
3.733145e-01 6.890524e-02 9.251424e-01 5.060444e+00 -3.371380e-02 9.975867e-01 -6.069672e-02 -5.103533e+01 -9.270921e-01 -8.531103e-03 3.747366e-01 -6.861436e+00
3.732935e-01 6.887743e-02 9.251529e-01 5.060485e+00 -3.371415e-02 9.975885e-01 -6.066679e-02 -5.103647e+01 -9.271005e-01 -8.544229e-03 3.747154e-01 -6.862443e+00
3.732823e-01 6.886243e-02 9.251585e-01 5.065863e+00 -3.385314e-02 9.975882e-01 -6.059456e-02 -5.103634e+01 -9.270999e-01 -8.700642e-03 3.747132e-01 -6.864670e+00
3.734174e-01 6.879284e-02 9.251092e-01 5.059307e+00 -3.340421e-02 9.975970e-01 -6.069966e-02 -5.103456e+01 -9.270618e-01 -8.236232e-03 3.748180e-01 -6.866528e+00
3.733047e-01 6.885596e-02 9.251500e-01 5.069369e+00 -3.382076e-02 9.975890e-01 -6.060044e-02 -5.103498e+01 -9.270921e-01 -8.666846e-03 3.747334e-01 -6.864590e+00
3.733168e-01 6.883136e-02 9.251469e-01 5.066158e+00 -3.378902e-02 9.975909e-01 -6.058663e-02 -5.103182e+01 -9.270884e-01 -8.641805e-03 3.747432e-01 -6.865973e+00
3.734698e-01 6.878728e-02 9.250884e-01 5.047773e+00 -3.346463e-02 9.975968e-01 -6.066874e-02 -5.103198e+01 -9.270385e-01 -8.299802e-03 3.748742e-01 -6.867310e+00
3.733058e-01 6.884381e-02 9.251504e-01 5.064095e+00 -3.357901e-02 9.975920e-01 -6.068505e-02 -5.103688e+01 -9.271004e-01 -8.411554e-03 3.747186e-01 -6.862825e+00
3.735079e-01 6.883956e-02 9.250692e-01 5.058135e+00 -3.368733e-02 9.975914e-01 -6.063467e-02 -5.103777e+01 -9.270151e-01 -8.515588e-03 3.749272e-01 -6.872727e+00
3.732596e-01 6.878773e-02 9.251732e-01 5.058812e+00 -3.347298e-02 9.975966e-01 -6.066787e-02 -5.103776e+01 -9.271229e-01 -8.323439e-03 3.746651e-01 -6.860332e+00
3.730070e-01 6.906054e-02 9.252548e-01 5.049809e+00 -3.382449e-02 9.975753e-01 -6.082251e-02 -5.103338e+01 -9.272118e-01 -8.609049e-03 3.744385e-01 -6.858913e+00
3.732947e-01 6.872647e-02 9.251636e-01 5.052745e+00 -3.332016e-02 9.976020e-01 -6.066325e-02 -5.103286e+01 -9.271142e-01 -8.181327e-03 3.746896e-01 -6.861852e+00
3.733864e-01 6.880370e-02 9.251209e-01 5.058516e+00 -3.342113e-02 9.975961e-01 -6.070484e-02 -5.103525e+01 -9.270737e-01 -8.252225e-03 3.747883e-01 -6.866135e+00
3.734052e-01 6.879796e-02 9.251137e-01 5.055679e+00 -3.347693e-02 9.975960e-01 -6.067590e-02 -5.103338e+01 -9.270641e-01 -8.313270e-03 3.748107e-01 -6.865698e+00
3.733715e-01 6.881673e-02 9.251259e-01 5.054598e+00 -3.352535e-02 9.975943e-01 -6.067690e-02 -5.103460e+01 -9.270759e-01 -8.360148e-03 3.747803e-01 -6.865521e+00
3.733839e-01 6.877755e-02 9.251238e-01 5.059707e+00 -3.341019e-02 9.975979e-01 -6.068108e-02 -5.103486e+01 -9.270751e-01 -8.251224e-03 3.747848e-01 -6.863357e+00
3.733793e-01 6.878220e-02 9.251254e-01 5.058838e+00 -3.341977e-02 9.975975e-01 -6.068227e-02 -5.103425e+01 -9.270766e-01 -8.259973e-03 3.747809e-01 -6.863861e+00
3.733570e-01 6.883640e-02 9.251303e-01 5.057436e+00 -3.361185e-02 9.975922e-01 -6.066328e-02 -5.103487e+01 -9.270787e-01 -8.446289e-03 3.747717e-01 -6.864631e+00
3.734057e-01 6.878415e-02 9.251145e-01 5.057341e+00 -3.337724e-02 9.975978e-01 -6.070130e-02 -5.103338e+01 -9.270675e-01 -8.211555e-03 3.748046e-01 -6.864304e+00
3.734121e-01 6.878605e-02 9.251118e-01 5.055280e+00 -3.335566e-02 9.975978e-01 -6.071202e-02 -5.103289e+01 -9.270657e-01 -8.187118e-03 3.748095e-01 -6.865144e+00
3.733640e-01 6.883542e-02 9.251276e-01 5.057347e+00 -3.356666e-02 9.975927e-01 -6.068042e-02 -5.103549e+01 -9.270775e-01 -8.397565e-03 3.747757e-01 -6.864942e+00
3.733247e-01 6.879943e-02 9.251461e-01 5.060646e+00 -3.352494e-02 9.975954e-01 -6.065886e-02 -5.103274e+01 -9.270948e-01 -8.370014e-03 3.747335e-01 -6.864211e+00
3.733151e-01 6.885872e-02 9.251456e-01 5.060104e+00 -3.365686e-02 9.975903e-01 -6.066956e-02 -5.103580e+01 -9.270939e-01 -8.488632e-03 3.747331e-01 -6.863066e+00
3.733918e-01 6.877925e-02 9.251205e-01 5.052952e+00 -3.336827e-02 9.975982e-01 -6.069978e-02 -5.103313e+01 -9.270734e-01 -8.204872e-03 3.747900e-01 -6.864093e+00
3.734129e-01 6.878422e-02 9.251116e-01 5.057956e+00 -3.334479e-02 9.975981e-01 -6.071444e-02 -5.103290e+01 -9.270658e-01 -8.176097e-03 3.748096e-01 -6.865141e+00
3.733878e-01 6.878715e-02 9.251215e-01 5.062966e+00 -3.344811e-02 9.975969e-01 -6.067606e-02 -5.103398e+01 -9.270721e-01 -8.287865e-03 3.747914e-01 -6.865485e+00
3.735029e-01 6.876618e-02 9.250767e-01 5.050028e+00 -3.318368e-02 9.976007e-01 -6.075928e-02 -5.103269e+01 -9.270353e-01 -8.003681e-03 3.748886e-01 -6.867039e+00
3.733916e-01 6.880635e-02 9.251186e-01 5.055578e+00 -3.345516e-02 9.975956e-01 -6.069388e-02 -5.103397e+01 -9.270704e-01 -8.287406e-03 3.747958e-01 -6.866275e+00
3.734496e-01 6.882939e-02 9.250935e-01 5.049687e+00 -3.345312e-02 9.975942e-01 -6.071900e-02 -5.103337e+01 -9.270471e-01 -8.271772e-03 3.748537e-01 -6.867649e+00
3.733972e-01 6.878830e-02 9.251177e-01 5.055524e+00 -3.343434e-02 9.975970e-01 -6.068278e-02 -5.103324e+01 -9.270689e-01 -8.271913e-03 3.747998e-01 -6.865904e+00
3.733407e-01 6.878779e-02 9.251405e-01 5.056352e+00 -3.344034e-02 9.975969e-01 -6.068034e-02 -5.103533e+01 -9.270914e-01 -8.282576e-03 3.747438e-01 -6.864610e+00
3.735027e-01 6.877150e-02 9.250763e-01 5.048572e+00 -3.329760e-02 9.975994e-01 -6.071895e-02 -5.103255e+01 -9.270313e-01 -8.124126e-03 3.748960e-01 -6.868453e+00
3.733847e-01 6.882810e-02 9.251198e-01 5.057069e+00 -3.356229e-02 9.975932e-01 -6.067409e-02 -5.103395e+01 -9.270693e-01 -8.394367e-03 3.747960e-01 -6.865501e+00
3.733549e-01 6.880546e-02 9.251334e-01 5.062763e+00 -3.348766e-02 9.975954e-01 -6.068014e-02 -5.103320e+01 -9.270840e-01 -8.325322e-03 3.747613e-01 -6.865515e+00
3.733802e-01 6.870773e-02 9.251305e-01 5.053882e+00 -3.324193e-02 9.976040e-01 -6.067385e-02 -5.103344e+01 -9.270826e-01 -8.098716e-03 3.747695e-01 -6.865453e+00
3.733863e-01 6.870154e-02 9.251285e-01 5.054508e+00 -3.320545e-02 9.976047e-01 -6.068186e-02 -5.103540e+01 -9.270815e-01 -8.061536e-03 3.747732e-01 -6.865886e+00
3.733710e-01 6.868717e-02 9.251357e-01 5.056270e+00 -3.318931e-02 9.976058e-01 -6.067303e-02 -5.103176e+01 -9.270882e-01 -8.051062e-03 3.747568e-01 -6.865160e+00
3.734291e-01 6.877432e-02 9.251058e-01 5.056336e+00 -3.333345e-02 9.975988e-01 -6.070819e-02 -5.103348e+01 -9.270597e-01 -8.166767e-03 3.748249e-01 -6.867924e+00
3.733978e-01 6.878451e-02 9.251177e-01 5.059067e+00 -3.330035e-02 9.975984e-01 -6.073286e-02 -5.103387e+01 -9.270735e-01 -8.129230e-03 3.747916e-01 -6.866335e+00
3.737092e-01 6.918664e-02 9.249620e-01 5.067032e+00 -3.394873e-02 9.975663e-01 -6.090121e-02 -5.103006e+01 -9.269245e-01 -8.641947e-03 3.751485e-01 -6.876111e+00
3.742138e-01 6.976050e-02 9.247148e-01 5.073453e+00 -3.324227e-02 9.975347e-01 -6.180155e-02 -5.102648e+01 -9.267464e-01 -7.612628e-03 3.756103e-01 -6.867971e+00
3.745710e-01 7.057746e-02 9.245082e-01 5.041722e+00 -3.424374e-02 9.974715e-01 -6.227342e-02 -5.105342e+01 -9.265657e-01 -8.332802e-03 3.760407e-01 -6.890110e+00
3.749227e-01 7.076073e-02 9.243516e-01 5.074716e+00 -3.302486e-02 9.974693e-01 -6.296293e-02 -5.102220e+01 -9.264677e-01 -6.920354e-03 3.763107e-01 -6.867952e+00
3.756579e-01 7.065996e-02 9.240608e-01 5.091851e+00 -3.335840e-02 9.974740e-01 -6.271246e-02 -5.102064e+01 -9.261578e-01 -7.266754e-03 3.770661e-01 -6.862545e+00
3.761940e-01 7.084485e-02 9.238285e-01 5.125421e+00 -3.563760e-02 9.974411e-01 -6.197786e-02 -5.100533e+01 -9.258553e-01 -9.607330e-03 3.777561e-01 -6.857547e+00
3.772180e-01 7.107424e-02 9.233932e-01 5.109645e+00 -3.340451e-02 9.974462e-01 -6.312799e-02 -5.104559e+01 -9.255218e-01 -7.032479e-03 3.786289e-01 -6.853441e+00
3.781129e-01 7.149724e-02 9.229945e-01 5.153642e+00 -3.534140e-02 9.974013e-01 -6.278304e-02 -5.103814e+01 -9.250847e-01 -8.880835e-03 3.796571e-01 -6.837029e+00
3.803730e-01 7.257928e-02 9.219808e-01 5.267260e+00 -3.550601e-02 9.973269e-01 -6.386222e-02 -5.102562e+01 -9.241513e-01 -8.444393e-03 3.819332e-01 -6.842025e+00
3.836362e-01 7.441399e-02 9.204813e-01 5.142123e+00 -3.283962e-02 9.972170e-01 -6.693068e-02 -5.104046e+01 -9.229002e-01 -4.551222e-03 3.850123e-01 -6.831384e+00
3.874420e-01 7.793448e-02 9.185940e-01 5.220184e+00 -3.528838e-02 9.969438e-01 -6.969793e-02 -5.103781e+01 -9.212185e-01 -5.411788e-03 3.890081e-01 -6.791217e+00
3.939509e-01 8.138515e-02 9.155212e-01 5.349059e+00 -3.815690e-02 9.966615e-01 -7.217910e-02 -5.104837e+01 -9.183391e-01 -6.498430e-03 3.957412e-01 -6.766992e+00
4.024292e-01 8.273878e-02 9.117045e-01 5.499638e+00 -3.903370e-02 9.965524e-01 -7.320929e-02 -5.104725e+01 -9.146186e-01 -6.125647e-03 4.042714e-01 -6.710900e+00
4.130829e-01 8.255722e-02 9.069437e-01 5.555429e+00 -3.949170e-02 9.965696e-01 -7.272852e-02 -5.105651e+01 -9.098368e-01 -5.773834e-03 4.149262e-01 -6.646911e+00
4.268547e-01 8.298089e-02 9.005050e-01 5.695568e+00 -4.226001e-02 9.965236e-01 -7.179697e-02 -5.106052e+01 -9.033323e-01 -7.408480e-03 4.288775e-01 -6.589386e+00
4.432336e-01 8.306367e-02 8.925494e-01 5.733087e+00 -4.686253e-02 9.964831e-01 -6.946449e-02 -5.113025e+01 -8.951804e-01 -1.103813e-02 4.455674e-01 -6.554300e+00
4.628171e-01 8.284588e-02 8.825740e-01 6.033022e+00 -4.620926e-02 9.965244e-01 -6.931033e-02 -5.112119e+01 -8.852486e-01 -8.705084e-03 4.650367e-01 -6.340183e+00
4.859342e-01 8.017072e-02 8.703106e-01 6.027321e+00 -4.827202e-02 9.967259e-01 -6.486329e-02 -5.114792e+01 -8.726613e-01 -1.049236e-02 4.882133e-01 -6.409876e+00
5.105148e-01 7.683940e-02 8.564288e-01 6.267761e+00 -4.659121e-02 9.970080e-01 -6.167938e-02 -5.111574e+01 -8.586058e-01 -8.413814e-03 5.125674e-01 -6.202902e+00
5.379848e-01 7.253909e-02 8.398276e-01 6.544592e+00 -4.545052e-02 9.973374e-01 -5.702868e-02 -5.115017e+01 -8.417284e-01 -7.490047e-03 5.398493e-01 -6.017141e+00
5.667820e-01 7.028878e-02 8.208640e-01 6.862196e+00 -4.667073e-02 9.974933e-01 -5.318842e-02 -5.116278e+01 -8.225449e-01 -8.164084e-03 5.686416e-01 -5.768192e+00
5.987891e-01 6.846528e-02 7.979750e-01 6.911897e+00 -4.969981e-02 9.975957e-01 -4.829846e-02 -5.115205e+01 -7.993632e-01 -1.073861e-02 6.007522e-01 -5.739402e+00
6.305955e-01 6.750372e-02 7.731705e-01 7.138111e+00 -5.450187e-02 9.976025e-01 -4.264681e-02 -5.118080e+01 -7.741957e-01 -1.524636e-02 6.327627e-01 -5.536917e+00
6.621346e-01 6.904463e-02 7.461974e-01 7.331495e+00 -6.170056e-02 9.973886e-01 -3.753733e-02 -5.119411e+01 -7.468405e-01 -2.118603e-02 6.646656e-01 -5.316794e+00
6.944919e-01 6.934477e-02 7.161510e-01 7.626585e+00 -6.615062e-02 9.972829e-01 -3.241673e-02 -5.124837e+01 -7.164531e-01 -2.486067e-02 6.971922e-01 -4.997454e+00
7.281331e-01 7.111426e-02 6.817367e-01 7.928700e+00 -7.095398e-02 9.970802e-01 -2.822597e-02 -5.126128e+01 -6.817534e-01 -2.781967e-02 7.310529e-01 -4.662438e+00
7.612550e-01 6.977379e-02 6.446878e-01 8.171024e+00 -7.193674e-02 9.971445e-01 -2.297600e-02 -5.127028e+01 -6.444501e-01 -2.888614e-02 7.641006e-01 -4.365545e+00
7.922314e-01 7.282954e-02 6.058591e-01 8.395023e+00 -7.166079e-02 9.970861e-01 -2.615358e-02 -5.135554e+01 -6.059984e-01 -2.269665e-02 7.951420e-01 -3.960909e+00
8.215904e-01 7.308571e-02 5.653739e-01 8.618567e+00 -7.206396e-02 9.971070e-01 -2.417377e-02 -5.138441e+01 -5.655051e-01 -2.088214e-02 8.244804e-01 -3.591729e+00
8.497300e-01 7.324757e-02 5.221052e-01 8.874313e+00 -7.376907e-02 9.970783e-01 -1.982318e-02 -5.140505e+01 -5.220317e-01 -2.167087e-02 8.526507e-01 -3.164716e+00
8.766532e-01 4.771583e-02 4.787508e-01 9.092959e+00 -5.596042e-02 9.984286e-01 2.959873e-03 -5.163604e+01 -4.778572e-01 -2.938588e-02 8.779459e-01 -2.693386e+00
8.992670e-01 4.800240e-02 4.347582e-01 9.349257e+00 -5.739484e-02 9.983154e-01 8.491497e-03 -5.161378e+01 -4.336182e-01 -3.258900e-02 9.005072e-01 -2.175852e+00
9.194900e-01 4.075171e-02 3.909955e-01 9.429483e+00 -5.128563e-02 9.985472e-01 1.653245e-02 -5.164932e+01 -3.897538e-01 -3.525387e-02 9.202441e-01 -1.901901e+00
9.371440e-01 4.355287e-02 3.462142e-01 9.630195e+00 -5.225538e-02 9.985082e-01 1.583680e-02 -5.162335e+01 -3.450079e-01 -3.293291e-02 9.380218e-01 -1.187096e+00
9.523980e-01 4.657885e-02 3.012782e-01 9.790330e+00 -5.466561e-02 9.983340e-01 1.846190e-02 -5.160679e+01 -2.999163e-01 -3.405263e-02 9.533575e-01 -6.238137e-01
9.648881e-01 4.117672e-02 2.594137e-01 9.879531e+00 -4.908260e-02 9.985047e-01 2.406991e-02 -5.161651e+01 -2.580347e-01 -3.595746e-02 9.654663e-01 -7.849343e-02
9.746017e-01 3.617480e-02 2.210045e-01 9.959068e+00 -4.357124e-02 9.986385e-01 2.868297e-02 -5.160046e+01 -2.196660e-01 -3.758391e-02 9.748509e-01 5.161349e-01
9.824995e-01 3.291274e-02 1.833343e-01 1.007530e+01 -3.915169e-02 9.987672e-01 3.051452e-02 -5.158898e+01 -1.821040e-01 -3.715835e-02 9.825769e-01 1.233906e+00
9.883445e-01 2.853100e-02 1.495361e-01 1.007537e+01 -3.343543e-02 9.989789e-01 3.038634e-02 -5.158727e+01 -1.485164e-01 -3.503197e-02 9.882892e-01 1.774870e+00
9.935514e-01 1.870958e-02 1.118285e-01 1.022732e+01 -2.227790e-02 9.992790e-01 3.074476e-02 -5.156206e+01 -1.111727e-01 -3.303781e-02 9.932518e-01 2.392656e+00
9.969921e-01 1.141126e-02 7.665890e-02 1.026434e+01 -1.384601e-02 9.994140e-01 3.130479e-02 -5.155681e+01 -7.625675e-02 -3.227204e-02 9.965658e-01 3.124543e+00
9.991102e-01 9.397679e-03 4.111537e-02 1.030643e+01 -1.067407e-02 9.994644e-01 3.093545e-02 -5.150602e+01 -4.080263e-02 -3.134679e-02 9.986754e-01 3.844391e+00
9.999248e-01 8.697550e-03 8.645986e-03 1.026571e+01 -8.976141e-03 9.994241e-01 3.272327e-02 -5.149939e+01 -8.356395e-03 -3.279842e-02 9.994271e-01 4.613768e+00
9.997321e-01 6.714702e-03 -2.214836e-02 1.021204e+01 -6.008052e-03 9.994756e-01 3.181894e-02 -5.147170e+01 2.235040e-02 -3.167735e-02 9.992482e-01 5.409038e+00
9.986109e-01 7.281958e-03 -5.218510e-02 1.017991e+01 -5.758414e-03 9.995545e-01 2.928611e-02 -5.144102e+01 5.237511e-02 -2.894493e-02 9.982079e-01 6.215906e+00
9.968674e-01 8.029477e-03 -7.868204e-02 1.009337e+01 -5.868056e-03 9.996001e-01 2.766314e-02 -5.143702e+01 7.887269e-02 -2.711477e-02 9.965159e-01 7.062216e+00
9.947071e-01 1.155709e-02 -1.020994e-01 9.981140e+00 -8.854166e-03 9.995993e-01 2.688711e-02 -5.142715e+01 1.023692e-01 -2.584080e-02 9.944108e-01 7.940990e+00
9.924166e-01 1.481979e-02 -1.220232e-01 9.863759e+00 -1.170349e-02 9.995878e-01 2.621588e-02 -5.139092e+01 1.223614e-01 -2.458898e-02 9.921810e-01 8.793329e+00
9.902923e-01 1.764240e-02 -1.378767e-01 9.724475e+00 -1.420945e-02 9.995650e-01 2.584351e-02 -5.137193e+01 1.382727e-01 -2.363348e-02 9.901122e-01 9.691478e+00
9.884427e-01 2.087963e-02 -1.501503e-01 9.560850e+00 -1.724176e-02 9.995264e-01 2.548945e-02 -5.135391e+01 1.506113e-01 -2.260601e-02 9.883346e-01 1.062425e+01
9.869999e-01 2.324664e-02 -1.590311e-01 9.391643e+00 -1.939151e-02 9.994803e-01 2.575059e-02 -5.134060e+01 1.595471e-01 -2.233198e-02 9.869377e-01 1.157257e+01
9.858640e-01 2.690753e-02 -1.653727e-01 9.197680e+00 -2.286308e-02 9.993923e-01 2.631203e-02 -5.130948e+01 1.659802e-01 -2.215916e-02 9.858801e-01 1.258620e+01
9.850979e-01 2.847190e-02 -1.696213e-01 9.009093e+00 -2.403384e-02 9.993144e-01 2.816093e-02 -5.128640e+01 1.703068e-01 -2.366462e-02 9.851069e-01 1.358918e+01
9.847932e-01 3.140426e-02 -1.708689e-01 8.816219e+00 -2.685310e-02 9.992221e-01 2.888227e-02 -5.123399e+01 1.716430e-01 -2.385470e-02 9.848704e-01 1.463559e+01
9.846220e-01 3.121465e-02 -1.718871e-01 8.652378e+00 -2.686771e-02 9.992590e-01 2.755871e-02 -5.121371e+01 1.726200e-01 -2.251670e-02 9.847311e-01 1.575031e+01
9.845724e-01 3.407035e-02 -1.716289e-01 8.450639e+00 -2.996307e-02 9.992006e-01 2.646582e-02 -5.116030e+01 1.723934e-01 -2.091499e-02 9.848061e-01 1.681445e+01
9.844959e-01 3.110498e-02 -1.726275e-01 8.267945e+00 -2.645523e-02 9.992243e-01 2.917139e-02 -5.117317e+01 1.734009e-01 -2.415222e-02 9.845551e-01 1.791545e+01
9.841746e-01 3.047464e-02 -1.745613e-01 8.095451e+00 -2.530755e-02 9.991754e-01 3.175076e-02 -5.112842e+01 1.753850e-01 -2.683057e-02 9.841343e-01 1.901106e+01
9.840610e-01 3.205983e-02 -1.749177e-01 7.885318e+00 -2.595635e-02 9.989755e-01 3.707084e-02 -5.111176e+01 1.759270e-01 -3.193974e-02 9.838849e-01 2.013260e+01
9.836796e-01 3.326038e-02 -1.768279e-01 7.708837e+00 -2.685296e-02 9.988975e-01 3.850632e-02 -5.106272e+01 1.779137e-01 -3.312953e-02 9.834883e-01 2.124285e+01
9.827520e-01 6.798002e-02 -1.719803e-01 7.267781e+00 -6.064824e-02 9.970265e-01 4.753860e-02 -5.099293e+01 1.747006e-01 -3.628835e-02 9.839527e-01 2.261745e+01
9.825728e-01 6.725800e-02 -1.732832e-01 7.049520e+00 -5.960905e-02 9.970194e-01 4.897941e-02 -5.093891e+01 1.760610e-01 -3.779658e-02 9.836534e-01 2.378685e+01
9.819453e-01 7.251986e-02 -1.747119e-01 6.794856e+00 -6.464688e-02 9.966373e-01 5.034742e-02 -5.091612e+01 1.777756e-01 -3.814383e-02 9.833315e-01 2.501363e+01
9.817718e-01 6.881730e-02 -1.771672e-01 6.629318e+00 -6.049210e-02 9.968145e-01 5.197712e-02 -5.087019e+01 1.801798e-01 -4.031246e-02 9.828073e-01 2.606072e+01
9.814544e-01 7.014607e-02 -1.784006e-01 6.396315e+00 -6.149137e-02 9.966677e-01 5.359478e-02 -5.082529e+01 1.815656e-01 -4.163073e-02 9.824972e-01 2.722111e+01
9.812425e-01 6.982394e-02 -1.796881e-01 6.151476e+00 -6.108285e-02 9.966853e-01 5.373424e-02 -5.077249e+01 1.828444e-01 -4.175046e-02 9.822550e-01 2.839051e+01
9.806456e-01 7.355552e-02 -1.814490e-01 5.898332e+00 -6.536065e-02 9.965706e-01 5.074502e-02 -5.077745e+01 1.845593e-01 -3.790326e-02 9.820902e-01 2.950523e+01
9.803547e-01 7.422639e-02 -1.827431e-01 5.662814e+00 -6.672233e-02 9.966695e-01 4.688346e-02 -5.072090e+01 1.856145e-01 -3.376938e-02 9.820422e-01 3.064408e+01
9.800705e-01 7.300421e-02 -1.847489e-01 5.459004e+00 -6.518494e-02 9.967153e-01 4.805751e-02 -5.069387e+01 1.876505e-01 -3.505690e-02 9.816101e-01 3.181020e+01
9.797405e-01 7.342947e-02 -1.863241e-01 5.238571e+00 -6.492548e-02 9.965681e-01 5.134793e-02 -5.063577e+01 1.894551e-01 -3.821047e-02 9.811456e-01 3.287801e+01
9.800041e-01 6.929637e-02 -1.865210e-01 5.006233e+00 -6.025849e-02 9.967371e-01 5.370279e-02 -5.060858e+01 1.896338e-01 -4.138948e-02 9.809821e-01 3.400212e+01
9.793785e-01 7.502250e-02 -1.875886e-01 4.772540e+00 -6.592418e-02 9.963468e-01 5.428744e-02 -5.056622e+01 1.909761e-01 -4.080132e-02 9.807463e-01 3.514177e+01
9.797668e-01 6.962342e-02 -1.876424e-01 4.537325e+00 -6.074272e-02 9.967625e-01 5.267636e-02 -5.050041e+01 1.907025e-01 -4.021264e-02 9.808239e-01 3.629969e+01
9.796967e-01 6.944250e-02 -1.880748e-01 4.321533e+00 -6.099524e-02 9.968677e-01 5.034247e-02 -5.046502e+01 1.909816e-01 -3.784869e-02 9.808637e-01 3.741606e+01
9.797478e-01 7.058146e-02 -1.873833e-01 4.058930e+00 -6.250089e-02 9.968563e-01 4.869414e-02 -5.040925e+01 1.902311e-01 -3.599635e-02 9.810792e-01 3.857364e+01
9.800343e-01 6.637409e-02 -1.874228e-01 3.859762e+00 -5.881823e-02 9.972268e-01 4.559818e-02 -5.037460e+01 1.899295e-01 -3.366391e-02 9.812204e-01 3.965506e+01
9.801193e-01 6.498376e-02 -1.874652e-01 3.633589e+00 -5.794391e-02 9.974021e-01 4.279726e-02 -5.035241e+01 1.897593e-01 -3.108395e-02 9.813385e-01 4.078826e+01
9.803603e-01 5.961948e-02 -1.879871e-01 3.461082e+00 -5.243719e-02 9.977000e-01 4.295516e-02 -5.031640e+01 1.901157e-01 -3.225401e-02 9.812317e-01 4.183188e+01
9.802953e-01 6.070569e-02 -1.879786e-01 3.196953e+00 -5.268200e-02 9.974860e-01 4.739453e-02 -5.025848e+01 1.903831e-01 -3.655755e-02 9.810290e-01 4.304377e+01
9.804635e-01 6.045330e-02 -1.871811e-01 2.948812e+00 -5.093959e-02 9.971734e-01 5.523003e-02 -5.019890e+01 1.899909e-01 -4.461610e-02 9.807716e-01 4.420372e+01
9.806596e-01 5.861362e-02 -1.867384e-01 2.728147e+00 -4.845863e-02 9.971110e-01 5.849285e-02 -5.017231e+01 1.896274e-01 -4.831249e-02 9.806668e-01 4.530370e+01
9.807167e-01 5.599059e-02 -1.872429e-01 2.444435e+00 -4.639395e-02 9.973941e-01 5.525104e-02 -5.008441e+01 1.898485e-01 -4.549868e-02 9.807586e-01 4.657611e+01
9.809114e-01 5.718937e-02 -1.858554e-01 2.173409e+00 -4.812925e-02 9.974391e-01 5.290341e-02 -4.996073e+01 1.884050e-01 -4.294847e-02 9.811519e-01 4.774793e+01
9.807502e-01 5.097206e-02 -1.884965e-01 2.046543e+00 -4.293721e-02 9.979965e-01 4.646908e-02 -5.001040e+01 1.904874e-01 -3.748105e-02 9.809739e-01 4.876739e+01
9.812187e-01 5.054098e-02 -1.861601e-01 1.673064e+00 -4.343146e-02 9.981700e-01 4.207527e-02 -4.994983e+01 1.879459e-01 -3.319984e-02 9.816181e-01 5.000138e+01
9.811016e-01 5.160028e-02 -1.864859e-01 1.478743e+00 -4.495947e-02 9.982009e-01 3.966862e-02 -4.990797e+01 1.881973e-01 -3.053465e-02 9.816565e-01 5.110356e+01
9.811471e-01 5.696122e-02 -1.846773e-01 1.223262e+00 -4.989844e-02 9.978423e-01 4.267227e-02 -4.988464e+01 1.867095e-01 -3.265266e-02 9.818724e-01 5.220812e+01
9.809903e-01 6.239540e-02 -1.837521e-01 9.622206e-01 -5.496957e-02 9.974627e-01 4.523737e-02 -4.984216e+01 1.861085e-01 -3.427664e-02 9.819311e-01 5.333829e+01
9.809533e-01 6.351049e-02 -1.835675e-01 7.357067e-01 -5.582358e-02 9.973456e-01 4.674890e-02 -4.978197e+01 1.860493e-01 -3.561109e-02 9.818948e-01 5.444781e+01
9.809187e-01 6.364738e-02 -1.837051e-01 4.822904e-01 -5.564369e-02 9.972767e-01 4.840425e-02 -4.976469e+01 1.862857e-01 -3.725860e-02 9.817889e-01 5.558880e+01
9.812826e-01 6.100410e-02 -1.826555e-01 1.170386e-01 -5.287630e-02 9.973959e-01 4.904670e-02 -4.971347e+01 1.851718e-01 -3.847053e-02 9.819529e-01 5.693315e+01
9.812343e-01 6.197917e-02 -1.825867e-01 -1.240568e-01 -5.348526e-02 9.972610e-01 5.108718e-02 -4.958546e+01 1.852530e-01 -4.036279e-02 9.818616e-01 5.811653e+01
9.813078e-01 6.037891e-02 -1.827275e-01 -3.449299e-01 -5.167391e-02 9.973074e-01 5.203553e-02 -4.960153e+01 1.853773e-01 -4.162063e-02 9.817856e-01 5.915039e+01
9.814093e-01 5.573903e-02 -1.836546e-01 -5.397247e-01 -4.719945e-02 9.976056e-01 5.054922e-02 -4.957377e+01 1.860324e-01 -4.094107e-02 9.816903e-01 6.016262e+01
9.812088e-01 5.489772e-02 -1.849742e-01 -7.502596e-01 -4.706617e-02 9.978103e-01 4.647005e-02 -4.954480e+01 1.871203e-01 -3.689079e-02 9.816441e-01 6.125894e+01
9.810396e-01 5.611303e-02 -1.855063e-01 -9.376095e-01 -4.881464e-02 9.978522e-01 4.368265e-02 -4.947685e+01 1.875590e-01 -3.379898e-02 9.816717e-01 6.238163e+01
9.809487e-01 5.701643e-02 -1.857118e-01 -1.233879e+00 -4.955212e-02 9.977755e-01 4.459339e-02 -4.945332e+01 1.878412e-01 -3.454141e-02 9.815918e-01 6.337318e+01
9.806544e-01 5.934061e-02 -1.865358e-01 -1.406606e+00 -5.134855e-02 9.975557e-01 4.739238e-02 -4.939386e+01 1.888921e-01 -3.689720e-02 9.813044e-01 6.451841e+01
9.805075e-01 6.134349e-02 -1.866599e-01 -1.628623e+00 -5.230789e-02 9.972258e-01 5.295745e-02 -4.939303e+01 1.893907e-01 -4.216139e-02 9.809962e-01 6.555434e+01
9.804721e-01 6.155380e-02 -1.867767e-01 -1.892176e+00 -5.222810e-02 9.971496e-01 5.445081e-02 -4.935814e+01 1.895960e-01 -4.363251e-02 9.808922e-01 6.683057e+01
9.802838e-01 6.258157e-02 -1.874228e-01 -2.094629e+00 -5.362455e-02 9.971806e-01 5.249015e-02 -4.932037e+01 1.901793e-01 -4.140478e-02 9.808759e-01 6.787695e+01
9.801475e-01 6.149183e-02 -1.884931e-01 -2.290028e+00 -5.284381e-02 9.973214e-01 5.057159e-02 -4.927215e+01 1.910980e-01 -3.960692e-02 9.807716e-01 6.890644e+01
9.803261e-01 6.143443e-02 -1.875808e-01 -2.555860e+00 -5.282454e-02 9.973229e-01 5.056325e-02 -4.925358e+01 1.901850e-01 -3.965960e-02 9.809469e-01 6.983695e+01
9.803560e-01 5.948677e-02 -1.880518e-01 -2.759480e+00 -5.109542e-02 9.974829e-01 4.916374e-02 -4.921657e+01 1.905031e-01 -3.858938e-02 9.809278e-01 7.090326e+01
9.801320e-01 5.991237e-02 -1.890813e-01 -2.947805e+00 -5.152877e-02 9.974711e-01 4.895174e-02 -4.916971e+01 1.915360e-01 -3.823604e-02 9.807405e-01 7.195019e+01
9.799859e-01 5.908803e-02 -1.900952e-01 -3.109900e+00 -5.034642e-02 9.974545e-01 5.049492e-02 -4.915299e+01 1.925950e-01 -3.991369e-02 9.804662e-01 7.285230e+01
9.799107e-01 6.104526e-02 -1.898646e-01 -3.329586e+00 -5.201040e-02 9.972806e-01 5.221462e-02 -4.911429e+01 1.925357e-01 -4.129073e-02 9.804209e-01 7.384999e+01
9.800728e-01 5.972149e-02 -1.894483e-01 -3.547942e+00 -5.069658e-02 9.973524e-01 5.213576e-02 -4.907696e+01 1.920604e-01 -4.149246e-02 9.805056e-01 7.482482e+01
9.800830e-01 5.994039e-02 -1.893263e-01 -3.728317e+00 -5.098154e-02 9.973530e-01 5.184479e-02 -4.907324e+01 1.919327e-01 -4.116005e-02 9.805446e-01 7.598989e+01
9.804599e-01 5.748995e-02 -1.881311e-01 -3.925669e+00 -4.884333e-02 9.975400e-01 5.028191e-02 -4.904150e+01 1.905590e-01 -4.011045e-02 9.808560e-01 7.699358e+01
9.805509e-01 5.888480e-02 -1.872233e-01 -4.146306e+00 -5.039030e-02 9.974865e-01 4.981507e-02 -4.898476e+01 1.896860e-01 -3.941197e-02 9.810535e-01 7.806159e+01
9.808584e-01 5.764473e-02 -1.859946e-01 -4.344554e+00 -4.879724e-02 9.974643e-01 5.180467e-02 -4.900121e+01 1.885092e-01 -4.173702e-02 9.811841e-01 7.883741e+01
9.810685e-01 5.845162e-02 -1.846292e-01 -4.542934e+00 -4.962949e-02 9.974104e-01 5.205203e-02 -4.893716e+01 1.871936e-01 -4.190356e-02 9.814289e-01 7.986726e+01
9.811955e-01 6.003192e-02 -1.834437e-01 -4.714901e+00 -5.095513e-02 9.972506e-01 5.380356e-02 -4.890509e+01 1.861693e-01 -4.344441e-02 9.815567e-01 8.085463e+01
9.815340e-01 6.040631e-02 -1.814997e-01 -4.977902e+00 -5.136537e-02 9.972129e-01 5.411082e-02 -4.886111e+01 1.842625e-01 -4.378881e-02 9.819011e-01 8.196690e+01
9.817133e-01 6.206357e-02 -1.799643e-01 -5.176559e+00 -5.369738e-02 9.972542e-01 5.099745e-02 -4.882655e+01 1.826353e-01 -4.040127e-02 9.823503e-01 8.303101e+01
9.820378e-01 6.135162e-02 -1.784315e-01 -5.374942e+00 -5.422080e-02 9.975336e-01 4.457407e-02 -4.879876e+01 1.807261e-01 -3.409872e-02 9.829422e-01 8.405016e+01
9.823007e-01 5.903244e-02 -1.777654e-01 -5.547234e+00 -5.281285e-02 9.978220e-01 3.952274e-02 -4.878773e+01 1.797114e-01 -2.943491e-02 9.832789e-01 8.507234e+01
9.826124e-01 5.907505e-02 -1.760200e-01 -5.732681e+00 -5.306405e-02 9.978422e-01 3.866707e-02 -4.876276e+01 1.779244e-01 -2.865441e-02 9.836269e-01 8.611364e+01
9.829514e-01 6.041322e-02 -1.736571e-01 -5.886602e+00 -5.385216e-02 9.976546e-01 4.225263e-02 -4.873744e+01 1.758024e-01 -3.218047e-02 9.838993e-01 8.715392e+01
9.830784e-01 6.693291e-02 -1.705192e-01 -6.027576e+00 -5.973972e-02 9.971080e-01 4.697715e-02 -4.867629e+01 1.731703e-01 -3.599546e-02 9.842339e-01 8.823782e+01
9.838318e-01 6.696296e-02 -1.661052e-01 -6.219175e+00 -5.894625e-02 9.968671e-01 5.273755e-02 -4.865573e+01 1.691163e-01 -4.209360e-02 9.846968e-01 8.923326e+01
9.845757e-01 6.469007e-02 -1.625604e-01 -6.393116e+00 -5.685930e-02 9.970074e-01 5.237558e-02 -4.863492e+01 1.654621e-01 -4.232466e-02 9.853075e-01 9.024195e+01
9.851408e-01 6.105602e-02 -1.605299e-01 -6.571942e+00 -5.462121e-02 9.975284e-01 4.420066e-02 -4.859784e+01 1.628318e-01 -3.477553e-02 9.860408e-01 9.122696e+01
9.856084e-01 5.508165e-02 -1.598192e-01 -6.734306e+00 -5.021291e-02 9.981477e-01 3.434732e-02 -4.859742e+01 1.614151e-01 -2.582802e-02 9.865486e-01 9.220643e+01
9.856552e-01 5.684404e-02 -1.589105e-01 -6.917586e+00 -5.315120e-02 9.982106e-01 2.739633e-02 -4.855472e+01 1.601835e-01 -1.855705e-02 9.869128e-01 9.314162e+01
9.857554e-01 5.824110e-02 -1.577794e-01 -7.062848e+00 -5.502648e-02 9.981801e-01 2.467024e-02 -4.854989e+01 1.589290e-01 -1.563678e-02 9.871662e-01 9.424529e+01
9.855729e-01 6.152242e-02 -1.576740e-01 -7.236744e+00 -5.804190e-02 9.979600e-01 2.658894e-02 -4.855224e+01 1.589882e-01 -1.705364e-02 9.871332e-01 9.522977e+01
9.856987e-01 6.232795e-02 -1.565671e-01 -7.426858e+00 -5.839223e-02 9.978543e-01 2.961713e-02 -4.853914e+01 1.580771e-01 -2.005127e-02 9.872232e-01 9.620081e+01
9.856721e-01 6.407766e-02 -1.560277e-01 -7.550703e+00 -5.927033e-02 9.976185e-01 3.527546e-02 -4.849396e+01 1.579165e-01 -2.552223e-02 9.871226e-01 9.706287e+01
9.856016e-01 6.643158e-02 -1.554873e-01 -7.746899e+00 -6.073817e-02 9.973076e-01 4.109069e-02 -4.846549e+01 1.577984e-01 -3.105503e-02 9.869829e-01 9.814663e+01
9.855171e-01 6.572549e-02 -1.563211e-01 -7.912328e+00 -5.933347e-02 9.972136e-01 4.521591e-02 -4.839089e+01 1.588574e-01 -3.528597e-02 9.866708e-01 9.922524e+01
9.853031e-01 6.528201e-02 -1.578485e-01 -8.112396e+00 -5.789067e-02 9.970202e-01 5.098331e-02 -4.839415e+01 1.607064e-01 -4.109606e-02 9.861463e-01 1.002537e+02
9.851287e-01 6.596499e-02 -1.586511e-01 -8.312348e+00 -5.757822e-02 9.967184e-01 5.689573e-02 -4.837260e+01 1.618836e-01 -4.691477e-02 9.856940e-01 1.013001e+02
9.850453e-01 6.499563e-02 -1.595659e-01 -8.487693e+00 -5.610725e-02 9.966446e-01 5.959517e-02 -4.831322e+01 1.629039e-01 -4.975114e-02 9.853868e-01 1.023728e+02
9.849946e-01 6.366832e-02 -1.604120e-01 -8.726656e+00 -5.518477e-02 9.968592e-01 5.680149e-02 -4.828291e+01 1.635246e-01 -4.709686e-02 9.854144e-01 1.034694e+02
9.851380e-01 5.913339e-02 -1.612647e-01 -8.909576e+00 -5.122600e-02 9.972924e-01 5.276171e-02 -4.824408e+01 1.639480e-01 -4.371662e-02 9.854998e-01 1.045525e+02
9.847506e-01 5.774907e-02 -1.641076e-01 -9.020100e+00 -5.115296e-02 9.977148e-01 4.414290e-02 -4.821151e+01 1.662818e-01 -3.507516e-02 9.854543e-01 1.055989e+02
9.849476e-01 5.359462e-02 -1.643343e-01 -9.251966e+00 -4.878041e-02 9.982578e-01 3.319514e-02 -4.815831e+01 1.658271e-01 -2.467918e-02 9.858460e-01 1.066353e+02
9.849616e-01 5.151932e-02 -1.649131e-01 -9.445583e+00 -4.790344e-02 9.985179e-01 2.583124e-02 -4.812159e+01 1.659995e-01 -1.754287e-02 9.859698e-01 1.077406e+02
9.849343e-01 5.151962e-02 -1.650765e-01 -9.651966e+00 -4.729298e-02 9.984473e-01 2.943574e-02 -4.811223e+01 1.663367e-01 -2.118531e-02 9.858414e-01 1.088289e+02
9.848214e-01 5.115908e-02 -1.658601e-01 -9.823017e+00 -4.614110e-02 9.983572e-01 3.397011e-02 -4.807759e+01 1.673255e-01 -2.580152e-02 9.855640e-01 1.099123e+02
9.848449e-01 5.035270e-02 -1.659671e-01 -1.006831e+01 -4.453059e-02 9.982613e-01 3.861867e-02 -4.804682e+01 1.676230e-01 -3.064279e-02 9.853748e-01 1.110683e+02
9.846322e-01 5.335210e-02 -1.662920e-01 -1.028148e+01 -4.745315e-02 9.981020e-01 3.924986e-02 -4.798344e+01 1.680705e-01 -3.075559e-02 9.852951e-01 1.121671e+02
9.842458e-01 5.414163e-02 -1.683117e-01 -1.043097e+01 -4.840262e-02 9.981041e-01 3.801824e-02 -4.800771e+01 1.700509e-01 -2.927257e-02 9.850004e-01 1.132762e+02
9.839567e-01 5.431720e-02 -1.699376e-01 -1.062710e+01 -4.888551e-02 9.981558e-01 3.598854e-02 -4.799527e+01 1.715790e-01 -2.710368e-02 9.847975e-01 1.144229e+02
9.835722e-01 5.677543e-02 -1.713540e-01 -1.081437e+01 -5.085509e-02 9.979541e-01 3.874795e-02 -4.796152e+01 1.732034e-01 -2.939718e-02 9.844473e-01 1.155244e+02
9.836302e-01 5.384234e-02 -1.719669e-01 -1.102677e+01 -4.703864e-02 9.979498e-01 4.339979e-02 -4.791275e+01 1.739511e-01 -3.460025e-02 9.841463e-01 1.166124e+02
9.833913e-01 5.394028e-02 -1.732976e-01 -1.125765e+01 -4.679881e-02 9.978885e-01 4.503721e-02 -4.786586e+01 1.753610e-01 -3.617908e-02 9.838392e-01 1.177891e+02
9.823070e-01 6.173733e-02 -1.768089e-01 -1.144422e+01 -5.399506e-02 9.973736e-01 4.827500e-02 -4.779336e+01 1.793249e-01 -3.787407e-02 9.830606e-01 1.190604e+02
9.828727e-01 5.432791e-02 -1.760960e-01 -1.184813e+01 -4.697709e-02 9.978523e-01 4.564971e-02 -4.777791e+01 1.781978e-01 -3.659537e-02 9.833139e-01 1.204438e+02
9.826380e-01 5.431996e-02 -1.774033e-01 -1.209297e+01 -4.693364e-02 9.978579e-01 4.557310e-02 -4.777111e+01 1.794988e-01 -3.645567e-02 9.830825e-01 1.216106e+02
9.824852e-01 5.436214e-02 -1.782346e-01 -1.243225e+01 -4.689695e-02 9.978476e-01 4.583600e-02 -4.769984e+01 1.803427e-01 -3.667453e-02 9.829199e-01 1.229311e+02
9.819406e-01 5.483628e-02 -1.810678e-01 -1.247032e+01 -4.675409e-02 9.977230e-01 4.860983e-02 -4.768485e+01 1.833211e-01 -3.926631e-02 9.822686e-01 1.239556e+02
9.820023e-01 5.471115e-02 -1.807708e-01 -1.268904e+01 -4.667428e-02 9.977359e-01 4.842062e-02 -4.768552e+01 1.830107e-01 -3.911182e-02 9.823326e-01 1.249788e+02
9.820105e-01 5.553646e-02 -1.804745e-01 -1.288892e+01 -4.792267e-02 9.977783e-01 4.628079e-02 -4.758746e+01 1.826438e-01 -3.679940e-02 9.824902e-01 1.260837e+02
9.827387e-01 5.449530e-02 -1.767905e-01 -1.385779e+01 -4.731008e-02 9.978836e-01 4.460943e-02 -4.742086e+01 1.788473e-01 -3.547545e-02 9.832371e-01 1.283218e+02
9.826965e-01 5.439589e-02 -1.770557e-01 -1.406286e+01 -4.711456e-02 9.978720e-01 4.507518e-02 -4.737264e+01 1.791308e-01 -3.595331e-02 9.831681e-01 1.294608e+02
9.826604e-01 5.245277e-02 -1.778407e-01 -1.426570e+01 -4.426125e-02 9.977819e-01 4.972227e-02 -4.733897e+01 1.800543e-01 -4.098865e-02 9.828023e-01 1.305092e+02
9.835209e-01 4.058855e-02 -1.761796e-01 -1.472914e+01 -3.184515e-02 9.981300e-01 5.217559e-02 -4.727279e+01 1.779679e-01 -4.570532e-02 9.829743e-01 1.318294e+02
9.832562e-01 4.258400e-02 -1.771832e-01 -1.495694e+01 -3.359486e-02 9.980064e-01 5.342911e-02 -4.724466e+01 1.791052e-01 -4.658206e-02 9.827265e-01 1.329612e+02
9.830409e-01 4.221574e-02 -1.784612e-01 -1.522233e+01 -3.346490e-02 9.980984e-01 5.176526e-02 -4.720537e+01 1.803072e-01 -4.491518e-02 9.825843e-01 1.341862e+02
9.826951e-01 4.103180e-02 -1.806285e-01 -1.527105e+01 -3.292463e-02 9.983210e-01 4.765604e-02 -4.713433e+01 1.822807e-01 -4.088423e-02 9.823962e-01 1.349566e+02
9.826325e-01 4.451729e-02 -1.801433e-01 -1.555874e+01 -3.660785e-02 9.982240e-01 4.699681e-02 -4.711511e+01 1.819155e-01 -3.958593e-02 9.825170e-01 1.361425e+02
9.829474e-01 4.261870e-02 -1.788797e-01 -1.576184e+01 -3.490808e-02 9.983297e-01 4.603484e-02 -4.704714e+01 1.805429e-01 -3.900547e-02 9.827934e-01 1.371948e+02
9.830903e-01 4.416451e-02 -1.777158e-01 -1.594932e+01 -3.618993e-02 9.981978e-01 4.786827e-02 -4.705462e+01 1.795096e-01 -4.062731e-02 9.829170e-01 1.382566e+02
9.833174e-01 4.727564e-02 -1.756468e-01 -1.622139e+01 -3.905757e-02 9.979875e-01 4.995540e-02 -4.700930e+01 1.776550e-01 -4.226168e-02 9.831850e-01 1.394198e+02
9.835676e-01 4.807773e-02 -1.740210e-01 -1.646569e+01 -4.000305e-02 9.979669e-01 4.961634e-02 -4.692820e+01 1.760526e-01 -4.183966e-02 9.834912e-01 1.405768e+02
9.840081e-01 4.403039e-02 -1.725960e-01 -1.661849e+01 -3.625099e-02 9.981907e-01 4.797015e-02 -4.691270e+01 1.743959e-01 -4.094624e-02 9.838239e-01 1.416410e+02
9.841046e-01 4.924808e-02 -1.706247e-01 -1.687548e+01 -4.133941e-02 9.979133e-01 4.960010e-02 -4.683073e+01 1.727114e-01 -4.175817e-02 9.840869e-01 1.427886e+02
9.842008e-01 4.752771e-02 -1.705576e-01 -1.693126e+01 -3.968964e-02 9.980061e-01 4.907648e-02 -4.686083e+01 1.725500e-01 -4.153174e-02 9.841248e-01 1.437991e+02
9.843845e-01 4.731928e-02 -1.695524e-01 -1.709536e+01 -3.965078e-02 9.980439e-01 4.833379e-02 -4.681234e+01 1.715078e-01 -4.085615e-02 9.843352e-01 1.448684e+02
9.843925e-01 4.919563e-02 -1.689712e-01 -1.727671e+01 -4.187722e-02 9.980351e-01 4.660759e-02 -4.676993e+01 1.709320e-01 -3.880412e-02 9.845184e-01 1.460093e+02
9.848132e-01 4.668027e-02 -1.672243e-01 -1.740530e+01 -3.970417e-02 9.982057e-01 4.482197e-02 -4.675381e+01 1.690165e-01 -3.750177e-02 9.848995e-01 1.469652e+02
9.849592e-01 4.917651e-02 -1.656416e-01 -1.759765e+01 -4.263598e-02 9.981728e-01 4.281513e-02 -4.673935e+01 1.674444e-01 -3.510887e-02 9.852562e-01 1.479141e+02
9.850176e-01 5.159659e-02 -1.645546e-01 -1.774990e+01 -4.539037e-02 9.981170e-01 4.125757e-02 -4.671563e+01 1.663735e-01 -3.317024e-02 9.855047e-01 1.488629e+02
9.855527e-01 4.822984e-02 -1.623567e-01 -1.791455e+01 -4.261582e-02 9.983729e-01 3.788712e-02 -4.674098e+01 1.639198e-01 -3.042079e-02 9.860045e-01 1.498767e+02
9.861377e-01 4.249134e-02 -1.603959e-01 -1.808515e+01 -3.659364e-02 9.985474e-01 3.954747e-02 -4.667407e+01 1.618433e-01 -3.312978e-02 9.862602e-01 1.508179e+02
9.862838e-01 4.557589e-02 -1.586415e-01 -1.826990e+01 -3.926727e-02 9.983169e-01 4.267810e-02 -4.660897e+01 1.603196e-01 -3.586330e-02 9.864134e-01 1.520152e+02
9.864074e-01 4.545581e-02 -1.579058e-01 -1.840395e+01 -3.906167e-02 9.982954e-01 4.336507e-02 -4.658233e+01 1.596078e-01 -3.660757e-02 9.865015e-01 1.530003e+02
9.863721e-01 5.191429e-02 -1.561248e-01 -1.875726e+01 -4.636822e-02 9.981644e-01 3.896035e-02 -4.654963e+01 1.578608e-01 -3.119017e-02 9.869687e-01 1.541795e+02
9.862642e-01 5.455833e-02 -1.559046e-01 -1.886466e+01 -5.026710e-02 9.982440e-01 3.133890e-02 -4.654667e+01 1.573406e-01 -2.307157e-02 9.872749e-01 1.551113e+02
9.855667e-01 6.439450e-02 -1.565620e-01 -1.905737e+01 -6.054488e-02 9.977371e-01 2.923935e-02 -4.659005e+01 1.580905e-01 -1.933830e-02 9.872352e-01 1.562795e+02
9.853912e-01 6.699111e-02 -1.565771e-01 -1.931596e+01 -6.284410e-02 9.975326e-01 3.129315e-02 -4.652996e+01 1.582872e-01 -2.099605e-02 9.871699e-01 1.572577e+02
9.850611e-01 6.691021e-02 -1.586746e-01 -1.949100e+01 -6.239824e-02 9.974972e-01 3.325464e-02 -4.655881e+01 1.605025e-01 -2.285684e-02 9.867708e-01 1.582523e+02
9.844467e-01 6.883575e-02 -1.616363e-01 -1.959496e+01 -6.392425e-02 9.973267e-01 3.539868e-02 -4.653147e+01 1.636409e-01 -2.451564e-02 9.862153e-01 1.594019e+02
9.847505e-01 6.047627e-02 -1.631228e-01 -1.976929e+01 -5.546357e-02 9.978430e-01 3.511497e-02 -4.653176e+01 1.648945e-01 -2.553211e-02 9.859807e-01 1.606220e+02
9.846968e-01 5.648920e-02 -1.648672e-01 -1.993207e+01 -5.057966e-02 9.979255e-01 3.982834e-02 -4.650003e+01 1.667750e-01 -3.087992e-02 9.855113e-01 1.615881e+02
9.843751e-01 5.768614e-02 -1.663671e-01 -2.002584e+01 -5.070212e-02 9.976572e-01 4.592910e-02 -4.647304e+01 1.686268e-01 -3.677630e-02 9.849937e-01 1.623912e+02
9.845379e-01 5.480765e-02 -1.663769e-01 -2.031957e+01 -4.596559e-02 9.973416e-01 5.654081e-02 -4.646364e+01 1.690334e-01 -4.801896e-02 9.844399e-01 1.635944e+02
9.846053e-01 5.059121e-02 -1.673107e-01 -2.055841e+01 -4.092857e-02 9.973162e-01 6.070706e-02 -4.639888e+01 1.699329e-01 -5.292471e-02 9.840334e-01 1.647239e+02
9.844994e-01 4.949581e-02 -1.682587e-01 -2.075857e+01 -4.000245e-02 9.974353e-01 5.935189e-02 -4.638134e+01 1.707649e-01 -5.170114e-02 9.839544e-01 1.657953e+02
9.840430e-01 4.994552e-02 -1.707773e-01 -2.097332e+01 -4.141623e-02 9.977274e-01 5.314913e-02 -4.633252e+01 1.730438e-01 -4.522807e-02 9.838751e-01 1.669142e+02
9.838495e-01 4.848393e-02 -1.723065e-01 -2.119466e+01 -4.109326e-02 9.980864e-01 4.620583e-02 -4.627106e+01 1.742170e-01 -3.837895e-02 9.839591e-01 1.680513e+02
9.839233e-01 4.993181e-02 -1.714692e-01 -2.146621e+01 -4.329915e-02 9.981702e-01 4.220818e-02 -4.621039e+01 1.732630e-01 -3.410514e-02 9.842849e-01 1.692470e+02
9.839597e-01 5.008428e-02 -1.712157e-01 -2.155666e+01 -4.387179e-02 9.982409e-01 3.988014e-02 -4.621191e+01 1.729118e-01 -3.172892e-02 9.844261e-01 1.700994e+02
9.838663e-01 5.359639e-02 -1.706884e-01 -2.176694e+01 -4.757781e-02 9.980996e-01 3.916099e-02 -4.616080e+01 1.724629e-01 -3.040820e-02 9.845465e-01 1.712376e+02
9.842937e-01 5.027164e-02 -1.692298e-01 -2.198238e+01 -4.442285e-02 9.982832e-01 3.817417e-02 -4.613600e+01 1.708583e-01 -3.005693e-02 9.848371e-01 1.723286e+02
9.843747e-01 5.045432e-02 -1.687031e-01 -2.220362e+01 -4.484189e-02 9.983118e-01 3.691640e-02 -4.613008e+01 1.702809e-01 -2.877461e-02 9.849753e-01 1.734144e+02
9.843758e-01 4.895414e-02 -1.691381e-01 -2.238170e+01 -4.338557e-02 9.983927e-01 3.646575e-02 -4.609131e+01 1.706514e-01 -2.855785e-02 9.849175e-01 1.745751e+02
9.842026e-01 4.916825e-02 -1.700814e-01 -2.250571e+01 -4.336066e-02 9.983481e-01 3.769577e-02 -4.607077e+01 1.716539e-01 -2.972543e-02 9.847088e-01 1.756358e+02
9.844068e-01 5.131609e-02 -1.682554e-01 -2.273732e+01 -4.545385e-02 9.982238e-01 3.851202e-02 -4.604545e+01 1.699328e-01 -3.026364e-02 9.849908e-01 1.767467e+02
9.845669e-01 5.392311e-02 -1.664944e-01 -2.298930e+01 -4.797357e-02 9.980651e-01 3.955440e-02 -4.597971e+01 1.683052e-01 -3.095662e-02 9.852487e-01 1.779644e+02
9.847822e-01 5.347238e-02 -1.653624e-01 -2.323117e+01 -4.712048e-02 9.980015e-01 4.210210e-02 -4.593756e+01 1.672832e-01 -3.366945e-02 9.853338e-01 1.791541e+02
9.851334e-01 4.948613e-02 -1.645091e-01 -2.342699e+01 -4.318438e-02 9.981979e-01 4.166679e-02 -4.595027e+01 1.662746e-01 -3.394312e-02 9.854951e-01 1.802604e+02
9.851210e-01 4.780420e-02 -1.650802e-01 -2.360435e+01 -4.218560e-02 9.984104e-01 3.737750e-02 -4.590650e+01 1.666046e-01 -2.985735e-02 9.855716e-01 1.814252e+02
9.854181e-01 4.683939e-02 -1.635765e-01 -2.382653e+01 -4.204411e-02 9.985819e-01 3.265712e-02 -4.587596e+01 1.648741e-01 -2.530349e-02 9.859900e-01 1.825663e+02
9.855121e-01 4.718633e-02 -1.629093e-01 -2.408045e+01 -4.190922e-02 9.984841e-01 3.568094e-02 -4.586619e+01 1.643460e-01 -2.833660e-02 9.859957e-01 1.836876e+02
9.855657e-01 5.100921e-02 -1.614258e-01 -2.431875e+01 -4.511438e-02 9.981816e-01 3.997671e-02 -4.583496e+01 1.631714e-01 -3.211705e-02 9.860748e-01 1.848288e+02
9.851337e-01 5.451069e-02 -1.629116e-01 -2.443565e+01 -4.813769e-02 9.979226e-01 4.281706e-02 -4.584612e+01 1.649072e-01 -3.433834e-02 9.857112e-01 1.858913e+02
9.856741e-01 5.961142e-02 -1.577751e-01 -2.465836e+01 -5.361021e-02 9.976772e-01 4.202661e-02 -4.568801e+01 1.599139e-01 -3.296619e-02 9.865804e-01 1.870745e+02
9.852170e-01 6.340405e-02 -1.591457e-01 -2.481809e+01 -5.751603e-02 9.974883e-01 4.133966e-02 -4.561327e+01 1.613670e-01 -3.157511e-02 9.863892e-01 1.882063e+02
9.854777e-01 6.147603e-02 -1.582858e-01 -2.500675e+01 -5.521379e-02 9.975193e-01 4.366510e-02 -4.562443e+01 1.605775e-01 -3.429142e-02 9.864274e-01 1.892494e+02
9.852433e-01 5.971263e-02 -1.604059e-01 -2.515533e+01 -5.371733e-02 9.976951e-01 4.145958e-02 -4.557126e+01 1.625119e-01 -3.223119e-02 9.861800e-01 1.903523e+02
9.851957e-01 6.040852e-02 -1.604375e-01 -2.534355e+01 -5.443234e-02 9.976592e-01 4.139056e-02 -4.554661e+01 1.625623e-01 -3.204482e-02 9.861778e-01 1.914501e+02
9.852254e-01 6.033898e-02 -1.602814e-01 -2.552668e+01 -5.378287e-02 9.975411e-01 4.493571e-02 -4.555385e+01 1.625987e-01 -3.565140e-02 9.860480e-01 1.925204e+02
9.850672e-01 6.072821e-02 -1.611045e-01 -2.569102e+01 -5.350707e-02 9.973747e-01 4.879267e-02 -4.547521e+01 1.636447e-01 -3.944383e-02 9.857305e-01 1.936396e+02
9.851585e-01 6.043228e-02 -1.606569e-01 -2.587393e+01 -5.301476e-02 9.973379e-01 5.006610e-02 -4.543174e+01 1.632548e-01 -4.080586e-02 9.857397e-01 1.947222e+02
9.852486e-01 6.097564e-02 -1.598974e-01 -2.606189e+01 -5.348761e-02 9.972792e-01 5.072721e-02 -4.539827e+01 1.625555e-01 -4.142639e-02 9.858294e-01 1.958003e+02
9.854837e-01 6.180635e-02 -1.581199e-01 -2.625214e+01 -5.431924e-02 9.972077e-01 5.124622e-02 -4.536446e+01 1.608457e-01 -4.191336e-02 9.860892e-01 1.968787e+02
9.855369e-01 6.263693e-02 -1.574597e-01 -2.640799e+01 -5.541913e-02 9.972193e-01 4.982329e-02 -4.533010e+01 1.601426e-01 -4.037641e-02 9.862678e-01 1.978938e+02
9.858929e-01 5.910015e-02 -1.565963e-01 -2.658848e+01 -5.275163e-02 9.976204e-01 4.439475e-02 -4.529246e+01 1.588474e-01 -3.550775e-02 9.866644e-01 1.988926e+02
9.856132e-01 6.328855e-02 -1.567199e-01 -2.670492e+01 -5.737283e-02 9.974693e-01 4.199190e-02 -4.527168e+01 1.589809e-01 -3.239631e-02 9.867500e-01 1.998679e+02
9.855642e-01 6.479712e-02 -1.564117e-01 -2.685121e+01 -5.892416e-02 9.973827e-01 4.190215e-02 -4.522903e+01 1.587175e-01 -3.208083e-02 9.868027e-01 2.008879e+02
9.855235e-01 6.729513e-02 -1.556108e-01 -2.704345e+01 -6.099091e-02 9.971260e-01 4.494382e-02 -4.522365e+01 1.581881e-01 -3.480235e-02 9.867955e-01 2.018485e+02
9.857085e-01 6.574209e-02 -1.551024e-01 -2.720415e+01 -5.947589e-02 9.972282e-01 4.470574e-02 -4.523773e+01 1.576116e-01 -3.484197e-02 9.868863e-01 2.027989e+02
9.858240e-01 6.265851e-02 -1.556439e-01 -2.735017e+01 -5.663515e-02 9.974753e-01 4.284160e-02 -4.522759e+01 1.579353e-01 -3.341937e-02 9.868838e-01 2.037467e+02
9.857456e-01 6.418505e-02 -1.555183e-01 -2.751934e+01 -5.840228e-02 9.974311e-01 4.147666e-02 -4.521193e+01 1.577810e-01 -3.180281e-02 9.869619e-01 2.046683e+02
9.857814e-01 6.499539e-02 -1.549534e-01 -2.767860e+01 -5.925783e-02 9.973852e-01 4.136836e-02 -4.517980e+01 1.572370e-01 -3.159795e-02 9.870553e-01 2.056637e+02
9.859301e-01 6.315405e-02 -1.547688e-01 -2.781592e+01 -5.714608e-02 9.974407e-01 4.296979e-02 -4.517024e+01 1.570864e-01 -3.352078e-02 9.870158e-01 2.066083e+02
9.861781e-01 6.209507e-02 -1.536131e-01 -2.798861e+01 -5.614524e-02 9.975058e-01 4.277620e-02 -4.513487e+01 1.558862e-01 -3.356031e-02 9.872047e-01 2.075565e+02
9.864634e-01 6.071985e-02 -1.523254e-01 -2.815552e+01 -5.488109e-02 9.975986e-01 4.225065e-02 -4.510925e+01 1.545251e-01 -3.331894e-02 9.874269e-01 2.084780e+02
9.868074e-01 5.852872e-02 -1.509488e-01 -2.830540e+01 -5.274802e-02 9.977233e-01 4.202304e-02 -4.508387e+01 1.530647e-01 -3.350640e-02 9.876480e-01 2.094337e+02
9.870406e-01 5.777972e-02 -1.497075e-01 -2.841268e+01 -5.198327e-02 9.977496e-01 4.234990e-02 -4.502747e+01 1.518175e-01 -3.401879e-02 9.878229e-01 2.104461e+02
9.875483e-01 5.731405e-02 -1.465042e-01 -2.862209e+01 -5.174038e-02 9.977946e-01 4.157916e-02 -4.498236e+01 1.485641e-01 -3.348125e-02 9.883358e-01 2.112887e+02
9.877063e-01 5.747529e-02 -1.453714e-01 -2.869959e+01 -5.205102e-02 9.978086e-01 4.084859e-02 -4.496149e+01 1.474007e-01 -3.277968e-02 9.885335e-01 2.123498e+02
9.880155e-01 5.736910e-02 -1.432973e-01 -2.885476e+01 -5.201264e-02 9.978104e-01 4.085343e-02 -4.497084e+01 1.453273e-01 -3.291055e-02 9.888361e-01 2.133162e+02
9.885792e-01 5.319472e-02 -1.410020e-01 -2.895895e+01 -4.818917e-02 9.980889e-01 3.868212e-02 -4.487495e+01 1.427902e-01 -3.144557e-02 9.892533e-01 2.141812e+02
9.886299e-01 5.114659e-02 -1.414035e-01 -2.904553e+01 -4.694476e-02 9.983557e-01 3.289521e-02 -4.489404e+01 1.428535e-01 -2.588303e-02 9.894053e-01 2.152765e+02
9.882901e-01 5.966922e-02 -1.404361e-01 -2.922064e+01 -5.717231e-02 9.981274e-01 2.175121e-02 -4.480162e+01 1.414710e-01 -1.346744e-02 9.898508e-01 2.161169e+02
9.884265e-01 4.645035e-02 -1.444139e-01 -2.926531e+01 -4.475508e-02 9.988859e-01 1.496730e-02 -4.484745e+01 1.449482e-01 -8.330822e-03 9.894042e-01 2.174622e+02
9.878195e-01 4.522022e-02 -1.488887e-01 -2.938392e+01 -4.369484e-02 9.989537e-01 1.350195e-02 -4.484298e+01 1.493435e-01 -6.831817e-03 9.887618e-01 2.184704e+02
9.867949e-01 4.903757e-02 -1.543736e-01 -2.952668e+01 -4.676345e-02 9.987378e-01 1.833047e-02 -4.484079e+01 1.550776e-01 -1.086937e-02 9.878425e-01 2.194686e+02
9.849345e-01 5.920118e-02 -1.624787e-01 -2.967957e+01 -5.625158e-02 9.981586e-01 2.269862e-02 -4.477658e+01 1.635233e-01 -1.321697e-02 9.864509e-01 2.204216e+02
9.834439e-01 6.206739e-02 -1.702518e-01 -2.982426e+01 -5.726779e-02 9.978145e-01 3.296348e-02 -4.475527e+01 1.719257e-01 -2.266778e-02 9.848491e-01 2.214506e+02
9.816037e-01 6.824563e-02 -1.783162e-01 -2.996760e+01 -6.155950e-02 9.971866e-01 4.277004e-02 -4.469857e+01 1.807334e-01 -3.100618e-02 9.830433e-01 2.225229e+02
9.802448e-01 7.586121e-02 -1.826612e-01 -3.020774e+01 -6.762459e-02 9.964108e-01 5.091544e-02 -4.458800e+01 1.858681e-01 -3.755721e-02 9.818567e-01 2.236533e+02
9.792183e-01 7.442541e-02 -1.886593e-01 -3.042343e+01 -6.540308e-02 9.964175e-01 5.361459e-02 -4.455668e+01 1.919737e-01 -4.016149e-02 9.805780e-01 2.246343e+02
9.781857e-01 7.500370e-02 -1.937193e-01 -3.063005e+01 -6.602976e-02 9.964418e-01 5.238222e-02 -4.452675e+01 1.969588e-01 -3.844831e-02 9.796576e-01 2.256121e+02
9.775988e-01 8.187730e-02 -1.938987e-01 -3.098367e+01 -7.324509e-02 9.959942e-01 5.128970e-02 -4.453107e+01 1.973215e-01 -3.593862e-02 9.796799e-01 2.266404e+02
9.778144e-01 8.240956e-02 -1.925814e-01 -3.120243e+01 -7.497164e-02 9.961421e-01 4.560812e-02 -4.447049e+01 1.955970e-01 -3.015813e-02 9.802205e-01 2.276817e+02
9.787281e-01 8.014521e-02 -1.888599e-01 -3.144071e+01 -7.290067e-02 9.963230e-01 4.500998e-02 -4.442893e+01 1.917729e-01 -3.028451e-02 9.809720e-01 2.287454e+02
9.793770e-01 7.597263e-02 -1.872133e-01 -3.159567e+01 -6.907581e-02 9.966799e-01 4.310129e-02 -4.440889e+01 1.898662e-01 -2.928050e-02 9.813733e-01 2.297337e+02
9.800755e-01 7.275271e-02 -1.848218e-01 -3.181882e+01 -6.610921e-02 9.969337e-01 4.186524e-02 -4.437085e+01 1.873009e-01 -2.881267e-02 9.818799e-01 2.307750e+02
9.807310e-01 6.460523e-02 -1.843716e-01 -3.195408e+01 -5.858854e-02 9.975624e-01 3.790255e-02 -4.435153e+01 1.863709e-01 -2.637014e-02 9.821255e-01 2.317534e+02
9.808725e-01 6.818894e-02 -1.823170e-01 -3.222805e+01 -6.328285e-02 9.974630e-01 3.260008e-02 -4.426263e+01 1.840774e-01 -2.043898e-02 9.826992e-01 2.329486e+02
9.813413e-01 6.523804e-02 -1.808681e-01 -3.243525e+01 -6.080338e-02 9.977000e-01 2.996175e-02 -4.423763e+01 1.824068e-01 -1.840530e-02 9.830509e-01 2.340630e+02
9.815306e-01 6.800647e-02 -1.788096e-01 -3.267890e+01 -6.334271e-02 9.974892e-01 3.167007e-02 -4.423552e+01 1.805144e-01 -1.975886e-02 9.833739e-01 2.351027e+02
9.814092e-01 7.117460e-02 -1.782418e-01 -3.280823e+01 -6.578811e-02 9.971855e-01 3.595805e-02 -4.421326e+01 1.802994e-01 -2.356338e-02 9.833295e-01 2.361005e+02
9.816044e-01 7.208781e-02 -1.767939e-01 -3.303272e+01 -6.619056e-02 9.970430e-01 3.903812e-02 -4.418080e+01 1.790853e-01 -2.661791e-02 9.834734e-01 2.372382e+02
9.819682e-01 6.973438e-02 -1.757145e-01 -3.322309e+01 -6.362210e-02 9.971645e-01 4.018890e-02 -4.415889e+01 1.780188e-01 -2.828490e-02 9.836205e-01 2.383476e+02
9.823255e-01 6.635101e-02 -1.750263e-01 -3.341410e+01 -6.013204e-02 9.973642e-01 4.060468e-02 -4.414246e+01 1.772592e-01 -2.936233e-02 9.837261e-01 2.394081e+02
9.826298e-01 6.344424e-02 -1.743944e-01 -3.363699e+01 -5.791267e-02 9.976494e-01 3.663185e-02 -4.409257e+01 1.763086e-01 -2.589591e-02 9.839943e-01 2.405895e+02
9.827719e-01 6.208339e-02 -1.740837e-01 -3.392551e+01 -5.728209e-02 9.978297e-01 3.247531e-02 -4.405124e+01 1.757221e-01 -2.194395e-02 9.841952e-01 2.418047e+02
9.830122e-01 5.860404e-02 -1.739329e-01 -3.406938e+01 -5.435223e-02 9.980973e-01 2.911260e-02 -4.403517e+01 1.753081e-01 -1.916440e-02 9.843271e-01 2.428695e+02
9.828602e-01 6.200625e-02 -1.736120e-01 -3.428452e+01 -5.721264e-02 9.978334e-01 3.248553e-02 -4.399973e+01 1.752502e-01 -2.199593e-02 9.842782e-01 2.440615e+02
9.828053e-01 6.744168e-02 -1.718879e-01 -3.453317e+01 -6.167213e-02 9.973461e-01 3.869382e-02 -4.400371e+01 1.740413e-01 -2.742779e-02 9.843563e-01 2.453229e+02
9.828304e-01 6.807924e-02 -1.714921e-01 -3.472712e+01 -6.179478e-02 9.972162e-01 4.172744e-02 -4.395273e+01 1.738555e-01 -3.041368e-02 9.843014e-01 2.463563e+02
9.826537e-01 7.211337e-02 -1.708551e-01 -3.494684e+01 -6.542794e-02 9.968668e-01 4.444950e-02 -4.389281e+01 1.735252e-01 -3.249976e-02 9.842930e-01 2.475544e+02
9.827370e-01 7.184655e-02 -1.704878e-01 -3.523320e+01 -6.522122e-02 9.968934e-01 4.415592e-02 -4.386990e+01 1.731306e-01 -3.227424e-02 9.843699e-01 2.488457e+02
9.825961e-01 7.398097e-02 -1.703871e-01 -3.542351e+01 -6.712560e-02 9.966993e-01 4.565736e-02 -4.378217e+01 1.732025e-01 -3.342540e-02 9.843189e-01 2.499571e+02
9.825445e-01 7.529907e-02 -1.701068e-01 -3.566217e+01 -6.916990e-02 9.967337e-01 4.168329e-02 -4.373739e+01 1.726898e-01 -2.918942e-02 9.845436e-01 2.512038e+02
9.829272e-01 7.221817e-02 -1.692294e-01 -3.593858e+01 -6.660744e-02 9.970320e-01 3.860778e-02 -4.369281e+01 1.715153e-01 -2.667670e-02 9.848202e-01 2.524592e+02
9.828754e-01 7.186354e-02 -1.696807e-01 -3.614511e+01 -6.667902e-02 9.971225e-01 3.606527e-02 -4.368472e+01 1.717842e-01 -2.413352e-02 9.848390e-01 2.536776e+02
9.832150e-01 7.172404e-02 -1.677617e-01 -3.641811e+01 -6.684781e-02 9.971651e-01 3.454271e-02 -4.361850e+01 1.697637e-01 -2.274840e-02 9.852222e-01 2.549085e+02
9.830862e-01 6.846402e-02 -1.698650e-01 -3.648839e+01 -6.302904e-02 9.973185e-01 3.719100e-02 -4.365999e+01 1.719558e-01 -2.585553e-02 9.847653e-01 2.559407e+02
9.834467e-01 6.786552e-02 -1.680086e-01 -3.671486e+01 -6.159779e-02 9.972066e-01 4.224664e-02 -4.364158e+01 1.704063e-01 -3.119837e-02 9.848799e-01 2.570360e+02
9.831500e-01 7.250016e-02 -1.678087e-01 -3.688297e+01 -6.561361e-02 9.967735e-01 4.623251e-02 -4.362649e+01 1.706192e-01 -3.444296e-02 9.847349e-01 2.581426e+02
9.833264e-01 7.404950e-02 -1.660902e-01 -3.720213e+01 -6.769235e-02 9.967521e-01 4.362284e-02 -4.356206e+01 1.687810e-01 -3.165246e-02 9.851452e-01 2.594400e+02
9.830683e-01 7.594374e-02 -1.667609e-01 -3.735386e+01 -7.041005e-02 9.967610e-01 3.885723e-02 -4.352664e+01 1.691718e-01 -2.645766e-02 9.852314e-01 2.604723e+02
9.829381e-01 7.989687e-02 -1.656777e-01 -3.757665e+01 -7.443589e-02 9.964659e-01 3.892273e-02 -4.350822e+01 1.682020e-01 -2.592627e-02 9.854116e-01 2.616133e+02
9.829353e-01 8.211739e-02 -1.646057e-01 -3.780206e+01 -7.663226e-02 9.962802e-01 3.941160e-02 -4.347734e+01 1.672297e-01 -2.612494e-02 9.855718e-01 2.627484e+02
9.829199e-01 8.159320e-02 -1.649579e-01 -3.793009e+01 -7.583509e-02 9.962804e-01 4.091889e-02 -4.348165e+01 1.676830e-01 -2.771039e-02 9.854514e-01 2.637411e+02
9.829272e-01 8.076822e-02 -1.653198e-01 -3.817239e+01 -7.453071e-02 9.962650e-01 4.360211e-02 -4.343916e+01 1.682240e-01 -3.053630e-02 9.852757e-01 2.649132e+02
9.828626e-01 7.986396e-02 -1.661409e-01 -3.836271e+01 -7.307275e-02 9.962371e-01 4.660482e-02 -4.341746e+01 1.692378e-01 -3.366576e-02 9.850001e-01 2.659752e+02
9.829267e-01 7.849307e-02 -1.664150e-01 -3.863728e+01 -7.171473e-02 9.963469e-01 4.636610e-02 -4.335053e+01 1.694465e-01 -3.364007e-02 9.849651e-01 2.671548e+02
9.826741e-01 7.889392e-02 -1.677122e-01 -3.885564e+01 -7.243953e-02 9.963898e-01 4.427016e-02 -4.332661e+01 1.705994e-01 -3.135414e-02 9.848415e-01 2.682795e+02
9.824343e-01 7.992243e-02 -1.686278e-01 -3.907379e+01 -7.365447e-02 9.963515e-01 4.311367e-02 -4.329917e+01 1.714583e-01 -2.993615e-02 9.847365e-01 2.693725e+02
9.818972e-01 7.973999e-02 -1.718120e-01 -3.924045e+01 -7.329476e-02 9.963592e-01 4.354615e-02 -4.331634e+01 1.746588e-01 -3.016493e-02 9.841668e-01 2.704281e+02
9.817150e-01 7.974099e-02 -1.728495e-01 -3.945856e+01 -7.297553e-02 9.963108e-01 4.515856e-02 -4.325205e+01 1.758128e-01 -3.171906e-02 9.839125e-01 2.715129e+02
9.816553e-01 7.984782e-02 -1.731390e-01 -3.968943e+01 -7.233238e-02 9.961614e-01 4.930058e-02 -4.321467e+01 1.764109e-01 -3.587262e-02 9.836627e-01 2.725152e+02
9.814184e-01 8.073248e-02 -1.740696e-01 -3.983539e+01 -7.214685e-02 9.958704e-01 5.510923e-02 -4.320028e+01 1.777999e-01 -4.152664e-02 9.831901e-01 2.734677e+02
9.812161e-01 8.193204e-02 -1.746483e-01 -4.002639e+01 -7.279081e-02 9.956518e-01 5.812976e-02 -4.317508e+01 1.786516e-01 -4.432506e-02 9.829135e-01 2.744495e+02
9.811257e-01 8.205888e-02 -1.750963e-01 -4.022545e+01 -7.333405e-02 9.957485e-01 5.574125e-02 -4.313787e+01 1.789259e-01 -4.184866e-02 9.829721e-01 2.754119e+02
9.814988e-01 8.141267e-02 -1.732975e-01 -4.059920e+01 -7.386231e-02 9.960347e-01 4.959147e-02 -4.308059e+01 1.766477e-01 -3.587382e-02 9.836202e-01 2.765138e+02
9.814283e-01 8.002930e-02 -1.743380e-01 -4.078480e+01 -7.312771e-02 9.962764e-01 4.566820e-02 -4.304910e+01 1.773436e-01 -3.207113e-02 9.836263e-01 2.774662e+02
9.816111e-01 7.829101e-02 -1.740983e-01 -4.100833e+01 -7.154858e-02 9.964358e-01 4.468215e-02 -4.300514e+01 1.769760e-01 -3.140401e-02 9.837140e-01 2.784414e+02
9.816295e-01 7.797300e-02 -1.741370e-01 -4.121031e+01 -7.107539e-02 9.964322e-01 4.551074e-02 -4.300261e+01 1.770643e-01 -3.229783e-02 9.836692e-01 2.794292e+02
9.817800e-01 7.838076e-02 -1.731025e-01 -4.141160e+01 -7.136918e-02 9.963713e-01 4.637437e-02 -4.298806e+01 1.761092e-01 -3.317525e-02 9.838114e-01 2.803778e+02
9.818205e-01 7.964105e-02 -1.722959e-01 -4.156792e+01 -7.285559e-02 9.963103e-01 4.536435e-02 -4.296982e+01 1.752730e-01 -3.198693e-02 9.840001e-01 2.813113e+02
9.817974e-01 8.240329e-02 -1.711245e-01 -4.171654e+01 -7.613987e-02 9.961756e-01 4.285898e-02 -4.289233e+01 1.740018e-01 -2.904944e-02 9.843168e-01 2.822326e+02
9.815736e-01 8.534872e-02 -1.709647e-01 -4.181737e+01 -8.021442e-02 9.961007e-01 3.673015e-02 -4.288545e+01 1.734330e-01 -2.233950e-02 9.845923e-01 2.831419e+02
9.815472e-01 8.858523e-02 -1.694633e-01 -4.196925e+01 -8.433596e-02 9.959194e-01 3.212506e-02 -4.287075e+01 1.716176e-01 -1.724041e-02 9.850128e-01 2.840198e+02
9.822178e-01 8.979481e-02 -1.648791e-01 -4.229821e+01 -8.617786e-02 9.958583e-01 2.897568e-02 -4.283699e+01 1.667981e-01 -1.425150e-02 9.858881e-01 2.850978e+02
9.822985e-01 9.207586e-02 -1.631310e-01 -4.241712e+01 -8.854161e-02 9.956554e-01 2.882066e-02 -4.280917e+01 1.650759e-01 -1.386661e-02 9.861834e-01 2.860056e+02
9.820185e-01 9.223202e-02 -1.647206e-01 -4.232471e+01 -8.861261e-02 9.956380e-01 2.920386e-02 -4.276281e+01 1.666956e-01 -1.408241e-02 9.859078e-01 2.868221e+02
9.834658e-01 9.307344e-02 -1.553460e-01 -4.279765e+01 -8.891781e-02 9.954753e-01 3.350381e-02 -4.283644e+01 1.577615e-01 -1.913682e-02 9.872918e-01 2.878747e+02
9.841837e-01 9.090860e-02 -1.520463e-01 -4.293444e+01 -8.674948e-02 9.956572e-01 3.378167e-02 -4.282335e+01 1.544571e-01 -2.005742e-02 9.877959e-01 2.887841e+02
9.846304e-01 9.093060e-02 -1.491129e-01 -4.307953e+01 -8.646709e-02 9.955982e-01 3.616198e-02 -4.281801e+01 1.517448e-01 -2.271282e-02 9.881587e-01 2.897480e+02
9.852464e-01 8.980605e-02 -1.456859e-01 -4.323051e+01 -8.550039e-02 9.957032e-01 3.556433e-02 -4.277657e+01 1.482538e-01 -2.258343e-02 9.886915e-01 2.907495e+02
9.855820e-01 8.875653e-02 -1.440502e-01 -4.332765e+01 -8.437660e-02 9.957744e-01 3.624726e-02 -4.274404e+01 1.466587e-01 -2.357018e-02 9.889063e-01 2.917071e+02
9.859533e-01 8.995242e-02 -1.407292e-01 -4.345943e+01 -8.544027e-02 9.956262e-01 3.779507e-02 -4.271362e+01 1.435135e-01 -2.524023e-02 9.893264e-01 2.926669e+02
9.865474e-01 9.095219e-02 -1.358378e-01 -4.369006e+01 -8.609917e-02 9.954345e-01 4.119640e-02 -4.269384e+01 1.389646e-01 -2.894668e-02 9.898742e-01 2.937349e+02
9.867814e-01 9.367765e-02 -1.322383e-01 -4.382848e+01 -8.885742e-02 9.951624e-01 4.190637e-02 -4.268301e+01 1.355243e-01 -2.960208e-02 9.903317e-01 2.947411e+02
9.871741e-01 9.386492e-02 -1.291383e-01 -4.397643e+01 -8.980567e-02 9.952748e-01 3.691824e-02 -4.262751e+01 1.319935e-01 -2.484737e-02 9.909391e-01 2.958309e+02
9.877863e-01 9.374145e-02 -1.244617e-01 -4.413116e+01 -9.016334e-02 9.953434e-01 3.408939e-02 -4.261628e+01 1.270777e-01 -2.245115e-02 9.916386e-01 2.967677e+02
9.884162e-01 9.170883e-02 -1.209252e-01 -4.423172e+01 -8.789872e-02 9.954610e-01 3.648571e-02 -4.260909e+01 1.237223e-01 -2.543390e-02 9.919909e-01 2.977827e+02
9.888787e-01 9.202528e-02 -1.168344e-01 -4.433440e+01 -8.786959e-02 9.953186e-01 4.024596e-02 -4.259946e+01 1.199911e-01 -2.953218e-02 9.923356e-01 2.987711e+02
9.895518e-01 8.869786e-02 -1.136657e-01 -4.443939e+01 -8.515318e-02 9.957288e-01 3.567945e-02 -4.259064e+01 1.163449e-01 -2.562767e-02 9.928782e-01 2.997732e+02
9.897560e-01 8.979035e-02 -1.109989e-01 -4.453475e+01 -8.737332e-02 9.958241e-01 2.646092e-02 -4.261388e+01 1.129113e-01 -1.649151e-02 9.934682e-01 3.007836e+02
9.904789e-01 8.500654e-02 -1.082839e-01 -4.463581e+01 -8.329076e-02 9.963189e-01 2.027901e-02 -4.256358e+01 1.096092e-01 -1.106688e-02 9.939132e-01 3.018170e+02
9.908008e-01 8.626068e-02 -1.042731e-01 -4.466824e+01 -8.437495e-02 9.961829e-01 2.237059e-02 -4.254632e+01 1.058048e-01 -1.336675e-02 9.942971e-01 3.027245e+02
9.909336e-01 8.948571e-02 -1.002148e-01 -4.473886e+01 -8.687896e-02 9.957644e-01 3.008943e-02 -4.255543e+01 1.024829e-01 -2.111007e-02 9.945107e-01 3.037497e+02
9.913523e-01 9.014722e-02 -9.536339e-02 -4.487558e+01 -8.761877e-02 9.956905e-01 3.038559e-02 -4.252768e+01 9.769160e-02 -2.176720e-02 9.949787e-01 3.048743e+02
9.918721e-01 8.840894e-02 -9.150763e-02 -4.497966e+01 -8.637589e-02 9.959245e-01 2.595195e-02 -4.249518e+01 9.342908e-02 -1.783696e-02 9.954661e-01 3.059553e+02
9.918217e-01 8.957592e-02 -9.091726e-02 -4.492764e+01 -8.762247e-02 9.958334e-01 2.526283e-02 -4.260184e+01 9.280139e-02 -1.708983e-02 9.955380e-01 3.069485e+02
9.923276e-01 8.824801e-02 -8.659238e-02 -4.506411e+01 -8.680669e-02 9.960188e-01 2.027890e-02 -4.251520e+01 8.803721e-02 -1.260652e-02 9.960374e-01 3.080711e+02
9.927322e-01 8.822408e-02 -8.184938e-02 -4.516871e+01 -8.724873e-02 9.960671e-01 1.542448e-02 -4.239650e+01 8.288828e-02 -8.171126e-03 9.965253e-01 3.091969e+02
9.930321e-01 8.880574e-02 -7.746439e-02 -4.526286e+01 -8.786168e-02 9.960118e-01 1.551797e-02 -4.240637e+01 7.853353e-02 -8.603688e-03 9.968743e-01 3.103031e+02
9.931281e-01 9.193244e-02 -7.242227e-02 -4.538595e+01 -9.069138e-02 9.956732e-01 2.024934e-02 -4.236176e+01 7.397048e-02 -1.354211e-02 9.971685e-01 3.115431e+02
9.934064e-01 9.197737e-02 -6.843861e-02 -4.536576e+01 -9.057033e-02 9.956153e-01 2.339232e-02 -4.227081e+01 7.029009e-02 -1.703957e-02 9.973810e-01 3.124066e+02
9.937537e-01 9.114104e-02 -6.439653e-02 -4.544055e+01 -8.959631e-02 9.956259e-01 2.648771e-02 -4.229049e+01 6.652897e-02 -2.055256e-02 9.975728e-01 3.135509e+02
9.941093e-01 8.932172e-02 -6.138615e-02 -4.547591e+01 -8.770443e-02 9.957371e-01 2.855950e-02 -4.236763e+01 6.367545e-02 -2.300742e-02 9.977054e-01 3.147231e+02
9.948292e-01 8.455044e-02 -5.626860e-02 -4.567357e+01 -8.308301e-02 9.961511e-01 2.793062e-02 -4.235246e+01 5.841358e-02 -2.311123e-02 9.980249e-01 3.158930e+02
9.950900e-01 8.174694e-02 -5.579766e-02 -4.570458e+01 -8.051762e-02 9.964657e-01 2.393918e-02 -4.231380e+01 5.755741e-02 -1.932894e-02 9.981551e-01 3.170342e+02
9.952432e-01 7.960467e-02 -5.616078e-02 -4.571838e+01 -7.867107e-02 9.967262e-01 1.864654e-02 -4.228424e+01 5.746127e-02 -1.413962e-02 9.982476e-01 3.181797e+02
9.950247e-01 8.236930e-02 -5.604516e-02 -4.574807e+01 -8.147699e-02 9.965122e-01 1.802811e-02 -4.237022e+01 5.733465e-02 -1.337203e-02 9.982655e-01 3.195449e+02
9.950349e-01 8.236542e-02 -5.587026e-02 -4.579627e+01 -8.143925e-02 9.965036e-01 1.866001e-02 -4.232211e+01 5.721185e-02 -1.401733e-02 9.982637e-01 3.207213e+02
9.949212e-01 8.373927e-02 -5.585366e-02 -4.581761e+01 -8.255129e-02 9.963155e-01 2.325211e-02 -4.237731e+01 5.759499e-02 -1.852322e-02 9.981682e-01 3.218388e+02
9.953122e-01 8.220468e-02 -5.095075e-02 -4.605892e+01 -8.109086e-02 9.964282e-01 2.355885e-02 -4.231864e+01 5.270541e-02 -1.931678e-02 9.984233e-01 3.231226e+02
9.954673e-01 8.041493e-02 -5.077750e-02 -4.614016e+01 -7.938446e-02 9.966013e-01 2.199793e-02 -4.230438e+01 5.237388e-02 -1.786728e-02 9.984677e-01 3.243147e+02
9.954451e-01 7.970005e-02 -5.231511e-02 -4.617870e+01 -7.868701e-02 9.966750e-01 2.114961e-02 -4.232463e+01 5.382679e-02 -1.693676e-02 9.984066e-01 3.255855e+02
9.955313e-01 7.780366e-02 -5.351710e-02 -4.621932e+01 -7.680116e-02 9.968348e-01 2.054367e-02 -4.229328e+01 5.494608e-02 -1.634169e-02 9.983556e-01 3.267457e+02
9.954322e-01 7.905260e-02 -5.352912e-02 -4.629338e+01 -7.793281e-02 9.967002e-01 2.269637e-02 -4.228556e+01 5.514670e-02 -1.842102e-02 9.983083e-01 3.279915e+02
9.955895e-01 7.727251e-02 -5.320193e-02 -4.635729e+01 -7.591745e-02 9.967474e-01 2.703968e-02 -4.229188e+01 5.511831e-02 -2.288147e-02 9.982176e-01 3.292102e+02
9.957421e-01 7.508023e-02 -5.348569e-02 -4.645131e+01 -7.347494e-02 9.968034e-01 3.137547e-02 -4.227204e+01 5.567039e-02 -2.731202e-02 9.980756e-01 3.303319e+02
9.956391e-01 7.541342e-02 -5.491470e-02 -4.650302e+01 -7.367261e-02 9.967342e-01 3.306600e-02 -4.226770e+01 5.722898e-02 -2.887610e-02 9.979434e-01 3.315511e+02
9.956379e-01 7.367844e-02 -5.724218e-02 -4.653116e+01 -7.199085e-02 9.969232e-01 3.100739e-02 -4.224162e+01 5.935063e-02 -2.675122e-02 9.978787e-01 3.327526e+02
9.957346e-01 7.404005e-02 -5.505161e-02 -4.670879e+01 -7.258161e-02 9.969683e-01 2.803838e-02 -4.224477e+01 5.696067e-02 -2.392305e-02 9.980898e-01 3.339155e+02
9.954250e-01 7.579417e-02 -5.817559e-02 -4.674266e+01 -7.431250e-02 9.968633e-01 2.722627e-02 -4.225750e+01 6.005671e-02 -2.277853e-02 9.979350e-01 3.351313e+02
9.952381e-01 7.733167e-02 -5.933693e-02 -4.681152e+01 -7.588161e-02 9.967695e-01 2.631710e-02 -4.221599e+01 6.118039e-02 -2.168920e-02 9.978910e-01 3.363159e+02
9.950891e-01 7.792640e-02 -6.103406e-02 -4.690033e+01 -7.632366e-02 9.966851e-01 2.816850e-02 -4.221475e+01 6.302681e-02 -2.337182e-02 9.977381e-01 3.374921e+02
9.948249e-01 7.918481e-02 -6.366533e-02 -4.694589e+01 -7.746649e-02 9.965724e-01 2.902378e-02 -4.219444e+01 6.574535e-02 -2.394165e-02 9.975492e-01 3.387116e+02
9.947566e-01 7.991242e-02 -6.382274e-02 -4.704772e+01 -7.815074e-02 9.965008e-01 2.964190e-02 -4.220995e+01 6.596817e-02 -2.449868e-02 9.975209e-01 3.398597e+02
9.943074e-01 8.238580e-02 -6.756738e-02 -4.707509e+01 -8.056321e-02 9.963195e-01 2.927429e-02 -4.219209e+01 6.973049e-02 -2.366420e-02 9.972851e-01 3.411034e+02
9.940474e-01 8.411461e-02 -6.924198e-02 -4.715699e+01 -8.230979e-02 9.961985e-01 2.852343e-02 -4.215308e+01 7.137800e-02 -2.265435e-02 9.971920e-01 3.423045e+02
9.941165e-01 8.334751e-02 -6.917803e-02 -4.727160e+01 -8.143736e-02 9.962271e-01 2.999257e-02 -4.214784e+01 7.141683e-02 -2.418243e-02 9.971534e-01 3.434485e+02
9.938917e-01 8.346721e-02 -7.219768e-02 -4.736919e+01 -8.138681e-02 9.961911e-01 3.129767e-02 -4.215524e+01 7.453502e-02 -2.523056e-02 9.968992e-01 3.446559e+02
9.937690e-01 8.255401e-02 -7.488728e-02 -4.744992e+01 -8.073545e-02 9.963698e-01 2.699975e-02 -4.214835e+01 7.684436e-02 -2.078546e-02 9.968264e-01 3.458291e+02
9.938361e-01 7.895461e-02 -7.782039e-02 -4.753338e+01 -7.741652e-02 9.967428e-01 2.259190e-02 -4.212593e+01 7.935065e-02 -1.642806e-02 9.967114e-01 3.470230e+02
9.940400e-01 7.564733e-02 -7.849786e-02 -4.764725e+01 -7.375441e-02 9.969178e-01 2.674380e-02 -4.211804e+01 8.027901e-02 -2.079484e-02 9.965555e-01 3.481400e+02
9.938616e-01 7.704939e-02 -7.938814e-02 -4.774722e+01 -7.422290e-02 9.965188e-01 3.796382e-02 -4.210165e+01 8.203686e-02 -3.183837e-02 9.961206e-01 3.493025e+02
9.935395e-01 8.039476e-02 -8.009911e-02 -4.781755e+01 -7.688184e-02 9.959775e-01 4.602090e-02 -4.208540e+01 8.347676e-02 -3.956542e-02 9.957240e-01 3.504497e+02
9.933881e-01 8.232775e-02 -8.001423e-02 -4.794752e+01 -7.860807e-02 9.957212e-01 4.858090e-02 -4.206708e+01 8.367142e-02 -4.196992e-02 9.956092e-01 3.515883e+02
9.928367e-01 8.816211e-02 -8.063893e-02 -4.805899e+01 -8.474631e-02 9.953927e-01 4.485010e-02 -4.202588e+01 8.422148e-02 -3.769498e-02 9.957338e-01 3.527177e+02
9.923444e-01 9.266935e-02 -8.163926e-02 -4.821030e+01 -8.997524e-02 9.952899e-01 3.609090e-02 -4.199171e+01 8.459925e-02 -2.846909e-02 9.960083e-01 3.539102e+02
9.918432e-01 9.613651e-02 -8.369516e-02 -4.825138e+01 -9.381009e-02 9.950977e-01 3.130800e-02 -4.198666e+01 8.629471e-02 -2.320118e-02 9.959995e-01 3.548935e+02
9.914132e-01 1.002339e-01 -8.398229e-02 -4.835890e+01 -9.780686e-02 9.946732e-01 3.254194e-02 -4.197175e+01 8.679674e-02 -2.404846e-02 9.959357e-01 3.560288e+02
9.911803e-01 1.020697e-01 -8.451912e-02 -4.847680e+01 -9.929224e-02 9.943905e-01 3.644869e-02 -4.193121e+01 8.776531e-02 -2.773513e-02 9.957550e-01 3.572467e+02
9.908492e-01 1.051036e-01 -8.468237e-02 -4.866501e+01 -1.020438e-01 9.939875e-01 3.969737e-02 -4.192149e+01 8.834555e-02 -3.069280e-02 9.956169e-01 3.584459e+02
9.906859e-01 1.054513e-01 -8.614801e-02 -4.878811e+01 -1.022129e-01 9.939095e-01 4.118699e-02 -4.188935e+01 8.996655e-02 -3.199793e-02 9.954306e-01 3.596211e+02
9.904712e-01 1.056296e-01 -8.836972e-02 -4.887625e+01 -1.024345e-01 9.939370e-01 3.995461e-02 -4.187362e+01 9.205433e-02 -3.052178e-02 9.952861e-01 3.607704e+02
