1.000000e+00 0.000000e+00 0.000000e+00 0.000000e+00 0.000000e+00 1.000000e+00 0.000000e+00 0.000000e+00 0.000000e+00 0.000000e+00 1.000000e+00 0.000000e+00
9.999926e-01 -3.015394e-03 -2.396002e-03 -9.675128e-02 3.009713e-03 9.999927e-01 -2.370825e-03 1.665017e-02 2.403134e-03 2.363597e-03 9.999943e-01 9.951693e-01
9.999892e-01 -1.009437e-03 -4.540257e-03 -1.730911e-01 9.872176e-04 9.999875e-01 -4.893404e-03 1.754857e-02 4.545140e-03 4.888869e-03 9.999777e-01 1.992251e+00
9.999882e-01 -2.020583e-03 -4.425455e-03 -2.590539e-01 1.994026e-03 9.999800e-01 -5.997293e-03 6.302692e-03 4.437485e-03 5.988397e-03 9.999722e-01 2.988486e+00
9.999895e-01 -2.787857e-03 -3.624998e-03 -4.045703e-01 2.766936e-03 9.999796e-01 -5.763359e-03 -3.662469e-02 3.640991e-03 5.753268e-03 9.999768e-01 3.976910e+00
9.999817e-01 -1.662718e-03 -5.825077e-03 -4.644022e-01 1.620683e-03 9.999727e-01 -7.213423e-03 -2.796369e-02 5.836912e-03 7.203850e-03 9.999570e-01 4.975081e+00
9.996527e-01 6.831305e-04 -2.634281e-02 -2.342741e-01 -8.226716e-04 9.999857e-01 -5.286651e-03 -9.415600e-02 2.633882e-02 5.306486e-03 9.996390e-01 5.945987e+00
9.995015e-01 1.385265e-03 -3.153951e-02 -3.498203e-01 -1.562496e-03 9.999831e-01 -5.595374e-03 -9.465207e-02 3.153123e-02 5.641865e-03 9.994868e-01 6.939289e+00
9.993003e-01 1.381848e-03 -3.737777e-02 -4.443522e-01 -1.620788e-03 9.999784e-01 -6.363010e-03 -4.492179e-02 3.736817e-02 6.419139e-03 9.992809e-01 7.933568e+00
9.989991e-01 -4.387283e-04 -4.472825e-02 -3.838461e-01 4.273416e-04 9.999999e-01 -2.641366e-04 -1.382387e-01 4.472836e-02 2.447580e-04 9.989992e-01 8.927364e+00
9.990544e-01 4.857026e-04 -4.347570e-02 -5.861653e-01 -4.497242e-04 9.999995e-01 8.373286e-04 -1.059071e-01 4.347608e-02 -8.169847e-04 9.990541e-01 9.906150e+00
9.989241e-01 1.925362e-03 -4.633573e-02 -7.205747e-01 -1.953127e-03 9.999979e-01 -5.539518e-04 -9.342476e-02 4.633456e-02 6.438554e-04 9.989258e-01 1.089700e+01
9.987815e-01 -2.955216e-04 -4.935042e-02 -7.691614e-01 2.798859e-04 9.999999e-01 -3.237403e-04 -1.100984e-01 4.935051e-02 3.095333e-04 9.987815e-01 1.189568e+01
9.987979e-01 -4.996867e-04 -4.901584e-02 -8.507266e-01 4.405417e-04 9.999992e-01 -1.217447e-03 -1.386747e-01 4.901641e-02 1.194390e-03 9.987973e-01 1.289194e+01
9.988039e-01 -1.342921e-03 -4.887633e-02 -9.842828e-01 1.297575e-03 9.999987e-01 -9.594811e-04 -1.383834e-01 4.887755e-02 8.949127e-04 9.988044e-01 1.388298e+01
9.986169e-01 -2.524387e-03 -5.251551e-02 -9.282288e-01 2.415499e-03 9.999948e-01 -2.136814e-03 -1.308545e-01 5.252063e-02 2.007007e-03 9.986178e-01 1.488138e+01
9.984339e-01 1.547976e-02 -5.375940e-02 -8.802133e-01 -1.584578e-02 9.998540e-01 -6.389060e-03 -2.762654e-01 5.365265e-02 7.230914e-03 9.985335e-01 1.586958e+01
9.985585e-01 8.756594e-03 -5.295541e-02 -1.048010e+00 -9.277969e-03 9.999108e-01 -9.607740e-03 -2.270944e-01 5.286655e-02 1.008521e-02 9.985507e-01 1.685418e+01
9.983339e-01 1.443521e-02 -5.586696e-02 -1.043042e+00 -1.500103e-02 9.998402e-01 -9.721777e-03 -3.040841e-01 5.571770e-02 1.054364e-02 9.983909e-01 1.785120e+01
9.983463e-01 1.743220e-02 -5.477859e-02 -1.152700e+00 -1.795478e-02 9.997977e-01 -9.062242e-03 -3.391969e-01 5.460953e-02 1.003079e-02 9.984574e-01 1.884454e+01
9.983862e-01 8.948782e-03 -5.607991e-02 -1.252592e+00 -9.371446e-03 9.999296e-01 -7.278361e-03 -3.183400e-01 5.601083e-02 7.792164e-03 9.983998e-01 1.983932e+01
9.952791e-01 1.269038e-02 9.622050e-02 -2.137760e+00 -4.580683e-03 9.964519e-01 -8.403922e-02 1.424771e-01 -9.694559e-02 8.320172e-02 9.918059e-01 1.977510e+01
9.954368e-01 9.537883e-03 9.494486e-02 -2.086887e+00 -1.597789e-03 9.965186e-01 -8.335554e-02 4.719936e-02 -9.540935e-02 8.282347e-02 9.919866e-01 2.076925e+01
9.957194e-01 6.341880e-03 9.221033e-02 -1.971004e+00 1.360254e-03 9.965298e-01 -8.322607e-02 -3.276680e-02 -9.241815e-02 8.299524e-02 9.922553e-01 2.175929e+01
9.845542e-01 7.036525e-03 1.749386e-01 -2.894227e+00 1.033887e-02 9.951117e-01 -9.821338e-02 1.022236e-01 -1.747745e-01 9.850506e-02 9.796686e-01 2.211906e+01
9.859150e-01 1.195386e-02 1.668193e-01 -2.559282e+00 3.978763e-03 9.954837e-01 -9.484869e-02 -6.508995e-02 -1.671997e-01 9.417649e-02 9.814148e-01 2.304633e+01
9.864304e-01 7.609570e-03 1.640034e-01 -2.378357e+00 7.445246e-03 9.958243e-01 -9.098601e-02 -1.414758e-01 -1.640109e-01 9.097241e-02 9.822548e-01 2.402685e+01
9.863108e-01 9.742391e-03 1.646092e-01 -2.163151e+00 4.940725e-03 9.960590e-01 -8.855573e-02 -2.354290e-01 -1.648232e-01 8.815675e-02 9.823755e-01 2.499889e+01
9.861676e-01 1.637496e-03 1.657431e-01 -2.041141e+00 1.288645e-02 9.961671e-01 -8.651595e-02 -2.835105e-01 -1.652495e-01 8.745506e-02 9.823666e-01 2.599026e+01
9.866109e-01 5.044258e-04 1.630911e-01 -1.792515e+00 1.357257e-02 9.962725e-01 -8.518794e-02 -3.907083e-01 -1.625261e-01 8.626091e-02 9.829264e-01 2.695291e+01
9.865754e-01 2.674732e-03 1.632845e-01 -1.578004e+00 1.201861e-02 9.959652e-01 -8.893191e-02 -4.897717e-01 -1.628635e-01 8.970048e-02 9.825626e-01 2.792459e+01
9.863044e-01 8.458181e-03 1.647180e-01 -1.352859e+00 7.117745e-03 9.955711e-01 -9.374192e-02 -6.262703e-01 -1.647814e-01 9.363049e-02 9.818760e-01 2.888931e+01
9.880448e-01 1.001451e-02 1.538414e-01 -9.397623e-01 4.781207e-03 9.954174e-01 -9.550527e-02 -7.704810e-01 -1.540929e-01 9.509903e-02 9.834691e-01 2.978850e+01
9.884032e-01 9.213605e-03 1.515725e-01 -7.104552e-01 5.284567e-03 9.954659e-01 -9.497181e-02 -8.838022e-01 -1.517603e-01 9.467144e-02 9.838730e-01 3.075524e+01
9.887445e-01 6.058930e-03 1.494912e-01 -4.729577e-01 7.533090e-03 9.958962e-01 -9.018835e-02 -9.877833e-01 -1.494242e-01 9.029936e-02 9.846413e-01 3.172105e+01
9.890734e-01 -1.439738e-03 1.474172e-01 -3.606444e-01 1.442591e-02 9.960986e-01 -8.706016e-02 -1.050627e+00 -1.467167e-01 8.823551e-02 9.852354e-01 3.271273e+01
9.895059e-01 -3.605227e-03 1.444476e-01 -1.002889e-01 1.646863e-02 9.959882e-01 -8.795609e-02 -1.184406e+00 -1.435510e-01 8.941192e-02 9.855956e-01 3.366893e+01
9.894132e-01 -5.401580e-03 1.450251e-01 -6.144299e-02 1.880545e-02 9.956538e-01 -9.121359e-02 -1.277079e+00 -1.439021e-01 9.297520e-02 9.852146e-01 3.466387e+01
9.903658e-01 -3.285356e-03 1.384368e-01 2.365881e-01 1.675699e-02 9.952152e-01 -9.625993e-02 -1.357523e+00 -1.374582e-01 9.765233e-02 9.856821e-01 3.561503e+01
9.904719e-01 -2.064864e-03 1.376993e-01 3.548696e-01 1.553189e-02 9.951829e-01 -9.679776e-02 -1.497841e+00 -1.368362e-01 9.801419e-02 9.857328e-01 3.659804e+01
9.909951e-01 -3.609927e-03 1.338498e-01 6.135556e-01 1.656378e-02 9.952635e-01 -9.579245e-02 -1.590193e+00 -1.328700e-01 9.714690e-02 9.863610e-01 3.755958e+01
9.910319e-01 -1.601187e-03 1.336156e-01 7.264822e-01 1.418511e-02 9.955387e-01 -9.328143e-02 -1.685901e+00 -1.328702e-01 9.434023e-02 9.866334e-01 3.854856e+01
9.913377e-01 1.484391e-03 1.313292e-01 9.354802e-01 1.066436e-02 9.957246e-01 -9.175436e-02 -1.818838e+00 -1.309039e-01 9.236010e-02 9.870835e-01 3.951740e+01
9.913991e-01 2.269120e-03 1.308533e-01 1.053713e+00 9.787200e-03 9.957644e-01 -9.141938e-02 -1.865553e+00 -1.305065e-01 9.191378e-02 9.871777e-01 4.050929e+01
9.908713e-01 -2.848978e-03 1.347813e-01 1.010346e+00 1.529211e-02 9.956990e-01 -9.137610e-02 -1.896426e+00 -1.339413e-01 9.260305e-02 9.866531e-01 4.150787e+01
9.909175e-01 -5.170045e-04 1.344701e-01 1.082024e+00 1.234443e-02 9.961199e-01 -8.713689e-02 -2.016117e+00 -1.339033e-01 8.800542e-02 9.870790e-01 4.249809e+01
9.908742e-01 -3.244522e-03 1.347508e-01 1.146723e+00 1.515409e-02 9.960536e-01 -8.745092e-02 -2.114825e+00 -1.339353e-01 8.869488e-02 9.870129e-01 4.349110e+01
9.908176e-01 -4.134719e-03 1.351424e-01 1.334016e+00 1.613261e-02 9.960070e-01 -8.780566e-02 -2.239303e+00 -1.342397e-01 8.917959e-02 9.869279e-01 4.446549e+01
9.908121e-01 -1.977135e-03 1.352312e-01 1.480674e+00 1.412510e-02 9.959377e-01 -8.893073e-02 -2.353694e+00 -1.345061e-01 9.002379e-02 9.868150e-01 4.544804e+01
9.914261e-01 2.725610e-04 1.306685e-01 1.736382e+00 1.131878e-02 9.960600e-01 -8.795709e-02 -2.508610e+00 -1.301776e-01 8.868196e-02 9.875167e-01 4.640230e+01
9.920863e-01 4.579352e-03 1.254744e-01 2.075891e+00 6.066894e-03 9.964190e-01 -8.433462e-02 -2.738133e+00 -1.254113e-01 8.442846e-02 9.885059e-01 4.731447e+01
9.919923e-01 2.561305e-03 1.262727e-01 2.099515e+00 8.102604e-03 9.964441e-01 -8.386544e-02 -2.802138e+00 -1.260385e-01 8.421701e-02 9.884441e-01 4.831214e+01
9.918608e-01 1.141216e-02 1.268142e-01 2.300084e+00 -2.528528e-04 9.961498e-01 -8.766703e-02 -2.945857e+00 -1.273264e-01 8.692143e-02 9.880449e-01 4.928122e+01
9.919685e-01 1.144828e-02 1.259658e-01 2.400795e+00 3.469367e-04 9.956454e-01 -9.322034e-02 -3.023406e+00 -1.264845e-01 9.251535e-02 9.876450e-01 5.027311e+01
9.916215e-01 1.431601e-02 1.283816e-01 2.437941e+00 -2.046128e-03 9.954560e-01 -9.520034e-02 -3.119262e+00 -1.291612e-01 9.414002e-02 9.871449e-01 5.126781e+01
9.919737e-01 1.592223e-02 1.254376e-01 2.690132e+00 -4.483379e-03 9.958453e-01 -9.095102e-02 -3.284702e+00 -1.263646e-01 8.965864e-02 9.879237e-01 5.222124e+01
9.917567e-01 1.295082e-02 1.274788e-01 2.731579e+00 -1.672259e-03 9.961026e-01 -8.818614e-02 -3.369685e+00 -1.281241e-01 8.724602e-02 9.879131e-01 5.321676e+01
9.915621e-01 1.162083e-02 1.291106e-01 2.773775e+00 -3.984427e-04 9.962423e-01 -8.660857e-02 -3.492614e+00 -1.296319e-01 8.582633e-02 9.878408e-01 5.420828e+01
9.918746e-01 5.865548e-03 1.270842e-01 2.888804e+00 5.416939e-03 9.960834e-01 -8.825251e-02 -3.569766e+00 -1.271041e-01 8.822383e-02 9.879580e-01 5.519864e+01
9.923141e-01 7.477094e-03 1.235184e-01 3.131977e+00 3.669879e-03 9.959556e-01 -8.977223e-02 -3.703746e+00 -1.236901e-01 8.953555e-02 9.882733e-01 5.615932e+01
9.925622e-01 6.689442e-03 1.215550e-01 3.221477e+00 4.274684e-03 9.959583e-01 -8.971489e-02 -3.793365e+00 -1.216639e-01 8.956721e-02 9.885219e-01 5.715127e+01
9.822327e-01 3.586559e-03 1.876328e-01 2.281067e+00 1.560261e-02 9.947952e-01 -1.006929e-01 -3.575085e+00 -1.870173e-01 1.018314e-01 9.770644e-01 5.741201e+01
9.816885e-01 2.019039e-03 1.904828e-01 2.395514e+00 1.636034e-02 9.953556e-01 -9.486637e-02 -3.711193e+00 -1.897897e-01 9.624559e-02 9.770960e-01 5.839607e+01
9.817392e-01 8.331299e-03 1.900492e-01 2.658781e+00 9.423973e-03 9.956839e-01 -9.232992e-02 -3.876844e+00 -1.899981e-01 9.243492e-02 9.774234e-01 5.934647e+01
9.821092e-01 9.792972e-03 1.880575e-01 2.851684e+00 8.434224e-03 9.953572e-01 -9.587938e-02 -3.990332e+00 -1.881233e-01 9.575014e-02 9.774669e-01 6.032110e+01
9.824097e-01 1.564417e-02 1.860818e-01 3.066797e+00 3.667407e-03 9.946761e-01 -1.029858e-01 -4.129756e+00 -1.867022e-01 1.018567e-01 9.771221e-01 6.128768e+01
9.826159e-01 1.981036e-02 1.845904e-01 3.265482e+00 1.797747e-04 9.941884e-01 -1.076539e-01 -4.250899e+00 -1.856503e-01 1.058157e-01 9.769018e-01 6.226023e+01
9.828593e-01 2.088989e-02 1.831700e-01 3.431213e+00 -1.265343e-03 9.943005e-01 -1.066068e-01 -4.347232e+00 -1.843530e-01 1.045477e-01 9.772839e-01 6.324169e+01
9.824094e-01 2.511738e-02 1.850429e-01 3.501818e+00 -5.790578e-03 9.945339e-01 -1.042535e-01 -4.461808e+00 -1.866500e-01 1.013481e-01 9.771849e-01 6.423259e+01
9.826389e-01 2.598532e-02 1.836998e-01 3.741996e+00 -7.158719e-03 9.947160e-01 -1.024148e-01 -4.599429e+00 -1.853904e-01 9.932168e-02 9.776326e-01 6.519351e+01
9.830325e-01 2.810688e-02 1.812652e-01 4.030927e+00 -9.573090e-03 9.947053e-01 -1.023219e-01 -4.718498e+00 -1.831814e-01 9.885049e-02 9.780967e-01 6.614343e+01
9.828518e-01 2.928643e-02 1.820567e-01 4.126325e+00 -1.078609e-02 9.947475e-01 -1.017896e-01 -4.834757e+00 -1.840815e-01 9.808038e-02 9.780052e-01 6.713206e+01
9.837897e-01 3.107505e-02 1.766132e-01 4.441847e+00 -1.350302e-02 9.949120e-01 -9.983858e-02 -5.005803e+00 -1.788171e-01 9.583536e-02 9.792038e-01 6.806543e+01
9.847150e-01 3.046322e-02 1.714889e-01 4.750957e+00 -1.370828e-02 9.950869e-01 -9.805185e-02 -5.155735e+00 -1.736333e-01 9.420231e-02 9.802945e-01 6.900456e+01
9.847220e-01 3.015568e-02 1.715029e-01 4.851244e+00 -1.341369e-02 9.951007e-01 -9.795275e-02 -5.236546e+00 -1.736165e-01 9.415574e-02 9.803020e-01 6.999623e+01
9.848648e-01 2.992004e-02 1.707222e-01 4.911990e+00 -1.363300e-02 9.953085e-01 -9.578722e-02 -5.314838e+00 -1.727872e-01 9.201001e-02 9.806522e-01 7.099131e+01
9.840885e-01 3.016503e-02 1.750995e-01 4.856076e+00 -1.392659e-02 9.955466e-01 -9.323668e-02 -5.373626e+00 -1.771322e-01 8.931461e-02 9.801261e-01 7.198802e+01
9.847586e-01 3.420545e-02 1.705297e-01 5.165402e+00 -1.881854e-02 9.956691e-01 -9.104328e-02 -5.534467e+00 -1.729054e-01 8.644654e-02 9.811375e-01 7.292527e+01
9.820797e-01 4.060151e-02 1.840410e-01 4.746678e+00 -2.238633e-02 9.947364e-01 -9.999206e-02 -5.462256e+00 -1.871321e-01 9.408017e-02 9.778193e-01 7.383051e+01
9.812966e-01 4.209198e-02 1.878435e-01 4.686338e+00 -2.190769e-02 9.938809e-01 -1.082628e-01 -5.569075e+00 -1.912511e-01 1.021227e-01 9.762141e-01 7.482296e+01
9.815945e-01 4.197770e-02 1.863067e-01 4.782647e+00 -2.087831e-02 9.932842e-01 -1.138003e-01 -5.684071e+00 -1.898326e-01 1.078159e-01 9.758787e-01 7.581164e+01
9.810445e-01 4.371420e-02 1.887878e-01 4.872376e+00 -2.197394e-02 9.930352e-01 -1.157507e-01 -5.776494e+00 -1.925329e-01 1.094082e-01 9.751723e-01 7.680331e+01
9.830000e-01 4.471401e-02 1.780776e-01 5.376099e+00 -2.530379e-02 9.936299e-01 -1.098148e-01 -5.954930e+00 -1.818535e-01 1.034419e-01 9.778697e-01 7.764855e+01
9.825712e-01 4.293852e-02 1.808592e-01 5.387659e+00 -2.377138e-02 9.939917e-01 -1.068425e-01 -6.111122e+00 -1.843602e-01 1.006811e-01 9.776884e-01 7.863621e+01
9.822373e-01 4.058265e-02 1.832020e-01 5.405747e+00 -2.047008e-02 9.936799e-01 -1.103683e-01 -6.212576e+00 -1.865232e-01 1.046577e-01 9.768602e-01 7.963088e+01
9.814814e-01 3.374878e-02 1.885608e-01 5.361818e+00 -1.172819e-02 9.930981e-01 -1.166989e-01 -6.297213e+00 -1.911978e-01 1.123264e-01 9.751032e-01 8.062632e+01
9.808210e-01 3.076504e-02 1.924675e-01 5.429360e+00 -7.297934e-03 9.925686e-01 -1.214670e-01 -6.408060e+00 -1.947741e-01 1.177328e-01 9.737567e-01 8.161786e+01
9.802533e-01 3.328533e-02 1.949245e-01 5.668401e+00 -9.610553e-03 9.925860e-01 -1.211637e-01 -6.579864e+00 -1.975123e-01 1.168978e-01 9.733056e-01 8.257355e+01
9.778424e-01 3.762586e-02 2.059335e-01 5.548146e+00 -1.364990e-02 9.930816e-01 -1.166303e-01 -6.764416e+00 -2.088971e-01 1.112351e-01 9.715908e-01 8.354899e+01
9.766524e-01 3.417861e-02 2.120895e-01 5.698641e+00 -1.006167e-02 9.934568e-01 -1.137643e-01 -6.872854e+00 -2.145901e-01 1.089742e-01 9.706059e-01 8.453164e+01
9.748610e-01 2.872679e-02 2.209542e-01 5.742093e+00 -4.504092e-03 9.939921e-01 -1.093590e-01 -6.989422e+00 -2.227683e-01 1.056147e-01 9.691335e-01 8.552387e+01
9.737924e-01 2.291117e-02 2.262816e-01 6.123386e+00 8.810028e-04 9.945258e-01 -1.044878e-01 -7.138574e+00 -2.274368e-01 1.019487e-01 9.684415e-01 8.643621e+01
9.705336e-01 2.630902e-02 2.395253e-01 6.162009e+00 -1.090635e-03 9.944912e-01 -1.048140e-01 -7.224594e+00 -2.409633e-01 1.014642e-01 9.652159e-01 8.743176e+01
9.671707e-01 2.983197e-02 2.523707e-01 6.571412e+00 -3.338910e-03 9.944919e-01 -1.047600e-01 -7.352999e+00 -2.541058e-01 1.004782e-01 9.619430e-01 8.833503e+01
9.614572e-01 3.633172e-02 2.725436e-01 6.737585e+00 -7.870733e-03 9.944619e-01 -1.048021e-01 -7.451287e+00 -2.748419e-01 9.861762e-02 9.564186e-01 8.931621e+01
9.546873e-01 3.489124e-02 2.955585e-01 7.094338e+00 -3.919906e-03 9.944919e-01 -1.047399e-01 -7.553287e+00 -2.975851e-01 9.883528e-02 9.495655e-01 9.024483e+01
9.469164e-01 3.134616e-02 3.199482e-01 7.355795e+00 1.553974e-03 9.947770e-01 -1.020600e-01 -7.735818e+00 -3.214763e-01 9.713952e-02 9.419219e-01 9.119263e+01
9.362518e-01 3.181426e-02 3.498862e-01 7.626761e+00 4.302893e-03 9.947785e-01 -1.019667e-01 -7.786569e+00 -3.513033e-01 9.697200e-02 9.312263e-01 9.215388e+01
9.247413e-01 2.944917e-02 3.794553e-01 8.101906e+00 9.241222e-03 9.949706e-01 -9.973981e-02 -7.902539e+00 -3.804841e-01 9.574015e-02 9.198183e-01 9.302611e+01
9.161231e-01 3.003590e-02 3.997703e-01 8.895781e+00 9.526711e-03 9.952768e-01 -9.660965e-02 -8.076117e+00 -4.007839e-01 9.231483e-02 9.115099e-01 9.360889e+01
8.990098e-01 3.128903e-02 4.368094e-01 9.384200e+00 1.264288e-02 9.951742e-01 -9.730585e-02 -8.152461e+00 -4.377460e-01 9.300144e-02 8.942758e-01 9.447815e+01
8.795954e-01 3.192317e-02 4.746502e-01 1.000357e+01 1.678195e-02 9.950427e-01 -9.802219e-02 -8.213615e+00 -4.754264e-01 9.418543e-02 8.746993e-01 9.526087e+01
8.572850e-01 3.809793e-02 5.134307e-01 1.070678e+01 1.727960e-02 9.945673e-01 -1.026516e-01 -8.179815e+00 -5.145522e-01 9.687357e-02 8.519692e-01 9.597104e+01
8.285392e-01 3.958343e-02 5.585302e-01 1.135770e+01 2.227469e-02 9.943784e-01 -1.035152e-01 -8.318139e+00 -5.594879e-01 9.820748e-02 8.229998e-01 9.671749e+01
7.988752e-01 3.782247e-02 6.003065e-01 1.217358e+01 2.911868e-02 9.944191e-01 -1.014042e-01 -8.500207e+00 -6.007916e-01 9.848940e-02 7.933154e-01 9.726628e+01
7.564650e-01 3.860231e-02 6.528940e-01 1.277807e+01 3.613520e-02 9.942651e-01 -1.006533e-01 -8.614791e+00 -6.530352e-01 9.973317e-02 7.507318e-01 9.805461e+01
7.114452e-01 3.941990e-02 7.016351e-01 1.350104e+01 4.278201e-02 9.941440e-01 -9.923409e-02 -8.727827e+00 -7.014381e-01 1.006170e-01 7.055926e-01 9.873618e+01
6.639972e-01 3.938419e-02 7.466971e-01 1.432999e+01 5.049490e-02 9.939705e-01 -9.732887e-02 -8.825010e+00 -7.460281e-01 1.023305e-01 6.580049e-01 9.928700e+01
6.156856e-01 3.829570e-02 7.870608e-01 1.519892e+01 5.862039e-02 9.938248e-01 -9.421247e-02 -8.915049e+00 -7.858084e-01 1.041431e-01 6.096387e-01 9.977369e+01
5.621780e-01 3.779391e-02 8.261522e-01 1.605374e+01 6.626269e-02 9.936852e-01 -9.054829e-02 -8.962232e+00 -8.243574e-01 1.056473e-01 5.561236e-01 1.002905e+02
5.057631e-01 3.715590e-02 8.618719e-01 1.693915e+01 7.004365e-02 9.940047e-01 -8.395521e-02 -9.042113e+00 -8.598242e-01 1.028301e-01 5.001283e-01 1.007483e+02
4.502935e-01 3.517690e-02 8.921874e-01 1.786282e+01 7.554201e-02 9.941401e-01 -7.732327e-02 -9.150424e+00 -8.896792e-01 1.022158e-01 4.449975e-01 1.011159e+02
3.586410e-01 3.680178e-02 9.327498e-01 1.824675e+01 8.689916e-02 9.935672e-01 -7.261394e-02 -9.240011e+00 -9.294220e-01 1.070975e-01 3.531359e-01 1.020349e+02
3.037147e-01 3.695614e-02 9.520460e-01 1.923704e+01 9.832474e-02 9.926964e-01 -6.990093e-02 -9.250578e+00 -9.476759e-01 1.148396e-01 2.978628e-01 1.021735e+02
2.519548e-01 3.766473e-02 9.670058e-01 2.023252e+01 9.945527e-02 9.929436e-01 -6.458822e-02 -9.331268e+00 -9.626149e-01 1.124471e-01 2.464309e-01 1.022235e+02
2.007825e-01 3.896866e-02 9.788605e-01 2.122882e+01 9.880578e-02 9.933077e-01 -5.981072e-02 -9.397813e+00 -9.746403e-01 1.087260e-01 1.955885e-01 1.022781e+02
1.482465e-01 4.142138e-02 9.880826e-01 2.222320e+01 1.000115e-01 9.933724e-01 -5.664830e-02 -9.444851e+00 -9.838804e-01 1.072175e-01 1.431213e-01 1.023729e+02
1.030570e-01 4.044784e-02 9.938527e-01 2.321804e+01 1.087214e-01 9.927282e-01 -5.167589e-02 -9.507715e+00 -9.887158e-01 1.133787e-01 9.791006e-02 1.022933e+02
6.147074e-02 3.751645e-02 9.974036e-01 2.421666e+01 1.260453e-01 9.910013e-01 -4.504390e-02 -9.515427e+00 -9.901181e-01 1.284869e-01 5.618882e-02 1.022415e+02
2.278281e-02 3.500104e-02 9.991276e-01 2.521541e+01 1.284098e-01 9.910065e-01 -3.764463e-02 -9.550064e+00 -9.914595e-01 1.291554e-01 1.808344e-02 1.022054e+02
-1.529103e-02 3.913291e-02 9.991170e-01 2.621420e+01 1.261105e-01 9.913298e-01 -3.689784e-02 -9.592077e+00 -9.918983e-01 1.254349e-01 -2.009353e-02 1.021797e+02
-4.887747e-02 4.515108e-02 9.977837e-01 2.721409e+01 1.184455e-01 9.921906e-01 -3.909580e-02 -9.606789e+00 -9.917569e-01 1.162721e-01 -5.384371e-02 1.021773e+02
-7.781443e-02 4.854610e-02 9.957852e-01 2.820203e+01 1.172567e-01 9.923271e-01 -3.921464e-02 -9.660552e+00 -9.900484e-01 1.137110e-01 -8.290972e-02 1.020321e+02
-1.023886e-01 5.003432e-02 9.934854e-01 2.917448e+01 1.211031e-01 9.919323e-01 -3.747521e-02 -9.701080e+00 -9.873452e-01 1.164772e-01 -1.076219e-01 1.018026e+02
-1.242987e-01 5.400293e-02 9.907742e-01 3.013341e+01 1.282346e-01 9.910183e-01 -3.792842e-02 -9.735720e+00 -9.839236e-01 1.223371e-01 -1.301073e-01 1.015211e+02
-1.451029e-01 6.202555e-02 9.874705e-01 3.110381e+01 1.324879e-01 9.902630e-01 -4.273266e-02 -9.767337e+00 -9.805061e-01 1.246272e-01 -1.519076e-01 1.012816e+02
-1.644046e-01 6.903604e-02 9.839742e-01 3.209309e+01 1.388338e-01 9.892370e-01 -4.620862e-02 -9.758554e+00 -9.765738e-01 1.290120e-01 -1.722197e-01 1.011359e+02
-1.832376e-01 6.886921e-02 9.806534e-01 3.308183e+01 1.338507e-01 9.900012e-01 -4.451534e-02 -9.801684e+00 -9.739137e-01 1.231043e-01 -1.906236e-01 1.009926e+02
-1.978358e-01 6.241789e-02 9.782459e-01 3.401566e+01 1.298443e-01 9.908452e-01 -3.696270e-02 -9.975890e+00 -9.715974e-01 1.197071e-01 -2.041293e-01 1.006801e+02
-2.116361e-01 5.969483e-02 9.755238e-01 3.497780e+01 1.329998e-01 9.906069e-01 -3.176402e-02 -1.002542e+01 -9.682568e-01 1.230220e-01 -2.175876e-01 1.004121e+02
-2.253846e-01 5.605449e-02 9.726560e-01 3.594666e+01 1.322429e-01 9.908641e-01 -2.646040e-02 -1.011747e+01 -9.652531e-01 1.226631e-01 -2.307383e-01 1.001823e+02
-2.368782e-01 5.564364e-02 9.699446e-01 3.691708e+01 1.355863e-01 9.904818e-01 -2.370917e-02 -1.014359e+01 -9.620318e-01 1.258950e-01 -2.421680e-01 9.994228e+01
-2.478219e-01 5.752117e-02 9.670965e-01 3.787959e+01 1.373539e-01 9.902385e-01 -2.370018e-02 -1.017597e+01 -9.590194e-01 1.269611e-01 -2.533036e-01 9.967296e+01
-2.556038e-01 5.754275e-02 9.650676e-01 3.885419e+01 1.367121e-01 9.903475e-01 -2.284107e-02 -1.024951e+01 -9.570666e-01 1.260982e-01 -2.610034e-01 9.946143e+01
-2.598270e-01 5.969326e-02 9.638084e-01 3.981447e+01 1.419375e-01 9.896078e-01 -2.302710e-02 -1.023446e+01 -9.551668e-01 1.308175e-01 -2.655996e-01 9.918279e+01
-3.080696e-01 7.148797e-02 9.486741e-01 4.035335e+01 1.451713e-01 9.890274e-01 -2.738633e-02 -1.016021e+01 -9.402225e-01 1.292833e-01 -3.150673e-01 1.000219e+02
-3.142943e-01 7.060319e-02 9.466965e-01 4.129772e+01 1.450026e-01 9.890994e-01 -2.562605e-02 -1.023577e+01 -9.381862e-01 1.292193e-01 -3.211060e-01 9.970182e+01
-3.892155e-01 8.801554e-02 9.169321e-01 4.179930e+01 1.543769e-01 9.875784e-01 -2.926757e-02 -1.018634e+01 -9.081184e-01 1.301617e-01 -3.979684e-01 1.005655e+02
-3.892155e-01 8.801554e-02 9.169321e-01 4.179930e+01 1.543769e-01 9.875784e-01 -2.926757e-02 -1.018634e+01 -9.081184e-01 1.301617e-01 -3.979684e-01 1.005655e+02
-4.432378e-01 6.280442e-02 8.942013e-01 4.233413e+01 1.614552e-01 9.868218e-01 1.072047e-02 -1.079351e+01 -8.817440e-01 1.491251e-01 -4.475368e-01 1.011531e+02
-4.471000e-01 6.092579e-02 8.924067e-01 4.325804e+01 1.598573e-01 9.870584e-01 1.270146e-02 -1.085535e+01 -8.800837e-01 1.483365e-01 -4.510532e-01 1.007755e+02
-4.831587e-01 4.629249e-02 8.743081e-01 4.383546e+01 1.670183e-01 9.851365e-01 4.013683e-02 -1.142250e+01 -8.594548e-01 1.654180e-01 -4.837090e-01 1.013628e+02
-4.827417e-01 4.772496e-02 8.744614e-01 4.473824e+01 1.700279e-01 9.846220e-01 4.012583e-02 -1.141204e+01 -8.590989e-01 1.680532e-01 -4.834327e-01 1.009329e+02
-4.826337e-01 4.766016e-02 8.745246e-01 4.567338e+01 1.704702e-01 9.845333e-01 4.042387e-02 -1.142054e+01 -8.590719e-01 1.685903e-01 -4.832936e-01 1.005787e+02
-4.795848e-01 4.912051e-02 8.761197e-01 4.654972e+01 1.734373e-01 9.840417e-01 3.976768e-02 -1.140001e+01 -8.601849e-01 1.710238e-01 -4.804507e-01 1.000974e+02
-4.749434e-01 4.864204e-02 8.786710e-01 4.742671e+01 1.756772e-01 9.836141e-01 4.050631e-02 -1.138340e+01 -8.623029e-01 1.736007e-01 -4.757063e-01 9.961722e+01
-4.709326e-01 4.851941e-02 8.808339e-01 4.829073e+01 1.781013e-01 9.831549e-01 4.106522e-02 -1.134983e+01 -8.640037e-01 1.762167e-01 -4.716411e-01 9.911488e+01
-4.664049e-01 4.713344e-02 8.833147e-01 4.916547e+01 1.780383e-01 9.831461e-01 4.154677e-02 -1.130938e+01 -8.664692e-01 1.766414e-01 -4.669358e-01 9.863198e+01
-4.616150e-01 4.271240e-02 8.860515e-01 5.001913e+01 1.757586e-01 9.834424e-01 4.415952e-02 -1.129475e+01 -8.694944e-01 1.761158e-01 -4.614789e-01 9.811135e+01
-4.625438e-01 4.257772e-02 8.855735e-01 5.098088e+01 1.748777e-01 9.836043e-01 4.404936e-02 -1.126817e+01 -8.691784e-01 1.752418e-01 -4.624059e-01 9.783871e+01
-4.608795e-01 3.825748e-02 8.866377e-01 5.188000e+01 1.678715e-01 9.847919e-01 4.476785e-02 -1.133895e+01 -8.714409e-01 1.694738e-01 -4.602927e-01 9.740678e+01
-5.187002e-01 7.208924e-02 8.519115e-01 5.255605e+01 1.633882e-01 9.864319e-01 1.600915e-02 -1.103999e+01 -8.391987e-01 1.474963e-01 -5.234410e-01 9.808026e+01
-5.173626e-01 7.246966e-02 8.526923e-01 5.341180e+01 1.569103e-01 9.875485e-01 1.127275e-02 -1.102726e+01 -8.412581e-01 1.396283e-01 -5.222919e-01 9.756303e+01
-5.168319e-01 7.195904e-02 8.530572e-01 5.423472e+01 1.525314e-01 9.882572e-01 9.048723e-03 -1.101796e+01 -8.423888e-01 1.347947e-01 -5.217389e-01 9.699495e+01
-5.624586e-01 7.345981e-02 8.235557e-01 5.504788e+01 1.490390e-01 9.887379e-01 1.359444e-02 -1.108836e+01 -8.132820e-01 1.303882e-01 -5.670725e-01 9.757271e+01
-5.612035e-01 7.437724e-02 8.243292e-01 5.583743e+01 1.493464e-01 9.887063e-01 1.246646e-02 -1.096955e+01 -8.140923e-01 1.301068e-01 -5.659734e-01 9.697064e+01
-5.612425e-01 7.306020e-02 8.244205e-01 5.665029e+01 1.478705e-01 9.889209e-01 1.302788e-02 -1.097348e+01 -8.143348e-01 1.292193e-01 -5.658279e-01 9.638819e+01
-5.625525e-01 7.279830e-02 8.235503e-01 5.750976e+01 1.474631e-01 9.889780e-01 1.330803e-02 -1.094655e+01 -8.135043e-01 1.289298e-01 -5.670871e-01 9.587773e+01
-5.625889e-01 7.150097e-02 8.236391e-01 5.834341e+01 1.450919e-01 9.893298e-01 1.322068e-02 -1.094808e+01 -8.139054e-01 1.269412e-01 -5.669602e-01 9.532543e+01
-5.622401e-01 6.874137e-02 8.241121e-01 5.915249e+01 1.425898e-01 9.896723e-01 1.472891e-02 -1.099498e+01 -8.145884e-01 1.257912e-01 -5.662352e-01 9.473960e+01
-5.622647e-01 7.230873e-02 8.237899e-01 5.996704e+01 1.434061e-01 9.896026e-01 1.101651e-02 -1.091709e+01 -8.144281e-01 1.243307e-01 -5.667881e-01 9.416477e+01
-5.638338e-01 7.240938e-02 8.227079e-01 6.078434e+01 1.409788e-01 9.899672e-01 9.487809e-03 -1.085251e+01 -8.137668e-01 1.213339e-01 -5.683851e-01 9.359218e+01
-5.672609e-01 6.685588e-02 8.208199e-01 6.159968e+01 1.370138e-01 9.904700e-01 1.401507e-02 -1.092203e+01 -8.120605e-01 1.204139e-01 -5.710151e-01 9.301739e+01
-5.709335e-01 6.159499e-02 8.186825e-01 6.241784e+01 1.340930e-01 9.907872e-01 1.897029e-02 -1.093995e+01 -8.099716e-01 1.206104e-01 -5.739330e-01 9.244268e+01
-5.768353e-01 5.872670e-02 8.147467e-01 6.325249e+01 1.317334e-01 9.910447e-01 2.183220e-02 -1.092649e+01 -8.061683e-01 1.199230e-01 -5.794059e-01 9.189205e+01
-5.830583e-01 5.991036e-02 8.102183e-01 6.405816e+01 1.311837e-01 9.911332e-01 2.111607e-02 -1.089143e+01 -8.017692e-01 1.185994e-01 -5.857477e-01 9.130074e+01
-5.894464e-01 6.616816e-02 8.050930e-01 6.486130e+01 1.367669e-01 9.904261e-01 1.873337e-02 -1.083489e+01 -7.961455e-01 1.211524e-01 -5.928527e-01 9.070764e+01
-5.992228e-01 6.536533e-02 7.979094e-01 6.568811e+01 1.350583e-01 9.906302e-01 2.027438e-02 -1.083812e+01 -7.891079e-01 1.199131e-01 -6.024364e-01 9.014516e+01
-6.075338e-01 6.665260e-02 7.914924e-01 6.648422e+01 1.365553e-01 9.904010e-01 2.141418e-02 -1.080501e+01 -7.824675e-01 1.210923e-01 -6.108038e-01 8.954092e+01
-6.162951e-01 6.408889e-02 7.849032e-01 6.725923e+01 1.348699e-01 9.905474e-01 2.501782e-02 -1.084455e+01 -7.758805e-01 1.212782e-01 -6.191131e-01 8.891020e+01
-6.247396e-01 6.433857e-02 7.781780e-01 6.803677e+01 1.365634e-01 9.902422e-01 2.776458e-02 -1.082863e+01 -7.687983e-01 1.236163e-01 -6.274298e-01 8.828157e+01
-6.318692e-01 6.616879e-02 7.722454e-01 6.879259e+01 1.384872e-01 9.899543e-01 2.849055e-02 -1.080540e+01 -7.626025e-01 1.249484e-01 -6.346852e-01 8.762720e+01
-6.426134e-01 6.634724e-02 7.633125e-01 6.961718e+01 1.380177e-01 9.899709e-01 3.014520e-02 -1.081886e+01 -7.536572e-01 1.247224e-01 -6.453257e-01 8.706164e+01
-6.498119e-01 6.561807e-02 7.572574e-01 7.033747e+01 1.370685e-01 9.900500e-01 3.183004e-02 -1.084108e+01 -7.476341e-01 1.244796e-01 -6.523405e-01 8.636832e+01
-6.581081e-01 6.771693e-02 7.498721e-01 7.109819e+01 1.391002e-01 9.897383e-01 3.270013e-02 -1.083244e+01 -7.399628e-01 1.258276e-01 -6.607742e-01 8.571930e+01
-6.673084e-01 6.914850e-02 7.415646e-01 7.191099e+01 1.392890e-01 9.896999e-01 3.305501e-02 -1.080474e+01 -7.316407e-01 1.253497e-01 -6.700667e-01 8.513741e+01
-6.782348e-01 6.862932e-02 7.316335e-01 7.273825e+01 1.378101e-01 9.898435e-01 3.490175e-02 -1.081863e+01 -7.218074e-01 1.244980e-01 -6.808041e-01 8.457576e+01
-6.844215e-01 6.899368e-02 7.258147e-01 7.342694e+01 1.379668e-01 9.897819e-01 3.601295e-02 -1.078962e+01 -7.159136e-01 1.247863e-01 -6.869469e-01 8.385128e+01
-6.918875e-01 6.892335e-02 7.187080e-01 7.419796e+01 1.375300e-01 9.897883e-01 3.747808e-02 -1.074887e+01 -7.087857e-01 1.247746e-01 -6.943012e-01 8.321579e+01
-6.973045e-01 6.958197e-02 7.133897e-01 7.491711e+01 1.391520e-01 9.894828e-01 3.950321e-02 -1.072962e+01 -7.031381e-01 1.268154e-01 -6.996532e-01 8.252120e+01
-7.000580e-01 7.047131e-02 7.106002e-01 7.560212e+01 1.419239e-01 9.889972e-01 4.173801e-02 -1.069227e+01 -6.998403e-01 1.300702e-01 -7.023570e-01 8.179362e+01
-7.073545e-01 7.448858e-02 7.029233e-01 7.644902e+01 1.464581e-01 9.882969e-01 4.265183e-02 -1.064512e+01 -6.915198e-01 1.331188e-01 -7.099857e-01 8.126396e+01
-7.093100e-01 7.481569e-02 7.009150e-01 7.715656e+01 1.472570e-01 9.881392e-01 4.354672e-02 -1.060336e+01 -6.893436e-01 1.341028e-01 -7.119142e-01 8.055852e+01
-7.090548e-01 7.449127e-02 7.012078e-01 7.777405e+01 1.482173e-01 9.879339e-01 4.492493e-02 -1.057522e+01 -6.894004e-01 1.357853e-01 -7.115402e-01 7.977244e+01
-7.100147e-01 7.401987e-02 7.002858e-01 7.850015e+01 1.483925e-01 9.878564e-01 4.603810e-02 -1.058621e+01 -6.883741e-01 1.366049e-01 -7.123765e-01 7.908495e+01
-7.078397e-01 7.850429e-02 7.019972e-01 7.917524e+01 1.536427e-01 9.871225e-01 4.453157e-02 -1.052852e+01 -6.894613e-01 1.393779e-01 -7.107861e-01 7.834947e+01
-7.060644e-01 7.865591e-02 7.037658e-01 7.989163e+01 1.520971e-01 9.874629e-01 4.223079e-02 -1.048853e+01 -6.916209e-01 1.368584e-01 -7.091757e-01 7.765292e+01
-7.020476e-01 8.030128e-02 7.075880e-01 8.060791e+01 1.534250e-01 9.873433e-01 4.017415e-02 -1.044864e+01 -6.954063e-01 1.367659e-01 -7.054822e-01 7.695625e+01
-6.940787e-01 7.880525e-02 7.155728e-01 8.113082e+01 1.514547e-01 9.877286e-01 3.812789e-02 -1.041706e+01 -7.037871e-01 1.348406e-01 -6.974968e-01 7.610445e+01
-6.849141e-01 8.009342e-02 7.242084e-01 8.182218e+01 1.535991e-01 9.874752e-01 3.605584e-02 -1.034293e+01 -7.122500e-01 1.359329e-01 -6.886379e-01 7.538575e+01
-6.740035e-01 8.235526e-02 7.341232e-01 8.257827e+01 1.562190e-01 9.871816e-01 3.268196e-02 -1.031284e+01 -7.220214e-01 1.367118e-01 -6.782294e-01 7.473197e+01
-6.612778e-01 8.304481e-02 7.455302e-01 8.333271e+01 1.549608e-01 9.875393e-01 2.744636e-02 -1.028586e+01 -7.339611e-01 1.336776e-01 -6.659065e-01 7.407615e+01
-6.465131e-01 8.410869e-02 7.582523e-01 8.413850e+01 1.532561e-01 9.879616e-01 2.108263e-02 -1.026979e+01 -7.473509e-01 1.298370e-01 -6.516203e-01 7.348418e+01
-6.276774e-01 8.662211e-02 7.736393e-01 8.490063e+01 1.528547e-01 9.881582e-01 1.337456e-02 -1.023476e+01 -7.633194e-01 1.266493e-01 -6.334851e-01 7.283770e+01
-6.061687e-01 8.831063e-02 7.904181e-01 8.574347e+01 1.536759e-01 9.880932e-01 7.457298e-03 -1.024610e+01 -7.803481e-01 1.259886e-01 -6.125224e-01 7.229965e+01
-5.800505e-01 8.798688e-02 8.098146e-01 8.659654e+01 1.522621e-01 9.883387e-01 1.678028e-03 -1.020769e+01 -8.002235e-01 1.242774e-01 -5.866835e-01 7.177927e+01
-5.500677e-01 8.727247e-02 8.305474e-01 8.747944e+01 1.532069e-01 9.881913e-01 -2.369204e-03 -1.021784e+01 -8.209465e-01 1.259424e-01 -5.569429e-01 7.130982e+01
-5.119858e-01 8.428066e-02 8.548493e-01 8.831516e+01 1.523657e-01 9.883048e-01 -6.183433e-03 -1.020435e+01 -8.453729e-01 1.270839e-01 -5.188395e-01 7.076083e+01
-4.688823e-01 7.859503e-02 8.797569e-01 8.915162e+01 1.506480e-01 9.885549e-01 -8.024158e-03 -1.025995e+01 -8.703186e-01 1.287712e-01 -4.753561e-01 7.021564e+01
-4.222567e-01 7.212952e-02 9.036020e-01 9.002762e+01 1.456322e-01 9.892786e-01 -1.091411e-02 -1.031082e+01 -8.947014e-01 1.269850e-01 -4.282339e-01 6.973601e+01
-3.706207e-01 6.771790e-02 9.263123e-01 9.092320e+01 1.411543e-01 9.898601e-01 -1.588723e-02 -1.035808e+01 -9.179955e-01 1.248648e-01 -3.764213e-01 6.929363e+01
-3.159835e-01 7.140423e-02 9.460739e-01 9.190459e+01 1.427604e-01 9.893891e-01 -2.699220e-02 -1.036819e+01 -9.379626e-01 1.265328e-01 -3.228244e-01 6.910186e+01
-2.568697e-01 7.796371e-02 9.632962e-01 9.288299e+01 1.416399e-01 9.890151e-01 -4.227598e-02 -1.029709e+01 -9.560105e-01 1.255818e-01 -2.650908e-01 6.890778e+01
-1.971200e-01 8.018717e-02 9.770945e-01 9.387403e+01 1.386241e-01 9.889156e-01 -5.319112e-02 -1.043052e+01 -9.705293e-01 1.249639e-01 -2.060509e-01 6.890124e+01
-1.354638e-01 8.465439e-02 9.871592e-01 9.485059e+01 1.375312e-01 9.883041e-01 -6.587974e-02 -1.058393e+01 -9.811905e-01 1.268409e-01 -1.455220e-01 6.905221e+01
-6.681628e-02 8.694786e-02 9.939696e-01 9.584396e+01 1.312262e-01 9.883082e-01 -7.763138e-02 -1.069714e+01 -9.890982e-01 1.252478e-01 -7.744492e-02 6.907241e+01
4.293446e-03 8.852419e-02 9.960648e-01 9.683821e+01 1.249294e-01 9.882227e-01 -8.836573e-02 -1.080317e+01 -9.921563e-01 1.248172e-01 -6.816395e-03 6.908721e+01
6.968568e-02 9.041359e-02 9.934633e-01 9.778533e+01 1.188741e-01 9.880356e-01 -9.825795e-02 -1.090498e+01 -9.904609e-01 1.249442e-01 5.810410e-02 6.939150e+01
1.427067e-01 8.848133e-02 9.858021e-01 9.877670e+01 1.150723e-01 9.877586e-01 -1.053150e-01 -1.102656e+01 -9.830530e-01 1.284677e-01 1.307780e-01 6.944070e+01
2.094541e-01 8.266089e-02 9.743183e-01 9.972054e+01 1.090110e-01 9.882350e-01 -1.072762e-01 -1.117734e+01 -9.717230e-01 1.286809e-01 1.979790e-01 6.973468e+01
2.759682e-01 7.712467e-02 9.580675e-01 1.006556e+02 1.029727e-01 9.886664e-01 -1.092488e-01 -1.124489e+01 -9.556350e-01 1.288040e-01 2.648988e-01 7.008254e+01
3.366954e-01 7.356318e-02 9.387357e-01 1.015344e+02 9.174806e-02 9.896368e-01 -1.104592e-01 -1.137337e+01 -9.371331e-01 1.233183e-01 3.264569e-01 7.054230e+01
3.938535e-01 6.834119e-02 9.166291e-01 1.024225e+02 8.404951e-02 9.903766e-01 -1.099536e-01 -1.146353e+01 -9.153224e-01 1.203479e-01 3.843193e-01 7.099293e+01
4.457199e-01 6.424208e-02 8.928643e-01 1.032817e+02 7.633096e-02 9.910614e-01 -1.094120e-01 -1.160070e+01 -8.919122e-01 1.169203e-01 4.368321e-01 7.148584e+01
4.869257e-01 6.555114e-02 8.709801e-01 1.040284e+02 6.617051e-02 9.915457e-01 -1.116180e-01 -1.173014e+01 -8.709333e-01 1.119829e-01 4.784715e-01 7.213833e+01
5.240897e-01 6.809104e-02 8.489368e-01 1.048550e+02 5.462230e-02 9.920592e-01 -1.132915e-01 -1.182745e+01 -8.499096e-01 1.057458e-01 5.162087e-01 7.269258e+01
5.535517e-01 7.323560e-02 8.295885e-01 1.056394e+02 4.474663e-02 9.920717e-01 -1.174372e-01 -1.194155e+01 -8.316119e-01 1.021288e-01 5.458859e-01 7.330231e+01
5.792801e-01 7.637533e-02 8.115426e-01 1.064561e+02 3.721978e-02 9.920839e-01 -1.199338e-01 -1.204965e+01 -8.142784e-01 9.968072e-02 5.718518e-01 7.386904e+01
5.987658e-01 7.160777e-02 7.977167e-01 1.072623e+02 4.239800e-02 9.917649e-01 -1.208506e-01 -1.217401e+01 -7.998012e-01 1.061828e-01 5.907988e-01 7.444755e+01
6.128517e-01 6.770077e-02 7.872925e-01 1.080806e+02 4.658220e-02 9.914951e-01 -1.215215e-01 -1.227273e+01 -7.888238e-01 1.111485e-01 6.044858e-01 7.501377e+01
6.220709e-01 7.295216e-02 7.795548e-01 1.087971e+02 3.828101e-02 9.916251e-01 -1.233457e-01 -1.239611e+01 -7.820245e-01 1.065719e-01 6.140685e-01 7.570036e+01
6.274016e-01 7.877446e-02 7.747011e-01 1.094957e+02 2.734759e-02 9.920272e-01 -1.230208e-01 -1.257533e+01 -7.782155e-01 9.836963e-02 6.202451e-01 7.639302e+01
6.304368e-01 8.685593e-02 7.713660e-01 1.102094e+02 1.872339e-02 9.917296e-01 -1.269715e-01 -1.263781e+01 -7.760147e-01 9.449010e-02 6.235966e-01 7.709068e+01
6.325801e-01 9.238755e-02 7.689649e-01 1.109562e+02 1.370926e-02 9.913685e-01 -1.303861e-01 -1.279168e+01 -7.743736e-01 9.302158e-02 6.258534e-01 7.773770e+01
6.324587e-01 9.489594e-02 7.687592e-01 1.116573e+02 1.266335e-02 9.910679e-01 -1.327560e-01 -1.294549e+01 -7.744906e-01 9.369773e-02 6.256078e-01 7.843404e+01
6.299562e-01 9.615322e-02 7.706554e-01 1.124188e+02 1.525022e-02 9.905833e-01 -1.360592e-01 -1.309826e+01 -7.764809e-01 9.746400e-02 6.225578e-01 7.906388e+01
6.267037e-01 9.979290e-02 7.728414e-01 1.131684e+02 1.706356e-02 9.897710e-01 -1.416409e-01 -1.326744e+01 -7.790708e-01 1.019543e-01 6.185903e-01 7.970383e+01
6.236178e-01 1.040923e-01 7.747681e-01 1.139762e+02 1.682724e-02 9.890779e-01 -1.464298e-01 -1.340096e+01 -7.815482e-01 1.043534e-01 6.150551e-01 8.027787e+01
6.190817e-01 1.064410e-01 7.780798e-01 1.147576e+02 1.201993e-02 9.893719e-01 -1.449094e-01 -1.355750e+01 -7.852346e-01 9.906320e-02 6.112226e-01 8.088197e+01
6.150802e-01 1.051738e-01 7.814184e-01 1.155520e+02 8.853466e-03 9.900798e-01 -1.402271e-01 -1.369361e+01 -7.884148e-01 9.316921e-02 6.080473e-01 8.147401e+01
6.118858e-01 1.011566e-01 7.844508e-01 1.163752e+02 1.007696e-02 9.907104e-01 -1.356144e-01 -1.381944e+01 -7.908819e-01 9.088541e-02 6.051823e-01 8.202757e+01
6.093542e-01 9.406408e-02 7.872988e-01 1.171376e+02 1.617376e-02 9.912570e-01 -1.309506e-01 -1.391291e+01 -7.927332e-01 9.252885e-02 6.025052e-01 8.266792e+01
6.062351e-01 8.864739e-02 7.903295e-01 1.179345e+02 1.873818e-02 9.919002e-01 -1.256300e-01 -1.408770e+01 -7.950647e-01 9.097066e-02 5.996636e-01 8.324610e+01
6.043546e-01 8.473033e-02 7.921971e-01 1.187140e+02 2.458382e-02 9.918721e-01 -1.248414e-01 -1.421045e+01 -7.963361e-01 9.492371e-02 5.973595e-01 8.386036e+01
6.039181e-01 8.605642e-02 7.923871e-01 1.195023e+02 2.659709e-02 9.914247e-01 -1.279437e-01 -1.436185e+01 -7.966025e-01 9.834269e-02 5.964505e-01 8.445674e+01
6.043398e-01 8.999659e-02 7.916275e-01 1.202701e+02 2.880867e-02 9.904816e-01 -1.345964e-01 -1.449304e+01 -7.962057e-01 1.041477e-01 5.959947e-01 8.508393e+01
6.044227e-01 9.487002e-02 7.909949e-01 1.210395e+02 2.971248e-02 9.895089e-01 -1.413835e-01 -1.461619e+01 -7.961095e-01 1.089578e-01 5.952628e-01 8.571066e+01
6.054479e-01 1.003472e-01 7.895336e-01 1.218265e+02 2.571423e-02 9.890355e-01 -1.454221e-01 -1.475695e+01 -7.954695e-01 1.083477e-01 5.962291e-01 8.631135e+01
6.062183e-01 9.742012e-02 7.893090e-01 1.225699e+02 2.454386e-02 9.897047e-01 -1.410045e-01 -1.491748e+01 -7.949195e-01 1.048522e-01 5.975860e-01 8.696071e+01
6.077131e-01 8.985838e-02 7.890566e-01 1.233371e+02 2.653256e-02 9.907260e-01 -1.332594e-01 -1.506808e+01 -7.937133e-01 1.019192e-01 5.996930e-01 8.758411e+01
6.094887e-01 8.650878e-02 7.880608e-01 1.241293e+02 2.428155e-02 9.915254e-01 -1.276234e-01 -1.521268e+01 -7.924228e-01 9.692035e-02 6.022229e-01 8.817701e+01
6.104832e-01 8.786303e-02 7.871406e-01 1.248673e+02 2.189285e-02 9.915761e-01 -1.276622e-01 -1.539752e+01 -7.917266e-01 9.516837e-02 6.034169e-01 8.882600e+01
6.131030e-01 9.474037e-02 7.843016e-01 1.256929e+02 1.608994e-02 9.910796e-01 -1.322961e-01 -1.555495e+01 -7.898391e-01 9.373050e-02 6.061095e-01 8.936786e+01
6.156839e-01 9.761776e-02 7.819233e-01 1.264535e+02 1.691209e-02 9.904315e-01 -1.369651e-01 -1.571081e+01 -7.878117e-01 9.755116e-02 6.081418e-01 8.999808e+01
6.172623e-01 1.000667e-01 7.803678e-01 1.271685e+02 1.644610e-02 9.900207e-01 -1.399592e-01 -1.587445e+01 -7.865855e-01 9.922555e-02 6.094567e-01 9.067777e+01
6.180882e-01 9.488833e-02 7.803610e-01 1.278084e+02 2.090117e-02 9.903536e-01 -1.369773e-01 -1.610355e+01 -7.858309e-01 1.009745e-01 6.101426e-01 9.141131e+01
6.219759e-01 9.103451e-02 7.777267e-01 1.286151e+02 2.331999e-02 9.906250e-01 -1.346045e-01 -1.624926e+01 -7.826891e-01 1.018573e-01 6.140219e-01 9.198396e+01
6.244394e-01 8.783484e-02 7.761188e-01 1.293872e+02 2.455401e-02 9.909583e-01 -1.319040e-01 -1.640895e+01 -7.806872e-01 1.014229e-01 6.166368e-01 9.259914e+01
6.263826e-01 8.460371e-02 7.749110e-01 1.301726e+02 2.704154e-02 9.911361e-01 -1.300693e-01 -1.652671e+01 -7.790466e-01 1.024280e-01 6.185426e-01 9.320676e+01
6.290307e-01 7.971159e-02 7.732829e-01 1.309977e+02 3.350910e-02 9.910242e-01 -1.294150e-01 -1.665423e+01 -7.766579e-01 1.073180e-01 6.207136e-01 9.375727e+01
6.303017e-01 7.978518e-02 7.722396e-01 1.317896e+02 3.207305e-02 9.911799e-01 -1.285834e-01 -1.677055e+01 -7.756875e-01 1.058144e-01 6.221835e-01 9.435671e+01
6.267854e-01 8.498092e-02 7.745440e-01 1.324649e+02 2.713662e-02 9.910511e-01 -1.306953e-01 -1.691566e+01 -7.787193e-01 1.029364e-01 6.188702e-01 9.507987e+01
6.275656e-01 8.995955e-02 7.733490e-01 1.332657e+02 2.217772e-02 9.908336e-01 -1.332554e-01 -1.706437e+01 -7.782477e-01 1.007776e-01 6.198180e-01 9.565999e+01
6.255102e-01 9.832014e-02 7.739962e-01 1.340410e+02 1.115237e-02 9.908001e-01 -1.348734e-01 -1.719762e+01 -7.801363e-01 9.299660e-02 6.186590e-01 9.627737e+01
6.194726e-01 1.018499e-01 7.783831e-01 1.347004e+02 9.326497e-03 9.905229e-01 -1.370304e-01 -1.728857e+01 -7.849629e-01 9.214619e-02 6.126519e-01 9.702367e+01
6.126381e-01 1.026048e-01 7.836752e-01 1.353980e+02 7.122361e-03 9.907806e-01 -1.352885e-01 -1.743809e+01 -7.903315e-01 8.846452e-02 6.062592e-01 9.772437e+01
6.097978e-01 1.039337e-01 7.857127e-01 1.361717e+02 5.472360e-03 9.907884e-01 -1.353082e-01 -1.759070e+01 -7.925381e-01 8.681033e-02 6.036119e-01 9.833923e+01
6.095081e-01 1.045368e-01 7.858574e-01 1.369534e+02 9.435163e-03 9.902415e-01 -1.390424e-01 -1.770435e+01 -7.927237e-01 9.216215e-02 6.025739e-01 9.895248e+01
6.069721e-01 1.011550e-01 7.882592e-01 1.376932e+02 1.291289e-02 9.904802e-01 -1.370485e-01 -1.786299e+01 -7.946182e-01 9.336333e-02 5.998876e-01 9.960629e+01
6.087236e-01 9.648404e-02 7.874938e-01 1.385109e+02 2.306761e-02 9.900059e-01 -1.391269e-01 -1.797931e+01 -7.930470e-01 1.028554e-01 6.004142e-01 1.001701e+02
6.105603e-01 9.493720e-02 7.862589e-01 1.393535e+02 2.709548e-02 9.897038e-01 -1.405429e-01 -1.809340e+01 -7.915061e-01 1.071140e-01 6.017015e-01 1.006964e+02
6.052526e-01 9.633255e-02 7.901831e-01 1.400606e+02 2.289954e-02 9.901327e-01 -1.382490e-01 -1.824771e+01 -7.957041e-01 1.017704e-01 5.970744e-01 1.013865e+02
6.047679e-01 9.184893e-02 7.910876e-01 1.408530e+02 2.345204e-02 9.908426e-01 -1.329699e-01 -1.837502e+01 -7.960564e-01 9.896856e-02 5.970757e-01 1.019831e+02
6.037951e-01 9.064705e-02 7.919688e-01 1.416196e+02 1.835157e-02 9.916694e-01 -1.274955e-01 -1.853688e+01 -7.969283e-01 9.151506e-02 5.971016e-01 1.026044e+02
6.033998e-01 9.333411e-02 7.919580e-01 1.423948e+02 2.130215e-02 9.908859e-01 -1.330085e-01 -1.869828e+01 -7.971542e-01 9.712773e-02 5.959122e-01 1.032152e+02
6.040362e-01 1.004210e-01 7.906048e-01 1.431964e+02 2.887513e-02 9.886205e-01 -1.476336e-01 -1.883829e+01 -7.964336e-01 1.120049e-01 5.942629e-01 1.037965e+02
6.048922e-01 1.029546e-01 7.896238e-01 1.439724e+02 3.516557e-02 9.871858e-01 -1.556522e-01 -1.900448e+01 -7.955305e-01 1.219204e-01 5.935206e-01 1.044049e+02
6.059466e-01 9.642400e-02 7.896399e-01 1.447714e+02 3.524800e-02 9.883975e-01 -1.477429e-01 -1.914474e+01 -7.947240e-01 1.173575e-01 5.955174e-01 1.049895e+02
6.076775e-01 7.785667e-02 7.903584e-01 1.455232e+02 3.926150e-02 9.910212e-01 -1.278103e-01 -1.928059e+01 -7.932128e-01 1.086981e-01 5.991646e-01 1.056348e+02
6.083029e-01 6.604439e-02 7.909524e-01 1.463046e+02 3.958814e-02 9.927670e-01 -1.133422e-01 -1.943048e+01 -7.927171e-01 1.002587e-01 6.012885e-01 1.062406e+02
6.077923e-01 7.382800e-02 7.906567e-01 1.470767e+02 3.564232e-02 9.921291e-01 -1.200395e-01 -1.956795e+01 -7.932958e-01 1.011399e-01 6.003770e-01 1.068610e+02
6.094915e-01 8.928677e-02 7.877487e-01 1.478774e+02 3.174884e-02 9.900918e-01 -1.367857e-01 -1.967614e+01 -7.921566e-01 1.083798e-01 6.006177e-01 1.074503e+02
6.108224e-01 9.317205e-02 7.862665e-01 1.486580e+02 3.606321e-02 9.887475e-01 -1.451821e-01 -1.978784e+01 -7.909459e-01 1.170358e-01 6.005890e-01 1.080652e+02
6.129893e-01 8.972615e-02 7.849798e-01 1.494291e+02 4.011869e-02 9.887142e-01 -1.443424e-01 -1.996950e+01 -7.890720e-01 1.199727e-01 6.024716e-01 1.086755e+02
6.147426e-01 8.798567e-02 7.838049e-01 1.502009e+02 4.049465e-02 9.889269e-01 -1.427717e-01 -2.013318e+01 -7.876876e-01 1.195078e-01 6.043725e-01 1.092899e+02
6.179532e-01 8.803390e-02 7.812707e-01 1.509934e+02 4.121592e-02 9.887177e-01 -1.440092e-01 -2.028920e+01 -7.851338e-01 1.211917e-01 6.073528e-01 1.098795e+02
6.222235e-01 8.885727e-02 7.777804e-01 1.517741e+02 4.001841e-02 9.886279e-01 -1.449602e-01 -2.046575e+01 -7.818161e-01 1.213232e-01 6.115916e-01 1.104789e+02
6.254714e-01 9.393054e-02 7.745725e-01 1.525894e+02 3.386222e-02 9.885240e-01 -1.472198e-01 -2.057623e+01 -7.795120e-01 1.183105e-01 6.151128e-01 1.110473e+02
6.283958e-01 9.624010e-02 7.719175e-01 1.533875e+02 3.010976e-02 9.885645e-01 -1.477624e-01 -2.073519e+01 -7.773109e-01 1.160955e-01 6.183119e-01 1.116285e+02
6.298843e-01 9.592405e-02 7.707428e-01 1.541430e+02 2.761786e-02 9.889503e-01 -1.456519e-01 -2.090066e+01 -7.761978e-01 1.130301e-01 6.202750e-01 1.122624e+02
6.332380e-01 9.062759e-02 7.686327e-01 1.549321e+02 2.941731e-02 9.895846e-01 -1.409149e-01 -2.106173e+01 -7.733978e-01 1.118438e-01 6.239766e-01 1.128551e+02
6.336223e-01 8.828838e-02 7.685883e-01 1.556247e+02 3.312687e-02 9.894595e-01 -1.409698e-01 -2.125045e+01 -7.729330e-01 1.147825e-01 6.240189e-01 1.135513e+02
6.358943e-01 9.061970e-02 7.664376e-01 1.564027e+02 3.423200e-02 9.887936e-01 -1.453114e-01 -2.138702e+01 -7.710166e-01 1.186394e-01 6.256661e-01 1.141646e+02
6.408454e-01 8.984591e-02 7.623942e-01 1.571884e+02 3.946648e-02 9.879583e-01 -1.496023e-01 -2.154688e+01 -7.666548e-01 1.259610e-01 6.295826e-01 1.147623e+02
6.459580e-01 8.954848e-02 7.581025e-01 1.579560e+02 4.033603e-02 9.877046e-01 -1.510387e-01 -2.168793e+01 -7.623066e-01 1.281435e-01 6.344036e-01 1.153874e+02
6.513576e-01 8.425344e-02 7.540787e-01 1.587106e+02 3.984815e-02 9.886462e-01 -1.448818e-01 -2.187531e+01 -7.577238e-01 1.244185e-01 6.406049e-01 1.160163e+02
6.836689e-01 8.655145e-02 7.246417e-01 1.597069e+02 2.917078e-02 9.889080e-01 -1.456369e-01 -2.183588e+01 -7.292091e-01 1.207058e-01 6.735609e-01 1.159397e+02
6.878565e-01 8.121471e-02 7.212888e-01 1.604882e+02 2.810550e-02 9.899953e-01 -1.382729e-01 -2.194634e+01 -7.253023e-01 1.153841e-01 6.786921e-01 1.165539e+02
6.882049e-01 8.262901e-02 7.207957e-01 1.610917e+02 2.207422e-02 9.906487e-01 -1.346400e-01 -2.212675e+01 -7.251805e-01 1.085709e-01 6.799453e-01 1.173307e+02
6.900321e-01 8.673370e-02 7.185631e-01 1.617342e+02 2.054263e-02 9.900470e-01 -1.392300e-01 -2.229776e+01 -7.234872e-01 1.108343e-01 6.813825e-01 1.180776e+02
6.961923e-01 9.225434e-02 7.119027e-01 1.624561e+02 2.090784e-02 9.886811e-01 -1.485681e-01 -2.248205e+01 -7.175508e-01 1.183163e-01 6.863833e-01 1.187447e+02
6.985292e-01 9.541371e-02 7.091920e-01 1.630914e+02 2.219980e-02 9.877041e-01 -1.547504e-01 -2.263197e+01 -7.152371e-01 1.238416e-01 6.878220e-01 1.195022e+02
7.020398e-01 9.462340e-02 7.058233e-01 1.637610e+02 2.255055e-02 9.876823e-01 -1.548394e-01 -2.276086e+01 -7.117806e-01 1.246201e-01 6.912584e-01 1.202337e+02
7.059922e-01 9.686965e-02 7.015635e-01 1.643882e+02 1.457444e-02 9.884046e-01 -1.511422e-01 -2.294060e+01 -7.080697e-01 1.169301e-01 6.963941e-01 1.209915e+02
7.106948e-01 1.018784e-01 6.960845e-01 1.650560e+02 8.234386e-03 9.881861e-01 -1.530373e-01 -2.309383e+01 -7.034523e-01 1.144947e-01 7.014598e-01 1.217198e+02
7.167631e-01 1.069061e-01 6.890731e-01 1.657466e+02 5.067649e-03 9.873534e-01 -1.584539e-01 -2.326815e+01 -6.972984e-01 1.170659e-01 7.071567e-01 1.224218e+02
7.241407e-01 1.071824e-01 6.812725e-01 1.664703e+02 5.763916e-03 9.868741e-01 -1.613884e-01 -2.341619e+01 -6.896282e-01 1.207947e-01 7.140179e-01 1.230958e+02
7.291320e-01 1.059325e-01 6.761249e-01 1.671214e+02 4.992755e-03 9.870981e-01 -1.600388e-01 -2.357922e+01 -6.843549e-01 1.200651e-01 7.191959e-01 1.238371e+02
7.345955e-01 1.035086e-01 6.705635e-01 1.678078e+02 8.879103e-04 9.881477e-01 -1.535037e-01 -2.373449e+01 -6.785047e-01 1.133586e-01 7.257970e-01 1.245475e+02
7.419635e-01 1.037221e-01 6.623684e-01 1.685488e+02 -4.804339e-03 9.887575e-01 -1.494507e-01 -2.386209e+01 -6.704231e-01 1.077047e-01 7.341203e-01 1.252068e+02
7.448865e-01 1.027504e-01 6.592317e-01 1.691991e+02 -6.277781e-03 9.891058e-01 -1.470724e-01 -2.400709e+01 -6.671617e-01 1.054137e-01 7.374166e-01 1.259526e+02
7.501947e-01 1.006136e-01 6.535173e-01 1.698239e+02 -5.820542e-03 9.893218e-01 -1.456315e-01 -2.415588e+01 -6.611914e-01 1.054482e-01 7.427696e-01 1.267190e+02
7.508049e-01 1.028474e-01 6.524679e-01 1.703992e+02 -7.563147e-03 9.890773e-01 -1.472035e-01 -2.434691e+01 -6.604807e-01 1.055864e-01 7.433820e-01 1.275144e+02
7.534808e-01 1.112432e-01 6.479905e-01 1.710403e+02 -1.457034e-02 9.881652e-01 -1.527001e-01 -2.451969e+01 -6.573085e-01 1.056151e-01 7.461843e-01 1.282621e+02
7.556969e-01 1.182214e-01 6.441629e-01 1.716604e+02 -1.861193e-02 9.870521e-01 -1.593164e-01 -2.467520e+01 -6.546570e-01 1.084058e-01 7.481126e-01 1.290311e+02
7.564864e-01 1.199683e-01 6.429121e-01 1.722770e+02 -1.993362e-02 9.868046e-01 -1.606842e-01 -2.485682e+01 -6.537056e-01 1.087398e-01 7.488956e-01 1.297971e+02
7.597444e-01 1.180610e-01 6.394139e-01 1.730075e+02 -2.525327e-02 9.879936e-01 -1.524169e-01 -2.508550e+01 -6.497313e-01 9.965056e-02 7.536040e-01 1.304406e+02
7.603169e-01 1.131284e-01 6.396250e-01 1.736472e+02 -2.806187e-02 9.895181e-01 -1.416559e-01 -2.523785e+01 -6.489459e-01 8.975428e-02 7.555220e-01 1.311940e+02
7.607592e-01 1.105056e-01 6.395576e-01 1.742524e+02 -3.107926e-02 9.904710e-01 -1.341689e-01 -2.539600e+01 -6.482896e-01 8.219321e-02 7.569444e-01 1.319742e+02
7.645035e-01 1.101140e-01 6.351451e-01 1.748697e+02 -2.812247e-02 9.900614e-01 -1.377951e-01 -2.553564e+01 -6.440058e-01 8.748297e-02 7.600021e-01 1.327484e+02
7.706288e-01 1.024597e-01 6.289939e-01 1.754691e+02 -1.125633e-02 9.890254e-01 -1.473159e-01 -2.566978e+01 -6.371849e-01 1.064457e-01 7.633248e-01 1.335375e+02
7.760414e-01 1.046175e-01 6.219445e-01 1.761549e+02 -1.110090e-02 9.882590e-01 -1.523841e-01 -2.583422e+01 -6.305843e-01 1.113522e-01 7.680913e-01 1.342465e+02
7.819599e-01 1.033609e-01 6.146993e-01 1.767192e+02 -8.057619e-03 9.877497e-01 -1.558387e-01 -2.589073e+01 -6.232767e-01 1.169066e-01 7.732135e-01 1.350702e+02
7.864616e-01 9.800484e-02 6.098141e-01 1.772867e+02 -6.825995e-03 9.886495e-01 -1.500852e-01 -2.604319e+01 -6.176014e-01 1.138736e-01 7.782039e-01 1.358793e+02
7.920228e-01 9.316852e-02 6.033403e-01 1.779257e+02 -3.325261e-03 9.889298e-01 -1.483466e-01 -2.618949e+01 -6.104824e-01 1.154876e-01 7.835648e-01 1.366345e+02
7.968626e-01 7.930080e-02 5.989335e-01 1.784556e+02 1.092387e-02 9.892950e-01 -1.455198e-01 -2.630692e+01 -6.040618e-01 1.225020e-01 7.874659e-01 1.374743e+02
8.013638e-01 7.815869e-02 5.930491e-01 1.790891e+02 1.090095e-02 9.893543e-01 -1.451183e-01 -2.648963e+01 -5.980779e-01 1.227573e-01 7.919807e-01 1.382262e+02
8.043273e-01 7.828892e-02 5.890063e-01 1.796346e+02 1.354605e-02 9.886082e-01 -1.499008e-01 -2.667691e+01 -5.940321e-01 1.285480e-01 7.941041e-01 1.390431e+02
8.123194e-01 7.528715e-02 5.783330e-01 1.802812e+02 2.317217e-02 9.866834e-01 -1.609934e-01 -2.681533e+01 -5.827523e-01 1.441793e-01 7.997575e-01 1.397933e+02
8.193072e-01 7.023644e-02 5.690365e-01 1.808856e+02 3.145156e-02 9.854685e-01 -1.669213e-01 -2.696182e+01 -5.724915e-01 1.546569e-01 8.051924e-01 1.405764e+02
8.247638e-01 6.772524e-02 5.614071e-01 1.814896e+02 2.711895e-02 9.869225e-01 -1.588977e-01 -2.714897e+01 -5.648267e-01 1.462778e-01 8.121414e-01 1.413511e+02
8.253131e-01 6.935729e-02 5.603997e-01 1.819652e+02 1.719628e-02 9.888807e-01 -1.477131e-01 -2.728806e+01 -5.644135e-01 1.315464e-01 8.149436e-01 1.422197e+02
8.286597e-01 6.690272e-02 5.557401e-01 1.825095e+02 1.436100e-02 9.899637e-01 -1.405903e-01 -2.744321e+01 -5.595684e-01 1.244825e-01 8.193823e-01 1.430441e+02
8.307717e-01 6.711119e-02 5.525526e-01 1.830809e+02 1.489487e-02 9.896688e-01 -1.425965e-01 -2.761343e+01 -5.564139e-01 1.266954e-01 8.211893e-01 1.438469e+02
8.296017e-01 7.680027e-02 5.530487e-01 1.836099e+02 9.971859e-03 9.882993e-01 -1.522006e-01 -2.779703e+01 -5.582667e-01 1.317808e-01 8.191289e-01 1.446755e+02
8.294175e-01 8.830598e-02 5.516056e-01 1.840804e+02 2.685042e-03 9.867853e-01 -1.620108e-01 -2.793755e+01 -5.586228e-01 1.358557e-01 8.182199e-01 1.455466e+02
8.293756e-01 8.891814e-02 5.515702e-01 1.845706e+02 3.549666e-03 9.863951e-01 -1.643534e-01 -2.813976e+01 -5.586802e-01 1.382686e-01 8.177764e-01 1.463944e+02
8.301083e-01 8.201384e-02 5.515378e-01 1.850919e+02 7.687350e-03 9.873469e-01 -1.583889e-01 -2.833965e+01 -5.575492e-01 1.357198e-01 8.189744e-01 1.472241e+02
8.299048e-01 7.634670e-02 5.526565e-01 1.856086e+02 9.428627e-03 9.885316e-01 -1.507193e-01 -2.848301e+01 -5.578253e-01 1.302934e-01 8.196673e-01 1.480682e+02
8.299890e-01 7.256167e-02 5.530398e-01 1.861343e+02 1.028199e-02 9.893433e-01 -1.452379e-01 -2.863846e+01 -5.576850e-01 1.262322e-01 8.203980e-01 1.489045e+02
8.304347e-01 7.378469e-02 5.522083e-01 1.866735e+02 9.404228e-03 9.891932e-01 -1.463160e-01 -2.879172e+01 -5.570366e-01 1.266990e-01 8.207665e-01 1.497326e+02
8.366569e-01 7.906384e-02 5.419909e-01 1.873430e+02 1.048898e-02 9.870326e-01 -1.601766e-01 -2.888319e+01 -5.476269e-01 1.396978e-01 8.249784e-01 1.504698e+02
8.384970e-01 7.744368e-02 5.393749e-01 1.878779e+02 1.923940e-02 9.850242e-01 -1.713392e-01 -2.907216e+01 -5.445664e-01 1.540447e-01 8.244499e-01 1.512933e+02
8.403782e-01 7.069921e-02 5.373697e-01 1.883846e+02 3.043796e-02 9.837353e-01 -1.770266e-01 -2.922966e+01 -5.411451e-01 1.651257e-01 8.245577e-01 1.521409e+02
8.401349e-01 7.073584e-02 5.377451e-01 1.888850e+02 2.748274e-02 9.846335e-01 -1.724573e-01 -2.941648e+01 -5.416807e-01 1.596661e-01 8.252810e-01 1.529863e+02
8.415343e-01 7.044792e-02 5.355904e-01 1.894466e+02 2.147582e-02 9.863135e-01 -1.634764e-01 -2.957846e+01 -5.397766e-01 1.490732e-01 8.285037e-01 1.537977e+02
8.434844e-01 7.017357e-02 5.325502e-01 1.899909e+02 1.978081e-02 9.866996e-01 -1.613463e-01 -2.975148e+01 -5.367893e-01 1.466274e-01 8.308776e-01 1.546186e+02
8.449333e-01 7.171844e-02 5.300417e-01 1.905608e+02 2.074351e-02 9.858305e-01 -1.664569e-01 -2.990813e+01 -5.344693e-01 1.516399e-01 8.314733e-01 1.554252e+02
8.449548e-01 7.521242e-02 5.295229e-01 1.910951e+02 2.096022e-02 9.846455e-01 -1.733032e-01 -3.007855e+01 -5.344268e-01 1.575323e-01 8.304044e-01 1.562532e+02
8.443742e-01 8.048357e-02 5.296741e-01 1.915948e+02 1.513930e-02 9.846726e-01 -1.737544e-01 -3.024940e+01 -5.355400e-01 1.547326e-01 8.302137e-01 1.571023e+02
8.449965e-01 7.668877e-02 5.292445e-01 1.921097e+02 1.734419e-02 9.852134e-01 -1.704516e-01 -3.042546e+01 -5.344905e-01 1.532103e-01 8.311718e-01 1.579413e+02
8.446279e-01 7.930397e-02 5.294475e-01 1.926269e+02 1.202525e-02 9.859074e-01 -1.668593e-01 -3.061529e+01 -5.352188e-01 1.473008e-01 8.317712e-01 1.587759e+02
8.441114e-01 8.171831e-02 5.299039e-01 1.931542e+02 7.599590e-03 9.863943e-01 -1.642211e-01 -3.079439e+01 -5.361140e-01 1.426479e-01 8.320056e-01 1.596065e+02
8.431083e-01 8.642334e-02 5.307536e-01 1.936086e+02 2.742090e-03 9.862971e-01 -1.649560e-01 -3.098565e+01 -5.377368e-01 1.405311e-01 8.313183e-01 1.604765e+02
8.427027e-01 9.132839e-02 5.305763e-01 1.941941e+02 -5.011459e-04 9.856395e-01 -1.688627e-01 -3.112901e+01 -5.383789e-01 1.420352e-01 8.306468e-01 1.612744e+02
8.422225e-01 9.716331e-02 5.303023e-01 1.946830e+02 -3.713874e-03 9.846482e-01 -1.745113e-01 -3.131419e+01 -5.391173e-01 1.450079e-01 8.296537e-01 1.621268e+02
8.417141e-01 1.007068e-01 5.304484e-01 1.951763e+02 -8.015188e-03 9.846734e-01 -1.742240e-01 -3.149669e+01 -5.398640e-01 1.423951e-01 8.296207e-01 1.629773e+02
8.424341e-01 9.734772e-02 5.299323e-01 1.956687e+02 -1.022353e-02 9.862538e-01 -1.649209e-01 -3.167319e+01 -5.387024e-01 1.335172e-01 8.318491e-01 1.638296e+02
8.430978e-01 9.099045e-02 5.300065e-01 1.961706e+02 -8.510535e-03 9.877155e-01 -1.560310e-01 -3.187369e+01 -5.376929e-01 1.270388e-01 8.335151e-01 1.646709e+02
8.434070e-01 8.582927e-02 5.303753e-01 1.967143e+02 -3.186312e-03 9.879393e-01 -1.548088e-01 -3.205914e+01 -5.372657e-01 1.288769e-01 8.335084e-01 1.654895e+02
8.428192e-01 9.040229e-02 5.305500e-01 1.971907e+02 -4.458229e-03 9.869306e-01 -1.610844e-01 -3.226705e+01 -5.381784e-01 1.333997e-01 8.322070e-01 1.663438e+02
8.401328e-01 1.014682e-01 5.328049e-01 1.976487e+02 -1.430665e-02 9.861488e-01 -1.652448e-01 -3.250962e+01 -5.421920e-01 1.312049e-01 8.299476e-01 1.671990e+02
8.389156e-01 1.083420e-01 5.333692e-01 1.981582e+02 -1.838483e-02 9.850686e-01 -1.711778e-01 -3.271016e+01 -5.439510e-01 1.337978e-01 8.283812e-01 1.680358e+02
8.382800e-01 1.116276e-01 5.336908e-01 1.987459e+02 -1.997073e-02 9.844475e-01 -1.745402e-01 -3.292593e+01 -5.448741e-01 1.356554e-01 8.274720e-01 1.688156e+02
8.374180e-01 1.133880e-01 5.346721e-01 1.993492e+02 -1.934786e-02 9.837810e-01 -1.783275e-01 -3.315591e+01 -5.462204e-01 1.389899e-01 8.260297e-01 1.695792e+02
8.346240e-01 1.168568e-01 5.382817e-01 1.998464e+02 -2.160585e-02 9.834303e-01 -1.799945e-01 -3.336754e+01 -5.503961e-01 1.385977e-01 8.233194e-01 1.704206e+02
8.297172e-01 1.194390e-01 5.452556e-01 2.003129e+02 -2.695083e-02 9.842715e-01 -1.745948e-01 -3.361485e+01 -5.575329e-01 1.301692e-01 8.198860e-01 1.712699e+02
8.266680e-01 1.159240e-01 5.506193e-01 2.008601e+02 -2.864713e-02 9.859499e-01 -1.645667e-01 -3.380450e+01 -5.619603e-01 1.202683e-01 8.183741e-01 1.720851e+02
8.228615e-01 1.228808e-01 5.547966e-01 2.014703e+02 -3.938542e-02 9.863239e-01 -1.600434e-01 -3.405318e+01 -5.668754e-01 1.098426e-01 8.164477e-01 1.728373e+02
8.191832e-01 1.231756e-01 5.601487e-01 2.020081e+02 -3.723534e-02 9.860270e-01 -1.623709e-01 -3.420640e+01 -5.723219e-01 1.121542e-01 8.123233e-01 1.736664e+02
8.157119e-01 1.217428e-01 5.655022e-01 2.025192e+02 -2.893543e-02 9.849660e-01 -1.703079e-01 -3.436143e+01 -5.777342e-01 1.225592e-01 8.069712e-01 1.745118e+02
7.277214e-01 1.567456e-01 6.677217e-01 2.018081e+02 -1.043821e-03 9.737878e-01 -2.274560e-01 -3.400923e+01 -6.858720e-01 1.648277e-01 7.088099e-01 1.751203e+02
7.205949e-01 1.661651e-01 6.731509e-01 2.024878e+02 -6.777324e-03 9.725002e-01 -2.328035e-01 -3.427858e+01 -6.933232e-01 1.631949e-01 7.019048e-01 1.758026e+02
6.150109e-01 1.764684e-01 7.685184e-01 2.018089e+02 3.140838e-02 9.683798e-01 -2.474956e-01 -3.414632e+01 -7.878928e-01 1.763504e-01 5.900215e-01 1.765247e+02
6.083289e-01 1.777370e-01 7.735279e-01 2.025687e+02 2.415548e-02 9.700056e-01 -2.418793e-01 -3.452644e+01 -7.933174e-01 1.658271e-01 5.857892e-01 1.770522e+02
5.134998e-01 2.109325e-01 8.317605e-01 2.021962e+02 6.724972e-02 9.564425e-01 -2.840692e-01 -3.416756e+01 -8.554504e-01 2.018051e-01 4.769478e-01 1.779080e+02
5.097684e-01 2.063113e-01 8.352076e-01 2.030525e+02 7.448441e-02 9.565905e-01 -2.817566e-01 -3.447716e+01 -8.570812e-01 2.058406e-01 4.722726e-01 1.783214e+02
5.055758e-01 2.078438e-01 8.373733e-01 2.038738e+02 7.097002e-02 9.572427e-01 -2.804456e-01 -3.480125e+01 -8.598584e-01 2.012149e-01 4.692080e-01 1.787908e+02
4.124424e-01 2.597306e-01 8.731731e-01 2.036718e+02 1.092141e-01 9.374843e-01 -3.304474e-01 -3.442797e+01 -9.044134e-01 2.316533e-01 3.582921e-01 1.796962e+02
4.203717e-01 2.590298e-01 8.695925e-01 2.046339e+02 1.095320e-01 9.368896e-01 -3.320250e-01 -3.464656e+01 -9.007166e-01 2.348221e-01 3.654698e-01 1.798594e+02
4.172596e-01 2.615296e-01 8.703429e-01 2.054544e+02 1.013448e-01 9.383327e-01 -3.305466e-01 -3.504667e+01 -9.031188e-01 2.261284e-01 3.650237e-01 1.802676e+02
4.213731e-01 2.572012e-01 8.696507e-01 2.063337e+02 1.074078e-01 9.380371e-01 -3.294691e-01 -3.532214e+01 -9.005045e-01 2.322367e-01 3.676382e-01 1.806561e+02
4.187155e-01 2.651944e-01 8.685328e-01 2.071695e+02 1.013059e-01 9.367998e-01 -3.348779e-01 -3.564561e+01 -9.024492e-01 2.282060e-01 3.653868e-01 1.810997e+02
4.169657e-01 2.753073e-01 8.662249e-01 2.079891e+02 9.685526e-02 9.341396e-01 -3.435145e-01 -3.598514e+01 -9.037470e-01 2.271322e-01 3.628392e-01 1.815613e+02
4.193082e-01 2.829780e-01 8.626147e-01 2.088504e+02 9.733455e-02 9.306895e-01 -3.526231e-01 -3.633049e+01 -9.026110e-01 2.318200e-01 3.627022e-01 1.819339e+02
4.231014e-01 2.836957e-01 8.605242e-01 2.096869e+02 1.026038e-01 9.286097e-01 -3.565900e-01 -3.668969e+01 -9.002542e-01 2.391668e-01 3.637879e-01 1.823478e+02
4.241221e-01 2.817120e-01 8.606735e-01 2.105479e+02 9.519184e-02 9.312519e-01 -3.517220e-01 -3.707877e+01 -9.005881e-01 2.311021e-01 3.681478e-01 1.826753e+02
4.258692e-01 2.726227e-01 8.627353e-01 2.114050e+02 8.890575e-02 9.363021e-01 -3.397560e-01 -3.744008e+01 -9.004061e-01 2.213937e-01 3.745045e-01 1.830425e+02
4.292276e-01 2.609798e-01 8.646694e-01 2.122563e+02 8.683308e-02 9.409854e-01 -3.271184e-01 -3.783016e+01 -8.990126e-01 2.154902e-01 3.812352e-01 1.833933e+02
4.391579e-01 2.484085e-01 8.633849e-01 2.131482e+02 9.405481e-02 9.430214e-01 -3.191618e-01 -3.815194e+01 -8.934730e-01 2.213679e-01 3.907713e-01 1.837110e+02
4.415646e-01 2.506703e-01 8.615017e-01 2.140042e+02 9.289518e-02 9.422469e-01 -3.217783e-01 -3.848298e+01 -8.924075e-01 2.221152e-01 3.927768e-01 1.841083e+02
4.444349e-01 2.559708e-01 8.584618e-01 2.148548e+02 9.019363e-02 9.406508e-01 -3.271716e-01 -3.881843e+01 -8.912591e-01 2.228343e-01 3.949711e-01 1.845131e+02
4.475167e-01 2.618340e-01 8.550858e-01 2.156804e+02 9.246563e-02 9.375042e-01 -3.354639e-01 -3.917292e+01 -8.894824e-01 2.291917e-01 3.953381e-01 1.849521e+02
4.514475e-01 2.620548e-01 8.529493e-01 2.165319e+02 9.855031e-02 9.354109e-01 -3.395503e-01 -3.955160e+01 -8.868388e-01 2.373475e-01 3.964633e-01 1.853148e+02
4.522932e-01 2.554400e-01 8.545064e-01 2.173794e+02 1.031896e-01 9.366848e-01 -3.346245e-01 -3.992613e+01 -8.858796e-01 2.395245e-01 3.972974e-01 1.856910e+02
4.583671e-01 2.478797e-01 8.534959e-01 2.182584e+02 1.114268e-01 9.367140e-01 -3.318900e-01 -4.023902e+01 -8.817504e-01 2.472297e-01 4.017384e-01 1.860507e+02
4.592762e-01 2.436322e-01 8.542299e-01 2.190934e+02 1.145715e-01 9.373734e-01 -3.289446e-01 -4.061462e+01 -8.808739e-01 2.489468e-01 4.025999e-01 1.864530e+02
4.587205e-01 2.448254e-01 8.541873e-01 2.199238e+02 1.167048e-01 9.363673e-01 -3.310531e-01 -4.099101e+01 -8.808833e-01 2.515487e-01 4.009586e-01 1.868638e+02
4.586586e-01 2.491239e-01 8.529769e-01 2.207720e+02 1.178545e-01 9.343636e-01 -3.362662e-01 -4.134711e+01 -8.807625e-01 2.547586e-01 3.991935e-01 1.872559e+02
4.607405e-01 2.494073e-01 8.517712e-01 2.216311e+02 1.204409e-01 9.332569e-01 -3.384161e-01 -4.171503e+01 -8.793248e-01 2.585101e-01 3.999505e-01 1.876115e+02
4.597766e-01 2.480396e-01 8.526909e-01 2.224711e+02 1.179394e-01 9.346387e-01 -3.354711e-01 -4.207995e+01 -8.801680e-01 2.548077e-01 4.004713e-01 1.880131e+02
4.622488e-01 2.428538e-01 8.528470e-01 2.233378e+02 1.187182e-01 9.361600e-01 -3.309237e-01 -4.243230e+01 -8.787674e-01 2.542175e-01 4.039076e-01 1.883661e+02
4.630812e-01 2.391471e-01 8.534427e-01 2.241835e+02 1.202368e-01 9.370583e-01 -3.278184e-01 -4.278189e+01 -8.781224e-01 2.544218e-01 4.051797e-01 1.887694e+02
4.639691e-01 2.418801e-01 8.521894e-01 2.250304e+02 1.194776e-01 9.361239e-01 -3.307523e-01 -4.313715e+01 -8.777572e-01 2.552764e-01 4.054333e-01 1.891651e+02
4.628431e-01 2.458331e-01 8.516703e-01 2.258230e+02 1.216487e-01 9.340707e-01 -3.357282e-01 -4.358053e+01 -8.780534e-01 2.589941e-01 4.024229e-01 1.895836e+02
4.652420e-01 2.525525e-01 8.483909e-01 2.267185e+02 1.215403e-01 9.311318e-01 -3.438336e-01 -4.395766e+01 -8.767998e-01 2.630795e-01 4.025063e-01 1.898200e+02
4.595057e-01 2.551921e-01 8.507241e-01 2.273782e+02 1.201429e-01 9.311714e-01 -3.442173e-01 -4.447760e+01 -8.800115e-01 2.603783e-01 3.972191e-01 1.903626e+02
4.596756e-01 2.560656e-01 8.503698e-01 2.282643e+02 1.141378e-01 9.325547e-01 -3.425117e-01 -4.485711e+01 -8.807218e-01 2.545036e-01 3.994459e-01 1.906289e+02
4.625096e-01 2.493021e-01 8.508427e-01 2.291663e+02 1.179407e-01 9.338254e-01 -3.377279e-01 -4.513436e+01 -8.787348e-01 2.565514e-01 4.025003e-01 1.909596e+02
4.638668e-01 2.410590e-01 8.524777e-01 2.300044e+02 1.215424e-01 9.358515e-01 -3.307710e-01 -4.546462e+01 -8.775278e-01 2.570458e-01 4.048116e-01 1.913938e+02
4.608598e-01 2.371083e-01 8.552122e-01 2.307460e+02 1.227193e-01 9.373650e-01 -3.260167e-01 -4.583817e+01 -8.789472e-01 2.551991e-01 4.028961e-01 1.919510e+02
4.605603e-01 2.341945e-01 8.561759e-01 2.315968e+02 1.226445e-01 9.385240e-01 -3.226935e-01 -4.616091e+01 -8.791146e-01 2.536251e-01 4.035242e-01 1.923658e+02
4.620454e-01 2.309367e-01 8.562607e-01 2.324332e+02 1.233527e-01 9.393814e-01 -3.199168e-01 -4.652304e+01 -8.782358e-01 2.534382e-01 4.055502e-01 1.927772e+02
4.672169e-01 2.291656e-01 8.539271e-01 2.332827e+02 1.268966e-01 9.384445e-01 -3.212773e-01 -4.686890e+01 -8.749890e-01 2.584667e-01 4.093768e-01 1.931757e+02
4.762692e-01 2.279407e-01 8.492413e-01 2.341331e+02 1.310164e-01 9.366382e-01 -3.248747e-01 -4.713961e+01 -8.694840e-01 2.659924e-01 4.162279e-01 1.936268e+02
4.919214e-01 2.317986e-01 8.392156e-01 2.350808e+02 1.254621e-01 9.349732e-01 -3.317896e-01 -4.743645e+01 -8.615524e-01 2.685041e-01 4.308514e-01 1.937439e+02
5.030890e-01 2.350967e-01 8.316435e-01 2.358601e+02 1.205695e-01 9.337859e-01 -3.369078e-01 -4.778808e+01 -8.557829e-01 2.697654e-01 4.414320e-01 1.942627e+02
5.182264e-01 2.374132e-01 8.216303e-01 2.366684e+02 1.133963e-01 9.331415e-01 -3.411572e-01 -4.815605e+01 -8.476925e-01 2.699665e-01 4.566568e-01 1.947222e+02
5.372639e-01 2.338178e-01 8.103559e-01 2.374575e+02 1.109419e-01 9.328638e-01 -3.427201e-01 -4.848111e+01 -8.360858e-01 2.740336e-01 4.752538e-01 1.952434e+02
5.580013e-01 2.305939e-01 7.971581e-01 2.382469e+02 1.026633e-01 9.340542e-01 -3.420569e-01 -4.882177e+01 -8.234651e-01 2.727071e-01 4.975300e-01 1.957542e+02
5.790676e-01 2.267437e-01 7.831143e-01 2.389622e+02 9.457620e-02 9.353796e-01 -3.407644e-01 -4.920297e+01 -8.097753e-01 2.713896e-01 5.202035e-01 1.963398e+02
5.683703e-01 2.207133e-01 7.926165e-01 2.386346e+02 1.039796e-01 9.363555e-01 -3.353009e-01 -4.947126e+01 -8.161761e-01 2.729910e-01 5.092469e-01 1.972457e+02
5.946002e-01 2.243304e-01 7.720922e-01 2.393118e+02 8.896139e-02 9.360358e-01 -3.404745e-01 -4.986775e+01 -7.990847e-01 2.711326e-01 5.366104e-01 1.978655e+02
6.240949e-01 2.314907e-01 7.462691e-01 2.400006e+02 6.818600e-02 9.353244e-01 -3.471583e-01 -5.024712e+01 -7.783677e-01 2.675448e-01 5.679468e-01 1.984833e+02
6.516653e-01 2.375082e-01 7.203625e-01 2.405322e+02 4.815043e-02 9.348426e-01 -3.517823e-01 -5.064435e+01 -7.569768e-01 2.639301e-01 5.977684e-01 1.992313e+02
6.847638e-01 2.424052e-01 6.872687e-01 2.412167e+02 2.600235e-02 9.343320e-01 -3.554540e-01 -5.094933e+01 -7.283011e-01 2.612726e-01 6.334936e-01 1.998935e+02
7.170546e-01 2.496792e-01 6.507634e-01 2.418424e+02 -3.538466e-03 9.349325e-01 -3.548079e-01 -5.138044e+01 -6.970080e-01 2.521139e-01 6.712811e-01 2.005436e+02
7.465071e-01 2.604809e-01 6.122719e-01 2.423172e+02 -3.690633e-02 9.349804e-01 -3.527741e-01 -5.180169e+01 -6.643532e-01 2.407517e-01 7.075829e-01 2.013163e+02
7.753970e-01 2.692524e-01 5.711940e-01 2.427726e+02 -6.725079e-02 9.346069e-01 -3.492668e-01 -5.213621e+01 -6.278828e-01 2.324072e-01 7.427988e-01 2.021414e+02
8.017379e-01 2.763369e-01 5.299568e-01 2.430939e+02 -9.416118e-02 9.340228e-01 -3.445797e-01 -5.241542e+01 -5.902118e-01 2.263612e-01 7.748617e-01 2.030462e+02
8.276907e-01 2.802761e-01 4.861826e-01 2.433486e+02 -1.190513e-01 9.343266e-01 -3.359474e-01 -5.270912e+01 -5.484113e-01 2.201799e-01 8.067006e-01 2.039676e+02
8.536985e-01 2.799467e-01 4.391227e-01 2.437087e+02 -1.416951e-01 9.362757e-01 -3.214191e-01 -5.306541e+01 -5.011202e-01 2.121735e-01 8.389642e-01 2.048298e+02
8.771192e-01 2.797377e-01 3.903957e-01 2.440672e+02 -1.653125e-01 9.390407e-01 -3.014538e-01 -5.339041e+01 -4.509254e-01 1.998736e-01 8.698947e-01 2.057049e+02
8.957677e-01 2.835980e-01 3.423046e-01 2.443371e+02 -1.892005e-01 9.400566e-01 -2.837195e-01 -5.361667e+01 -4.022479e-01 1.893826e-01 8.957292e-01 2.066408e+02
9.120934e-01 2.856730e-01 2.940689e-01 2.444412e+02 -2.089310e-01 9.410226e-01 -2.661285e-01 -5.390270e+01 -3.527512e-01 1.812940e-01 9.179864e-01 2.075934e+02
9.250166e-01 2.895839e-01 2.459380e-01 2.444576e+02 -2.273898e-01 9.405694e-01 -2.522361e-01 -5.407755e+01 -3.043653e-01 1.773988e-01 9.358907e-01 2.085778e+02
9.366445e-01 2.913938e-01 1.943879e-01 2.444475e+02 -2.433593e-01 9.404837e-01 -2.372061e-01 -5.429423e+01 -2.519391e-01 1.748717e-01 9.518123e-01 2.095540e+02
9.466411e-01 2.896676e-01 1.412917e-01 2.444329e+02 -2.543418e-01 9.406978e-01 -2.244948e-01 -5.445702e+01 -1.979417e-01 1.765796e-01 9.641777e-01 2.105406e+02
9.573101e-01 2.848683e-01 4.906461e-02 2.450912e+02 -2.719324e-01 9.450738e-01 -1.813511e-01 -5.514283e+01 -9.803086e-02 1.602670e-01 9.821937e-01 2.108509e+02
9.606198e-01 2.776660e-01 -1.054589e-02 2.451049e+02 -2.753943e-01 9.463370e-01 -1.691281e-01 -5.535374e+01 -3.698115e-02 1.653720e-01 9.855377e-01 2.118283e+02
9.571841e-01 2.815185e-01 -6.742356e-02 2.449750e+02 -2.888856e-01 9.438648e-01 -1.602008e-01 -5.537552e+01 1.853924e-02 1.728194e-01 9.847790e-01 2.128196e+02
9.515321e-01 2.821044e-01 -1.224899e-01 2.448301e+02 -2.984357e-01 9.431817e-01 -1.460974e-01 -5.550870e+01 7.431548e-02 1.755717e-01 9.816577e-01 2.138000e+02
9.431210e-01 2.847254e-01 -1.716221e-01 2.446008e+02 -3.082405e-01 9.423041e-01 -1.305788e-01 -5.563399e+01 1.245411e-01 1.760525e-01 9.764707e-01 2.147653e+02
9.332985e-01 2.858271e-01 -2.173864e-01 2.443704e+02 -3.153770e-01 9.419054e-01 -1.155488e-01 -5.570102e+01 1.717304e-01 1.764002e-01 9.692222e-01 2.157360e+02
9.243789e-01 2.795759e-01 -2.595399e-01 2.440269e+02 -3.139896e-01 9.439917e-01 -1.014412e-01 -5.584546e+01 2.166430e-01 1.752629e-01 9.603899e-01 2.166640e+02
9.139912e-01 2.767198e-01 -2.967259e-01 2.436800e+02 -3.154497e-01 9.445920e-01 -9.076036e-02 -5.593945e+01 2.551697e-01 1.765563e-01 9.506399e-01 2.175972e+02
9.018576e-01 2.795212e-01 -3.294249e-01 2.433378e+02 -3.215825e-01 9.435125e-01 -7.980510e-02 -5.602308e+01 2.885093e-01 1.779101e-01 9.408030e-01 2.185331e+02
8.916098e-01 2.809709e-01 -3.550879e-01 2.429295e+02 -3.265243e-01 9.422638e-01 -7.430149e-02 -5.606606e+01 3.137099e-01 1.821928e-01 9.318755e-01 2.194449e+02
8.840759e-01 2.820776e-01 -3.726151e-01 2.423449e+02 -3.297008e-01 9.415236e-01 -6.950263e-02 -5.609822e+01 3.312208e-01 1.842971e-01 9.253796e-01 2.202556e+02
8.733468e-01 2.850287e-01 -3.949989e-01 2.420686e+02 -3.358936e-01 9.396824e-01 -6.459553e-02 -5.614072e+01 3.527619e-01 1.890919e-01 9.164078e-01 2.212157e+02
8.659459e-01 2.856335e-01 -4.105499e-01 2.415064e+02 -3.384298e-01 9.390446e-01 -6.050245e-02 -5.612280e+01 3.682431e-01 1.913342e-01 9.098287e-01 2.220425e+02
8.586194e-01 2.885520e-01 -4.236868e-01 2.411204e+02 -3.428551e-01 9.377066e-01 -5.618518e-02 -5.621252e+01 3.810816e-01 1.935049e-01 9.040645e-01 2.229607e+02
8.534076e-01 2.894588e-01 -4.334849e-01 2.406805e+02 -3.455178e-01 9.368186e-01 -5.466663e-02 -5.626308e+01 3.902729e-01 1.964296e-01 8.995012e-01 2.238573e+02
8.495021e-01 2.913942e-01 -4.398132e-01 2.402811e+02 -3.489083e-01 9.355971e-01 -5.404752e-02 -5.632949e+01 3.957388e-01 1.993680e-01 8.964615e-01 2.247717e+02
8.455820e-01 2.927237e-01 -4.464346e-01 2.400749e+02 -3.509679e-01 9.349583e-01 -5.171577e-02 -5.647089e+01 4.022593e-01 2.004142e-01 8.933206e-01 2.257399e+02
8.459866e-01 2.919473e-01 -4.461765e-01 2.395581e+02 -3.499317e-01 9.353606e-01 -5.146292e-02 -5.648544e+01 4.023114e-01 1.996682e-01 8.934641e-01 2.265959e+02
8.458952e-01 2.923195e-01 -4.461061e-01 2.391304e+02 -3.503628e-01 9.351947e-01 -5.154497e-02 -5.655196e+01 4.021284e-01 1.999006e-01 8.934945e-01 2.274974e+02
8.466597e-01 2.927847e-01 -4.443473e-01 2.385685e+02 -3.503751e-01 9.351984e-01 -5.139376e-02 -5.657447e+01 4.005055e-01 1.992012e-01 8.943792e-01 2.283243e+02
8.450115e-01 2.948468e-01 -4.461175e-01 2.382909e+02 -3.523405e-01 9.345500e-01 -4.972387e-02 -5.670614e+01 4.022582e-01 1.992025e-01 8.935920e-01 2.292759e+02
8.447893e-01 2.905193e-01 -4.493658e-01 2.379384e+02 -3.485144e-01 9.359644e-01 -5.008277e-02 -5.685971e+01 4.060404e-01 1.989199e-01 8.919429e-01 2.301990e+02
8.460970e-01 2.852115e-01 -4.503047e-01 2.374223e+02 -3.437819e-01 9.376035e-01 -5.209238e-02 -5.691740e+01 4.073499e-01 1.988818e-01 8.913541e-01 2.310536e+02
8.471182e-01 2.833215e-01 -4.495772e-01 2.369698e+02 -3.423507e-01 9.380227e-01 -5.393846e-02 -5.698365e+01 4.064317e-01 1.996053e-01 8.916115e-01 2.319429e+02
8.464987e-01 2.818121e-01 -4.516877e-01 2.366077e+02 -3.400037e-01 9.390223e-01 -5.132930e-02 -5.717055e+01 4.096796e-01 1.970257e-01 8.906983e-01 2.328561e+02
8.475244e-01 2.798352e-01 -4.509929e-01 2.360812e+02 -3.379652e-01 9.397190e-01 -5.203481e-02 -5.721892e+01 4.092455e-01 1.965207e-01 8.910094e-01 2.337049e+02
8.503539e-01 2.766822e-01 -4.475994e-01 2.355352e+02 -3.335713e-01 9.412973e-01 -5.186203e-02 -5.728629e+01 4.069748e-01 1.934074e-01 8.927290e-01 2.345400e+02
8.523882e-01 2.707535e-01 -4.473555e-01 2.350651e+02 -3.262155e-01 9.439586e-01 -5.025560e-02 -5.742126e+01 4.086782e-01 1.887716e-01 8.929431e-01 2.354122e+02
8.086859e-01 2.532070e-01 -5.309551e-01 2.358604e+02 -3.270258e-01 9.437956e-01 -4.799946e-02 -5.745789e+01 4.889593e-01 2.124525e-01 8.460395e-01 2.360173e+02
8.092427e-01 2.512547e-01 -5.310343e-01 2.353635e+02 -3.243556e-01 9.447528e-01 -4.728281e-02 -5.754244e+01 4.898161e-01 2.105072e-01 8.460301e-01 2.368810e+02
8.101153e-01 2.517141e-01 -5.294839e-01 2.348630e+02 -3.239085e-01 9.449520e-01 -4.635726e-02 -5.758222e+01 4.886681e-01 2.090590e-01 8.470524e-01 2.377458e+02
8.059713e-01 2.534365e-01 -5.349582e-01 2.345679e+02 -3.255741e-01 9.445365e-01 -4.303772e-02 -5.765093e+01 4.943802e-01 2.088557e-01 8.437817e-01 2.386988e+02
8.079666e-01 2.549697e-01 -5.312066e-01 2.339748e+02 -3.244162e-01 9.450760e-01 -3.981829e-02 -5.767707e+01 4.918781e-01 2.045039e-01 8.463062e-01 2.395035e+02
8.102932e-01 2.520079e-01 -5.290717e-01 2.333598e+02 -3.200345e-01 9.465919e-01 -3.926336e-02 -5.774607e+01 4.909204e-01 2.011361e-01 8.476683e-01 2.402890e+02
8.099350e-01 2.499614e-01 -5.305888e-01 2.328202e+02 -3.195848e-01 9.466317e-01 -4.188092e-02 -5.780024e+01 4.918036e-01 2.034890e-01 8.465940e-01 2.411292e+02
8.107552e-01 2.432373e-01 -5.324581e-01 2.321818e+02 -3.150855e-01 9.479114e-01 -4.674517e-02 -5.780942e+01 4.933529e-01 2.056687e-01 8.451646e-01 2.418988e+02
8.119077e-01 2.373073e-01 -5.333772e-01 2.315985e+02 -3.083310e-01 9.501364e-01 -4.661241e-02 -5.789168e+01 4.957196e-01 2.023017e-01 8.445923e-01 2.427069e+02
8.103430e-01 2.391981e-01 -5.349098e-01 2.310952e+02 -3.076725e-01 9.506081e-01 -4.100985e-02 -5.794324e+01 4.986801e-01 1.978091e-01 8.439133e-01 2.435695e+02
8.111868e-01 2.376659e-01 -5.343135e-01 2.304305e+02 -3.013230e-01 9.529301e-01 -3.359484e-02 -5.801871e+01 5.011791e-01 1.882526e-01 8.446185e-01 2.443127e+02
8.090373e-01 2.368409e-01 -5.379266e-01 2.299338e+02 -2.972329e-01 9.544284e-01 -2.681546e-02 -5.812042e+01 5.070615e-01 1.815842e-01 8.425650e-01 2.451747e+02
8.077768e-01 2.361883e-01 -5.401035e-01 2.293830e+02 -2.978101e-01 9.542107e-01 -2.812558e-02 -5.808710e+01 5.087296e-01 1.835675e-01 8.411285e-01 2.460087e+02
8.058631e-01 2.340842e-01 -5.438652e-01 2.288686e+02 -2.969212e-01 9.544569e-01 -2.915160e-02 -5.813889e+01 5.122719e-01 1.849773e-01 8.386661e-01 2.468646e+02
8.028589e-01 2.330015e-01 -5.487512e-01 2.283386e+02 -2.977124e-01 9.541705e-01 -3.042885e-02 -5.818915e+01 5.165123e-01 1.878001e-01 8.354317e-01 2.477112e+02
8.009120e-01 2.325161e-01 -5.517937e-01 2.277873e+02 -2.979364e-01 9.541014e-01 -3.040431e-02 -5.825139e+01 5.193977e-01 1.887506e-01 8.334262e-01 2.485432e+02
8.005674e-01 2.351230e-01 -5.511888e-01 2.272506e+02 -3.017658e-01 9.528504e-01 -3.183442e-02 -5.827266e+01 5.177155e-01 1.918155e-01 8.337731e-01 2.493867e+02
7.999305e-01 2.376751e-01 -5.510188e-01 2.266483e+02 -3.049112e-01 9.518402e-01 -3.208426e-02 -5.831462e+01 5.168562e-01 1.936770e-01 8.338758e-01 2.501838e+02
7.986269e-01 2.389577e-01 -5.523534e-01 2.260832e+02 -3.082729e-01 9.506743e-01 -3.444204e-02 -5.836560e+01 5.168780e-01 1.977820e-01 8.328982e-01 2.510072e+02
7.964726e-01 2.411151e-01 -5.545223e-01 2.255672e+02 -3.139042e-01 9.486792e-01 -3.836681e-02 -5.839317e+01 5.168129e-01 2.046250e-01 8.312840e-01 2.518634e+02
7.976567e-01 2.421536e-01 -5.523635e-01 2.249751e+02 -3.151373e-01 9.482285e-01 -3.938427e-02 -5.844303e+01 5.142298e-01 2.054855e-01 8.326725e-01 2.526677e+02
7.985737e-01 2.429826e-01 -5.506719e-01 2.243920e+02 -3.160531e-01 9.478946e-01 -4.007801e-02 -5.846256e+01 5.122407e-01 2.060468e-01 8.337591e-01 2.534799e+02
7.993933e-01 2.404249e-01 -5.506053e-01 2.238877e+02 -3.136481e-01 9.486478e-01 -4.113591e-02 -5.853828e+01 5.124404e-01 2.055800e-01 8.337516e-01 2.543401e+02
7.997160e-01 2.378601e-01 -5.512503e-01 2.233824e+02 -3.103308e-01 9.497703e-01 -4.038815e-02 -5.860749e+01 5.139545e-01 2.033690e-01 8.333618e-01 2.552003e+02
8.020803e-01 2.362710e-01 -5.484918e-01 2.227720e+02 -3.072184e-01 9.508114e-01 -3.968090e-02 -5.866880e+01 5.121368e-01 2.003340e-01 8.352139e-01 2.559900e+02
8.034876e-01 2.329948e-01 -5.478331e-01 2.222395e+02 -3.023212e-01 9.524351e-01 -3.833086e-02 -5.871601e+01 5.128446e-01 1.964200e-01 8.357091e-01 2.568351e+02
8.076859e-01 2.263148e-01 -5.444493e-01 2.215483e+02 -2.943432e-01 9.548733e-01 -3.973707e-02 -5.872071e+01 5.108871e-01 1.923500e-01 8.378520e-01 2.575578e+02
8.082198e-01 2.262565e-01 -5.436808e-01 2.209828e+02 -2.950589e-01 9.545831e-01 -4.136956e-02 -5.880473e+01 5.096283e-01 1.938535e-01 8.382719e-01 2.583782e+02
8.076682e-01 2.266198e-01 -5.443488e-01 2.204878e+02 -2.969868e-01 9.538888e-01 -4.353211e-02 -5.883388e+01 5.093830e-01 1.968239e-01 8.377287e-01 2.592466e+02
8.099810e-01 2.239038e-01 -5.420313e-01 2.199185e+02 -2.930710e-01 9.551046e-01 -4.341161e-02 -5.889074e+01 5.079765e-01 1.940162e-01 8.392363e-01 2.600668e+02
8.095267e-01 2.226011e-01 -5.432451e-01 2.194410e+02 -2.904401e-01 9.560115e-01 -4.106757e-02 -5.892079e+01 5.102069e-01 1.910254e-01 8.385691e-01 2.609449e+02
8.075479e-01 2.259767e-01 -5.447944e-01 2.189500e+02 -2.924684e-01 9.555525e-01 -3.716944e-02 -5.897237e+01 5.121803e-01 1.893513e-01 8.377455e-01 2.618145e+02
8.064295e-01 2.282456e-01 -5.455047e-01 2.183937e+02 -2.940933e-01 9.551311e-01 -3.512530e-02 -5.899751e+01 5.130113e-01 1.887554e-01 8.373714e-01 2.626451e+02
8.065783e-01 2.280353e-01 -5.453727e-01 2.178334e+02 -2.950237e-01 9.547690e-01 -3.710978e-02 -5.902919e+01 5.122426e-01 1.908298e-01 8.373718e-01 2.634728e+02
8.054994e-01 2.261033e-01 -5.477663e-01 2.172444e+02 -2.945021e-01 9.548575e-01 -3.893050e-02 -5.908266e+01 5.142365e-01 1.926768e-01 8.357251e-01 2.642791e+02
8.040046e-01 2.264944e-01 -5.497971e-01 2.167030e+02 -2.969932e-01 9.539856e-01 -4.130892e-02 -5.912614e+01 5.151423e-01 1.964986e-01 8.342762e-01 2.651188e+02
8.021164e-01 2.259263e-01 -5.527808e-01 2.161572e+02 -2.975888e-01 9.537697e-01 -4.200426e-02 -5.918300e+01 5.177357e-01 1.981937e-01 8.322674e-01 2.659548e+02
7.995923e-01 2.275534e-01 -5.557622e-01 2.155749e+02 -3.000395e-01 9.530251e-01 -4.146594e-02 -5.923203e+01 5.202196e-01 1.999065e-01 8.303065e-01 2.667663e+02
7.966312e-01 2.325531e-01 -5.579406e-01 2.149967e+02 -3.052921e-01 9.514462e-01 -3.932939e-02 -5.927294e+01 5.217043e-01 2.016659e-01 8.289484e-01 2.675811e+02
7.911429e-01 2.366962e-01 -5.639751e-01 2.145983e+02 -3.093128e-01 9.503137e-01 -3.506345e-02 -5.937884e+01 5.276538e-01 2.021849e-01 8.250471e-01 2.684922e+02
7.861742e-01 2.396516e-01 -5.696467e-01 2.141702e+02 -3.122486e-01 9.494784e-01 -3.148932e-02 -5.945144e+01 5.333207e-01 2.026275e-01 8.212863e-01 2.693930e+02
7.824350e-01 2.471951e-01 -5.715681e-01 2.136040e+02 -3.206247e-01 9.467482e-01 -2.945670e-02 -5.947607e+01 5.338495e-01 2.063068e-01 8.200257e-01 2.702169e+02
7.828962e-01 2.484554e-01 -5.703889e-01 2.128655e+02 -3.218865e-01 9.463153e-01 -2.960540e-02 -5.947039e+01 5.324121e-01 2.067784e-01 8.208410e-01 2.708912e+02
7.832881e-01 2.510150e-01 -5.687277e-01 2.121176e+02 -3.239869e-01 9.456215e-01 -2.885366e-02 -5.955691e+01 5.305584e-01 2.068610e-01 8.220197e-01 2.715493e+02
7.827622e-01 2.520465e-01 -5.689955e-01 2.114225e+02 -3.262242e-01 9.448078e-01 -3.026463e-02 -5.955003e+01 5.299633e-01 2.093101e-01 8.217835e-01 2.722681e+02
7.818309e-01 2.558760e-01 -5.685665e-01 2.107332e+02 -3.295661e-01 9.437028e-01 -2.848223e-02 -5.963484e+01 5.292699e-01 2.096485e-01 8.221441e-01 2.729877e+02
7.840168e-01 2.590339e-01 -5.641091e-01 2.099656e+02 -3.318098e-01 9.429254e-01 -2.817681e-02 -5.965560e+01 5.246140e-01 2.092680e-01 8.252194e-01 2.736282e+02
7.859415e-01 2.624303e-01 -5.598449e-01 2.092875e+02 -3.350287e-01 9.417654e-01 -2.887443e-02 -5.970659e+01 5.196650e-01 2.102577e-01 8.280942e-01 2.743615e+02
7.849144e-01 2.665120e-01 -5.593575e-01 2.087618e+02 -3.401323e-01 9.399162e-01 -2.945480e-02 -5.973317e+01 5.178991e-01 2.133750e-01 8.284031e-01 2.752117e+02
7.862397e-01 2.686908e-01 -5.564463e-01 2.081124e+02 -3.413393e-01 9.395036e-01 -2.864343e-02 -5.981255e+01 5.150871e-01 2.124576e-01 8.303897e-01 2.759680e+02
7.832318e-01 2.674209e-01 -5.612789e-01 2.076248e+02 -3.395810e-01 9.402202e-01 -2.589815e-02 -5.990433e+01 5.208001e-01 2.108839e-01 8.272214e-01 2.768362e+02
7.842327e-01 2.661990e-01 -5.604616e-01 2.071144e+02 -3.382399e-01 9.406869e-01 -2.649393e-02 -5.992800e+01 5.201662e-01 2.103479e-01 8.277566e-01 2.776959e+02
7.843415e-01 2.660346e-01 -5.603874e-01 2.066766e+02 -3.383318e-01 9.406397e-01 -2.699019e-02 -5.999379e+01 5.199423e-01 2.107664e-01 8.277907e-01 2.785925e+02
7.860530e-01 2.698097e-01 -5.561686e-01 2.060600e+02 -3.428083e-01 9.389578e-01 -2.899409e-02 -6.001447e+01 5.143959e-01 2.134501e-01 8.305636e-01 2.793796e+02
7.892169e-01 2.681323e-01 -5.524868e-01 2.053553e+02 -3.404695e-01 9.397683e-01 -3.026701e-02 -6.007219e+01 5.110940e-01 2.119922e-01 8.329719e-01 2.800867e+02
7.958431e-01 2.649157e-01 -5.444754e-01 2.045082e+02 -3.360852e-01 9.412434e-01 -3.328142e-02 -6.004309e+01 5.036671e-01 2.094769e-01 8.381163e-01 2.806173e+02
7.985148e-01 2.626941e-01 -5.416327e-01 2.038655e+02 -3.332452e-01 9.422155e-01 -3.431614e-02 -6.011201e+01 5.013201e-01 2.078984e-01 8.399145e-01 2.813803e+02
7.981199e-01 2.625942e-01 -5.422627e-01 2.035173e+02 -3.336996e-01 9.420308e-01 -3.496550e-02 -6.017187e+01 5.016464e-01 2.088595e-01 8.394811e-01 2.823158e+02
7.971300e-01 2.628426e-01 -5.435968e-01 2.032550e+02 -3.340658e-01 9.419206e-01 -3.443169e-02 -6.029642e+01 5.029750e-01 2.090436e-01 8.386399e-01 2.832727e+02
7.996746e-01 2.627598e-01 -5.398869e-01 2.026276e+02 -3.338902e-01 9.419194e-01 -3.612785e-02 -6.034229e+01 4.990370e-01 2.091535e-01 8.409619e-01 2.840501e+02
8.023553e-01 2.599730e-01 -5.372522e-01 2.020718e+02 -3.317985e-01 9.425255e-01 -3.943966e-02 -6.030213e+01 4.961206e-01 2.099041e-01 8.424990e-01 2.848804e+02
7.992179e-01 2.579179e-01 -5.428896e-01 2.021711e+02 -3.311288e-01 9.427549e-01 -3.958564e-02 -6.041584e+01 5.016020e-01 2.114039e-01 8.388706e-01 2.858689e+02
8.090501e-01 2.571090e-01 -5.285195e-01 2.012145e+02 -3.276724e-01 9.438374e-01 -4.244752e-02 -6.035477e+01 4.879228e-01 2.075234e-01 8.478593e-01 2.861539e+02
8.119542e-01 2.527583e-01 -5.261593e-01 2.006934e+02 -3.237347e-01 9.450488e-01 -4.559241e-02 -6.028916e+01 4.857224e-01 2.073550e-01 8.491629e-01 2.870049e+02
8.120629e-01 2.533334e-01 -5.257147e-01 2.003905e+02 -3.242114e-01 9.448909e-01 -4.547633e-02 -6.042181e+01 4.852224e-01 2.073723e-01 8.494445e-01 2.879486e+02
8.130878e-01 2.555922e-01 -5.230305e-01 1.998825e+02 -3.247706e-01 9.448068e-01 -4.317494e-02 -6.058592e+01 4.831276e-01 2.049700e-01 8.512197e-01 2.887942e+02
8.168511e-01 2.558100e-01 -5.170257e-01 1.992533e+02 -3.250025e-01 9.445880e-01 -4.611691e-02 -6.055470e+01 4.765791e-01 2.057053e-01 8.547267e-01 2.895709e+02
8.139643e-01 2.571924e-01 -5.208782e-01 1.993413e+02 -3.260398e-01 9.443686e-01 -4.319690e-02 -6.085916e+01 4.807911e-01 2.049878e-01 8.525373e-01 2.905193e+02
8.187865e-01 2.560232e-01 -5.138491e-01 1.987186e+02 -3.234304e-01 9.452088e-01 -4.441967e-02 -6.093241e+01 4.743222e-01 2.025646e-01 8.567298e-01 2.912983e+02
8.198003e-01 2.533083e-01 -5.135780e-01 1.985522e+02 -3.208627e-01 9.460285e-01 -4.557543e-02 -6.108909e+01 4.743148e-01 2.021508e-01 8.568317e-01 2.922718e+02
8.214095e-01 2.503335e-01 -5.124642e-01 1.983018e+02 -3.179166e-01 9.469530e-01 -4.699972e-02 -6.128192e+01 4.735140e-01 2.015269e-01 8.574214e-01 2.932206e+02
8.214106e-01 2.478168e-01 -5.136843e-01 1.982161e+02 -3.165305e-01 9.473087e-01 -4.914013e-02 -6.136332e+01 4.744398e-01 2.029610e-01 8.565709e-01 2.942136e+02
8.225437e-01 2.455381e-01 -5.129649e-01 1.980090e+02 -3.147820e-01 9.477884e-01 -5.108283e-02 -6.151435e+01 4.736394e-01 2.034899e-01 8.568883e-01 2.951802e+02
8.259036e-01 2.462772e-01 -5.071793e-01 1.972993e+02 -3.146429e-01 9.477765e-01 -5.214901e-02 -6.153328e+01 4.678495e-01 2.026504e-01 8.602614e-01 2.958844e+02
8.353842e-01 2.481921e-01 -4.904426e-01 1.963211e+02 -3.132006e-01 9.481701e-01 -5.365463e-02 -6.152244e+01 4.517064e-01 1.984292e-01 8.698202e-01 2.960917e+02
8.354606e-01 2.477326e-01 -4.905447e-01 1.960928e+02 -3.128310e-01 9.482784e-01 -5.389613e-02 -6.166297e+01 4.518211e-01 1.984857e-01 8.697477e-01 2.970551e+02
8.354606e-01 2.477326e-01 -4.905447e-01 1.960928e+02 -3.128310e-01 9.482784e-01 -5.389613e-02 -6.166297e+01 4.518211e-01 1.984857e-01 8.697477e-01 2.970551e+02
8.390731e-01 2.416166e-01 -4.874195e-01 1.955912e+02 -3.084510e-01 9.493206e-01 -6.040238e-02 -6.182623e+01 4.481232e-01 2.010271e-01 8.710762e-01 2.979047e+02
8.399225e-01 2.376716e-01 -4.878958e-01 1.954324e+02 -3.060326e-01 9.498585e-01 -6.413100e-02 -6.201077e+01 4.481899e-01 2.031771e-01 8.705429e-01 2.988746e+02
8.399225e-01 2.376716e-01 -4.878958e-01 1.954324e+02 -3.060326e-01 9.498585e-01 -6.413100e-02 -6.201077e+01 4.481899e-01 2.031771e-01 8.705429e-01 2.988746e+02
8.459083e-01 2.362137e-01 -4.781655e-01 1.945718e+02 -3.036395e-01 9.503808e-01 -6.767165e-02 -6.184451e+01 4.384543e-01 2.024340e-01 8.756588e-01 2.993561e+02
8.459083e-01 2.362137e-01 -4.781655e-01 1.945718e+02 -3.036395e-01 9.503808e-01 -6.767165e-02 -6.184451e+01 4.384543e-01 2.024340e-01 8.756588e-01 2.993561e+02
8.459083e-01 2.362137e-01 -4.781655e-01 1.945718e+02 -3.036395e-01 9.503808e-01 -6.767165e-02 -6.184451e+01 4.384543e-01 2.024340e-01 8.756588e-01 2.993561e+02
8.459083e-01 2.362137e-01 -4.781655e-01 1.945718e+02 -3.036395e-01 9.503808e-01 -6.767165e-02 -6.184451e+01 4.384543e-01 2.024340e-01 8.756588e-01 2.993561e+02
8.476284e-01 2.317208e-01 -4.773170e-01 1.940498e+02 -3.021397e-01 9.502920e-01 -7.521157e-02 -6.183306e+01 4.361624e-01 2.079679e-01 8.755065e-01 3.002089e+02
8.476284e-01 2.317208e-01 -4.773170e-01 1.940498e+02 -3.021397e-01 9.502920e-01 -7.521157e-02 -6.183306e+01 4.361624e-01 2.079679e-01 8.755065e-01 3.002089e+02
8.476284e-01 2.317208e-01 -4.773170e-01 1.940498e+02 -3.021397e-01 9.502920e-01 -7.521157e-02 -6.183306e+01 4.361624e-01 2.079679e-01 8.755065e-01 3.002089e+02
8.476284e-01 2.317208e-01 -4.773170e-01 1.940498e+02 -3.021397e-01 9.502920e-01 -7.521157e-02 -6.183306e+01 4.361624e-01 2.079679e-01 8.755065e-01 3.002089e+02
8.469809e-01 2.315869e-01 -4.785298e-01 1.939147e+02 -3.021022e-01 9.503372e-01 -7.478976e-02 -6.207446e+01 4.374444e-01 2.079104e-01 8.748804e-01 3.011699e+02
8.469809e-01 2.315869e-01 -4.785298e-01 1.939147e+02 -3.021022e-01 9.503372e-01 -7.478976e-02 -6.207446e+01 4.374444e-01 2.079104e-01 8.748804e-01 3.011699e+02
8.469809e-01 2.315869e-01 -4.785298e-01 1.939147e+02 -3.021022e-01 9.503372e-01 -7.478976e-02 -6.207446e+01 4.374444e-01 2.079104e-01 8.748804e-01 3.011699e+02
8.469809e-01 2.315869e-01 -4.785298e-01 1.939147e+02 -3.021022e-01 9.503372e-01 -7.478976e-02 -6.207446e+01 4.374444e-01 2.079104e-01 8.748804e-01 3.011699e+02
8.469809e-01 2.315869e-01 -4.785298e-01 1.939147e+02 -3.021022e-01 9.503372e-01 -7.478976e-02 -6.207446e+01 4.374444e-01 2.079104e-01 8.748804e-01 3.011699e+02
8.472812e-01 2.290133e-01 -4.792363e-01 1.941333e+02 -3.010923e-01 9.503862e-01 -7.816339e-02 -6.183430e+01 4.375591e-01 2.105207e-01 8.741985e-01 3.002241e+02
8.472812e-01 2.290133e-01 -4.792363e-01 1.941333e+02 -3.010923e-01 9.503862e-01 -7.816339e-02 -6.183430e+01 4.375591e-01 2.105207e-01 8.741985e-01 3.002241e+02
8.472812e-01 2.290133e-01 -4.792363e-01 1.941333e+02 -3.010923e-01 9.503862e-01 -7.816339e-02 -6.183430e+01 4.375591e-01 2.105207e-01 8.741985e-01 3.002241e+02
8.472812e-01 2.290133e-01 -4.792363e-01 1.941333e+02 -3.010923e-01 9.503862e-01 -7.816339e-02 -6.183430e+01 4.375591e-01 2.105207e-01 8.741985e-01 3.002241e+02
8.472812e-01 2.290133e-01 -4.792363e-01 1.941333e+02 -3.010923e-01 9.503862e-01 -7.816339e-02 -6.183430e+01 4.375591e-01 2.105207e-01 8.741985e-01 3.002241e+02
8.472812e-01 2.290133e-01 -4.792363e-01 1.941333e+02 -3.010923e-01 9.503862e-01 -7.816339e-02 -6.183430e+01 4.375591e-01 2.105207e-01 8.741985e-01 3.002241e+02
8.472812e-01 2.290133e-01 -4.792363e-01 1.941333e+02 -3.010923e-01 9.503862e-01 -7.816339e-02 -6.183430e+01 4.375591e-01 2.105207e-01 8.741985e-01 3.002241e+02
8.472812e-01 2.290133e-01 -4.792363e-01 1.941333e+02 -3.010923e-01 9.503862e-01 -7.816339e-02 -6.183430e+01 4.375591e-01 2.105207e-01 8.741985e-01 3.002241e+02
8.472812e-01 2.290133e-01 -4.792363e-01 1.941333e+02 -3.010923e-01 9.503862e-01 -7.816339e-02 -6.183430e+01 4.375591e-01 2.105207e-01 8.741985e-01 3.002241e+02
8.472812e-01 2.290133e-01 -4.792363e-01 1.941333e+02 -3.010923e-01 9.503862e-01 -7.816339e-02 -6.183430e+01 4.375591e-01 2.105207e-01 8.741985e-01 3.002241e+02
8.472812e-01 2.290133e-01 -4.792363e-01 1.941333e+02 -3.010923e-01 9.503862e-01 -7.816339e-02 -6.183430e+01 4.375591e-01 2.105207e-01 8.741985e-01 3.002241e+02
8.497851e-01 2.248874e-01 -4.767504e-01 1.948496e+02 -2.994114e-01 9.502922e-01 -8.542554e-02 -6.170927e+01 4.338411e-01 2.153379e-01 8.748780e-01 2.995376e+02
8.497851e-01 2.248874e-01 -4.767504e-01 1.948496e+02 -2.994114e-01 9.502922e-01 -8.542554e-02 -6.170927e+01 4.338411e-01 2.153379e-01 8.748780e-01 2.995376e+02
8.497851e-01 2.248874e-01 -4.767504e-01 1.948496e+02 -2.994114e-01 9.502922e-01 -8.542554e-02 -6.170927e+01 4.338411e-01 2.153379e-01 8.748780e-01 2.995376e+02
8.571951e-01 2.223030e-01 -4.645405e-01 1.939970e+02 -2.968509e-01 9.503881e-01 -9.296274e-02 -6.168467e+01 4.208279e-01 2.175865e-01 8.806589e-01 3.000595e+02
8.571951e-01 2.223030e-01 -4.645405e-01 1.939970e+02 -2.968509e-01 9.503881e-01 -9.296274e-02 -6.168467e+01 4.208279e-01 2.175865e-01 8.806589e-01 3.000595e+02
8.679929e-01 2.204683e-01 -4.449517e-01 1.930986e+02 -2.929278e-01 9.508601e-01 -1.002911e-01 -6.174041e+01 4.009758e-01 2.173907e-01 8.899212e-01 3.004952e+02
8.679929e-01 2.204683e-01 -4.449517e-01 1.930986e+02 -2.929278e-01 9.508601e-01 -1.002911e-01 -6.174041e+01 4.009758e-01 2.173907e-01 8.899212e-01 3.004952e+02
8.755968e-01 2.223578e-01 -4.288208e-01 1.928497e+02 -2.934144e-01 9.500358e-01 -1.064894e-01 -6.184816e+01 3.837163e-01 2.190640e-01 8.970913e-01 3.014577e+02
8.798584e-01 2.231741e-01 -4.195741e-01 1.926804e+02 -2.932575e-01 9.497056e-01 -1.098147e-01 -6.208568e+01 3.739641e-01 2.196646e-01 9.010540e-01 3.024142e+02
8.798584e-01 2.231741e-01 -4.195741e-01 1.926804e+02 -2.932575e-01 9.497056e-01 -1.098147e-01 -6.208568e+01 3.739641e-01 2.196646e-01 9.010540e-01 3.024142e+02
8.943144e-01 2.247367e-01 -3.869046e-01 1.923740e+02 -2.884777e-01 9.505987e-01 -1.146415e-01 -6.222916e+01 3.420268e-01 2.141389e-01 9.149657e-01 3.033553e+02
9.025229e-01 2.257405e-01 -3.667338e-01 1.921400e+02 -2.856515e-01 9.510982e-01 -1.175393e-01 -6.235823e+01 3.222665e-01 2.108400e-01 9.228710e-01 3.043189e+02
9.102732e-01 2.263297e-01 -3.466664e-01 1.920612e+02 -2.832246e-01 9.511733e-01 -1.226915e-01 -6.259493e+01 3.019711e-01 2.098672e-01 9.299297e-01 3.052873e+02
9.186848e-01 2.235190e-01 -3.256648e-01 1.921330e+02 -2.777130e-01 9.518076e-01 -1.301450e-01 -6.276270e+01 2.808803e-01 2.100036e-01 9.364853e-01 3.062705e+02
9.296690e-01 2.187842e-01 -2.963934e-01 1.918622e+02 -2.676537e-01 9.539607e-01 -1.353531e-01 -6.322901e+01 2.531345e-01 2.051644e-01 9.454261e-01 3.071126e+02
9.397768e-01 2.158797e-01 -2.649820e-01 1.917043e+02 -2.594942e-01 9.552349e-01 -1.420882e-01 -6.348848e+01 2.224461e-01 2.022925e-01 9.537272e-01 3.080654e+02
9.494906e-01 2.130744e-01 -2.303627e-01 1.916542e+02 -2.508037e-01 9.564978e-01 -1.490283e-01 -6.367612e+01 1.885873e-01 1.992768e-01 9.616255e-01 3.090463e+02
9.583383e-01 2.110418e-01 -1.924811e-01 1.917296e+02 -2.419466e-01 9.579412e-01 -1.543066e-01 -6.389262e+01 1.518205e-01 1.944480e-01 9.690926e-01 3.100197e+02
9.663517e-01 2.112009e-01 -1.468284e-01 1.915881e+02 -2.337567e-01 9.592652e-01 -1.586442e-01 -6.418894e+01 1.073416e-01 1.876282e-01 9.763572e-01 3.109643e+02
9.714357e-01 2.160973e-01 -9.805428e-02 1.915061e+02 -2.300594e-01 9.589369e-01 -1.658693e-01 -6.442487e+01 5.818397e-02 1.836896e-01 9.812608e-01 3.119326e+02
9.743951e-01 2.205027e-01 -4.396279e-02 1.913928e+02 -2.248190e-01 9.583162e-01 -1.763138e-01 -6.459534e+01 3.252580e-03 1.816830e-01 9.833518e-01 3.129114e+02
9.756213e-01 2.191964e-01 1.077316e-02 1.914326e+02 -2.133484e-01 9.588089e-01 -1.875311e-01 -6.471886e+01 -5.143555e-02 1.806609e-01 9.821996e-01 3.139029e+02
9.750798e-01 2.129979e-01 6.205865e-02 1.918038e+02 -1.971709e-01 9.602277e-01 -1.977026e-01 -6.491495e+01 -1.017007e-01 1.805397e-01 9.782957e-01 3.148105e+02
9.709651e-01 2.076045e-01 1.188575e-01 1.920332e+02 -1.797187e-01 9.609672e-01 -2.103407e-01 -6.514681e+01 -1.578859e-01 1.828726e-01 9.703760e-01 3.157559e+02
9.624799e-01 2.050589e-01 1.777171e-01 1.922634e+02 -1.628560e-01 9.603838e-01 -2.261437e-01 -6.530712e+01 -2.170494e-01 1.887164e-01 9.577451e-01 3.167157e+02
9.491357e-01 2.074324e-01 2.368825e-01 1.926197e+02 -1.495917e-01 9.590652e-01 -2.404501e-01 -6.559371e+01 -2.770629e-01 1.927841e-01 9.413132e-01 3.176050e+02
9.318697e-01 2.068894e-01 2.980194e-01 1.929085e+02 -1.305106e-01 9.576351e-01 -2.567138e-01 -6.572387e+01 -3.385052e-01 2.003291e-01 9.193924e-01 3.185535e+02
9.074665e-01 2.096460e-01 3.640785e-01 1.931371e+02 -1.153723e-01 9.576347e-01 -2.638656e-01 -6.609614e+01 -4.039726e-01 1.974447e-01 8.932087e-01 3.194531e+02
8.837471e-01 2.034945e-01 4.214038e-01 1.936687e+02 -9.251728e-02 9.587052e-01 -2.689329e-01 -6.633027e+01 -4.587283e-01 1.986815e-01 8.660797e-01 3.202671e+02
8.550928e-01 2.000738e-01 4.783166e-01 1.941798e+02 -7.294273e-02 9.597923e-01 -2.710683e-01 -6.668352e+01 -5.133183e-01 1.968988e-01 8.353054e-01 3.210506e+02
8.249213e-01 1.947754e-01 5.306293e-01 1.947576e+02 -5.154212e-02 9.607643e-01 -2.725350e-01 -6.700367e+01 -5.628928e-01 1.974702e-01 8.025941e-01 3.218014e+02
7.941377e-01 1.901284e-01 5.772318e-01 1.954255e+02 -2.975355e-02 9.608281e-01 -2.755432e-01 -6.727069e+01 -6.070091e-01 2.016445e-01 7.686868e-01 3.224961e+02
7.612348e-01 1.895158e-01 6.201656e-01 1.961133e+02 -1.199049e-02 9.602927e-01 -2.787369e-01 -6.754113e+01 -6.483655e-01 2.047481e-01 7.332805e-01 3.231697e+02
7.280683e-01 1.932458e-01 6.577026e-01 1.968141e+02 1.285328e-03 9.590564e-01 -2.832122e-01 -6.781202e+01 -6.855034e-01 2.070432e-01 6.980101e-01 3.238297e+02
6.949185e-01 1.963553e-01 6.917607e-01 1.975207e+02 1.329732e-02 9.583232e-01 -2.853767e-01 -6.809731e+01 -7.189656e-01 2.075121e-01 6.633455e-01 3.244772e+02
6.649797e-01 1.949725e-01 7.209631e-01 1.982435e+02 2.764099e-02 9.582376e-01 -2.846342e-01 -6.836859e+01 -7.463498e-01 2.092041e-01 6.318193e-01 3.251128e+02
6.444491e-01 1.931952e-01 7.398385e-01 1.991442e+02 3.728840e-02 9.584639e-01 -2.827659e-01 -6.864060e+01 -7.637375e-01 2.098156e-01 6.104772e-01 3.254516e+02
5.112138e-01 1.876965e-01 8.387076e-01 1.985148e+02 8.677085e-02 9.596036e-01 -2.676411e-01 -6.870932e+01 -8.550621e-01 2.095972e-01 4.742760e-01 3.262256e+02
4.897147e-01 1.866683e-01 8.516657e-01 1.994115e+02 9.536638e-02 9.594832e-01 -2.651362e-01 -6.899032e+01 -8.666514e-01 2.110614e-01 4.520712e-01 3.265674e+02
4.715220e-01 1.860216e-01 8.620110e-01 2.002914e+02 1.021507e-01 9.593964e-01 -2.629141e-01 -6.929423e+01 -8.759179e-01 2.120248e-01 4.333743e-01 3.269328e+02
4.574021e-01 1.850312e-01 8.697970e-01 2.011283e+02 1.105801e-01 9.586866e-01 -2.620916e-01 -6.951448e+01 -8.823578e-01 2.160635e-01 4.180445e-01 3.274339e+02
4.499570e-01 1.849357e-01 8.736919e-01 2.020476e+02 1.129485e-01 9.586825e-01 -2.610950e-01 -6.976970e+01 -8.858789e-01 2.161637e-01 4.104777e-01 3.277333e+02
4.399486e-01 1.845767e-01 8.788497e-01 2.028536e+02 1.174346e-01 9.584205e-01 -2.600755e-01 -7.006311e+01 -8.903114e-01 2.176272e-01 3.999800e-01 3.282474e+02
4.305775e-01 1.872195e-01 8.829223e-01 2.037102e+02 1.179003e-01 9.581995e-01 -2.606785e-01 -7.031709e+01 -8.948198e-01 2.163392e-01 3.905059e-01 3.286966e+02
4.317677e-01 1.880459e-01 8.821652e-01 2.046670e+02 1.175606e-01 9.579519e-01 -2.617399e-01 -7.057265e+01 -8.942909e-01 2.167187e-01 3.915059e-01 3.288356e+02
4.301385e-01 1.900160e-01 8.825388e-01 2.055783e+02 1.183552e-01 9.572900e-01 -2.637952e-01 -7.079333e+01 -8.949709e-01 2.179216e-01 3.892779e-01 3.291832e+02
4.265496e-01 1.903202e-01 8.842136e-01 2.064168e+02 1.191810e-01 9.572589e-01 -2.635362e-01 -7.105729e+01 -8.965776e-01 2.177927e-01 3.856358e-01 3.296598e+02
4.249507e-01 1.897248e-01 8.851110e-01 2.073618e+02 1.193684e-01 9.575057e-01 -2.625527e-01 -7.128525e+01 -8.973116e-01 2.172263e-01 3.842456e-01 3.298943e+02
4.265592e-01 1.881205e-01 8.846795e-01 2.082878e+02 1.182535e-01 9.581345e-01 -2.607575e-01 -7.154461e+01 -8.966958e-01 2.158449e-01 3.864552e-01 3.301689e+02
4.230075e-01 1.864315e-01 8.867401e-01 2.090914e+02 1.190842e-01 9.586799e-01 -2.583638e-01 -7.184224e+01 -8.982670e-01 2.148865e-01 3.833277e-01 3.306842e+02
4.332105e-01 1.853732e-01 8.820235e-01 2.100643e+02 1.178237e-01 9.585743e-01 -2.593315e-01 -7.203941e+01 -8.935582e-01 2.162684e-01 3.934231e-01 3.308052e+02
4.366808e-01 1.865202e-01 8.800682e-01 2.109414e+02 1.165100e-01 9.583058e-01 -2.609128e-01 -7.233188e+01 -8.920399e-01 2.164724e-01 3.967423e-01 3.311861e+02
4.510493e-01 1.888573e-01 8.722886e-01 2.119257e+02 1.144190e-01 9.570544e-01 -2.663743e-01 -7.250660e+01 -8.851344e-01 2.199543e-01 4.100699e-01 3.311611e+02
4.516280e-01 1.950267e-01 8.706301e-01 2.127939e+02 1.116405e-01 9.557948e-01 -2.720162e-01 -7.277832e+01 -8.851941e-01 2.200477e-01 4.098908e-01 3.315762e+02
4.529695e-01 2.000041e-01 8.688020e-01 2.136978e+02 1.081875e-01 9.549777e-01 -2.762483e-01 -7.304872e+01 -8.849373e-01 2.191255e-01 4.109379e-01 3.319079e+02
4.491873e-01 2.021768e-01 8.702616e-01 2.144932e+02 1.056357e-01 9.552091e-01 -2.764356e-01 -7.333408e+01 -8.871707e-01 2.161021e-01 4.077107e-01 3.324426e+02
4.501611e-01 1.972616e-01 8.708863e-01 2.153497e+02 1.054993e-01 9.567140e-01 -2.712347e-01 -7.360046e+01 -8.866932e-01 2.139772e-01 4.098644e-01 3.328847e+02
4.475032e-01 1.885335e-01 8.741831e-01 2.161961e+02 1.085923e-01 9.588350e-01 -2.623797e-01 -7.386432e+01 -8.876647e-01 2.123453e-01 4.086085e-01 3.333473e+02
4.488047e-01 1.865847e-01 8.739339e-01 2.170346e+02 1.089829e-01 9.592315e-01 -2.607634e-01 -7.409965e+01 -8.869594e-01 2.122757e-01 4.101731e-01 3.338387e+02
4.457127e-01 1.872668e-01 8.753692e-01 2.178410e+02 1.136098e-01 9.581330e-01 -2.628193e-01 -7.436629e+01 -8.879375e-01 2.165924e-01 4.057767e-01 3.343666e+02
4.481574e-01 1.912788e-01 8.732510e-01 2.187279e+02 1.169468e-01 9.559011e-01 -2.694004e-01 -7.463937e+01 -8.862722e-01 2.228577e-01 4.060247e-01 3.347390e+02
4.470382e-01 1.960765e-01 8.727605e-01 2.195825e+02 1.205683e-01 9.535691e-01 -2.759877e-01 -7.491848e+01 -8.863522e-01 2.286043e-01 4.026412e-01 3.351770e+02
4.446971e-01 2.005951e-01 8.729296e-01 2.204225e+02 1.204945e-01 9.523412e-01 -2.802272e-01 -7.519946e+01 -8.875390e-01 2.297994e-01 3.993328e-01 3.356412e+02
4.437466e-01 2.010368e-01 8.733116e-01 2.212787e+02 1.221750e-01 9.518420e-01 -2.811941e-01 -7.548800e+01 -8.877850e-01 2.314758e-01 3.978149e-01 3.360697e+02
4.448616e-01 2.013996e-01 8.726605e-01 2.221596e+02 1.202577e-01 9.521302e-01 -2.810448e-01 -7.574330e+01 -8.874887e-01 2.299702e-01 3.993463e-01 3.364683e+02
4.390888e-01 1.972967e-01 8.765130e-01 2.229784e+02 1.197047e-01 9.540454e-01 -2.747147e-01 -7.603031e+01 -8.904335e-01 2.255469e-01 3.952933e-01 3.369655e+02
4.388215e-01 1.887601e-01 8.785245e-01 2.238105e+02 1.247743e-01 9.554155e-01 -2.676055e-01 -7.628976e+01 -8.898691e-01 2.270483e-01 3.957045e-01 3.374557e+02
4.405949e-01 1.842571e-01 8.785929e-01 2.247095e+02 1.258410e-01 9.563680e-01 -2.636745e-01 -7.656222e+01 -8.888420e-01 2.267366e-01 3.981838e-01 3.377986e+02
4.407911e-01 1.857924e-01 8.781710e-01 2.256098e+02 1.265872e-01 9.556992e-01 -2.657343e-01 -7.682202e+01 -8.886388e-01 2.282985e-01 3.977448e-01 3.381477e+02
4.376174e-01 1.894896e-01 8.789680e-01 2.264636e+02 1.276949e-01 9.545369e-01 -2.693572e-01 -7.709646e+01 -8.900478e-01 2.301151e-01 3.935251e-01 3.385901e+02
4.413748e-01 1.925038e-01 8.764306e-01 2.273961e+02 1.279833e-01 9.532263e-01 -2.738247e-01 -7.733269e+01 -8.881489e-01 2.330277e-01 3.960928e-01 3.388633e+02
4.387464e-01 1.945753e-01 8.772925e-01 2.282399e+02 1.277512e-01 9.528542e-01 -2.752244e-01 -7.762243e+01 -8.894837e-01 2.328289e-01 3.932041e-01 3.393150e+02
4.352834e-01 1.961323e-01 8.786697e-01 2.290855e+02 1.269099e-01 9.528684e-01 -2.755643e-01 -7.790461e+01 -8.913037e-01 2.314605e-01 3.898767e-01 3.397682e+02
4.374064e-01 1.939166e-01 8.781071e-01 2.299850e+02 1.253670e-01 9.537880e-01 -2.730780e-01 -7.819064e+01 -8.904823e-01 2.295317e-01 3.928822e-01 3.400986e+02
4.424296e-01 1.875568e-01 8.769712e-01 2.308743e+02 1.297348e-01 9.542137e-01 -2.695274e-01 -7.844350e+01 -8.873697e-01 2.330205e-01 3.978397e-01 3.404795e+02
4.462673e-01 1.874682e-01 8.750435e-01 2.317829e+02 1.327646e-01 9.531219e-01 -2.719049e-01 -7.869927e+01 -8.849966e-01 2.375171e-01 4.004580e-01 3.408097e+02
4.501544e-01 1.903083e-01 8.724356e-01 2.326790e+02 1.379645e-01 9.504706e-01 -2.785166e-01 -7.892835e+01 -8.822283e-01 2.457406e-01 4.016027e-01 3.411900e+02
4.482200e-01 1.940498e-01 8.726073e-01 2.334831e+02 1.392545e-01 9.490806e-01 -2.825848e-01 -7.920081e+01 -8.830102e-01 2.481746e-01 3.983746e-01 3.417183e+02
4.505466e-01 1.956873e-01 8.710420e-01 2.343595e+02 1.362337e-01 9.491835e-01 -2.837094e-01 -7.950673e+01 -8.822971e-01 2.464896e-01 4.009922e-01 3.420902e+02
4.511384e-01 1.963137e-01 8.705947e-01 2.352429e+02 1.335628e-01 9.496685e-01 -2.833560e-01 -7.976480e+01 -8.824030e-01 2.441119e-01 4.022118e-01 3.424815e+02
4.517963e-01 1.945829e-01 8.706421e-01 2.361045e+02 1.285983e-01 9.515263e-01 -2.793926e-01 -8.011152e+01 -8.828038e-01 2.381917e-01 4.048730e-01 3.428522e+02
4.546373e-01 1.909138e-01 8.699752e-01 2.369955e+02 1.248392e-01 9.534568e-01 -2.744729e-01 -8.041245e+01 -8.818844e-01 2.333926e-01 4.096435e-01 3.431922e+02
4.503795e-01 1.891905e-01 8.725625e-01 2.378031e+02 1.236518e-01 9.546570e-01 -2.708141e-01 -8.069458e+01 -8.842333e-01 2.298630e-01 4.065642e-01 3.437100e+02
4.531161e-01 1.900746e-01 8.709520e-01 2.387059e+02 1.191656e-01 9.553210e-01 -2.704834e-01 -8.098965e+01 -8.834508e-01 2.263479e-01 4.102210e-01 3.440229e+02
4.556932e-01 1.908036e-01 8.694468e-01 2.396094e+02 1.154932e-01 9.558261e-01 -2.702920e-01 -8.131995e+01 -8.826126e-01 2.235854e-01 4.135269e-01 3.442960e+02
4.582495e-01 1.915886e-01 8.679292e-01 2.404822e+02 1.171483e-01 9.549544e-01 -2.726507e-01 -8.159590e+01 -8.810696e-01 2.266185e-01 4.151631e-01 3.446985e+02
4.596169e-01 1.975410e-01 8.658694e-01 2.413773e+02 1.118243e-01 9.543181e-01 -2.770780e-01 -8.188669e+01 -8.810491e-01 2.241750e-01 4.165309e-01 3.450366e+02
4.610812e-01 2.015353e-01 8.641688e-01 2.422722e+02 1.103137e-01 9.532940e-01 -2.811788e-01 -8.217845e+01 -8.804743e-01 2.249759e-01 4.173138e-01 3.453742e+02
4.634449e-01 2.030379e-01 8.625511e-01 2.431709e+02 1.099054e-01 9.527093e-01 -2.833122e-01 -8.244166e+01 -8.792836e-01 2.260986e-01 4.192133e-01 3.457250e+02
4.640661e-01 2.040038e-01 8.619890e-01 2.440433e+02 1.068970e-01 9.531090e-01 -2.831187e-01 -8.272460e+01 -8.793268e-01 2.235298e-01 4.204982e-01 3.461235e+02
4.662484e-01 2.038687e-01 8.608426e-01 2.449520e+02 1.013632e-01 9.543642e-01 -2.809171e-01 -8.301155e+01 -8.788276e-01 2.182349e-01 4.243060e-01 3.464269e+02
4.653039e-01 2.047987e-01 8.611329e-01 2.458029e+02 9.680083e-02 9.552568e-01 -2.794890e-01 -8.332094e+01 -8.798420e-01 2.134057e-01 4.246600e-01 3.468514e+02
4.650315e-01 2.063815e-01 8.609021e-01 2.466814e+02 9.013306e-02 9.563571e-01 -2.779516e-01 -8.364424e+01 -8.806939e-01 2.068520e-01 4.261344e-01 3.472031e+02
4.648111e-01 2.042262e-01 8.615348e-01 2.475448e+02 8.986516e-02 9.571288e-01 -2.753702e-01 -8.390281e+01 -8.808376e-01 2.054171e-01 4.265313e-01 3.476363e+02
4.600027e-01 2.026438e-01 8.644843e-01 2.483766e+02 8.688221e-02 9.586640e-01 -2.709516e-01 -8.419365e+01 -8.836566e-01 1.997468e-01 4.233819e-01 3.481092e+02
4.574980e-01 2.040026e-01 8.654932e-01 2.491854e+02 8.393499e-02 9.590743e-01 -2.704281e-01 -8.449988e+01 -8.852404e-01 1.963655e-01 4.216516e-01 3.486112e+02
4.580657e-01 2.113971e-01 8.634160e-01 2.500641e+02 8.050932e-02 9.574526e-01 -2.771332e-01 -8.474478e+01 -8.852650e-01 1.964583e-01 4.215567e-01 3.490208e+02
4.604667e-01 2.168658e-01 8.607785e-01 2.509622e+02 7.518752e-02 9.566847e-01 -2.812495e-01 -8.505142e+01 -8.844870e-01 1.942258e-01 4.242158e-01 3.493363e+02
4.567271e-01 2.211533e-01 8.616795e-01 2.518074e+02 7.183034e-02 9.562767e-01 -2.835052e-01 -8.535863e+01 -8.867022e-01 1.913792e-01 4.208720e-01 3.497736e+02
4.534749e-01 2.244398e-01 8.625470e-01 2.526411e+02 6.843844e-02 9.561479e-01 -2.847761e-01 -8.566102e+01 -8.886376e-01 1.881702e-01 4.182287e-01 3.502357e+02
4.460190e-01 2.265114e-01 8.658866e-01 2.533956e+02 7.037905e-02 9.555741e-01 -2.862254e-01 -8.592959e+01 -8.922521e-01 1.886023e-01 4.102625e-01 3.508345e+02
4.340443e-01 2.267609e-01 8.718859e-01 2.540871e+02 7.404589e-02 9.555493e-01 -2.853818e-01 -8.621287e+01 -8.978434e-01 1.884279e-01 3.979600e-01 3.514991e+02
4.307403e-01 2.255798e-01 8.738287e-01 2.549064e+02 7.634503e-02 9.556782e-01 -2.843425e-01 -8.648392e+01 -8.992409e-01 1.891902e-01 3.944272e-01 3.520042e+02
4.338459e-01 2.224153e-01 8.731032e-01 2.557922e+02 7.731655e-02 9.562868e-01 -2.820243e-01 -8.678799e+01 -8.976636e-01 1.898604e-01 3.976847e-01 3.523549e+02
4.375219e-01 2.192520e-01 8.720683e-01 2.566662e+02 8.233965e-02 9.559754e-01 -2.816579e-01 -8.705019e+01 -8.954300e-01 1.950373e-01 4.002070e-01 3.527639e+02
4.366071e-01 2.193648e-01 8.724983e-01 2.575254e+02 8.198616e-02 9.560801e-01 -2.814057e-01 -8.736328e+01 -8.959088e-01 1.943965e-01 3.994464e-01 3.531686e+02
4.350649e-01 2.180629e-01 8.735943e-01 2.583374e+02 8.685820e-02 9.555410e-01 -2.817750e-01 -8.762121e+01 -8.961998e-01 1.984692e-01 3.967818e-01 3.536922e+02
4.337738e-01 2.180576e-01 8.742375e-01 2.591787e+02 8.704055e-02 9.555944e-01 -2.815374e-01 -8.791084e+01 -8.968078e-01 1.982177e-01 3.955320e-01 3.541486e+02
4.499252e-01 2.183487e-01 8.659626e-01 2.601308e+02 8.129199e-02 9.556124e-01 -2.831901e-01 -8.811478e+01 -8.893587e-01 1.978102e-01 4.122041e-01 3.539211e+02
4.496814e-01 2.178898e-01 8.662048e-01 2.610119e+02 8.220091e-02 9.555776e-01 -2.830448e-01 -8.839610e+01 -8.893985e-01 1.984828e-01 4.117947e-01 3.543015e+02
4.466384e-01 2.170685e-01 8.679835e-01 2.618283e+02 8.339574e-02 9.557998e-01 -2.819429e-01 -8.867961e+01 -8.908194e-01 1.983127e-01 4.087944e-01 3.548046e+02
4.476960e-01 2.158475e-01 8.677431e-01 2.626697e+02 8.678580e-02 9.553580e-01 -2.824169e-01 -8.896159e+01 -8.899643e-01 2.017447e-01 4.089775e-01 3.552656e+02
4.442719e-01 2.207496e-01 8.682696e-01 2.634852e+02 8.734709e-02 9.538774e-01 -2.872079e-01 -8.923876e+01 -8.916238e-01 2.034392e-01 4.044991e-01 3.557737e+02
4.435652e-01 2.246173e-01 8.676388e-01 2.643721e+02 8.556461e-02 9.530501e-01 -2.904723e-01 -8.954060e+01 -8.921483e-01 2.030826e-01 4.035205e-01 3.561233e+02
4.445345e-01 2.188316e-01 8.686206e-01 2.652210e+02 9.037208e-02 9.537965e-01 -2.865398e-01 -8.983503e+01 -8.911913e-01 2.058759e-01 4.042192e-01 3.565622e+02
4.432830e-01 2.152935e-01 8.701430e-01 2.660486e+02 9.033253e-02 9.550572e-01 -2.823220e-01 -9.012220e+01 -8.918185e-01 2.037508e-01 4.039127e-01 3.570445e+02
4.428759e-01 2.121346e-01 8.711256e-01 2.668772e+02 9.250614e-02 9.556095e-01 -2.797376e-01 -9.040771e+01 -8.917979e-01 2.044735e-01 4.035926e-01 3.575261e+02
4.456861e-01 2.089145e-01 8.704704e-01 2.677515e+02 9.716432e-02 9.553525e-01 -2.790351e-01 -9.066565e+01 -8.899006e-01 2.089407e-01 4.054883e-01 3.579373e+02
4.474700e-01 2.077193e-01 8.698410e-01 2.686330e+02 9.810853e-02 9.553785e-01 -2.786155e-01 -9.091176e+01 -8.889012e-01 2.100109e-01 4.071242e-01 3.583401e+02
4.462362e-01 2.060854e-01 8.708628e-01 2.694433e+02 1.024372e-01 9.549644e-01 -2.784772e-01 -9.119038e+01 -8.890331e-01 2.134753e-01 4.050289e-01 3.588557e+02
4.445477e-01 2.064900e-01 8.716302e-01 2.702399e+02 1.069361e-01 9.538747e-01 -2.805132e-01 -9.147195e+01 -8.893492e-01 2.179103e-01 4.019616e-01 3.593906e+02
4.488931e-01 2.091857e-01 8.687556e-01 2.711468e+02 1.102867e-01 9.518106e-01 -2.861704e-01 -9.168842e+01 -8.867535e-01 2.242721e-01 4.041908e-01 3.597523e+02
4.509431e-01 2.102910e-01 8.674261e-01 2.719942e+02 1.142811e-01 9.502461e-01 -2.897797e-01 -9.194316e+01 -8.852063e-01 2.298045e-01 4.044746e-01 3.602182e+02
4.527207e-01 2.111146e-01 8.662993e-01 2.728454e+02 1.152754e-01 9.495548e-01 -2.916457e-01 -9.219617e+01 -8.841694e-01 2.318971e-01 4.055468e-01 3.606779e+02
4.559417e-01 2.069456e-01 8.656158e-01 2.737331e+02 1.156181e-01 9.505778e-01 -2.881567e-01 -9.252354e+01 -8.824679e-01 2.314635e-01 4.094814e-01 3.610016e+02
4.539774e-01 2.035863e-01 8.674429e-01 2.745742e+02 1.179012e-01 9.512603e-01 -2.849617e-01 -9.281818e+01 -8.831783e-01 2.316387e-01 4.078476e-01 3.614552e+02
4.531703e-01 2.013595e-01 8.683842e-01 2.754409e+02 1.195721e-01 9.516197e-01 -2.830592e-01 -9.313335e+01 -8.833681e-01 2.321085e-01 4.071688e-01 3.618419e+02
4.668013e-01 2.027902e-01 8.607977e-01 2.763854e+02 1.168525e-01 9.506765e-01 -2.873320e-01 -9.341470e+01 -8.766082e-01 2.347133e-01 4.200805e-01 3.620114e+02
4.661218e-01 2.051160e-01 8.606149e-01 2.771866e+02 1.210229e-01 9.488265e-01 -2.916878e-01 -9.370184e+01 -8.764040e-01 2.401162e-01 4.174449e-01 3.625365e+02
4.640899e-01 2.055384e-01 8.616116e-01 2.780103e+02 1.232265e-01 9.482669e-01 -2.925836e-01 -9.400081e+01 -8.771749e-01 2.419585e-01 4.147533e-01 3.630182e+02
4.639120e-01 2.034162e-01 8.622108e-01 2.788390e+02 1.265574e-01 9.480793e-01 -2.917687e-01 -9.429877e+01 -8.767947e-01 2.444741e-01 4.140815e-01 3.634920e+02
4.650621e-01 2.004239e-01 8.622920e-01 2.797142e+02 1.268145e-01 9.489074e-01 -2.889512e-01 -9.462623e+01 -8.761480e-01 2.437314e-01 4.158842e-01 3.638482e+02
4.639312e-01 1.964756e-01 8.638085e-01 2.805801e+02 1.297779e-01 9.495009e-01 -2.856672e-01 -9.492840e+01 -8.763136e-01 2.446332e-01 4.150049e-01 3.642467e+02
4.653565e-01 1.958463e-01 8.631845e-01 2.814736e+02 1.293229e-01 9.497044e-01 -2.851967e-01 -9.520326e+01 -8.756249e-01 2.443476e-01 4.166237e-01 3.646018e+02
4.680089e-01 1.932612e-01 8.623328e-01 2.823630e+02 1.302801e-01 9.500443e-01 -2.836248e-01 -9.551885e+01 -8.740680e-01 2.450837e-01 4.194510e-01 3.649326e+02
4.709184e-01 1.927382e-01 8.608646e-01 2.832437e+02 1.330275e-01 9.491681e-01 -2.852783e-01 -9.580591e+01 -8.720892e-01 2.488614e-01 4.213412e-01 3.653093e+02
4.700411e-01 1.923011e-01 8.614416e-01 2.840277e+02 1.361060e-01 9.485131e-01 -2.860037e-01 -9.611402e+01 -8.720874e-01 2.516809e-01 4.196668e-01 3.658483e+02
4.750458e-01 1.932649e-01 8.584755e-01 2.849651e+02 1.343790e-01 9.482081e-01 -2.878259e-01 -9.639334e+01 -8.696400e-01 2.520916e-01 4.244715e-01 3.660561e+02
4.767243e-01 1.945127e-01 8.572623e-01 2.858393e+02 1.323049e-01 9.482257e-01 -2.887272e-01 -9.669937e+01 -8.690393e-01 2.510633e-01 4.263073e-01 3.664331e+02
4.772483e-01 1.944339e-01 8.569886e-01 2.866553e+02 1.326724e-01 9.480949e-01 -2.889880e-01 -9.699794e+01 -8.686956e-01 2.516178e-01 4.266807e-01 3.669281e+02
4.780116e-01 1.936681e-01 8.567366e-01 2.874931e+02 1.325392e-01 9.483170e-01 -2.883198e-01 -9.731999e+01 -8.682962e-01 2.513714e-01 4.276379e-01 3.673690e+02
4.762982e-01 1.938954e-01 8.576390e-01 2.883218e+02 1.306935e-01 9.489375e-01 -2.871182e-01 -9.763840e+01 -8.695167e-01 2.488417e-01 4.266364e-01 3.678292e+02
4.758717e-01 1.941774e-01 8.578119e-01 2.891062e+02 1.324877e-01 9.483685e-01 -2.881737e-01 -9.791987e+01 -8.694786e-01 2.507833e-01 4.255756e-01 3.683820e+02
4.706627e-01 1.969408e-01 8.600529e-01 2.897888e+02 1.355137e-01 9.470691e-01 -2.910260e-01 -9.819077e+01 -8.718444e-01 2.535240e-01 4.190619e-01 3.690607e+02
4.711722e-01 1.989902e-01 8.593019e-01 2.906836e+02 1.342098e-01 9.467019e-01 -2.928194e-01 -9.847253e+01 -8.717709e-01 2.532951e-01 4.193532e-01 3.694070e+02
4.698744e-01 1.994014e-01 8.599169e-01 2.915525e+02 1.335536e-01 9.468802e-01 -2.925430e-01 -9.876717e+01 -8.725718e-01 2.523034e-01 4.182840e-01 3.698048e+02
4.566341e-01 1.984071e-01 8.672485e-01 2.920034e+02 1.381081e-01 9.471883e-01 -2.894139e-01 -9.911840e+01 -8.788694e-01 2.519303e-01 4.051168e-01 3.706254e+02
4.578400e-01 1.985558e-01 8.665784e-01 2.929230e+02 1.379289e-01 9.470745e-01 -2.898717e-01 -9.937275e+01 -8.782700e-01 2.522411e-01 4.062220e-01 3.709248e+02
4.437303e-01 1.960097e-01 8.744619e-01 2.932936e+02 1.460549e-01 9.469230e-01 -2.863648e-01 -9.972790e+01 -8.841784e-01 2.547882e-01 3.915503e-01 3.717830e+02
4.510023e-01 2.007254e-01 8.696587e-01 2.942855e+02 1.416406e-01 9.459382e-01 -2.917858e-01 -9.981876e+01 -8.812122e-01 2.547750e-01 3.981894e-01 3.718727e+02
4.479999e-01 1.976396e-01 8.719144e-01 2.950548e+02 1.477238e-01 9.454895e-01 -2.902193e-01 -1.001140e+02 -8.817447e-01 2.588207e-01 3.943832e-01 3.724392e+02
4.446991e-01 1.965349e-01 8.738517e-01 2.958595e+02 1.484377e-01 9.459668e-01 -2.882933e-01 -1.004507e+02 -8.832944e-01 2.579163e-01 3.914974e-01 3.729282e+02
4.436881e-01 1.967980e-01 8.743062e-01 2.967226e+02 1.487423e-01 9.458885e-01 -2.883934e-01 -1.006933e+02 -8.837514e-01 2.580031e-01 3.904073e-01 3.733711e+02
4.495413e-01 1.943066e-01 8.718701e-01 2.976357e+02 1.444252e-01 9.474019e-01 -2.856063e-01 -1.010962e+02 -8.815066e-01 2.543119e-01 3.978336e-01 3.734336e+02
4.429059e-01 1.938290e-01 8.753655e-01 2.983091e+02 1.473935e-01 9.473259e-01 -2.843392e-01 -1.015453e+02 -8.843696e-01 2.549587e-01 3.910071e-01 3.740208e+02
4.488772e-01 1.956537e-01 8.719111e-01 2.992409e+02 1.455961e-01 9.466836e-01 -2.873882e-01 -1.019058e+02 -8.816525e-01 2.559488e-01 3.964583e-01 3.740642e+02
4.500289e-01 1.986417e-01 8.706408e-01 3.001627e+02 1.435866e-01 9.461656e-01 -2.900922e-01 -1.022052e+02 -8.813948e-01 2.555622e-01 3.972796e-01 3.743103e+02
4.486317e-01 1.972329e-01 8.716816e-01 3.010304e+02 1.439816e-01 9.466533e-01 -2.883000e-01 -1.025406e+02 -8.820425e-01 2.548466e-01 3.963007e-01 3.746773e+02
4.467945e-01 1.933082e-01 8.735025e-01 3.018244e+02 1.462374e-01 9.474640e-01 -2.844761e-01 -1.028740e+02 -8.826037e-01 2.548411e-01 3.950528e-01 3.751857e+02
4.564218e-01 1.889572e-01 8.694678e-01 3.027859e+02 1.433806e-01 9.487990e-01 -2.814647e-01 -1.031379e+02 -8.781350e-01 2.531315e-01 4.059597e-01 3.751092e+02
4.664511e-01 1.860500e-01 8.647593e-01 3.037189e+02 1.388817e-01 9.501001e-01 -2.793236e-01 -1.034975e+02 -8.735761e-01 2.503900e-01 4.173363e-01 3.751026e+02
4.682726e-01 1.895256e-01 8.630184e-01 3.044809e+02 1.359127e-01 9.496506e-01 -2.822967e-01 -1.038154e+02 -8.730684e-01 2.494870e-01 4.189365e-01 3.756668e+02
4.846786e-01 1.926783e-01 8.532067e-01 3.054500e+02 1.284197e-01 9.491912e-01 -2.873053e-01 -1.040279e+02 -8.652139e-01 2.488193e-01 4.353090e-01 3.755417e+02
4.902196e-01 1.957683e-01 8.493289e-01 3.061874e+02 1.257411e-01 9.483709e-01 -2.911731e-01 -1.043147e+02 -8.624813e-01 2.495343e-01 4.402939e-01 3.761533e+02
4.992514e-01 1.968885e-01 8.437908e-01 3.069956e+02 1.223717e-01 9.480565e-01 -2.936222e-01 -1.046108e+02 -8.577722e-01 2.498474e-01 4.492250e-01 3.766625e+02
5.112249e-01 1.980371e-01 8.363195e-01 3.077376e+02 1.190618e-01 9.473887e-01 -2.971178e-01 -1.049033e+02 -8.511600e-01 2.514678e-01 4.607500e-01 3.772656e+02
5.268329e-01 1.991143e-01 8.263175e-01 3.084955e+02 1.120366e-01 9.474235e-01 -2.997275e-01 -1.052424e+02 -8.425526e-01 2.504841e-01 4.768258e-01 3.778229e+02
5.409021e-01 1.964226e-01 8.178282e-01 3.090874e+02 1.041589e-01 9.492205e-01 -2.968694e-01 -1.057330e+02 -8.346112e-01 2.457614e-01 4.929762e-01 3.784625e+02
5.677640e-01 1.972830e-01 7.992017e-01 3.100516e+02 9.071331e-02 9.499507e-01 -2.989394e-01 -1.059330e+02 -8.181779e-01 2.422253e-01 5.214516e-01 3.786362e+02
5.931723e-01 1.932148e-01 7.815464e-01 3.108426e+02 8.247189e-02 9.510836e-01 -2.977219e-01 -1.062403e+02 -8.008402e-01 2.410560e-01 5.482216e-01 3.791654e+02
6.188029e-01 1.919471e-01 7.617344e-01 3.115350e+02 7.250784e-02 9.515914e-01 -2.986911e-01 -1.065618e+02 -7.821928e-01 2.400626e-01 5.749299e-01 3.798113e+02
6.501167e-01 1.922612e-01 7.351081e-01 3.123041e+02 5.954723e-02 9.515913e-01 -3.015430e-01 -1.068655e+02 -7.574974e-01 2.398118e-01 6.071968e-01 3.803736e+02
6.825967e-01 1.926625e-01 7.049417e-01 3.130387e+02 4.317203e-02 9.523071e-01 -3.020717e-01 -1.071863e+02 -7.295189e-01 2.366269e-01 6.417241e-01 3.809715e+02
7.112985e-01 1.925250e-01 6.760093e-01 3.135057e+02 2.716321e-02 9.535092e-01 -3.001371e-01 -1.075080e+02 -7.023650e-01 2.318497e-01 6.730001e-01 3.817952e+02
7.429033e-01 1.928632e-01 6.410136e-01 3.142113e+02 8.933088e-03 9.546545e-01 -2.975820e-01 -1.077927e+02 -6.693391e-01 2.268009e-01 7.074931e-01 3.824441e+02
7.754052e-01 1.886087e-01 6.026389e-01 3.148327e+02 -4.703013e-03 9.560503e-01 -2.931650e-01 -1.081105e+02 -6.314465e-01 2.244874e-01 7.422134e-01 3.831602e+02
8.054592e-01 1.884647e-01 5.618866e-01 3.153847e+02 -2.091248e-02 9.565376e-01 -2.908583e-01 -1.082525e+02 -5.922822e-01 2.225241e-01 7.743932e-01 3.839819e+02
8.310327e-01 1.920109e-01 5.220311e-01 3.155892e+02 -4.192215e-02 9.574797e-01 -2.854387e-01 -1.085536e+02 -5.546415e-01 2.153242e-01 8.037464e-01 3.849133e+02
8.590485e-01 1.975401e-01 4.722432e-01 3.160675e+02 -6.870635e-02 9.586878e-01 -2.760383e-01 -1.089976e+02 -5.072624e-01 2.046842e-01 8.371316e-01 3.856710e+02
8.824871e-01 1.964018e-01 4.273674e-01 3.161879e+02 -8.425839e-02 9.599582e-01 -2.671720e-01 -1.092271e+02 -4.627279e-01 1.997665e-01 8.636991e-01 3.866368e+02
9.075983e-01 1.925249e-01 3.730946e-01 3.165737e+02 -9.790776e-02 9.612154e-01 -2.578353e-01 -1.094827e+02 -4.082639e-01 1.974820e-01 8.912471e-01 3.875233e+02
9.309675e-01 1.857327e-01 3.143291e-01 3.169267e+02 -1.088556e-01 9.629822e-01 -2.466085e-01 -1.098207e+02 -3.484966e-01 1.953681e-01 9.167232e-01 3.883957e+02
9.511404e-01 1.798055e-01 2.510018e-01 3.173365e+02 -1.204393e-01 9.646013e-01 -2.346035e-01 -1.101188e+02 -2.842996e-01 1.929104e-01 9.391269e-01 3.892578e+02
9.665816e-01 1.755762e-01 1.867969e-01 3.175860e+02 -1.316524e-01 9.651946e-01 -2.259804e-01 -1.103063e+02 -2.199721e-01 1.938362e-01 9.560543e-01 3.902079e+02
9.782468e-01 1.706323e-01 1.179740e-01 3.177968e+02 -1.421254e-01 9.655431e-01 -2.180065e-01 -1.104999e+02 -1.511079e-01 1.964970e-01 9.687906e-01 3.911660e+02
9.848679e-01 1.648484e-01 5.348057e-02 3.177595e+02 -1.504048e-01 9.663204e-01 -2.088138e-01 -1.107440e+02 -8.610198e-02 1.976102e-01 9.764920e-01 3.921350e+02
9.856559e-01 1.681480e-01 -1.444528e-02 3.177051e+02 -1.675929e-01 9.651238e-01 -2.011186e-01 -1.109148e+02 -1.987621e-02 2.006547e-01 9.794604e-01 3.931189e+02
9.822355e-01 1.679503e-01 -8.370267e-02 3.175545e+02 -1.811689e-01 9.649711e-01 -1.897592e-01 -1.111288e+02 4.890053e-02 2.015526e-01 9.782563e-01 3.940840e+02
9.741872e-01 1.675720e-01 -1.512576e-01 3.173457e+02 -1.938687e-01 9.643166e-01 -1.803010e-01 -1.112805e+02 1.156468e-01 2.049710e-01 9.719119e-01 3.950501e+02
9.626267e-01 1.574205e-01 -2.203827e-01 3.171463e+02 -1.962591e-01 9.662116e-01 -1.670854e-01 -1.114439e+02 1.866337e-01 2.040930e-01 9.609963e-01 3.960163e+02
9.465089e-01 1.581327e-01 -2.812739e-01 3.168114e+02 -2.058186e-01 9.672063e-01 -1.488310e-01 -1.115647e+02 2.485149e-01 1.987612e-01 9.480160e-01 3.969508e+02
9.265615e-01 1.666689e-01 -3.372022e-01 3.163755e+02 -2.202508e-01 9.671158e-01 -1.271872e-01 -1.117095e+02 3.049154e-01 1.921159e-01 9.328012e-01 3.978391e+02
9.057303e-01 1.797467e-01 -3.838538e-01 3.158582e+02 -2.370265e-01 9.655783e-01 -1.071309e-01 -1.118206e+02 3.513844e-01 1.880153e-01 9.171582e-01 3.986876e+02
8.836053e-01 1.911123e-01 -4.274550e-01 3.154235e+02 -2.524062e-01 9.633272e-01 -9.105921e-02 -1.119658e+02 3.943765e-01 1.883527e-01 8.994390e-01 3.995764e+02
8.645806e-01 2.011798e-01 -4.604639e-01 3.148954e+02 -2.651292e-01 9.610592e-01 -7.792107e-02 -1.120078e+02 4.268569e-01 1.894515e-01 8.842518e-01 4.004246e+02
8.502247e-01 2.069086e-01 -4.840525e-01 3.143522e+02 -2.721003e-01 9.598893e-01 -6.763119e-02 -1.119755e+02 4.506433e-01 1.892126e-01 8.724215e-01 4.012636e+02
8.392119e-01 2.124479e-01 -5.005889e-01 3.138416e+02 -2.760400e-01 9.595400e-01 -5.554217e-02 -1.120352e+02 4.685353e-01 1.847942e-01 8.639015e-01 4.021213e+02
8.312551e-01 2.109842e-01 -5.142962e-01 3.132703e+02 -2.740217e-01 9.604808e-01 -4.887396e-02 -1.121429e+02 4.836601e-01 1.815551e-01 8.562188e-01 4.029350e+02
8.250689e-01 2.109052e-01 -5.241949e-01 3.127692e+02 -2.772035e-01 9.594954e-01 -5.026658e-02 -1.122517e+02 4.923611e-01 1.867821e-01 8.501135e-01 4.037935e+02
8.212554e-01 2.094600e-01 -5.307222e-01 3.122311e+02 -2.829896e-01 9.572373e-01 -6.011385e-02 -1.122780e+02 4.954357e-01 1.995577e-01 8.454113e-01 4.046359e+02
8.190673e-01 2.064409e-01 -5.352672e-01 3.116853e+02 -2.868892e-01 9.553635e-01 -7.053564e-02 -1.123167e+02 4.968132e-01 2.113358e-01 8.417326e-01 4.054730e+02
8.198731e-01 1.999170e-01 -5.365084e-01 3.111431e+02 -2.823356e-01 9.563727e-01 -7.508589e-02 -1.123769e+02 4.980910e-01 2.130363e-01 8.405480e-01 4.063111e+02
8.222323e-01 1.989478e-01 -5.332483e-01 3.105892e+02 -2.788704e-01 9.575698e-01 -7.274261e-02 -1.124401e+02 4.961505e-01 2.085185e-01 8.428254e-01 4.071412e+02
8.231495e-01 2.005732e-01 -5.312206e-01 3.100496e+02 -2.777851e-01 9.581867e-01 -6.865715e-02 -1.125000e+02 4.952377e-01 2.040802e-01 8.444471e-01 4.079811e+02
8.226657e-01 2.005594e-01 -5.319747e-01 3.096592e+02 -2.768267e-01 9.586026e-01 -6.669323e-02 -1.125937e+02 4.965764e-01 2.021310e-01 8.441297e-01 4.088969e+02
8.226657e-01 2.005592e-01 -5.319747e-01 3.091689e+02 -2.768265e-01 9.586027e-01 -6.669325e-02 -1.126944e+02 4.965764e-01 2.021310e-01 8.441297e-01 4.097626e+02
8.229437e-01 2.029545e-01 -5.306346e-01 3.086073e+02 -2.802097e-01 9.575026e-01 -6.834701e-02 -1.127405e+02 4.942127e-01 2.049347e-01 8.448406e-01 4.105888e+02
8.233302e-01 2.046220e-01 -5.293933e-01 3.081000e+02 -2.843661e-01 9.559508e-01 -7.275995e-02 -1.127700e+02 4.911857e-01 2.104469e-01 8.452507e-01 4.114500e+02
8.256966e-01 2.039342e-01 -5.259620e-01 3.075745e+02 -2.836049e-01 9.560402e-01 -7.453447e-02 -1.128773e+02 4.876407e-01 2.107083e-01 8.472358e-01 4.122940e+02
8.275797e-01 2.044032e-01 -5.228108e-01 3.070725e+02 -2.836655e-01 9.559643e-01 -7.527320e-02 -1.129387e+02 4.844024e-01 2.105980e-01 8.491189e-01 4.131567e+02
8.297472e-01 2.080899e-01 -5.178979e-01 3.065421e+02 -2.856044e-01 9.555128e-01 -7.365718e-02 -1.130046e+02 4.795307e-01 2.090308e-01 8.522655e-01 4.140019e+02
8.316853e-01 2.127180e-01 -5.128847e-01 3.060167e+02 -2.885300e-01 9.547684e-01 -7.188690e-02 -1.130937e+02 4.743944e-01 2.077699e-01 8.554423e-01 4.148480e+02
8.341422e-01 2.145408e-01 -5.081132e-01 3.054478e+02 -2.886648e-01 9.548137e-01 -7.073432e-02 -1.131714e+02 4.699781e-01 2.056769e-01 8.583808e-01 4.156668e+02
8.355375e-01 2.147768e-01 -5.057154e-01 3.049215e+02 -2.891316e-01 9.545551e-01 -7.230153e-02 -1.132457e+02 4.672045e-01 2.066289e-01 8.596653e-01 4.165138e+02
8.377832e-01 2.116258e-01 -5.033228e-01 3.043851e+02 -2.866666e-01 9.550426e-01 -7.560323e-02 -1.133138e+02 4.646951e-01 2.076250e-01 8.607847e-01 4.173550e+02
8.401762e-01 2.110457e-01 -4.995635e-01 3.038238e+02 -2.850756e-01 9.555045e-01 -7.578333e-02 -1.133697e+02 4.613414e-01 2.060847e-01 8.629561e-01 4.181808e+02
8.423740e-01 2.113803e-01 -4.957059e-01 3.032818e+02 -2.824197e-01 9.565837e-01 -7.201869e-02 -1.134521e+02 4.589609e-01 2.006638e-01 8.654993e-01 4.190171e+02
8.448891e-01 2.108232e-01 -4.916463e-01 3.027372e+02 -2.776099e-01 9.584179e-01 -6.608997e-02 -1.135560e+02 4.572693e-01 1.923246e-01 8.682834e-01 4.198493e+02
8.463415e-01 2.144533e-01 -4.875611e-01 3.022613e+02 -2.792131e-01 9.581446e-01 -6.323788e-02 -1.136120e+02 4.535925e-01 1.896543e-01 8.707957e-01 4.207271e+02
8.501501e-01 2.092754e-01 -4.831653e-01 3.016615e+02 -2.726786e-01 9.599747e-01 -6.399189e-02 -1.136598e+02 4.504345e-01 1.861515e-01 8.731875e-01 4.215258e+02
8.503558e-01 2.124181e-01 -4.814286e-01 3.011941e+02 -2.773569e-01 9.584266e-01 -6.701897e-02 -1.137063e+02 4.471780e-01 1.905175e-01 8.739193e-01 4.224086e+02
8.504954e-01 2.115556e-01 -4.815618e-01 3.007437e+02 -2.780312e-01 9.580054e-01 -7.017331e-02 -1.138126e+02 4.464932e-01 1.935713e-01 8.735983e-01 4.232951e+02
8.506532e-01 2.076959e-01 -4.829613e-01 3.002674e+02 -2.761444e-01 9.582405e-01 -7.429250e-02 -1.138887e+02 4.473628e-01 1.965642e-01 8.724844e-01 4.241711e+02
8.506532e-01 2.076959e-01 -4.829613e-01 2.997955e+02 -2.761444e-01 9.582405e-01 -7.429250e-02 -1.139696e+02 4.473628e-01 1.965642e-01 8.724844e-01 4.250490e+02
8.506572e-01 2.092790e-01 -4.822702e-01 2.993020e+02 -2.770439e-01 9.580871e-01 -7.290914e-02 -1.140648e+02 4.467985e-01 1.956307e-01 8.729832e-01 4.259135e+02
8.501798e-01 2.080785e-01 -4.836297e-01 2.988574e+02 -2.759176e-01 9.584294e-01 -7.268179e-02 -1.141314e+02 4.484014e-01 1.952345e-01 8.722498e-01 4.268068e+02
8.496422e-01 2.070321e-01 -4.850215e-01 2.983755e+02 -2.740119e-01 9.591317e-01 -7.059680e-02 -1.142267e+02 4.505837e-01 1.928837e-01 8.716480e-01 4.276778e+02
8.481100e-01 2.094923e-01 -4.866440e-01 2.979106e+02 -2.765795e-01 9.584815e-01 -6.940463e-02 -1.143123e+02 4.518996e-01 1.934585e-01 8.708390e-01 4.285590e+02
8.479443e-01 2.086466e-01 -4.872956e-01 2.973697e+02 -2.753422e-01 9.588992e-01 -6.854945e-02 -1.144034e+02 4.529647e-01 1.922992e-01 8.705424e-01 4.293951e+02
8.468573e-01 2.077006e-01 -4.895847e-01 2.969094e+02 -2.738858e-01 9.594452e-01 -6.671954e-02 -1.145465e+02 4.558720e-01 1.905922e-01 8.693994e-01 4.302713e+02
8.463137e-01 2.075228e-01 -4.905991e-01 2.964355e+02 -2.737572e-01 9.595056e-01 -6.637825e-02 -1.146209e+02 4.569576e-01 1.904818e-01 8.688535e-01 4.311487e+02
8.447917e-01 2.120212e-01 -4.912983e-01 2.959805e+02 -2.793371e-01 9.578557e-01 -6.695713e-02 -1.146970e+02 4.563965e-01 1.938026e-01 8.684139e-01 4.320360e+02
8.434065e-01 2.114290e-01 -4.939263e-01 2.955288e+02 -2.796242e-01 9.577332e-01 -6.750864e-02 -1.148076e+02 4.587763e-01 1.950510e-01 8.668791e-01 4.329213e+02
8.419489e-01 2.096303e-01 -4.971692e-01 2.950818e+02 -2.785234e-01 9.580389e-01 -6.772055e-02 -1.149029e+02 4.621111e-01 1.954905e-01 8.650068e-01 4.338107e+02
8.397760e-01 2.119446e-01 -4.998557e-01 2.945561e+02 -2.797062e-01 9.579683e-01 -6.372719e-02 -1.149689e+02 4.653393e-01 1.933293e-01 8.637610e-01 4.346588e+02
8.381020e-01 2.149510e-01 -5.013792e-01 2.940278e+02 -2.803286e-01 9.581615e-01 -5.781296e-02 -1.150659e+02 4.679753e-01 1.890041e-01 8.632940e-01 4.355023e+02
8.368158e-01 2.175395e-01 -5.024101e-01 2.934612e+02 -2.816863e-01 9.579639e-01 -5.438711e-02 -1.151343e+02 4.694594e-01 1.870340e-01 8.629172e-01 4.363234e+02
8.342128e-01 2.237511e-01 -5.040083e-01 2.929390e+02 -2.900486e-01 9.553754e-01 -5.594336e-02 -1.151785e+02 4.689997e-01 1.928556e-01 8.618851e-01 4.371751e+02
8.318559e-01 2.259659e-01 -5.069074e-01 2.924440e+02 -2.933281e-01 9.543745e-01 -5.592846e-02 -1.152486e+02 4.711416e-01 1.952146e-01 8.601842e-01 4.380412e+02
8.293757e-01 2.238990e-01 -5.118644e-01 2.920307e+02 -2.943068e-01 9.538486e-01 -5.963541e-02 -1.153359e+02 4.748888e-01 2.001054e-01 8.569938e-01 4.389476e+02
8.295670e-01 2.186515e-01 -5.138192e-01 2.914957e+02 -2.905056e-01 9.548161e-01 -6.271051e-02 -1.153910e+02 4.768911e-01 2.012899e-01 8.556034e-01 4.397907e+02
8.300051e-01 2.195413e-01 -5.127310e-01 2.909127e+02 -2.908156e-01 9.547711e-01 -6.195593e-02 -1.154204e+02 4.759388e-01 2.005339e-01 8.563109e-01 4.406025e+02
8.293292e-01 2.217887e-01 -5.128575e-01 2.904516e+02 -2.928226e-01 9.542284e-01 -6.085370e-02 -1.154805e+02 4.758865e-01 2.006440e-01 8.563142e-01 4.414878e+02
8.311276e-01 2.201148e-01 -5.106628e-01 2.898448e+02 -2.898690e-01 9.551802e-01 -6.005691e-02 -1.155109e+02 4.745555e-01 1.979402e-01 8.576810e-01 4.422821e+02
8.324150e-01 2.190713e-01 -5.090119e-01 2.892335e+02 -2.909818e-01 9.545146e-01 -6.504941e-02 -1.155586e+02 4.716088e-01 2.022613e-01 8.582980e-01 4.430721e+02
8.353295e-01 2.150798e-01 -5.059301e-01 2.886227e+02 -2.873561e-01 9.553859e-01 -6.829573e-02 -1.156300e+02 4.686695e-01 2.024316e-01 8.598665e-01 4.438607e+02
8.348359e-01 2.169467e-01 -5.059478e-01 2.882526e+02 -2.889596e-01 9.549720e-01 -6.731102e-02 -1.157650e+02 4.685631e-01 2.023921e-01 8.599337e-01 4.447798e+02
8.358048e-01 2.209288e-01 -5.026139e-01 2.878309e+02 -2.922460e-01 9.540191e-01 -6.663216e-02 -1.158665e+02 4.647823e-01 2.025784e-01 8.619393e-01 4.456808e+02
8.370351e-01 2.210028e-01 -5.005297e-01 2.873868e+02 -2.916994e-01 9.541959e-01 -6.649488e-02 -1.159492e+02 4.629079e-01 2.016628e-01 8.631619e-01 4.465730e+02
8.425978e-01 2.190510e-01 -4.919812e-01 2.867372e+02 -2.874114e-01 9.554735e-01 -6.682129e-02 -1.160529e+02 4.554378e-01 1.977045e-01 8.680377e-01 4.473262e+02
8.472326e-01 2.172431e-01 -4.847704e-01 2.861163e+02 -2.838503e-01 9.564936e-01 -6.744552e-02 -1.161125e+02 4.490277e-01 1.947443e-01 8.720371e-01 4.481078e+02
8.512730e-01 2.166042e-01 -4.779297e-01 2.855178e+02 -2.818509e-01 9.570250e-01 -6.828713e-02 -1.161768e+02 4.425994e-01 1.928359e-01 8.757397e-01 4.489064e+02
8.533770e-01 2.195376e-01 -4.728118e-01 2.850689e+02 -2.855605e-01 9.556775e-01 -7.166409e-02 -1.162026e+02 4.361226e-01 1.961729e-01 8.782444e-01 4.497996e+02
8.564755e-01 2.199673e-01 -4.669733e-01 2.845460e+02 -2.859127e-01 9.553655e-01 -7.436850e-02 -1.162795e+02 4.297716e-01 1.972084e-01 8.811386e-01 4.506485e+02
8.603110e-01 2.218791e-01 -4.589494e-01 2.839092e+02 -2.877526e-01 9.545287e-01 -7.793181e-02 -1.162749e+02 4.207889e-01 1.991095e-01 8.850379e-01 4.514195e+02
8.618847e-01 2.199758e-01 -4.569085e-01 2.834992e+02 -2.857423e-01 9.550269e-01 -7.921523e-02 -1.163967e+02 4.189345e-01 1.988325e-01 8.859794e-01 4.523234e+02
8.649740e-01 2.182156e-01 -4.518871e-01 2.830127e+02 -2.833591e-01 9.555926e-01 -8.093402e-02 -1.164713e+02 4.141589e-01 1.980521e-01 8.883962e-01 4.531939e+02
8.676330e-01 2.201987e-01 -4.457864e-01 2.824972e+02 -2.837430e-01 9.555359e-01 -8.025594e-02 -1.165899e+02 4.082926e-01 1.961215e-01 8.915343e-01 4.540426e+02
8.685156e-01 2.237400e-01 -4.422908e-01 2.821714e+02 -2.867389e-01 9.546512e-01 -8.013626e-02 -1.166921e+02 4.043037e-01 1.964215e-01 8.932844e-01 4.549824e+02
8.699878e-01 2.246086e-01 -4.389444e-01 2.817963e+02 -2.873376e-01 9.543862e-01 -8.114220e-02 -1.167463e+02 4.006973e-01 1.967180e-01 8.948429e-01 4.559079e+02
8.736754e-01 2.217132e-01 -4.330526e-01 2.812538e+02 -2.838573e-01 9.552126e-01 -8.362951e-02 -1.167754e+02 3.951156e-01 1.959902e-01 8.974807e-01 4.567474e+02
8.741521e-01 2.199332e-01 -4.329983e-01 2.809509e+02 -2.816411e-01 9.559193e-01 -8.304607e-02 -1.169254e+02 3.956469e-01 1.945450e-01 8.975610e-01 4.576885e+02
8.748101e-01 2.159090e-01 -4.336941e-01 2.806153e+02 -2.778771e-01 9.569267e-01 -8.411608e-02 -1.170784e+02 3.968520e-01 1.940993e-01 8.971254e-01 4.586180e+02
8.745307e-01 2.119857e-01 -4.361858e-01 2.803587e+02 -2.769039e-01 9.566502e-01 -9.024780e-02 -1.170418e+02 3.981460e-01 1.997061e-01 8.953196e-01 4.595838e+02
8.769227e-01 2.089906e-01 -4.328158e-01 2.798329e+02 -2.729308e-01 9.577663e-01 -9.051204e-02 -1.171389e+02 3.956202e-01 1.975008e-01 8.969270e-01 4.604289e+02
8.771209e-01 2.073811e-01 -4.331882e-01 2.794077e+02 -2.712551e-01 9.582438e-01 -9.049611e-02 -1.172473e+02 3.963327e-01 1.968806e-01 8.967488e-01 4.613275e+02
8.740024e-01 2.040139e-01 -4.410194e-01 2.792501e+02 -2.688692e-01 9.590382e-01 -8.919149e-02 -1.174833e+02 4.047581e-01 1.965301e-01 8.930548e-01 4.622864e+02
8.727157e-01 2.013563e-01 -4.447729e-01 2.789366e+02 -2.678096e-01 9.591394e-01 -9.126641e-02 -1.175348e+02 4.082222e-01 1.987641e-01 8.909812e-01 4.632346e+02
8.769325e-01 1.990974e-01 -4.374353e-01 2.781972e+02 -2.647760e-01 9.597188e-01 -9.398694e-02 -1.175282e+02 4.011023e-01 1.982426e-01 8.943248e-01 4.639078e+02
8.748901e-01 1.967620e-01 -4.425517e-01 2.777698e+02 -2.621617e-01 9.607112e-01 -9.113339e-02 -1.175944e+02 4.072328e-01 1.957518e-01 8.921002e-01 4.648094e+02
8.687873e-01 1.982361e-01 -4.537743e-01 2.777359e+02 -2.626401e-01 9.613278e-01 -8.287926e-02 -1.179040e+02 4.197962e-01 1.911838e-01 8.872541e-01 4.657597e+02
8.679622e-01 1.986047e-01 -4.551898e-01 2.771227e+02 -2.616097e-01 9.619235e-01 -7.914244e-02 -1.180327e+02 4.221397e-01 1.877747e-01 8.868702e-01 4.665390e+02
8.672773e-01 1.981433e-01 -4.566939e-01 2.764943e+02 -2.600060e-01 9.626019e-01 -7.612134e-02 -1.181901e+02 4.245315e-01 1.847615e-01 8.863612e-01 4.673008e+02
8.633257e-01 1.975876e-01 -4.643575e-01 2.760828e+02 -2.607731e-01 9.624597e-01 -7.529100e-02 -1.183261e+02 4.320488e-01 1.860926e-01 8.824417e-01 4.682020e+02
8.595231e-01 1.957398e-01 -4.721292e-01 2.755844e+02 -2.596936e-01 9.628840e-01 -7.357711e-02 -1.184821e+02 4.402037e-01 1.858502e-01 8.784534e-01 4.690548e+02
8.557064e-01 1.945495e-01 -4.794966e-01 2.751069e+02 -2.596563e-01 9.629629e-01 -7.267115e-02 -1.185216e+02 4.475993e-01 1.866895e-01 8.745295e-01 4.699326e+02
8.553027e-01 1.918061e-01 -4.813187e-01 2.743847e+02 -2.564738e-01 9.638925e-01 -7.164108e-02 -1.185234e+02 4.501983e-01 1.847204e-01 8.736131e-01 4.706243e+02
8.492152e-01 1.936365e-01 -4.912621e-01 2.740578e+02 -2.584405e-01 9.637083e-01 -6.689402e-02 -1.186968e+02 4.604802e-01 1.837695e-01 8.684393e-01 4.715533e+02
8.493774e-01 1.938054e-01 -4.909150e-01 2.733284e+02 -2.586561e-01 9.636364e-01 -6.709650e-02 -1.187705e+02 4.600599e-01 1.839684e-01 8.686199e-01 4.722335e+02
8.505371e-01 1.943494e-01 -4.886870e-01 2.725241e+02 -2.598440e-01 9.631681e-01 -6.919725e-02 -1.188194e+02 4.572393e-01 1.858372e-01 8.697108e-01 4.728256e+02
8.494232e-01 1.931903e-01 -4.910781e-01 2.718756e+02 -2.595917e-01 9.631704e-01 -7.010705e-02 -1.189077e+02 4.594479e-01 1.870304e-01 8.682898e-01 4.735817e+02
8.456464e-01 1.908026e-01 -4.984741e-01 2.714360e+02 -2.587606e-01 9.633857e-01 -7.022123e-02 -1.190289e+02 4.668244e-01 1.883678e-01 8.640559e-01 4.744717e+02
8.450839e-01 1.886877e-01 -5.002302e-01 2.708140e+02 -2.572101e-01 9.637435e-01 -7.100248e-02 -1.191152e+02 4.686963e-01 1.886673e-01 8.629765e-01 4.752500e+02
8.418823e-01 1.895687e-01 -5.052701e-01 2.703150e+02 -2.589614e-01 9.633440e-01 -7.005186e-02 -1.192032e+02 4.734693e-01 1.898209e-01 8.601133e-01 4.761121e+02
8.378730e-01 1.895568e-01 -5.118955e-01 2.698987e+02 -2.605936e-01 9.629096e-01 -6.997181e-02 -1.192553e+02 4.796455e-01 1.920242e-01 8.561933e-01 4.770198e+02
8.332660e-01 1.880507e-01 -5.199084e-01 2.695077e+02 -2.599697e-01 9.632005e-01 -6.826867e-02 -1.193695e+02 4.879380e-01 1.920464e-01 8.514897e-01 4.779331e+02
8.290632e-01 1.864875e-01 -5.271400e-01 2.690556e+02 -2.592727e-01 9.634830e-01 -6.691937e-02 -1.194605e+02 4.954108e-01 1.921534e-01 8.471394e-01 4.788204e+02
8.261959e-01 1.882410e-01 -5.310044e-01 2.685527e+02 -2.619812e-01 9.627922e-01 -6.630984e-02 -1.195193e+02 4.987646e-01 1.938981e-01 8.447706e-01 4.796827e+02
8.202355e-01 1.920126e-01 -5.388366e-01 2.681968e+02 -2.677844e-01 9.612782e-01 -6.508223e-02 -1.196536e+02 5.054753e-01 1.976748e-01 8.398925e-01 4.806075e+02
8.182100e-01 1.946497e-01 -5.409657e-01 2.676345e+02 -2.712586e-01 9.603272e-01 -6.473441e-02 -1.197298e+02 5.069036e-01 1.997079e-01 8.385496e-01 4.814310e+02
8.156070e-01 1.934378e-01 -5.453136e-01 2.671479e+02 -2.706208e-01 9.605547e-01 -6.402300e-02 -1.198178e+02 5.114191e-01 1.997908e-01 8.357835e-01 4.823002e+02
8.158115e-01 1.925199e-01 -5.453327e-01 2.665537e+02 -2.693950e-01 9.609156e-01 -6.377796e-02 -1.199068e+02 5.117401e-01 1.989407e-01 8.357898e-01 4.830995e+02
8.147445e-01 1.965160e-01 -5.455024e-01 2.660875e+02 -2.728572e-01 9.600762e-01 -6.166529e-02 -1.199803e+02 5.116056e-01 1.990857e-01 8.358376e-01 4.839811e+02
8.153190e-01 1.998351e-01 -5.434344e-01 2.654392e+02 -2.735116e-01 9.601620e-01 -5.727478e-02 -1.200467e+02 5.103395e-01 1.953328e-01 8.374955e-01 4.847397e+02
8.145639e-01 2.091800e-01 -5.410447e-01 2.647984e+02 -2.791741e-01 9.589611e-01 -4.955174e-02 -1.201296e+02 5.084756e-01 1.914087e-01 8.395328e-01 4.855029e+02
8.153196e-01 2.184720e-01 -5.362125e-01 2.641445e+02 -2.816008e-01 9.587974e-01 -3.753045e-02 -1.201603e+02 5.059198e-01 1.815972e-01 8.432482e-01 4.862589e+02
8.157145e-01 2.267729e-01 -5.321503e-01 2.636377e+02 -2.838496e-01 9.584985e-01 -2.664431e-02 -1.202148e+02 5.040230e-01 1.727848e-01 8.462306e-01 4.871192e+02
8.164747e-01 2.297922e-01 -5.296834e-01 2.630731e+02 -2.853670e-01 9.581123e-01 -2.421857e-02 -1.202604e+02 5.019309e-01 1.709280e-01 8.478496e-01 4.879433e+02
8.160054e-01 2.299599e-01 -5.303334e-01 2.626549e+02 -2.913229e-01 9.560310e-01 -3.369995e-02 -1.203057e+02 4.992656e-01 1.819976e-01 8.471191e-01 4.888505e+02
8.175644e-01 2.231789e-01 -5.308291e-01 2.621247e+02 -2.935020e-01 9.546136e-01 -5.068894e-02 -1.203417e+02 4.954240e-01 1.972409e-01 8.459616e-01 4.896976e+02
8.171352e-01 2.230819e-01 -5.315303e-01 2.617756e+02 -2.969584e-01 9.532199e-01 -5.645791e-02 -1.203782e+02 4.940706e-01 2.039762e-01 8.451556e-01 4.906340e+02
8.189921e-01 2.260319e-01 -5.274102e-01 2.613206e+02 -2.942309e-01 9.545376e-01 -4.781255e-02 -1.204487e+02 4.926257e-01 1.943385e-01 8.482644e-01 4.915217e+02
8.205147e-01 2.333940e-01 -5.218073e-01 2.608469e+02 -2.917054e-01 9.560028e-01 -3.109042e-02 -1.205064e+02 4.915929e-01 1.777241e-01 8.524967e-01 4.924005e+02
8.226698e-01 2.347268e-01 -5.178008e-01 2.603472e+02 -2.906120e-01 9.564267e-01 -2.815511e-02 -1.205650e+02 4.886298e-01 1.736415e-01 8.550378e-01 4.932647e+02
8.245232e-01 2.278479e-01 -5.179255e-01 2.598281e+02 -2.890176e-01 9.565162e-01 -3.931343e-02 -1.206180e+02 4.864467e-01 1.821044e-01 8.545219e-01 4.941178e+02
8.254448e-01 2.202317e-01 -5.197489e-01 2.593496e+02 -2.909621e-01 9.550093e-01 -5.743125e-02 -1.206591e+02 4.837168e-01 1.986336e-01 8.523865e-01 4.949949e+02
8.258400e-01 2.182149e-01 -5.199716e-01 2.588892e+02 -2.940560e-01 9.534438e-01 -6.690292e-02 -1.207248e+02 4.811645e-01 2.081519e-01 8.515595e-01 4.958802e+02
8.265132e-01 2.263950e-01 -5.153845e-01 2.584241e+02 -3.007090e-01 9.515492e-01 -6.425114e-02 -1.207814e+02 4.758676e-01 2.080852e-01 8.545470e-01 4.967636e+02
8.305856e-01 2.355300e-01 -5.046318e-01 2.577333e+02 -3.038895e-01 9.510427e-01 -5.629270e-02 -1.208298e+02 4.666678e-01 2.001082e-01 8.614975e-01 4.974850e+02
8.311445e-01 2.402768e-01 -5.014638e-01 2.573496e+02 -3.074239e-01 9.500203e-01 -5.433265e-02 -1.209260e+02 4.633459e-01 1.993202e-01 8.634709e-01 4.984034e+02
8.341279e-01 2.377491e-01 -4.977008e-01 2.568506e+02 -3.096532e-01 9.485672e-01 -6.584163e-02 -1.209731e+02 4.564488e-01 2.090350e-01 8.648461e-01 4.992688e+02
8.339106e-01 2.267625e-01 -5.031618e-01 2.565917e+02 -3.060928e-01 9.486542e-01 -7.976520e-02 -1.211148e+02 4.592388e-01 2.205312e-01 8.605032e-01 5.002242e+02
8.404074e-01 2.151155e-01 -4.974341e-01 2.559881e+02 -2.970221e-01 9.505485e-01 -9.074939e-02 -1.211687e+02 4.533137e-01 2.240154e-01 8.627420e-01 5.010197e+02
8.433890e-01 2.135695e-01 -4.930346e-01 2.556018e+02 -2.932585e-01 9.518502e-01 -8.933413e-02 -1.212469e+02 4.502160e-01 2.199300e-01 8.654111e-01 5.019388e+02
8.493501e-01 2.176875e-01 -4.808498e-01 2.549553e+02 -2.889482e-01 9.541260e-01 -7.843775e-02 -1.213497e+02 4.417164e-01 2.055618e-01 8.732874e-01 5.026947e+02
8.516900e-01 2.224772e-01 -4.744765e-01 2.545420e+02 -2.899784e-01 9.542388e-01 -7.308125e-02 -1.213840e+02 4.365050e-01 1.998305e-01 8.772292e-01 5.036047e+02
8.548367e-01 2.199332e-01 -4.699826e-01 2.540332e+02 -2.861325e-01 9.553778e-01 -7.335858e-02 -1.214635e+02 4.328769e-01 1.971869e-01 8.796220e-01 5.044619e+02
8.568192e-01 2.172426e-01 -4.676179e-01 2.535663e+02 -2.851518e-01 9.552456e-01 -7.870423e-02 -1.215350e+02 4.295920e-01 2.007774e-01 8.804199e-01 5.053433e+02
8.580439e-01 2.142639e-01 -4.667458e-01 2.531045e+02 -2.839477e-01 9.551967e-01 -8.350453e-02 -1.215958e+02 4.279420e-01 2.041820e-01 8.804404e-01 5.062282e+02
8.589243e-01 2.104045e-01 -4.668822e-01 2.526348e+02 -2.789291e-01 9.568084e-01 -8.195249e-02 -1.217077e+02 4.294736e-01 2.006180e-01 8.805140e-01 5.071039e+02
8.576730e-01 2.103445e-01 -4.692038e-01 2.522285e+02 -2.790884e-01 9.568254e-01 -8.120907e-02 -1.217935e+02 4.318643e-01 2.006002e-01 8.793480e-01 5.080136e+02
8.576844e-01 2.087685e-01 -4.698863e-01 2.517239e+02 -2.773035e-01 9.573785e-01 -8.080334e-02 -1.218653e+02 4.329899e-01 1.996049e-01 8.790209e-01 5.088739e+02
8.561208e-01 2.116455e-01 -4.714481e-01 2.512586e+02 -2.810386e-01 9.562674e-01 -8.105529e-02 -1.218641e+02 4.336755e-01 2.018882e-01 8.781610e-01 5.097591e+02
8.533352e-01 2.140548e-01 -4.753942e-01 2.508498e+02 -2.814190e-01 9.566981e-01 -7.437798e-02 -1.220024e+02 4.388878e-01 1.972543e-01 8.766232e-01 5.106612e+02
8.542754e-01 2.081089e-01 -4.763446e-01 2.501767e+02 -2.742455e-01 9.588923e-01 -7.290361e-02 -1.221135e+02 4.415913e-01 1.929151e-01 8.762311e-01 5.113923e+02
8.551503e-01 2.002069e-01 -4.781581e-01 2.495576e+02 -2.683532e-01 9.601653e-01 -7.790429e-02 -1.222066e+02 4.435139e-01 1.949351e-01 8.748118e-01 5.121721e+02
8.509375e-01 1.923194e-01 -4.887930e-01 2.492254e+02 -2.662100e-01 9.600991e-01 -8.568533e-02 -1.222832e+02 4.528108e-01 2.030345e-01 8.681817e-01 5.131122e+02
8.482167e-01 1.872763e-01 -4.954351e-01 2.488028e+02 -2.630372e-01 9.608429e-01 -8.713450e-02 -1.223578e+02 4.597171e-01 2.042268e-01 8.642636e-01 5.140154e+02
8.473804e-01 1.877121e-01 -4.966997e-01 2.483060e+02 -2.604007e-01 9.621269e-01 -8.064346e-02 -1.224564e+02 4.627504e-01 1.976766e-01 8.641678e-01 5.148777e+02
8.463408e-01 1.902083e-01 -4.975220e-01 2.477854e+02 -2.601510e-01 9.626897e-01 -7.449891e-02 -1.225316e+02 4.647890e-01 1.924823e-01 8.642464e-01 5.157282e+02
8.447210e-01 1.938399e-01 -4.988712e-01 2.472823e+02 -2.639724e-01 9.617422e-01 -7.328335e-02 -1.226068e+02 4.655802e-01 1.935922e-01 8.635723e-01 5.165891e+02
8.435414e-01 1.939003e-01 -5.008399e-01 2.467556e+02 -2.653386e-01 9.612534e-01 -7.474800e-02 -1.227057e+02 4.669404e-01 1.959452e-01 8.623063e-01 5.174334e+02
8.417805e-01 1.953449e-01 -5.032354e-01 2.462075e+02 -2.693943e-01 9.598637e-01 -7.802778e-02 -1.227809e+02 4.677951e-01 2.012510e-01 8.606194e-01 5.182664e+02
8.408743e-01 1.935960e-01 -5.054216e-01 2.456908e+02 -2.687148e-01 9.599443e-01 -7.936743e-02 -1.228773e+02 4.698114e-01 2.025523e-01 8.592147e-01 5.191172e+02
8.412062e-01 1.913266e-01 -5.057334e-01 2.451281e+02 -2.655276e-01 9.609325e-01 -7.812727e-02 -1.229869e+02 4.710278e-01 2.000073e-01 8.591449e-01 5.199365e+02
8.397850e-01 1.904407e-01 -5.084225e-01 2.446311e+02 -2.636009e-01 9.616980e-01 -7.517694e-02 -1.230743e+02 4.746322e-01 1.971531e-01 8.578199e-01 5.207998e+02
8.397991e-01 1.905586e-01 -5.083552e-01 2.441070e+02 -2.607195e-01 9.628906e-01 -6.976410e-02 -1.231590e+02 4.761962e-01 1.911259e-01 8.583170e-01 5.216473e+02
8.396601e-01 1.919513e-01 -5.080606e-01 2.435494e+02 -2.571350e-01 9.644754e-01 -6.057099e-02 -1.232707e+02 4.783853e-01 1.814992e-01 8.591889e-01 5.224698e+02
8.385503e-01 1.930608e-01 -5.094712e-01 2.429913e+02 -2.564919e-01 9.648920e-01 -5.652648e-02 -1.233282e+02 4.806716e-01 1.780756e-01 8.586291e-01 5.232976e+02
8.356480e-01 1.917070e-01 -5.147241e-01 2.425243e+02 -2.567623e-01 9.647609e-01 -5.752886e-02 -1.233967e+02 4.855570e-01 1.802356e-01 8.554236e-01 5.241792e+02
8.334821e-01 1.928152e-01 -5.178127e-01 2.419616e+02 -2.619408e-01 9.630235e-01 -6.302934e-02 -1.234722e+02 4.865128e-01 1.881701e-01 8.531690e-01 5.250024e+02
8.349576e-01 1.843528e-01 -5.185170e-01 2.412566e+02 -2.549831e-01 9.645761e-01 -6.765026e-02 -1.235919e+02 4.876776e-01 1.886982e-01 8.523870e-01 5.257014e+02
8.347588e-01 1.824887e-01 -5.194955e-01 2.406557e+02 -2.523645e-01 9.653509e-01 -6.640656e-02 -1.236782e+02 4.893770e-01 1.865357e-01 8.518888e-01 5.264961e+02
8.350373e-01 1.851889e-01 -5.180906e-01 2.400241e+02 -2.516950e-01 9.659194e-01 -6.040880e-02 -1.237612e+02 4.892467e-01 1.808444e-01 8.531899e-01 5.272669e+02
8.345861e-01 1.899074e-01 -5.171085e-01 2.394849e+02 -2.541119e-01 9.655803e-01 -5.551524e-02 -1.238095e+02 4.887670e-01 1.777357e-01 8.541176e-01 5.281078e+02
8.335106e-01 1.881950e-01 -5.194639e-01 2.390385e+02 -2.517649e-01 9.662864e-01 -5.389877e-02 -1.238641e+02 4.918074e-01 1.757080e-01 8.527908e-01 5.290009e+02
8.333901e-01 1.899292e-01 -5.190259e-01 2.384785e+02 -2.520565e-01 9.663626e-01 -5.109737e-02 -1.239261e+02 4.918623e-01 1.734079e-01 8.532298e-01 5.298271e+02
8.320222e-01 1.939858e-01 -5.197196e-01 2.379965e+02 -2.565640e-01 9.652086e-01 -5.046990e-02 -1.239753e+02 4.918474e-01 1.753334e-01 8.528448e-01 5.307019e+02
8.325176e-01 1.904671e-01 -5.202275e-01 2.374505e+02 -2.530115e-01 9.661086e-01 -5.117876e-02 -1.240624e+02 4.928484e-01 1.742308e-01 8.524928e-01 5.315351e+02
8.313669e-01 1.913045e-01 -5.217582e-01 2.369563e+02 -2.557517e-01 9.652555e-01 -5.359917e-02 -1.241280e+02 4.933762e-01 1.780012e-01 8.514079e-01 5.324020e+02
8.087556e-01 1.972599e-01 -5.540784e-01 2.373631e+02 -2.614495e-01 9.644585e-01 -3.826133e-02 -1.245207e+02 5.268382e-01 1.758076e-01 8.315848e-01 5.332268e+02
8.118941e-01 1.916256e-01 -5.514595e-01 2.366843e+02 -2.564397e-01 9.656475e-01 -4.199611e-02 -1.245748e+02 5.244679e-01 1.755125e-01 8.331439e-01 5.339590e+02
8.161387e-01 1.865578e-01 -5.469129e-01 2.359990e+02 -2.542145e-01 9.658602e-01 -4.989013e-02 -1.245012e+02 5.189341e-01 1.797505e-01 8.357016e-01 5.346836e+02
8.158072e-01 1.886855e-01 -5.466776e-01 2.355224e+02 -2.568692e-01 9.651411e-01 -5.020798e-02 -1.245539e+02 5.181475e-01 1.813847e-01 8.358366e-01 5.355611e+02
8.170478e-01 1.882598e-01 -5.449690e-01 2.349576e+02 -2.536384e-01 9.661807e-01 -4.650116e-02 -1.246302e+02 5.177843e-01 1.762187e-01 8.371657e-01 5.363829e+02
8.202027e-01 1.883010e-01 -5.401946e-01 2.342929e+02 -2.496378e-01 9.674363e-01 -4.180781e-02 -1.246513e+02 5.147314e-01 1.691439e-01 8.405010e-01 5.371297e+02
8.196265e-01 1.882900e-01 -5.410724e-01 2.337743e+02 -2.480796e-01 9.679562e-01 -3.895264e-02 -1.247015e+02 5.164000e-01 1.661557e-01 8.400734e-01 5.379832e+02
8.193370e-01 1.911668e-01 -5.405017e-01 2.332723e+02 -2.515645e-01 9.670417e-01 -3.931489e-02 -1.247571e+02 5.151720e-01 1.681832e-01 8.404238e-01 5.388463e+02
8.205411e-01 1.870266e-01 -5.401235e-01 2.326820e+02 -2.484757e-01 9.677100e-01 -4.239217e-02 -1.247989e+02 5.147544e-01 1.689921e-01 8.405174e-01 5.396523e+02
8.200373e-01 1.850666e-01 -5.415619e-01 2.321509e+02 -2.478966e-01 9.677567e-01 -4.465799e-02 -1.248639e+02 5.158354e-01 1.708726e-01 8.394739e-01 5.404972e+02
8.201168e-01 1.897959e-01 -5.398017e-01 2.316001e+02 -2.522478e-01 9.666913e-01 -4.334670e-02 -1.249184e+02 5.135946e-01 1.717131e-01 8.406754e-01 5.413300e+02
8.207244e-01 1.937140e-01 -5.374815e-01 2.310339e+02 -2.536073e-01 9.665244e-01 -3.890813e-02 -1.249928e+02 5.119519e-01 1.682421e-01 8.423775e-01 5.421510e+02
8.222771e-01 1.931917e-01 -5.352918e-01 2.304937e+02 -2.514934e-01 9.671409e-01 -3.727636e-02 -1.250645e+02 5.105011e-01 1.652739e-01 8.438443e-01 5.429894e+02
8.235977e-01 1.886887e-01 -5.348677e-01 2.299461e+02 -2.481405e-01 9.678709e-01 -4.064857e-02 -1.251359e+02 5.100129e-01 1.662004e-01 8.439575e-01 5.438231e+02
7.539071e-01 2.006326e-01 -6.255962e-01 2.305719e+02 -2.592439e-01 9.658082e-01 -2.674641e-03 -1.255155e+02 6.036693e-01 1.641985e-01 7.801424e-01 5.445044e+02
7.545663e-01 1.963732e-01 -6.261527e-01 2.299427e+02 -2.565036e-01 9.665247e-01 -5.987999e-03 -1.255354e+02 6.040162e-01 1.651288e-01 7.796774e-01 5.452814e+02
7.554215e-01 1.971121e-01 -6.248881e-01 2.293781e+02 -2.547193e-01 9.670107e-01 -2.897971e-03 -1.255278e+02 6.037023e-01 1.613602e-01 7.807089e-01 5.461067e+02
7.574872e-01 1.976973e-01 -6.221968e-01 2.286851e+02 -2.494870e-01 9.683701e-01 3.955234e-03 -1.255353e+02 6.032987e-01 1.522340e-01 7.828508e-01 5.468277e+02
7.557899e-01 2.001515e-01 -6.234750e-01 2.280771e+02 -2.497308e-01 9.682813e-01 8.114059e-03 -1.255543e+02 6.053232e-01 1.495684e-01 7.818012e-01 5.476214e+02
7.543523e-01 1.986823e-01 -6.256820e-01 2.274528e+02 -2.509930e-01 9.679772e-01 4.767353e-03 -1.255638e+02 6.065930e-01 1.534455e-01 7.800637e-01 5.484025e+02
7.517734e-01 1.941267e-01 -6.301997e-01 2.268180e+02 -2.516323e-01 9.678207e-01 -2.047975e-03 -1.255954e+02 6.095228e-01 1.601182e-01 7.764304e-01 5.491745e+02
7.490123e-01 1.902629e-01 -6.346500e-01 2.263086e+02 -2.531942e-01 9.673754e-01 -8.807933e-03 -1.255964e+02 6.122690e-01 1.672870e-01 7.727495e-01 5.500350e+02
7.456099e-01 1.921057e-01 -6.380919e-01 2.257073e+02 -2.556050e-01 9.667513e-01 -7.621434e-03 -1.256726e+02 6.154120e-01 1.687821e-01 7.699225e-01 5.508305e+02
7.419070e-01 1.976054e-01 -6.407231e-01 2.250746e+02 -2.603881e-01 9.654968e-01 -3.740040e-03 -1.256712e+02 6.178771e-01 1.696114e-01 7.677629e-01 5.516048e+02
7.375421e-01 2.009179e-01 -6.447198e-01 2.245053e+02 -2.625878e-01 9.649081e-01 3.067976e-04 -1.256764e+02 6.221570e-01 1.690693e-01 7.644189e-01 5.524269e+02
7.321012e-01 2.040358e-01 -6.499209e-01 2.238573e+02 -2.630204e-01 9.647677e-01 6.600203e-03 -1.257549e+02 6.283694e-01 1.661104e-01 7.599732e-01 5.531845e+02
7.259924e-01 2.024322e-01 -6.572338e-01 2.231987e+02 -2.605625e-01 9.654099e-01 9.530232e-03 -1.257483e+02 6.364292e-01 1.643316e-01 7.536265e-01 5.539369e+02
7.192994e-01 2.013920e-01 -6.648681e-01 2.224212e+02 -2.585836e-01 9.659038e-01 1.282406e-02 -1.257525e+02 6.447813e-01 1.626996e-01 7.468507e-01 5.545659e+02
7.086485e-01 1.990778e-01 -6.768939e-01 2.217677e+02 -2.572401e-01 9.662332e-01 1.486597e-02 -1.257434e+02 6.569968e-01 1.635895e-01 7.359304e-01 5.553228e+02
6.970125e-01 1.971796e-01 -6.894156e-01 2.209442e+02 -2.563031e-01 9.664419e-01 1.728446e-02 -1.257087e+02 6.696883e-01 1.646519e-01 7.241598e-01 5.558890e+02
6.780538e-01 1.955683e-01 -7.085168e-01 2.201778e+02 -2.546238e-01 9.667625e-01 2.317442e-02 -1.256914e+02 6.894996e-01 1.646917e-01 7.053133e-01 5.565311e+02
6.599006e-01 1.962866e-01 -7.252605e-01 2.192941e+02 -2.545501e-01 9.665944e-01 2.999158e-02 -1.256761e+02 7.069197e-01 1.648237e-01 6.878210e-01 5.569990e+02
6.330546e-01 1.979549e-01 -7.483687e-01 2.185657e+02 -2.573080e-01 9.655917e-01 3.775363e-02 -1.256025e+02 7.300921e-01 1.686611e-01 6.622076e-01 5.576802e+02
6.000372e-01 1.973500e-01 -7.752473e-01 2.178012e+02 -2.530571e-01 9.661541e-01 5.008316e-02 -1.255936e+02 7.588923e-01 1.661301e-01 6.296692e-01 5.583247e+02
5.664921e-01 1.978661e-01 -7.999598e-01 2.169362e+02 -2.520854e-01 9.658197e-01 6.037625e-02 -1.255004e+02 7.845634e-01 1.674556e-01 5.970083e-01 5.588177e+02
5.263148e-01 1.960299e-01 -8.273844e-01 2.161169e+02 -2.470176e-01 9.663457e-01 7.182108e-02 -1.254211e+02 8.136185e-01 1.665780e-01 5.570249e-01 5.593855e+02
4.776816e-01 1.965386e-01 -8.562668e-01 2.152849e+02 -2.415184e-01 9.664793e-01 8.710086e-02 -1.253578e+02 8.446828e-01 1.651977e-01 5.091371e-01 5.599367e+02
4.286852e-01 1.983642e-01 -8.814083e-01 2.143693e+02 -2.367780e-01 9.661652e-01 1.022787e-01 -1.252795e+02 8.718745e-01 1.648528e-01 4.611490e-01 5.603311e+02
3.778825e-01 2.007996e-01 -9.038166e-01 2.134281e+02 -2.330657e-01 9.653927e-01 1.170359e-01 -1.251516e+02 8.960386e-01 1.664228e-01 4.116044e-01 5.606439e+02
3.165380e-01 2.029611e-01 -9.266124e-01 2.125517e+02 -2.266352e-01 9.647330e-01 1.338905e-01 -1.250116e+02 9.211081e-01 1.676216e-01 3.513728e-01 5.611047e+02
2.581484e-01 2.068137e-01 -9.437094e-01 2.115819e+02 -2.203565e-01 9.636746e-01 1.509114e-01 -1.248337e+02 9.406394e-01 1.689950e-01 2.943438e-01 5.612714e+02
1.924684e-01 2.085547e-01 -9.588852e-01 2.106250e+02 -2.115974e-01 9.629880e-01 1.669750e-01 -1.246481e+02 9.582184e-01 1.707602e-01 2.294744e-01 5.614946e+02
1.281828e-01 2.080346e-01 -9.696859e-01 2.096529e+02 -2.009962e-01 9.629104e-01 1.800113e-01 -1.244287e+02 9.711692e-01 1.718288e-01 1.652427e-01 5.615785e+02
6.409265e-02 2.085231e-01 -9.759151e-01 2.086819e+02 -1.873506e-01 9.630519e-01 1.934704e-01 -1.242060e+02 9.801999e-01 1.704383e-01 1.007915e-01 5.614925e+02
-5.452743e-04 2.118697e-01 -9.772978e-01 2.077099e+02 -1.743336e-01 9.623121e-01 2.087182e-01 -1.239955e+02 9.846865e-01 1.704897e-01 3.641129e-02 5.613878e+02
-6.973159e-02 2.107716e-01 -9.750450e-01 2.067547e+02 -1.664724e-01 9.612596e-01 2.196972e-01 -1.237100e+02 9.835774e-01 1.776379e-01 -3.194250e-02 5.613102e+02
-1.334257e-01 2.103904e-01 -9.684697e-01 2.058605e+02 -1.578307e-01 9.602246e-01 2.303435e-01 -1.233961e+02 9.784105e-01 1.835880e-01 -9.491254e-02 5.609909e+02
-2.028509e-01 2.144395e-01 -9.554409e-01 2.048971e+02 -1.399365e-01 9.593634e-01 2.450300e-01 -1.232179e+02 9.691591e-01 1.834056e-01 -1.645998e-01 5.607906e+02
-2.664043e-01 2.184174e-01 -9.387878e-01 2.039591e+02 -1.184665e-01 9.591818e-01 2.567801e-01 -1.229698e+02 9.565534e-01 1.796223e-01 -2.296550e-01 5.605485e+02
-3.260837e-01 2.218930e-01 -9.189303e-01 2.030440e+02 -9.891205e-02 9.587184e-01 2.665996e-01 -1.227244e+02 9.401520e-01 1.778271e-01 -2.906746e-01 5.602287e+02
-3.792367e-01 2.252820e-01 -8.974561e-01 2.021582e+02 -8.018997e-02 9.582576e-01 2.744304e-01 -1.224938e+02 9.218184e-01 1.760410e-01 -3.453411e-01 5.598259e+02
-4.264038e-01 2.235880e-01 -8.764635e-01 2.013535e+02 -6.820096e-02 9.582626e-01 2.776353e-01 -1.222020e+02 9.019581e-01 1.781604e-01 -3.933579e-01 5.593089e+02
-4.664310e-01 2.212107e-01 -8.564508e-01 2.005384e+02 -6.131729e-02 9.578101e-01 2.807845e-01 -1.219199e+02 8.824298e-01 1.834819e-01 -4.331883e-01 5.588029e+02
-4.986969e-01 2.181682e-01 -8.388707e-01 1.997527e+02 -5.525399e-02 9.578351e-01 2.819554e-01 -1.216399e+02 8.650135e-01 1.869612e-01 -4.656147e-01 5.582512e+02
-5.224711e-01 2.201745e-01 -8.237397e-01 1.989773e+02 -4.764598e-02 9.570373e-01 2.860235e-01 -1.214022e+02 8.513248e-01 1.886869e-01 -4.895339e-01 5.576663e+02
-5.392592e-01 2.206086e-01 -8.127308e-01 1.982140e+02 -4.393483e-02 9.563941e-01 2.887561e-01 -1.210963e+02 8.409930e-01 1.914216e-01 -5.060519e-01 5.570971e+02
-5.529963e-01 2.218153e-01 -8.031146e-01 1.974328e+02 -3.573907e-02 9.567084e-01 2.888457e-01 -1.208123e+02 8.324168e-01 1.884332e-01 -5.211287e-01 5.565412e+02
-5.682663e-01 2.165697e-01 -7.938331e-01 1.966129e+02 -3.073356e-02 9.584828e-01 2.834892e-01 -1.205152e+02 8.222706e-01 1.854947e-01 -5.380175e-01 5.560519e+02
-5.805198e-01 2.133256e-01 -7.858047e-01 1.958155e+02 -2.113276e-02 9.607977e-01 2.764437e-01 -1.202257e+02 8.139719e-01 1.770873e-01 -5.532539e-01 5.555224e+02
-5.911300e-01 2.088021e-01 -7.790809e-01 1.950524e+02 -1.345953e-02 9.632228e-01 2.683666e-01 -1.199489e+02 8.064640e-01 1.691256e-01 -5.665795e-01 5.549384e+02
-6.040570e-01 2.045919e-01 -7.702320e-01 1.942669e+02 -1.254647e-02 9.639243e-01 2.658808e-01 -1.196784e+02 7.968424e-01 1.702708e-01 -5.796983e-01 5.543818e+02
-6.157348e-01 2.006632e-01 -7.619743e-01 1.935063e+02 -1.469489e-02 9.639371e-01 2.657240e-01 -1.193952e+02 7.878164e-01 1.748127e-01 -5.905809e-01 5.537976e+02
-6.250644e-01 1.998990e-01 -7.545428e-01 1.927426e+02 -1.408938e-02 9.636054e-01 2.669571e-01 -1.191354e+02 7.804460e-01 1.774964e-01 -5.994990e-01 5.532066e+02
-6.333321e-01 2.034234e-01 -7.466656e-01 1.919118e+02 -5.291883e-03 9.636726e-01 2.670339e-01 -1.189301e+02 7.738621e-01 1.730724e-01 -6.092483e-01 5.526892e+02
-6.387537e-01 2.002485e-01 -7.428958e-01 1.911707e+02 -5.070371e-03 9.644215e-01 2.643206e-01 -1.185843e+02 7.693946e-01 1.726025e-01 -6.150125e-01 5.521138e+02
-6.423450e-01 1.999180e-01 -7.398822e-01 1.904235e+02 -6.593347e-03 9.639027e-01 2.661731e-01 -1.183562e+02 7.663872e-01 1.758533e-01 -6.178400e-01 5.514895e+02
-6.456577e-01 1.970985e-01 -7.377522e-01 1.897127e+02 -6.399435e-03 9.646855e-01 2.633268e-01 -1.180469e+02 7.636001e-01 1.747402e-01 -6.215953e-01 5.508578e+02
-6.466477e-01 1.949455e-01 -7.374571e-01 1.891853e+02 -7.802633e-03 9.650496e-01 2.619510e-01 -1.177069e+02 7.627489e-01 1.751441e-01 -6.225261e-01 5.500792e+02
-6.512886e-01 1.963720e-01 -7.329811e-01 1.884127e+02 -3.848342e-03 9.650684e-01 2.619696e-01 -1.174330e+02 7.588204e-01 1.734386e-01 -6.277823e-01 5.495064e+02
-6.567044e-01 1.986225e-01 -7.275221e-01 1.876337e+02 -1.996229e-03 9.642328e-01 2.650493e-01 -1.171827e+02 7.541454e-01 1.755113e-01 -6.328194e-01 5.489315e+02
-6.624638e-01 2.025052e-01 -7.212027e-01 1.867812e+02 5.781365e-03 9.641202e-01 2.654030e-01 -1.169176e+02 7.490716e-01 1.716504e-01 -6.398655e-01 5.484809e+02
-6.653806e-01 2.026150e-01 -7.184816e-01 1.861103e+02 7.318041e-03 9.641856e-01 2.651275e-01 -1.166307e+02 7.464684e-01 1.711528e-01 -6.430332e-01 5.477972e+02
-6.682496e-01 2.008567e-01 -7.163093e-01 1.854178e+02 7.487429e-03 9.646298e-01 2.635019e-01 -1.163899e+02 7.438995e-01 1.707217e-01 -6.461174e-01 5.471171e+02
-6.698222e-01 1.933158e-01 -7.169151e-01 1.847350e+02 2.940049e-03 9.661971e-01 2.577876e-01 -1.160693e+02 7.425157e-01 1.705641e-01 -6.477486e-01 5.464606e+02
-6.705640e-01 1.888921e-01 -7.174007e-01 1.840346e+02 2.241126e-04 9.670921e-01 2.544266e-01 -1.158050e+02 7.418517e-01 1.704485e-01 -6.485395e-01 5.457976e+02
-6.704622e-01 1.848034e-01 -7.185598e-01 1.833222e+02 5.019380e-05 9.684942e-01 2.490361e-01 -1.155067e+02 7.419437e-01 1.669332e-01 -6.493480e-01 5.451623e+02
-6.683635e-01 1.822143e-01 -7.211714e-01 1.826566e+02 -4.390593e-03 9.685483e-01 2.487867e-01 -1.151947e+02 7.438219e-01 1.694463e-01 -6.465423e-01 5.444844e+02
-6.671806e-01 1.862458e-01 -7.212368e-01 1.819441e+02 -2.980003e-03 9.675632e-01 2.526116e-01 -1.149752e+02 7.448900e-01 1.706868e-01 -6.449844e-01 5.438179e+02
-6.663137e-01 1.860437e-01 -7.220899e-01 1.812083e+02 -4.202975e-03 9.674229e-01 2.531311e-01 -1.147136e+02 7.456597e-01 1.716997e-01 -6.438252e-01 5.431933e+02
-6.640634e-01 1.866964e-01 -7.239919e-01 1.805066e+02 -4.538968e-03 9.672982e-01 2.536012e-01 -1.144790e+02 7.476625e-01 1.716935e-01 -6.414999e-01 5.425206e+02
-6.628504e-01 1.842008e-01 -7.257406e-01 1.797718e+02 -9.102434e-03 9.672132e-01 2.538027e-01 -1.141997e+02 7.486965e-01 1.748393e-01 -6.394410e-01 5.419025e+02
-6.611198e-01 1.863462e-01 -7.267708e-01 1.790139e+02 -8.259578e-03 9.667992e-01 2.554036e-01 -1.139811e+02 7.502349e-01 1.748552e-01 -6.376309e-01 5.412878e+02
-6.595963e-01 1.898690e-01 -7.272430e-01 1.782654e+02 -6.155226e-03 9.661704e-01 2.578310e-01 -1.137241e+02 7.515948e-01 1.745407e-01 -6.361138e-01 5.406765e+02
-6.580610e-01 1.944036e-01 -7.274359e-01 1.775130e+02 -6.598744e-03 9.645696e-01 2.637458e-01 -1.135029e+02 7.529357e-01 1.783610e-01 -6.334629e-01 5.400560e+02
-6.559251e-01 1.975170e-01 -7.285254e-01 1.768263e+02 -1.110715e-02 9.625267e-01 2.709594e-01 -1.132559e+02 7.547442e-01 1.858209e-01 -6.291516e-01 5.393723e+02
-6.540902e-01 2.025665e-01 -7.287886e-01 1.760339e+02 -8.524131e-03 9.614401e-01 2.748823e-01 -1.130481e+02 7.563685e-01 1.860101e-01 -6.271419e-01 5.387989e+02
-6.528099e-01 1.957314e-01 -7.317981e-01 1.753533e+02 -1.686101e-02 9.620486e-01 2.723568e-01 -1.127404e+02 7.573341e-01 1.901360e-01 -6.247347e-01 5.381340e+02
-6.518651e-01 1.919044e-01 -7.336516e-01 1.746023e+02 -1.845708e-02 9.631490e-01 2.683346e-01 -1.124832e+02 7.581103e-01 1.884590e-01 -6.243011e-01 5.375258e+02
-6.497859e-01 1.901283e-01 -7.359549e-01 1.738695e+02 -1.903021e-02 9.638396e-01 2.658026e-01 -1.122138e+02 7.598791e-01 1.867202e-01 -6.226712e-01 5.369009e+02
-6.487578e-01 1.921884e-01 -7.363266e-01 1.731256e+02 -1.937083e-02 9.631001e-01 2.684456e-01 -1.119747e+02 7.607484e-01 1.884194e-01 -6.210958e-01 5.362769e+02
-6.472367e-01 1.907050e-01 -7.380489e-01 1.723868e+02 -2.113731e-02 9.633387e-01 2.674543e-01 -1.116997e+02 7.619960e-01 1.887066e-01 -6.194772e-01 5.356616e+02
-6.450881e-01 1.949525e-01 -7.388199e-01 1.716373e+02 -1.587836e-02 9.632759e-01 2.680437e-01 -1.114666e+02 7.639432e-01 1.846431e-01 -6.183023e-01 5.350420e+02
-6.434115e-01 1.939732e-01 -7.405377e-01 1.709012e+02 -1.777163e-02 9.633194e-01 2.677684e-01 -1.112104e+02 7.653142e-01 1.854458e-01 -6.163636e-01 5.344155e+02
-6.423531e-01 1.956641e-01 -7.410115e-01 1.701503e+02 -1.580746e-02 9.632738e-01 2.680553e-01 -1.109669e+02 7.662458e-01 1.838996e-01 -6.156690e-01 5.338016e+02
-6.420604e-01 1.915718e-01 -7.423332e-01 1.693927e+02 -2.250215e-02 9.631505e-01 2.680201e-01 -1.107888e+02 7.663237e-01 1.887892e-01 -6.140901e-01 5.331737e+02
-6.417216e-01 1.887803e-01 -7.433406e-01 1.686516e+02 -2.528430e-02 9.634978e-01 2.665197e-01 -1.105121e+02 7.665207e-01 1.898263e-01 -6.135242e-01 5.325620e+02
-6.403493e-01 1.875299e-01 -7.448391e-01 1.679287e+02 -3.033876e-02 9.628045e-01 2.684902e-01 -1.102584e+02 7.674844e-01 1.945250e-01 -6.108418e-01 5.319193e+02
-6.429344e-01 1.893706e-01 -7.421415e-01 1.670680e+02 -2.970565e-02 9.620586e-01 2.712211e-01 -1.100801e+02 7.653449e-01 1.964232e-01 -6.129152e-01 5.314423e+02
-6.419271e-01 1.911056e-01 -7.425687e-01 1.663268e+02 -3.326921e-02 9.605889e-01 2.759749e-01 -1.098442e+02 7.660435e-01 2.018604e-01 -6.102701e-01 5.308139e+02
-6.385115e-01 1.961577e-01 -7.441944e-01 1.655792e+02 -2.692750e-02 9.606869e-01 2.763252e-01 -1.095940e+02 7.691411e-01 1.964761e-01 -6.081276e-01 5.301987e+02
-6.374160e-01 1.941242e-01 -7.456652e-01 1.648203e+02 -2.163747e-02 9.628518e-01 2.691622e-01 -1.092566e+02 7.702160e-01 1.877026e-01 -6.095368e-01 5.296416e+02
-6.368473e-01 1.906230e-01 -7.470531e-01 1.640582e+02 -2.310434e-02 9.637994e-01 2.656254e-01 -1.089736e+02 7.706437e-01 1.864230e-01 -6.093889e-01 5.290593e+02
-6.371258e-01 1.925079e-01 -7.463320e-01 1.633033e+02 -2.239965e-02 9.632732e-01 2.675875e-01 -1.086892e+02 7.704343e-01 1.872045e-01 -6.094141e-01 5.284683e+02
-6.359459e-01 2.001089e-01 -7.453384e-01 1.625655e+02 -2.089830e-02 9.609778e-01 2.758350e-01 -1.084482e+02 7.714507e-01 1.909924e-01 -6.069479e-01 5.278378e+02
-6.358751e-01 2.036954e-01 -7.444266e-01 1.618348e+02 -1.991061e-02 9.598926e-01 2.796600e-01 -1.082142e+02 7.715351e-01 1.926508e-01 -6.063161e-01 5.271965e+02
-6.376823e-01 1.969963e-01 -7.446836e-01 1.610888e+02 -2.442706e-02 9.610879e-01 2.751605e-01 -1.079495e+02 7.699121e-01 1.936554e-01 -6.080567e-01 5.265854e+02
-6.390788e-01 1.893145e-01 -7.454786e-01 1.603567e+02 -2.721098e-02 9.630631e-01 2.678975e-01 -1.076838e+02 7.686598e-01 1.914928e-01 -6.103218e-01 5.259582e+02
-6.411160e-01 1.875155e-01 -7.441829e-01 1.595730e+02 -2.242334e-02 9.646992e-01 2.623978e-01 -1.074322e+02 7.671163e-01 1.849145e-01 -6.142794e-01 5.253902e+02
-6.409745e-01 1.875064e-01 -7.443071e-01 1.588496e+02 -2.089031e-02 9.650818e-01 2.611143e-01 -1.071741e+02 7.672778e-01 1.829164e-01 -6.146758e-01 5.247498e+02
-6.421961e-01 1.897607e-01 -7.426810e-01 1.580943e+02 -1.798926e-02 9.648761e-01 2.620886e-01 -1.069286e+02 7.663293e-01 1.816726e-01 -6.162260e-01 5.241422e+02
-6.415185e-01 1.956651e-01 -7.417339e-01 1.573426e+02 -1.232746e-02 9.641685e-01 2.650039e-01 -1.067194e+02 7.670085e-01 1.791486e-01 -6.161199e-01 5.235168e+02
-6.415694e-01 1.931691e-01 -7.423438e-01 1.565787e+02 -1.512642e-02 9.643975e-01 2.640238e-01 -1.064665e+02 7.669158e-01 1.806186e-01 -6.158060e-01 5.229230e+02
-6.396518e-01 1.922638e-01 -7.442312e-01 1.558429e+02 -1.761835e-02 9.642915e-01 2.642565e-01 -1.062227e+02 7.684628e-01 1.821443e-01 -6.134235e-01 5.222912e+02
-6.376821e-01 1.950676e-01 -7.451914e-01 1.550914e+02 -1.198634e-02 9.647746e-01 2.628046e-01 -1.059648e+02 7.702064e-01 1.765179e-01 -6.128813e-01 5.216840e+02
-6.352571e-01 1.976547e-01 -7.465796e-01 1.543498e+02 -1.381747e-02 9.636319e-01 2.668758e-01 -1.057269e+02 7.721771e-01 1.798506e-01 -6.094229e-01 5.210568e+02
-6.328132e-01 1.970522e-01 -7.488110e-01 1.535999e+02 -1.513104e-02 9.637439e-01 2.663996e-01 -1.054894e+02 7.741566e-01 1.799115e-01 -6.068883e-01 5.204394e+02
-6.314901e-01 1.923682e-01 -7.511423e-01 1.528489e+02 -1.753325e-02 9.649456e-01 2.618637e-01 -1.052262e+02 7.751857e-01 1.785343e-01 -6.059808e-01 5.198337e+02
-6.282458e-01 1.904212e-01 -7.543520e-01 1.521398e+02 -1.617361e-02 9.661795e-01 2.573627e-01 -1.049494e+02 7.778468e-01 1.738876e-01 -6.039184e-01 5.191853e+02
-6.269412e-01 1.953260e-01 -7.541833e-01 1.513963e+02 -1.507615e-02 9.648371e-01 2.624158e-01 -1.047267e+02 7.789207e-01 1.758895e-01 -6.019514e-01 5.185546e+02
-6.400312e-01 1.983003e-01 -7.423187e-01 1.504351e+02 -8.960549e-03 9.641298e-01 2.652800e-01 -1.044902e+02 7.682967e-01 1.764390e-01 -6.152962e-01 5.184126e+02
-6.401583e-01 1.989009e-01 -7.420484e-01 1.496909e+02 -8.781226e-03 9.639456e-01 2.659543e-01 -1.042273e+02 7.681929e-01 1.767690e-01 -6.153312e-01 5.177986e+02
-6.399894e-01 1.979037e-01 -7.424605e-01 1.489835e+02 -7.908340e-03 9.645150e-01 2.639095e-01 -1.039935e+02 7.683430e-01 1.747709e-01 -6.157143e-01 5.171316e+02
-6.395813e-01 1.994980e-01 -7.423855e-01 1.482487e+02 -3.028784e-03 9.650766e-01 2.619502e-01 -1.037788e+02 7.687175e-01 1.697870e-01 -6.166408e-01 5.164882e+02
-6.418381e-01 2.033573e-01 -7.393847e-01 1.474936e+02 4.856661e-03 9.652552e-01 2.612638e-01 -1.035270e+02 7.668248e-01 1.640981e-01 -6.205252e-01 5.158828e+02
-6.439373e-01 2.067248e-01 -7.366204e-01 1.467715e+02 9.101169e-03 9.648056e-01 2.628066e-01 -1.032873e+02 7.650242e-01 1.625268e-01 -6.231557e-01 5.152339e+02
-6.469444e-01 2.091622e-01 -7.332899e-01 1.460211e+02 1.389541e-02 9.647188e-01 2.629154e-01 -1.030418e+02 7.624106e-01 1.599023e-01 -6.270258e-01 5.146202e+02
-6.514665e-01 2.040696e-01 -7.307168e-01 1.453048e+02 8.191493e-03 9.649814e-01 2.621903e-01 -1.027958e+02 7.586332e-01 1.648226e-01 -6.303247e-01 5.139672e+02
-6.546607e-01 1.995960e-01 -7.290959e-01 1.445819e+02 5.134110e-03 9.656627e-01 2.597482e-01 -1.025404e+02 7.559054e-01 1.663037e-01 -6.332062e-01 5.133253e+02
-6.569014e-01 2.028800e-01 -7.261682e-01 1.438426e+02 9.838350e-03 9.653423e-01 2.608016e-01 -1.022544e+02 7.539123e-01 1.641766e-01 -6.361307e-01 5.127155e+02
-6.573790e-01 2.045195e-01 -7.252756e-01 1.431435e+02 6.858494e-03 9.640494e-01 2.656346e-01 -1.019989e+02 7.535289e-01 1.696483e-01 -6.351485e-01 5.120478e+02
-6.580085e-01 2.058192e-01 -7.243364e-01 1.424212e+02 2.384344e-03 9.624854e-01 2.713230e-01 -1.017421e+02 7.530067e-01 1.768058e-01 -6.338144e-01 5.114056e+02
-6.581563e-01 2.001452e-01 -7.257907e-01 1.417147e+02 -9.431179e-04 9.637975e-01 2.666335e-01 -1.014923e+02 7.528807e-01 1.761710e-01 -6.341407e-01 5.107434e+02
-6.572940e-01 1.969135e-01 -7.274542e-01 1.409893e+02 3.094326e-03 9.659586e-01 2.586780e-01 -1.012332e+02 7.536279e-01 1.677766e-01 -6.355282e-01 5.101058e+02
-6.565900e-01 1.964868e-01 -7.282050e-01 1.402657e+02 3.560481e-03 9.662686e-01 2.575117e-01 -1.010103e+02 7.542393e-01 1.664868e-01 -6.351419e-01 5.094525e+02
-6.562606e-01 1.982070e-01 -7.280358e-01 1.395463e+02 -3.002893e-04 9.648122e-01 2.629398e-01 -1.007500e+02 7.545343e-01 1.727757e-01 -6.331087e-01 5.088086e+02
-6.564938e-01 2.029615e-01 -7.265140e-01 1.388039e+02 -4.873361e-04 9.630087e-01 2.694698e-01 -1.005031e+02 7.543313e-01 1.772593e-01 -6.321103e-01 5.081857e+02
-6.559507e-01 2.053886e-01 -7.263224e-01 1.380783e+02 -1.559477e-04 9.622296e-01 2.722390e-01 -1.002326e+02 7.548037e-01 1.786887e-01 -6.311432e-01 5.075530e+02
-6.545731e-01 2.064775e-01 -7.272558e-01 1.373546e+02 1.139561e-03 9.622487e-01 2.721694e-01 -9.995514e+01 7.559978e-01 1.773260e-01 -6.300974e-01 5.069211e+02
-6.525138e-01 2.013060e-01 -7.305488e-01 1.366174e+02 -1.529733e-03 9.637167e-01 2.669227e-01 -9.966486e+01 7.577753e-01 1.752883e-01 -6.285305e-01 5.063110e+02
-6.517585e-01 2.003696e-01 -7.314799e-01 1.358214e+02 -1.493253e-03 9.641294e-01 2.654283e-01 -9.938964e+01 7.584251e-01 1.740875e-01 -6.280803e-01 5.057719e+02
-6.833608e-01 2.018387e-01 -7.016261e-01 1.349258e+02 1.252018e-02 9.641237e-01 2.651579e-01 -9.924972e+01 7.299735e-01 1.724140e-01 -6.613714e-01 5.061940e+02
-6.814410e-01 2.063798e-01 -7.021720e-01 1.342150e+02 1.390830e-02 9.628963e-01 2.695132e-01 -9.896753e+01 7.317409e-01 1.738913e-01 -6.590273e-01 5.055497e+02
-6.792747e-01 2.079906e-01 -7.037938e-01 1.335200e+02 1.470707e-02 9.626640e-01 2.702992e-01 -9.869480e+01 7.337367e-01 1.732567e-01 -6.569723e-01 5.048844e+02
-6.785026e-01 2.035657e-01 -7.058295e-01 1.328174e+02 9.792324e-03 9.632587e-01 2.683967e-01 -9.840383e+01 7.345328e-01 1.751962e-01 -6.555669e-01 5.042351e+02
-6.795132e-01 2.015053e-01 -7.054484e-01 1.320988e+02 1.002493e-02 9.640029e-01 2.657028e-01 -9.814877e+01 7.335948e-01 1.734765e-01 -6.570727e-01 5.035881e+02
-6.794725e-01 2.016567e-01 -7.054443e-01 1.313928e+02 1.025969e-02 9.640050e-01 2.656863e-01 -9.789601e+01 7.336293e-01 1.732889e-01 -6.570838e-01 5.029265e+02
-6.805078e-01 2.029493e-01 -7.040744e-01 1.306722e+02 1.289443e-02 9.640458e-01 2.654231e-01 -9.764600e+01 7.326274e-01 1.715439e-01 -6.586576e-01 5.022798e+02
-6.842640e-01 2.019804e-01 -7.007044e-01 1.299355e+02 1.277105e-02 9.640486e-01 2.654189e-01 -9.738261e+01 7.291225e-01 1.726678e-01 -6.622433e-01 5.016570e+02
-6.869751e-01 2.018799e-01 -6.980758e-01 1.292533e+02 1.106266e-02 9.634299e-01 2.677322e-01 -9.708854e+01 7.265968e-01 1.762027e-01 -6.640856e-01 5.009875e+02
-6.876373e-01 2.054693e-01 -6.963744e-01 1.285999e+02 1.352376e-02 9.625798e-01 2.706607e-01 -9.685298e+01 7.259284e-01 1.766988e-01 -6.646845e-01 5.002682e+02
-6.879476e-01 2.044229e-01 -6.963759e-01 1.279421e+02 1.409823e-02 9.630952e-01 2.687915e-01 -9.662732e+01 7.256234e-01 1.750968e-01 -6.654410e-01 4.995496e+02
-6.890128e-01 1.975185e-01 -6.973147e-01 1.272678e+02 1.304329e-02 9.653699e-01 2.605587e-01 -9.631440e+01 7.246318e-01 1.704330e-01 -6.677285e-01 4.988807e+02
-6.914960e-01 1.951317e-01 -6.955264e-01 1.265322e+02 1.457892e-02 9.663994e-01 2.566313e-01 -9.609122e+01 7.222332e-01 1.673195e-01 -6.711061e-01 4.982411e+02
-6.917559e-01 1.937835e-01 -6.956448e-01 1.259266e+02 1.394214e-02 9.667261e-01 2.554336e-01 -9.581647e+01 7.219968e-01 1.669989e-01 -6.714402e-01 4.974943e+02
-6.933800e-01 1.962668e-01 -6.933278e-01 1.252014e+02 1.482638e-02 9.658731e-01 2.585912e-01 -9.553929e+01 7.204195e-01 1.690224e-01 -6.726270e-01 4.968640e+02
-6.982114e-01 1.949809e-01 -6.888275e-01 1.244604e+02 9.953845e-03 9.647462e-01 2.629935e-01 -9.525898e+01 7.158225e-01 1.767686e-01 -6.755376e-01 4.962537e+02
-7.015964e-01 1.916236e-01 -6.863257e-01 1.237517e+02 9.283186e-03 9.655395e-01 2.600909e-01 -9.498375e+01 7.125141e-01 1.761076e-01 -6.791979e-01 4.956042e+02
-7.036537e-01 1.880941e-01 -6.851949e-01 1.230498e+02 1.019544e-02 9.668991e-01 2.549551e-01 -9.472705e+01 7.104699e-01 1.724143e-01 -6.822799e-01 4.949397e+02
-7.037608e-01 1.822935e-01 -6.866511e-01 1.223836e+02 1.627714e-02 9.704031e-01 2.409418e-01 -9.452059e+01 7.102505e-01 1.583887e-01 -6.858989e-01 4.942231e+02
-7.005847e-01 1.825474e-01 -6.898242e-01 1.218354e+02 2.287410e-02 9.719721e-01 2.339809e-01 -9.437505e+01 7.132025e-01 1.481444e-01 -6.851244e-01 4.933995e+02
-7.009232e-01 1.841781e-01 -6.890465e-01 1.211792e+02 2.470721e-02 9.717740e-01 2.346164e-01 -9.412969e+01 7.128086e-01 1.474237e-01 -6.856895e-01 4.926859e+02
-7.022034e-01 1.898447e-01 -6.861992e-01 1.204908e+02 2.235771e-02 9.691993e-01 2.452607e-01 -9.387777e+01 7.116252e-01 1.568811e-01 -6.848196e-01 4.920058e+02
-7.023380e-01 1.985472e-01 -6.835937e-01 1.198036e+02 2.205126e-02 9.659219e-01 2.578925e-01 -9.365435e+01 7.115020e-01 1.660536e-01 -6.827819e-01 4.913145e+02
-7.027943e-01 2.048897e-01 -6.812491e-01 1.190851e+02 2.396975e-02 9.639032e-01 2.651717e-01 -9.341750e+01 7.109892e-01 1.700318e-01 -6.823369e-01 4.906605e+02
-7.031409e-01 2.012526e-01 -6.819753e-01 1.184216e+02 2.106169e-02 9.645835e-01 2.629356e-01 -9.312924e+01 7.107385e-01 1.705173e-01 -6.824768e-01 4.899701e+02
-7.013541e-01 1.983142e-01 -6.846707e-01 1.177315e+02 2.108841e-02 9.658716e-01 2.581616e-01 -9.290200e+01 7.125011e-01 1.666240e-01 -6.816001e-01 4.892830e+02
-6.993472e-01 1.957035e-01 -6.874690e-01 1.170512e+02 2.068939e-02 9.669275e-01 2.542108e-01 -9.264431e+01 7.144826e-01 1.635583e-01 -6.802671e-01 4.885968e+02
-6.978911e-01 1.934391e-01 -6.895864e-01 1.163729e+02 2.042801e-02 9.678198e-01 2.508137e-01 -9.240119e+01 7.159125e-01 1.609537e-01 -6.793844e-01 4.879035e+02
-6.954636e-01 1.923381e-01 -6.923413e-01 1.156942e+02 2.129571e-02 9.686041e-01 2.476945e-01 -9.214189e+01 7.182457e-01 1.575186e-01 -6.777249e-01 4.872163e+02
-6.937284e-01 1.924397e-01 -6.940518e-01 1.150348e+02 2.238128e-02 9.689386e-01 2.462866e-01 -9.187082e+01 7.198889e-01 1.553223e-01 -6.764872e-01 4.865152e+02
-6.922610e-01 1.949971e-01 -6.948027e-01 1.143457e+02 2.170576e-02 9.679918e-01 2.500415e-01 -9.163741e+01 7.213207e-01 1.580127e-01 -6.743355e-01 4.858291e+02
-6.916304e-01 1.982517e-01 -6.945097e-01 1.136657e+02 2.377552e-02 9.673180e-01 2.524494e-01 -9.138914e+01 7.218602e-01 1.580893e-01 -6.737400e-01 4.851392e+02
-6.895757e-01 2.035275e-01 -6.950266e-01 1.129671e+02 2.786420e-02 9.664439e-01 2.553621e-01 -9.121254e+01 7.236774e-01 1.567251e-01 -6.721073e-01 4.844458e+02
-6.916035e-01 2.000512e-01 -6.940202e-01 1.122195e+02 2.652856e-02 9.672651e-01 2.523778e-01 -9.094864e+01 7.217900e-01 1.561340e-01 -6.742710e-01 4.838364e+02
-6.901646e-01 1.990960e-01 -6.957252e-01 1.115586e+02 2.384601e-02 9.671430e-01 2.531123e-01 -9.073803e+01 7.232594e-01 1.580989e-01 -6.722355e-01 4.831160e+02
-6.904856e-01 2.007905e-01 -6.949192e-01 1.108531e+02 2.604772e-02 9.669798e-01 2.535184e-01 -9.048480e+01 7.228770e-01 1.569498e-01 -6.729158e-01 4.824541e+02
-6.898165e-01 2.019323e-01 -6.952528e-01 1.101687e+02 2.520933e-02 9.664320e-01 2.556826e-01 -9.023020e+01 7.235452e-01 1.588472e-01 -6.717514e-01 4.817709e+02
-6.889209e-01 2.053260e-01 -6.951469e-01 1.094671e+02 2.820953e-02 9.659080e-01 2.573441e-01 -8.998752e+01 7.242873e-01 1.576800e-01 -6.712264e-01 4.811009e+02
-6.869217e-01 2.110904e-01 -6.953987e-01 1.087875e+02 3.248462e-02 9.648478e-01 2.607939e-01 -8.973119e+01 7.260050e-01 1.565552e-01 -6.696321e-01 4.804135e+02
-6.858417e-01 2.181490e-01 -6.942854e-01 1.080825e+02 3.893722e-02 9.636484e-01 2.643210e-01 -8.951818e+01 7.267084e-01 1.542488e-01 -6.694044e-01 4.797371e+02
-6.863969e-01 2.172245e-01 -6.940266e-01 1.073699e+02 3.815192e-02 9.637883e-01 2.639252e-01 -8.927625e+01 7.262257e-01 1.546790e-01 -6.698288e-01 4.790786e+02
-6.828206e-01 2.212060e-01 -6.962930e-01 1.067026e+02 4.450388e-02 9.638848e-01 2.625747e-01 -8.907224e+01 7.292293e-01 1.483037e-01 -6.680049e-01 4.783623e+02
-6.834314e-01 2.241943e-01 -6.947362e-01 1.059831e+02 5.042298e-02 9.638986e-01 2.614516e-01 -8.882295e+01 7.282713e-01 1.436536e-01 -6.700632e-01 4.777140e+02
-6.863700e-01 2.131867e-01 -6.953040e-01 1.052760e+02 3.861927e-02 9.654050e-01 2.578792e-01 -8.857010e+01 7.262264e-01 1.501484e-01 -6.708582e-01 4.770537e+02
-6.880130e-01 1.988102e-01 -6.979346e-01 1.046200e+02 2.671606e-02 9.680290e-01 2.494117e-01 -8.827828e+01 7.252064e-01 1.529524e-01 -6.713279e-01 4.763576e+02
-6.852317e-01 1.975744e-01 -7.010149e-01 1.039266e+02 2.818550e-02 9.689752e-01 2.455456e-01 -8.806033e+01 7.277796e-01 1.484972e-01 -6.695412e-01 4.756709e+02
-6.809856e-01 2.006862e-01 -7.042611e-01 1.032114e+02 2.636636e-02 9.678112e-01 2.502924e-01 -8.785234e+01 7.318220e-01 1.518767e-01 -6.643568e-01 4.750036e+02
-6.789072e-01 2.007092e-01 -7.062583e-01 1.025497e+02 1.989522e-02 9.665868e-01 2.555664e-01 -8.756815e+01 7.339545e-01 1.594547e-01 -6.602159e-01 4.743098e+02
-6.786638e-01 1.985808e-01 -7.070934e-01 1.018305e+02 1.610540e-02 9.665458e-01 2.559878e-01 -8.730532e+01 7.342725e-01 1.623416e-01 -6.591579e-01 4.736666e+02
-6.777499e-01 1.982989e-01 -7.080484e-01 1.011281e+02 1.522275e-02 9.665257e-01 2.561178e-01 -8.703132e+01 7.351349e-01 1.628054e-01 -6.580814e-01 4.730096e+02
-6.732473e-01 1.999129e-01 -7.118799e-01 1.004419e+02 1.493218e-02 9.662373e-01 2.572208e-01 -8.679874e+01 7.392666e-01 1.625433e-01 -6.535017e-01 4.723204e+02
-6.706694e-01 2.013281e-01 -7.139114e-01 9.970755e+01 1.610149e-02 9.661855e-01 2.573449e-01 -8.654410e+01 7.415816e-01 1.610983e-01 -6.512327e-01 4.716912e+02
-6.676417e-01 2.014995e-01 -7.166956e-01 9.900815e+01 1.374670e-02 9.658483e-01 2.587431e-01 -8.632349e+01 7.443558e-01 1.628955e-01 -6.476106e-01 4.710114e+02
-6.644162e-01 2.011447e-01 -7.197861e-01 9.829977e+01 1.157997e-02 9.657564e-01 2.591921e-01 -8.607930e+01 7.472731e-01 1.638763e-01 -6.439934e-01 4.703491e+02
-6.612589e-01 2.040537e-01 -7.218718e-01 9.756882e+01 1.314519e-02 9.652974e-01 2.608221e-01 -8.586957e+01 7.500426e-01 1.629818e-01 -6.409938e-01 4.696997e+02
-6.589149e-01 2.066758e-01 -7.232677e-01 9.688793e+01 1.569612e-02 9.650825e-01 2.614755e-01 -8.565533e+01 7.520537e-01 1.609376e-01 -6.391512e-01 4.689994e+02
-6.590567e-01 2.069126e-01 -7.230708e-01 9.613797e+01 1.639514e-02 9.651353e-01 2.612377e-01 -8.539987e+01 7.519145e-01 1.603156e-01 -6.394712e-01 4.683892e+02
-6.584663e-01 2.062889e-01 -7.237866e-01 9.540451e+01 1.742981e-02 9.656237e-01 2.593589e-01 -8.515572e+01 7.524084e-01 1.581636e-01 -6.394263e-01 4.677549e+02
-6.614327e-01 2.077076e-01 -7.206693e-01 9.462209e+01 2.274384e-02 9.659996e-01 2.575411e-01 -8.487973e+01 7.496596e-01 1.539553e-01 -6.436678e-01 4.671966e+02
-6.662511e-01 2.094721e-01 -7.157031e-01 9.383971e+01 2.934076e-02 9.663583e-01 2.555205e-01 -8.460664e+01 7.451501e-01 1.492415e-01 -6.499833e-01 4.666369e+02
-6.678402e-01 2.101076e-01 -7.140338e-01 9.321596e+01 3.099910e-02 9.663492e-01 2.553589e-01 -8.440343e+01 7.436589e-01 1.484046e-01 -6.518800e-01 4.658821e+02
-6.720408e-01 2.097662e-01 -7.101826e-01 9.255870e+01 3.243376e-02 9.664576e-01 2.547702e-01 -8.418875e+01 7.398035e-01 1.481821e-01 -6.563024e-01 4.651597e+02
-6.818236e-01 2.088113e-01 -7.010809e-01 9.178912e+01 3.505179e-02 9.666186e-01 2.538106e-01 -8.391372e+01 7.306764e-01 1.484799e-01 -6.663826e-01 4.645834e+02
-6.889627e-01 2.089414e-01 -6.940273e-01 9.111341e+01 3.746909e-02 9.665344e-01 2.537858e-01 -8.368426e+01 7.238277e-01 1.488444e-01 -6.737350e-01 4.638828e+02
-6.982274e-01 2.098797e-01 -6.844187e-01 9.045036e+01 4.294805e-02 9.666166e-01 2.526022e-01 -8.344311e+01 7.145866e-01 1.469793e-01 -6.839321e-01 4.631742e+02
-7.089449e-01 2.102751e-01 -6.731876e-01 8.982083e+01 5.002274e-02 9.671069e-01 2.494032e-01 -8.317835e+01 7.034877e-01 1.431385e-01 -6.961440e-01 4.624437e+02
-7.237393e-01 2.094642e-01 -6.575152e-01 8.915346e+01 5.545554e-02 9.673915e-01 2.471403e-01 -8.299494e+01 6.878417e-01 1.424023e-01 -7.117552e-01 4.617219e+02
-7.406344e-01 2.077410e-01 -6.389869e-01 8.852782e+01 5.995726e-02 9.676432e-01 2.450954e-01 -8.278732e+01 6.692277e-01 1.432142e-01 -7.291255e-01 4.609699e+02
-7.604077e-01 2.028998e-01 -6.169374e-01 8.802201e+01 6.389163e-02 9.687075e-01 2.398410e-01 -8.245894e+01 6.462956e-01 1.429598e-01 -7.495762e-01 4.601722e+02
-7.831249e-01 2.036058e-01 -5.875883e-01 8.749118e+01 7.258635e-02 9.683514e-01 2.388029e-01 -8.225750e+01 6.176136e-01 1.443616e-01 -7.731191e-01 4.593490e+02
-8.076465e-01 2.038513e-01 -5.533098e-01 8.694050e+01 8.209760e-02 9.680773e-01 2.368256e-01 -8.201988e+01 5.839239e-01 1.458460e-01 -7.985999e-01 4.585489e+02
-8.321169e-01 2.025410e-01 -5.162932e-01 8.649121e+01 9.018671e-02 9.679547e-01 2.343718e-01 -8.180628e+01 5.472183e-01 1.484620e-01 -8.237179e-01 4.576814e+02
-8.572886e-01 1.987517e-01 -4.749252e-01 8.605783e+01 9.601796e-02 9.680170e-01 2.317837e-01 -8.162584e+01 5.058031e-01 1.531042e-01 -8.489537e-01 4.567984e+02
-8.803919e-01 1.930737e-01 -4.331658e-01 8.575030e+01 1.016207e-01 9.689630e-01 2.253531e-01 -8.142049e+01 4.632314e-01 1.543804e-01 -8.726874e-01 4.558693e+02
-9.014785e-01 1.918418e-01 -3.879862e-01 8.537784e+01 1.116415e-01 9.691363e-01 2.197976e-01 -8.122690e+01 4.181779e-01 1.548274e-01 -8.950730e-01 4.549617e+02
-9.183413e-01 1.899484e-01 -3.472304e-01 8.538832e+01 1.203895e-01 9.698004e-01 2.121168e-01 -8.106437e+01 3.770354e-01 1.529927e-01 -9.134755e-01 4.539750e+02
-9.349553e-01 1.908489e-01 -2.990573e-01 8.508960e+01 1.321364e-01 9.696536e-01 2.056986e-01 -8.089131e+01 3.292393e-01 1.528026e-01 -9.318009e-01 4.530365e+02
-9.487698e-01 1.913897e-01 -2.514078e-01 8.485786e+01 1.431356e-01 9.696892e-01 1.980280e-01 -8.065196e+01 2.816879e-01 1.518976e-01 -9.474065e-01 4.520936e+02
-9.579223e-01 1.921543e-01 -2.132174e-01 8.515741e+01 1.511622e-01 9.692165e-01 1.943436e-01 -8.058714e+01 2.439978e-01 1.539357e-01 -9.574805e-01 4.511418e+02
-9.691413e-01 1.942797e-01 -1.517255e-01 8.487557e+01 1.640086e-01 9.676925e-01 1.915004e-01 -8.044933e+01 1.840282e-01 1.607066e-01 -9.696943e-01 4.501923e+02
-9.761355e-01 1.991100e-01 -8.668755e-02 8.462158e+01 1.804948e-01 9.658369e-01 1.859590e-01 -8.028773e+01 1.207523e-01 1.658745e-01 -9.787260e-01 4.492386e+02
-9.794691e-01 1.996352e-01 -2.803539e-02 8.464575e+01 1.918284e-01 9.657240e-01 1.748684e-01 -8.012500e+01 6.198435e-02 1.659002e-01 -9.841926e-01 4.482523e+02
-9.799825e-01 1.963605e-01 3.281653e-02 8.462853e+01 1.990820e-01 9.672660e-01 1.573624e-01 -7.986278e+01 -8.425709e-04 1.607455e-01 -9.869955e-01 4.472874e+02
-9.770978e-01 1.929170e-01 8.979347e-02 8.484177e+01 2.043655e-01 9.683330e-01 1.434081e-01 -7.970489e+01 -5.928412e-02 1.584744e-01 -9.855817e-01 4.463233e+02
-9.672151e-01 1.925003e-01 1.656461e-01 8.462617e+01 2.145621e-01 9.683530e-01 1.274973e-01 -7.957178e+01 -1.358606e-01 1.588587e-01 -9.779089e-01 4.453559e+02
-9.550231e-01 1.973180e-01 2.213515e-01 8.485167e+01 2.258302e-01 9.677443e-01 1.116764e-01 -7.950721e+01 -1.921758e-01 1.566414e-01 -9.687786e-01 4.443838e+02
-9.149603e-01 1.996153e-01 3.507155e-01 8.422127e+01 2.374402e-01 9.690257e-01 6.790683e-02 -7.919902e+01 -3.262971e-01 1.454060e-01 -9.340167e-01 4.436713e+02
-8.927889e-01 1.995856e-01 4.038485e-01 8.459374e+01 2.408490e-01 9.690861e-01 5.351441e-02 -7.913642e+01 -3.806833e-01 1.450436e-01 -9.132593e-01 4.427454e+02
-8.682288e-01 1.982076e-01 4.548543e-01 8.505515e+01 2.438120e-01 9.688599e-01 4.319888e-02 -7.908385e+01 -4.321278e-01 1.484055e-01 -8.895175e-01 4.418598e+02
-8.425098e-01 1.932172e-01 5.028363e-01 8.564321e+01 2.419440e-01 9.697372e-01 3.275485e-02 -7.911072e+01 -4.812903e-01 1.492545e-01 -8.637608e-01 4.410514e+02
-8.177023e-01 1.840919e-01 5.454109e-01 8.628422e+01 2.328557e-01 9.722860e-01 2.093216e-02 -7.911624e+01 -5.264420e-01 1.441183e-01 -8.379074e-01 4.402839e+02
-7.915590e-01 1.783280e-01 5.844941e-01 8.697680e+01 2.283969e-01 9.734904e-01 1.229960e-02 -7.913509e+01 -5.668061e-01 1.432325e-01 -8.113047e-01 4.395628e+02
-7.656835e-01 1.761986e-01 6.186137e-01 8.766897e+01 2.297434e-01 9.732249e-01 7.160948e-03 -7.914382e+01 -6.007885e-01 1.476054e-01 -7.856627e-01 4.388411e+02
-7.448451e-01 1.740304e-01 6.441423e-01 8.838208e+01 2.263558e-01 9.740437e-01 -1.417638e-03 -7.918231e+01 -6.276694e-01 1.447494e-01 -7.649044e-01 4.381411e+02
-7.259912e-01 1.758072e-01 6.648524e-01 8.909409e+01 2.235146e-01 9.746051e-01 -1.364657e-02 -7.914772e+01 -6.503676e-01 1.386969e-01 -7.468501e-01 4.374398e+02
-7.101395e-01 1.784016e-01 6.810835e-01 8.980104e+01 2.205305e-01 9.750476e-01 -2.546331e-02 -7.917534e+01 -6.686316e-01 1.321172e-01 -7.317628e-01 4.367331e+02
-6.965760e-01 1.825507e-01 6.938711e-01 9.051409e+01 2.194966e-01 9.749434e-01 -3.614591e-02 -7.919624e+01 -6.830836e-01 1.271240e-01 -7.191914e-01 4.360323e+02
-6.868397e-01 1.798524e-01 7.042048e-01 9.123262e+01 2.143430e-01 9.759311e-01 -4.019332e-02 -7.924517e+01 -6.944843e-01 1.233350e-01 -7.088583e-01 4.353385e+02
-6.794412e-01 1.764060e-01 7.122083e-01 9.193430e+01 2.157633e-01 9.757872e-01 -3.585505e-02 -7.930585e+01 -7.012887e-01 1.293070e-01 -7.010519e-01 4.346286e+02
-6.746913e-01 1.730476e-01 7.175278e-01 9.264846e+01 2.157874e-01 9.759008e-01 -3.245507e-02 -7.933692e+01 -7.058523e-01 1.329363e-01 -6.957733e-01 4.339293e+02
-6.722330e-01 1.718579e-01 7.201164e-01 9.339386e+01 2.146527e-01 9.761469e-01 -3.258065e-02 -7.939094e+01 -7.085386e-01 1.326732e-01 -6.930879e-01 4.332649e+02
-6.700311e-01 1.755431e-01 7.212787e-01 9.413458e+01 2.159622e-01 9.757062e-01 -3.684716e-02 -7.944094e+01 -7.102244e-01 1.310802e-01 -6.916642e-01 4.325949e+02
-6.657503e-01 1.859343e-01 7.226375e-01 9.487283e+01 2.210617e-01 9.741275e-01 -4.698320e-02 -7.947477e+01 -7.126768e-01 1.284684e-01 -6.896286e-01 4.319212e+02
-6.623646e-01 1.932257e-01 7.238349e-01 9.557136e+01 2.224936e-01 9.733116e-01 -5.622403e-02 -7.947379e+01 -7.153808e-01 1.238078e-01 -6.876786e-01 4.312057e+02
-6.597604e-01 1.994776e-01 7.245170e-01 9.630757e+01 2.273432e-01 9.719290e-01 -6.057275e-02 -7.946837e+01 -7.162620e-01 1.247505e-01 -6.865902e-01 4.305289e+02
-6.564392e-01 1.984517e-01 7.278080e-01 9.700413e+01 2.323255e-01 9.710683e-01 -5.523799e-02 -7.951392e+01 -7.177133e-01 1.328279e-01 -6.835527e-01 4.298129e+02
-6.532450e-01 1.947822e-01 7.316630e-01 9.769437e+01 2.362601e-01 9.705313e-01 -4.743509e-02 -7.953647e+01 -7.193414e-01 1.418761e-01 -6.800140e-01 4.290896e+02
-6.488630e-01 1.963935e-01 7.351234e-01 9.834358e+01 2.401592e-01 9.695924e-01 -4.705503e-02 -7.949231e+01 -7.220114e-01 1.460144e-01 -6.762983e-01 4.283303e+02
-6.460045e-01 2.003069e-01 7.365836e-01 9.906825e+01 2.448122e-01 9.683504e-01 -4.862653e-02 -7.955650e+01 -7.230112e-01 1.489117e-01 -6.745962e-01 4.276442e+02
-6.431165e-01 2.045281e-01 7.379494e-01 9.975932e+01 2.477313e-01 9.674198e-01 -5.223183e-02 -7.954545e+01 -7.245898e-01 1.492220e-01 -6.728317e-01 4.269215e+02
-6.421069e-01 2.037673e-01 7.390383e-01 1.004923e+02 2.453405e-01 9.679474e-01 -5.372011e-02 -7.963682e+01 -7.262966e-01 1.468220e-01 -6.715181e-01 4.262474e+02
-6.404927e-01 2.033759e-01 7.405453e-01 1.011779e+02 2.447328e-01 9.680748e-01 -5.419461e-02 -7.967433e+01 -7.279251e-01 1.465245e-01 -6.698176e-01 4.255204e+02
-6.419058e-01 2.043070e-01 7.390640e-01 1.019774e+02 2.418340e-01 9.685995e-01 -5.771759e-02 -7.971947e+01 -7.276491e-01 1.416815e-01 -6.711580e-01 4.249215e+02
-6.390396e-01 2.078004e-01 7.405723e-01 1.026450e+02 2.449968e-01 9.676586e-01 -6.011192e-02 -7.969513e+01 -7.291124e-01 1.430239e-01 -6.692826e-01 4.241774e+02
-6.366431e-01 2.085526e-01 7.424226e-01 1.033445e+02 2.460151e-01 9.673587e-01 -6.077588e-02 -7.972251e+01 -7.308640e-01 1.439546e-01 -6.671693e-01 4.234633e+02
-6.363912e-01 2.051969e-01 7.435728e-01 1.040644e+02 2.446797e-01 9.678863e-01 -5.768802e-02 -7.973419e+01 -7.315313e-01 1.452250e-01 -6.661619e-01 4.227692e+02
-6.353599e-01 2.020045e-01 7.453267e-01 1.047972e+02 2.444879e-01 9.681487e-01 -5.397976e-02 -7.978737e+01 -7.324912e-01 1.479268e-01 -6.645105e-01 4.220909e+02
-6.330474e-01 2.016530e-01 7.473868e-01 1.055240e+02 2.451877e-01 9.679984e-01 -5.349890e-02 -7.984309e+01 -7.342575e-01 1.493827e-01 -6.622317e-01 4.214063e+02
-6.310296e-01 2.047914e-01 7.482393e-01 1.062697e+02 2.472422e-01 9.673201e-01 -5.624098e-02 -7.991264e+01 -7.353046e-01 1.495066e-01 -6.610407e-01 4.207437e+02
-6.255570e-01 2.091653e-01 7.516171e-01 1.070003e+02 2.525279e-01 9.658135e-01 -5.859903e-02 -7.996578e+01 -7.381789e-01 1.531473e-01 -6.569915e-01 4.200629e+02
-6.208107e-01 2.085487e-01 7.557126e-01 1.077019e+02 2.542944e-01 9.654149e-01 -5.751837e-02 -8.002315e+01 -7.415716e-01 1.564655e-01 -6.523727e-01 4.193527e+02
-6.170789e-01 2.064538e-01 7.593355e-01 1.084576e+02 2.529875e-01 9.657893e-01 -5.699401e-02 -8.006418e+01 -7.451248e-01 1.569326e-01 -6.481984e-01 4.186990e+02
-6.117925e-01 2.058413e-01 7.637665e-01 1.092177e+02 2.535194e-01 9.656392e-01 -5.717337e-02 -8.016728e+01 -7.492916e-01 1.586514e-01 -6.429556e-01 4.180574e+02
-6.083495e-01 2.063333e-01 7.663794e-01 1.099957e+02 2.528538e-01 9.656868e-01 -5.927853e-02 -8.020989e+01 -7.523136e-01 1.577199e-01 -6.396473e-01 4.174307e+02
-6.036501e-01 2.029841e-01 7.709760e-01 1.107299e+02 2.508904e-01 9.662785e-01 -5.796436e-02 -8.023186e+01 -7.567434e-01 1.584403e-01 -6.342208e-01 4.167521e+02
-6.009701e-01 1.996866e-01 7.739252e-01 1.115184e+02 2.503211e-01 9.665982e-01 -5.501983e-02 -8.032419e+01 -7.590615e-01 1.606646e-01 -6.308824e-01 4.161440e+02
-5.963814e-01 2.030653e-01 7.765911e-01 1.123086e+02 2.511438e-01 9.661036e-01 -5.975424e-02 -8.037852e+01 -7.624015e-01 1.593997e-01 -6.271648e-01 4.155335e+02
-5.916070e-01 2.077322e-01 7.790048e-01 1.130583e+02 2.475265e-01 9.663698e-01 -6.971419e-02 -8.042905e+01 -7.672886e-01 1.515809e-01 -6.231303e-01 4.148737e+02
-5.907841e-01 2.115287e-01 7.786076e-01 1.138719e+02 2.444772e-01 9.665853e-01 -7.709564e-02 -8.049722e+01 -7.688986e-01 1.448049e-01 -6.227572e-01 4.142962e+02
-5.854237e-01 2.115189e-01 7.826486e-01 1.146400e+02 2.452866e-01 9.663329e-01 -7.768629e-02 -8.056723e+01 -7.727312e-01 1.464938e-01 -6.175970e-01 4.136598e+02
-5.800488e-01 2.068728e-01 7.878750e-01 1.153546e+02 2.456736e-01 9.666051e-01 -7.293237e-02 -8.061330e+01 -7.766517e-01 1.512557e-01 -6.115013e-01 4.129618e+02
-5.801984e-01 2.007041e-01 7.893590e-01 1.161636e+02 2.407134e-01 9.681243e-01 -6.922703e-02 -8.071958e+01 -7.780918e-01 1.498438e-01 -6.100164e-01 4.123837e+02
-5.843777e-01 2.022719e-01 7.858681e-01 1.170135e+02 2.362199e-01 9.688986e-01 -7.372654e-02 -8.075885e+01 -7.763394e-01 1.425535e-01 -6.139834e-01 4.118581e+02
-5.845244e-01 1.996541e-01 7.864283e-01 1.177893e+02 2.318263e-01 9.699433e-01 -7.393559e-02 -8.084045e+01 -7.775524e-01 1.390976e-01 -6.132406e-01 4.112325e+02
-5.830967e-01 1.992442e-01 7.875913e-01 1.185297e+02 2.289225e-01 9.704714e-01 -7.602524e-02 -8.089699e+01 -7.794824e-01 1.359673e-01 -6.114901e-01 4.105627e+02
-5.849573e-01 1.951265e-01 7.872424e-01 1.193262e+02 2.233107e-01 9.718611e-01 -7.495607e-02 -8.099528e+01 -7.797161e-01 1.319535e-01 -6.120711e-01 4.099661e+02
-5.911998e-01 1.923437e-01 7.832539e-01 1.201646e+02 2.159121e-01 9.734444e-01 -7.607842e-02 -8.109480e+01 -7.770874e-01 1.241364e-01 -6.170295e-01 4.094303e+02
-5.918348e-01 1.908940e-01 7.831291e-01 1.209393e+02 2.133531e-01 9.740003e-01 -7.618286e-02 -8.120175e+01 -7.773108e-01 1.219953e-01 -6.171751e-01 4.088070e+02
-5.909521e-01 1.939315e-01 7.830493e-01 1.217084e+02 2.129972e-01 9.737381e-01 -8.041303e-02 -8.128141e+01 -7.780796e-01 1.192670e-01 -6.167394e-01 4.081728e+02
-5.935152e-01 1.909889e-01 7.818331e-01 1.224926e+02 2.073514e-01 9.749280e-01 -8.075162e-02 -8.138218e+01 -7.776536e-01 1.141868e-01 -6.182364e-01 4.075605e+02
-5.938686e-01 1.880518e-01 7.822765e-01 1.232359e+02 2.035390e-01 9.757886e-01 -8.005279e-02 -8.144940e+01 -7.783906e-01 1.116829e-01 -6.177662e-01 4.068950e+02
-5.941640e-01 1.901768e-01 7.815382e-01 1.240200e+02 2.087746e-01 9.748093e-01 -7.848598e-02 -8.152706e+01 -7.767769e-01 1.165317e-01 -6.189007e-01 4.062792e+02
-5.973093e-01 1.879939e-01 7.796665e-01 1.248073e+02 2.082482e-01 9.751508e-01 -7.558851e-02 -8.163480e+01 -7.745026e-01 1.172144e-01 -6.216160e-01 4.056721e+02
-5.995040e-01 1.866454e-01 7.783049e-01 1.255897e+02 2.069218e-01 9.755128e-01 -7.455245e-02 -8.172248e+01 -7.731613e-01 1.163537e-01 -6.234448e-01 4.050556e+02
-6.007073e-01 1.863625e-01 7.774444e-01 1.263491e+02 2.065083e-01 9.756194e-01 -7.430483e-02 -8.179203e+01 -7.723374e-01 1.159132e-01 -6.245471e-01 4.044087e+02
-6.009713e-01 1.853517e-01 7.774820e-01 1.270808e+02 2.051899e-01 9.759167e-01 -7.405268e-02 -8.184818e+01 -7.724834e-01 1.150279e-01 -6.245302e-01 4.037294e+02
-6.046284e-01 1.857563e-01 7.745445e-01 1.278506e+02 2.065199e-01 9.757310e-01 -7.279163e-02 -8.195146e+01 -7.692685e-01 1.159470e-01 -6.283170e-01 4.030995e+02
-6.065997e-01 1.878345e-01 7.724992e-01 1.285945e+02 2.060796e-01 9.756258e-01 -7.540249e-02 -8.202469e+01 -7.678333e-01 1.134572e-01 -6.305232e-01 4.024352e+02
-6.091002e-01 1.918998e-01 7.695268e-01 1.293137e+02 2.090315e-01 9.748219e-01 -7.764126e-02 -8.203660e+01 -7.650508e-01 1.135640e-01 -6.338773e-01 4.017405e+02
-6.104612e-01 1.894398e-01 7.690577e-01 1.299496e+02 2.062957e-01 9.754918e-01 -7.653710e-02 -8.210404e+01 -7.647086e-01 1.119303e-01 -6.345805e-01 4.009717e+02
-6.089394e-01 1.904436e-01 7.700156e-01 1.304696e+02 2.054157e-01 9.754958e-01 -7.881821e-02 -8.196146e+01 -7.661574e-01 1.101778e-01 -6.331380e-01 4.001296e+02
-6.133409e-01 1.927368e-01 7.659409e-01 1.312359e+02 2.093133e-01 9.747590e-01 -7.767124e-02 -8.210156e+01 -7.615779e-01 1.126826e-01 -6.382019e-01 3.995024e+02
-6.153457e-01 1.955756e-01 7.636098e-01 1.319573e+02 2.129450e-01 9.739578e-01 -7.785069e-02 -8.222032e+01 -7.589494e-01 1.147018e-01 -6.409675e-01 3.988202e+02
-6.161118e-01 1.969495e-01 7.626383e-01 1.326312e+02 2.129723e-01 9.738239e-01 -7.943397e-02 -8.230572e+01 -7.583199e-01 1.134806e-01 -6.419292e-01 3.980863e+02
-6.219904e-01 1.993370e-01 7.572270e-01 1.333941e+02 2.140500e-01 9.735042e-01 -8.044935e-02 -8.242223e+01 -7.532002e-01 1.120457e-01 -6.481784e-01 3.974504e+02
-6.229641e-01 2.069740e-01 7.543723e-01 1.341435e+02 2.205642e-01 9.717087e-01 -8.446075e-02 -8.242332e+01 -7.505113e-01 1.137715e-01 -6.509906e-01 3.967883e+02
-6.264674e-01 2.063348e-01 7.516413e-01 1.348727e+02 2.195749e-01 9.719887e-01 -8.381467e-02 -8.252318e+01 -7.478807e-01 1.125344e-01 -6.542251e-01 3.961113e+02
-6.270797e-01 2.108950e-01 7.498629e-01 1.356077e+02 2.235094e-01 9.708875e-01 -8.614523e-02 -8.252353e+01 -7.462001e-01 1.135815e-01 -6.559608e-01 3.954332e+02
-6.254181e-01 2.086785e-01 7.518680e-01 1.362833e+02 2.245124e-01 9.709530e-01 -8.273111e-02 -8.259232e+01 -7.472927e-01 1.170622e-01 -6.541025e-01 3.946992e+02
-6.290443e-01 2.041823e-01 7.500753e-01 1.370812e+02 2.270229e-01 9.710776e-01 -7.395181e-02 -8.267688e+01 -7.434810e-01 1.237653e-01 -6.572048e-01 3.941023e+02
-6.300659e-01 1.951544e-01 7.516194e-01 1.377833e+02 2.215877e-01 9.728468e-01 -6.684300e-02 -8.283857e+01 -7.442553e-01 1.244341e-01 -6.562014e-01 3.934089e+02
-6.249553e-01 1.998114e-01 7.546564e-01 1.385055e+02 2.290878e-01 9.710698e-01 -6.739650e-02 -8.281313e+01 -7.462906e-01 1.307627e-01 -6.526495e-01 3.927177e+02
-6.243128e-01 1.918786e-01 7.572424e-01 1.392514e+02 2.257103e-01 9.723270e-01 -6.029106e-02 -8.291786e+01 -7.478559e-01 1.332769e-01 -6.503452e-01 3.920599e+02
-6.182429e-01 1.876198e-01 7.632657e-01 1.399539e+02 2.251183e-01 9.726773e-01 -5.675051e-02 -8.299282e+01 -7.530587e-01 1.367395e-01 -6.435875e-01 3.913522e+02
-6.124336e-01 1.942672e-01 7.662802e-01 1.407269e+02 2.318057e-01 9.708561e-01 -6.086537e-02 -8.304454e+01 -7.557719e-01 1.403521e-01 -6.396171e-01 3.907198e+02
-6.053127e-01 1.984678e-01 7.708483e-01 1.414892e+02 2.364136e-01 9.695438e-01 -6.398022e-02 -8.320996e+01 -7.600692e-01 1.435110e-01 -6.337976e-01 3.900942e+02
-5.920149e-01 2.074295e-01 7.787756e-01 1.422295e+02 2.416950e-01 9.675287e-01 -7.397128e-02 -8.325526e+01 -7.688315e-01 1.444340e-01 -6.229261e-01 3.894234e+02
-5.836301e-01 2.174100e-01 7.823738e-01 1.431233e+02 2.439273e-01 9.659322e-01 -8.645490e-02 -8.331428e+01 -7.745162e-01 1.403847e-01 -6.167793e-01 3.889788e+02
-5.694117e-01 2.203348e-01 7.919740e-01 1.439485e+02 2.468343e-01 9.647809e-01 -9.094292e-02 -8.348772e+01 -7.841193e-01 1.437024e-01 -6.037438e-01 3.884412e+02
-5.597639e-01 2.214358e-01 7.985177e-01 1.448672e+02 2.510971e-01 9.636550e-01 -9.120986e-02 -8.370297e+01 -7.896927e-01 1.494495e-01 -5.950212e-01 3.881102e+02
-5.441291e-01 2.210956e-01 8.093456e-01 1.457349e+02 2.471783e-01 9.640838e-01 -9.718688e-02 -8.385761e+01 -8.017645e-01 1.471705e-01 -5.792361e-01 3.876377e+02
-5.237637e-01 2.271757e-01 8.210133e-01 1.465995e+02 2.450672e-01 9.632244e-01 -1.101856e-01 -8.392262e+01 -8.158515e-01 1.434922e-01 -5.601753e-01 3.871396e+02
-5.057983e-01 2.257545e-01 8.325881e-01 1.475032e+02 2.424668e-01 9.634460e-01 -1.139374e-01 -8.413532e+01 -8.278755e-01 1.442456e-01 -5.420473e-01 3.867678e+02
-4.778902e-01 2.253998e-01 8.490088e-01 1.483859e+02 2.381093e-01 9.635724e-01 -1.217878e-01 -8.421704e+01 -8.455324e-01 1.439557e-01 -5.141515e-01 3.863050e+02
-4.446676e-01 2.206219e-01 8.680995e-01 1.492378e+02 2.324700e-01 9.644050e-01 -1.260189e-01 -8.441386e+01 -8.650020e-01 1.457706e-01 -4.801276e-01 3.858198e+02
-4.087028e-01 2.141386e-01 8.871903e-01 1.501270e+02 2.237030e-01 9.659364e-01 -1.300919e-01 -8.455159e+01 -8.848271e-01 1.452982e-01 -4.426843e-01 3.853835e+02
-3.722921e-01 2.087253e-01 9.043408e-01 1.510545e+02 2.158685e-01 9.671352e-01 -1.343514e-01 -8.471903e+01 -9.026624e-01 1.452007e-01 -4.051140e-01 3.850493e+02
-3.300712e-01 2.072815e-01 9.209166e-01 1.519757e+02 2.095134e-01 9.673460e-01 -1.426389e-01 -8.494152e+01 -9.204114e-01 1.458634e-01 -3.627213e-01 3.847299e+02
-2.793969e-01 2.076490e-01 9.374536e-01 1.528933e+02 2.013012e-01 9.673055e-01 -1.542659e-01 -8.508903e+01 -9.388372e-01 1.456091e-01 -3.120621e-01 3.843610e+02
-1.935137e-01 2.229244e-01 9.554356e-01 1.534493e+02 1.862871e-01 9.644763e-01 -1.873033e-01 -8.481756e+01 -9.632495e-01 1.417396e-01 -2.281673e-01 3.835754e+02
-1.450206e-01 2.232786e-01 9.639065e-01 1.544148e+02 1.741987e-01 9.647493e-01 -1.972655e-01 -8.507676e+01 -9.739732e-01 1.393037e-01 -1.788033e-01 3.835489e+02
-9.220322e-02 2.293320e-01 9.689713e-01 1.553867e+02 1.641526e-01 9.633030e-01 -2.123704e-01 -8.530110e+01 -9.821163e-01 1.394779e-01 -1.264651e-01 3.834784e+02
-4.324722e-02 2.352237e-01 9.709786e-01 1.563149e+02 1.526577e-01 9.620309e-01 -2.262567e-01 -8.558793e+01 -9.873324e-01 1.384424e-01 -7.751387e-02 3.837156e+02
5.791772e-03 2.400355e-01 9.707468e-01 1.572365e+02 1.380253e-01 9.612794e-01 -2.385180e-01 -8.585517e+01 -9.904118e-01 1.353691e-01 -2.756347e-02 3.839971e+02
5.526397e-02 2.425815e-01 9.685557e-01 1.581515e+02 1.235857e-01 9.609170e-01 -2.477199e-01 -8.620283e+01 -9.907939e-01 1.333896e-01 2.312450e-02 3.842018e+02
1.084184e-01 2.392355e-01 9.648895e-01 1.590753e+02 1.156178e-01 9.609896e-01 -2.512598e-01 -8.656714e+01 -9.873591e-01 1.387996e-01 7.652903e-02 3.843195e+02
1.562634e-01 2.356828e-01 9.591847e-01 1.599823e+02 1.053294e-01 9.616007e-01 -2.534360e-01 -8.677381e+01 -9.820832e-01 1.406331e-01 1.254387e-01 3.846865e+02
2.054402e-01 2.324357e-01 9.506671e-01 1.609364e+02 9.338546e-02 9.622989e-01 -2.554604e-01 -8.699535e+01 -9.742040e-01 1.412603e-01 1.759888e-01 3.848880e+02
2.478833e-01 2.327351e-01 9.404192e-01 1.601577e+02 7.784174e-02 9.627920e-01 -2.587900e-01 -8.677958e+01 -9.656576e-01 1.373536e-01 2.205435e-01 3.842988e+02
2.965744e-01 2.324862e-01 9.262795e-01 1.610642e+02 6.866352e-02 9.622153e-01 -2.634902e-01 -8.707902e+01 -9.525382e-01 1.417461e-01 2.694051e-01 3.845966e+02
3.419575e-01 2.320376e-01 9.106172e-01 1.619227e+02 5.767508e-02 9.620258e-01 -2.667956e-01 -8.739562e+01 -9.379439e-01 1.437526e-01 3.155891e-01 3.850000e+02
3.865055e-01 2.316866e-01 8.927121e-01 1.628041e+02 4.282960e-02 9.623798e-01 -2.683109e-01 -8.769547e+01 -9.212921e-01 1.419382e-01 3.620420e-01 3.853649e+02
4.222052e-01 2.344328e-01 8.756621e-01 1.635787e+02 2.378046e-02 9.627842e-01 -2.692231e-01 -8.798075e+01 -9.061883e-01 1.344910e-01 4.009175e-01 3.859294e+02
4.652804e-01 2.340839e-01 8.536503e-01 1.644937e+02 5.244424e-03 9.636527e-01 -2.671067e-01 -8.826504e+01 -8.851478e-01 1.287564e-01 4.471411e-01 3.862159e+02
5.035264e-01 2.348514e-01 8.314481e-01 1.654256e+02 -1.081777e-02 9.639850e-01 -2.657366e-01 -8.847906e+01 -8.639121e-01 1.248110e-01 4.879325e-01 3.865086e+02
5.364170e-01 2.338312e-01 8.109129e-01 1.663042e+02 -2.557743e-02 9.649136e-01 -2.613188e-01 -8.878453e+01 -8.435654e-01 1.194348e-01 5.235769e-01 3.868758e+02
5.583732e-01 2.369271e-01 7.950377e-01 1.671041e+02 -4.179362e-02 9.651672e-01 -2.582743e-01 -8.904050e+01 -8.285365e-01 1.109859e-01 5.488255e-01 3.874186e+02
5.759382e-01 2.447829e-01 7.799849e-01 1.679638e+02 -6.119652e-02 9.643505e-01 -2.574551e-01 -8.925191e+01 -8.151994e-01 1.005459e-01 5.703862e-01 3.878835e+02
5.858269e-01 2.498295e-01 7.709682e-01 1.686795e+02 -7.356709e-02 9.637659e-01 -2.564043e-01 -8.945980e+01 -8.070903e-01 9.349066e-02 5.829792e-01 3.885502e+02
6.036161e-01 2.534970e-01 7.559014e-01 1.696642e+02 -8.207967e-02 9.628268e-01 -2.573471e-01 -8.962057e+01 -7.930388e-01 9.329472e-02 6.019846e-01 3.886175e+02
6.113558e-01 2.542848e-01 7.493886e-01 1.704679e+02 -8.412546e-02 9.624852e-01 -2.579633e-01 -8.991959e+01 -7.868716e-01 9.466470e-02 6.098128e-01 3.891319e+02
6.166753e-01 2.525395e-01 7.456107e-01 1.712449e+02 -8.198852e-02 9.625999e-01 -2.582234e-01 -9.023850e+01 -7.829364e-01 9.810851e-02 6.143170e-01 3.896746e+02
6.168825e-01 2.515681e-01 7.457677e-01 1.719089e+02 -8.274706e-02 9.630205e-01 -2.564069e-01 -9.062384e+01 -7.826934e-01 9.646283e-02 6.148870e-01 3.903155e+02
6.374537e-01 2.548370e-01 7.271251e-01 1.728415e+02 -9.404609e-02 9.623976e-01 -2.548454e-01 -9.085104e+01 -7.647275e-01 9.406885e-02 6.374503e-01 3.900351e+02
6.325351e-01 2.532656e-01 7.319535e-01 1.734522e+02 -8.767734e-02 9.623663e-01 -2.572231e-01 -9.111007e+01 -7.695531e-01 9.852690e-02 6.309361e-01 3.907834e+02
6.315013e-01 2.508539e-01 7.336746e-01 1.743119e+02 -8.112156e-02 9.624016e-01 -2.592345e-01 -9.138766e+01 -7.711195e-01 1.041901e-01 6.281075e-01 3.912122e+02
6.239120e-01 2.463820e-01 7.416399e-01 1.751501e+02 -7.163339e-02 9.630368e-01 -2.596705e-01 -9.167167e+01 -7.782047e-01 1.088854e-01 6.184994e-01 3.916778e+02
6.094784e-01 2.456626e-01 7.537811e-01 1.759670e+02 -6.742478e-02 9.633971e-01 -2.594609e-01 -9.192356e+01 -7.899304e-01 1.073123e-01 6.037335e-01 3.921967e+02
5.912464e-01 2.438752e-01 7.687344e-01 1.768150e+02 -6.357444e-02 9.643115e-01 -2.570245e-01 -9.221223e+01 -8.039813e-01 1.030929e-01 5.856500e-01 3.926411e+02
5.684236e-01 2.389513e-01 7.872718e-01 1.776804e+02 -5.618295e-02 9.659347e-01 -2.526137e-01 -9.243840e+01 -8.208155e-01 9.936030e-02 5.624850e-01 3.930883e+02
5.440759e-01 2.286726e-01 8.072734e-01 1.785841e+02 -4.265534e-02 9.684382e-01 -2.455767e-01 -9.271100e+01 -8.379510e-01 9.917783e-02 5.366580e-01 3.934184e+02
5.087818e-01 2.161120e-01 8.333287e-01 1.793663e+02 -1.192977e-02 9.696558e-01 -2.441828e-01 -9.299480e+01 -8.608128e-01 1.142944e-01 4.959214e-01 3.939730e+02
4.675782e-01 2.138132e-01 8.577031e-01 1.802011e+02 1.227297e-02 9.686415e-01 -2.481592e-01 -9.325564e+01 -8.838665e-01 1.265604e-01 4.502915e-01 3.944579e+02
4.227631e-01 2.192870e-01 8.793091e-01 1.810955e+02 2.999535e-02 9.663651e-01 -2.554190e-01 -9.355452e+01 -9.057437e-01 1.343569e-01 4.019659e-01 3.947907e+02
3.701557e-01 2.317497e-01 8.995981e-01 1.820000e+02 3.566375e-02 9.641236e-01 -2.630469e-01 -9.380308e+01 -9.282849e-01 1.294514e-01 3.486108e-01 3.951371e+02
3.088800e-01 2.397749e-01 9.203810e-01 1.828732e+02 3.902015e-02 9.636911e-01 -2.641531e-01 -9.408033e+01 -9.503003e-01 1.175050e-01 2.883089e-01 3.955380e+02
2.463931e-01 2.396746e-01 9.390668e-01 1.838108e+02 4.933649e-02 9.645811e-01 -2.591315e-01 -9.430824e+01 -9.679134e-01 1.101785e-01 2.258414e-01 3.958005e+02
1.889645e-01 2.291741e-01 9.548673e-01 1.847550e+02 6.889655e-02 9.668956e-01 -2.456954e-01 -9.462967e+01 -9.795640e-01 1.122148e-01 1.669197e-01 3.958728e+02
1.368974e-01 2.239227e-01 9.649444e-01 1.857436e+02 9.978166e-02 9.660438e-01 -2.383339e-01 -9.474771e+01 -9.855469e-01 1.289110e-01 1.099055e-01 3.957800e+02
7.350722e-02 2.170331e-01 9.733927e-01 1.866595e+02 1.125034e-01 9.679983e-01 -2.243262e-01 -9.514480e+01 -9.909287e-01 1.259996e-01 4.673791e-02 3.958400e+02
4.286517e-03 2.138694e-01 9.768529e-01 1.875699e+02 1.259962e-01 9.689613e-01 -2.126945e-01 -9.554251e+01 -9.920215e-01 1.239914e-01 -2.279325e-02 3.959534e+02
-5.341220e-02 2.153759e-01 9.750694e-01 1.885176e+02 1.376183e-01 9.687335e-01 -2.064380e-01 -9.582180e+01 -9.890442e-01 1.231611e-01 -8.138185e-02 3.957985e+02
-1.075691e-01 2.192178e-01 9.697280e-01 1.894815e+02 1.498817e-01 9.678156e-01 -2.021595e-01 -9.598993e+01 -9.828349e-01 1.235983e-01 -1.369638e-01 3.955924e+02
-1.560522e-01 2.217060e-01 9.625457e-01 1.904359e+02 1.584413e-01 9.674842e-01 -1.971563e-01 -9.614559e+01 -9.749585e-01 1.217404e-01 -1.861054e-01 3.953377e+02
-1.989885e-01 2.181707e-01 9.554083e-01 1.913513e+02 1.617082e-01 9.688506e-01 -1.875604e-01 -9.634743e+01 -9.665682e-01 1.171750e-01 -2.280701e-01 3.949894e+02
-2.408216e-01 2.144947e-01 9.465712e-01 1.922014e+02 1.624892e-01 9.704194e-01 -1.785592e-01 -9.655199e+01 -9.568710e-01 1.108067e-01 -2.685511e-01 3.945041e+02
-2.833784e-01 2.175736e-01 9.340013e-01 1.931784e+02 1.753508e-01 9.692608e-01 -1.725853e-01 -9.663987e+01 -9.428408e-01 1.148709e-01 -3.128193e-01 3.943098e+02
-3.205418e-01 2.206400e-01 9.211791e-01 1.941256e+02 1.914931e-01 9.675078e-01 -1.651030e-01 -9.665874e+01 -9.276763e-01 1.234770e-01 -3.523777e-01 3.939898e+02
-3.553547e-01 2.187074e-01 9.087850e-01 1.950165e+02 1.992940e-01 9.676138e-01 -1.549369e-01 -9.683079e+01 -9.132387e-01 1.260578e-01 -3.874332e-01 3.935693e+02
-3.846718e-01 2.206443e-01 8.962944e-01 1.958625e+02 2.082197e-01 9.667249e-01 -1.486187e-01 -9.696787e+01 -8.992620e-01 1.294567e-01 -4.178143e-01 3.930542e+02
-4.102107e-01 2.230161e-01 8.843026e-01 1.966670e+02 2.118619e-01 9.664161e-01 -1.454460e-01 -9.712465e+01 -8.870410e-01 1.276865e-01 -4.436828e-01 3.924813e+02
-4.286521e-01 2.304065e-01 8.735961e-01 1.975343e+02 2.216260e-01 9.642068e-01 -1.455582e-01 -9.721562e+01 -8.758649e-01 1.312177e-01 -4.643734e-01 3.919920e+02
-4.462533e-01 2.316255e-01 8.644117e-01 1.983868e+02 2.230672e-01 9.642257e-01 -1.432127e-01 -9.739556e+01 -8.666597e-01 1.289128e-01 -4.819569e-01 3.915010e+02
-4.584137e-01 2.354369e-01 8.569868e-01 1.992132e+02 2.257660e-01 9.634903e-01 -1.439310e-01 -9.751451e+01 -8.595852e-01 1.274986e-01 -4.948308e-01 3.909507e+02
-4.715524e-01 2.392796e-01 8.487542e-01 2.000632e+02 2.282788e-01 9.627974e-01 -1.446029e-01 -9.764824e+01 -8.517788e-01 1.255647e-01 -5.086319e-01 3.904412e+02
-4.835561e-01 2.417759e-01 8.412597e-01 2.008871e+02 2.313589e-01 9.622189e-01 -1.435542e-01 -9.778178e+01 -8.441839e-01 1.252164e-01 -5.212239e-01 3.898903e+02
-4.948504e-01 2.435563e-01 8.341483e-01 2.017171e+02 2.346043e-01 9.617185e-01 -1.416277e-01 -9.792843e+01 -8.367101e-01 1.256103e-01 -5.330462e-01 3.893522e+02
-5.045917e-01 2.454403e-01 8.277357e-01 2.025535e+02 2.390607e-01 9.609730e-01 -1.392153e-01 -9.805119e+01 -8.296007e-01 1.276322e-01 -5.435741e-01 3.888180e+02
-5.100657e-01 2.465185e-01 8.240519e-01 2.033848e+02 2.441699e-01 9.601352e-01 -1.360938e-01 -9.818691e+01 -8.247509e-01 1.317919e-01 -5.499244e-01 3.882791e+02
-5.130984e-01 2.464191e-01 8.221968e-01 2.042326e+02 2.477359e-01 9.596531e-01 -1.330143e-01 -9.834978e+01 -8.218010e-01 1.354382e-01 -5.534434e-01 3.877744e+02
-5.127432e-01 2.440378e-01 8.231282e-01 2.050105e+02 2.494143e-01 9.597428e-01 -1.291755e-01 -9.850972e+01 -8.215150e-01 1.390661e-01 -5.529681e-01 3.871666e+02
-5.160422e-01 2.400055e-01 8.222517e-01 2.058645e+02 2.457483e-01 9.610710e-01 -1.262944e-01 -9.863352e+01 -8.205536e-01 1.368937e-01 -5.549341e-01 3.866614e+02
-5.181625e-01 2.377321e-01 8.215784e-01 2.066821e+02 2.436294e-01 9.618238e-01 -1.246585e-01 -9.879267e+01 -8.198490e-01 1.355673e-01 -5.562995e-01 3.861080e+02
-5.190601e-01 2.378803e-01 8.209687e-01 2.075008e+02 2.448134e-01 9.616272e-01 -1.238528e-01 -9.893028e+01 -8.189280e-01 1.366970e-01 -5.573786e-01 3.855506e+02
-5.190601e-01 2.378804e-01 8.209687e-01 2.083029e+02 2.448135e-01 9.616272e-01 -1.238528e-01 -9.904885e+01 -8.189279e-01 1.366971e-01 -5.573786e-01 3.849652e+02
-5.209067e-01 2.393011e-01 8.193847e-01 2.091323e+02 2.456793e-01 9.613142e-01 -1.245661e-01 -9.919225e+01 -8.174949e-01 1.364185e-01 -5.595463e-01 3.844253e+02
-5.220407e-01 2.425281e-01 8.177125e-01 2.099339e+02 2.481868e-01 9.604289e-01 -1.264105e-01 -9.932297e+01 -8.160128e-01 1.369540e-01 -5.615752e-01 3.838419e+02
-5.216258e-01 2.455118e-01 8.170866e-01 2.107538e+02 2.505096e-01 9.595620e-01 -1.283970e-01 -9.943152e+01 -8.155682e-01 1.377129e-01 -5.620353e-01 3.832799e+02
-5.219540e-01 2.480724e-01 8.161030e-01 2.115884e+02 2.541715e-01 9.585431e-01 -1.288100e-01 -9.955030e+01 -8.142241e-01 1.401972e-01 -5.633684e-01 3.827420e+02
-5.223105e-01 2.484362e-01 8.157642e-01 2.124238e+02 2.566242e-01 9.580692e-01 -1.274653e-01 -9.966161e+01 -8.132256e-01 1.427684e-01 -5.641643e-01 3.822036e+02
-5.242879e-01 2.481983e-01 8.145672e-01 2.132561e+02 2.565132e-01 9.581799e-01 -1.268549e-01 -9.976938e+01 -8.119872e-01 1.424388e-01 -5.660283e-01 3.816599e+02
-5.251954e-01 2.477254e-01 8.141265e-01 2.140688e+02 2.589710e-01 9.578416e-01 -1.243926e-01 -9.989025e+01 -8.106194e-01 1.455048e-01 -5.672077e-01 3.810899e+02
-5.264722e-01 2.486120e-01 8.130308e-01 2.149001e+02 2.622588e-01 9.571451e-01 -1.228561e-01 -1.000140e+02 -8.087319e-01 1.485441e-01 -5.691110e-01 3.805481e+02
-5.274707e-01 2.440610e-01 8.137622e-01 2.155943e+02 2.561718e-01 9.589573e-01 -1.215601e-01 -1.001711e+02 -8.100313e-01 1.443435e-01 -5.683434e-01 3.798456e+02
-5.303536e-01 2.428129e-01 8.122604e-01 2.164148e+02 2.560197e-01 9.592459e-01 -1.195877e-01 -1.003056e+02 -8.081949e-01 1.445309e-01 -5.709044e-01 3.792899e+02
-5.327550e-01 2.457237e-01 8.098098e-01 2.172709e+02 2.594446e-01 9.582628e-01 -1.200869e-01 -1.004139e+02 -8.055189e-01 1.461239e-01 -5.742710e-01 3.787848e+02
-5.321342e-01 2.490579e-01 8.091992e-01 2.180918e+02 2.642831e-01 9.568611e-01 -1.207116e-01 -1.005190e+02 -8.043554e-01 1.496229e-01 -5.750003e-01 3.782234e+02
-5.350236e-01 2.493813e-01 8.071919e-01 2.189484e+02 2.645181e-01 9.568493e-01 -1.202898e-01 -1.007000e+02 -8.023590e-01 1.491590e-01 -5.779028e-01 3.777402e+02
-5.344004e-01 2.524973e-01 8.066358e-01 2.197366e+02 2.677807e-01 9.557541e-01 -1.217689e-01 -1.008101e+02 -8.016918e-01 1.509282e-01 -5.783692e-01 3.771347e+02
-5.361568e-01 2.526780e-01 8.054128e-01 2.205490e+02 2.660801e-01 9.560941e-01 -1.228230e-01 -1.009711e+02 -8.010850e-01 1.484519e-01 -5.798489e-01 3.765743e+02
-5.384365e-01 2.541903e-01 8.034136e-01 2.213741e+02 2.651868e-01 9.560901e-01 -1.247708e-01 -1.011132e+02 -7.998513e-01 1.458736e-01 -5.822017e-01 3.760275e+02
-5.414520e-01 2.565289e-01 8.006389e-01 2.221996e+02 2.651490e-01 9.558157e-01 -1.269348e-01 -1.012348e+02 -7.978256e-01 1.435595e-01 -5.855467e-01 3.754763e+02
-5.419576e-01 2.580907e-01 7.997945e-01 2.230084e+02 2.660802e-01 9.554138e-01 -1.280069e-01 -1.013611e+02 -7.971721e-01 1.434352e-01 -5.864666e-01 3.749019e+02
-5.419374e-01 2.581663e-01 7.997837e-01 2.237751e+02 2.662056e-01 9.553786e-01 -1.280094e-01 -1.014754e+02 -7.971440e-01 1.435338e-01 -5.864807e-01 3.742701e+02
-5.414268e-01 2.565795e-01 8.006397e-01 2.245762e+02 2.678739e-01 9.553109e-01 -1.249989e-01 -1.016339e+02 -7.969320e-01 1.467927e-01 -5.859619e-01 3.736930e+02
-5.369045e-01 2.596580e-01 8.026900e-01 2.254074e+02 2.771307e-01 9.529405e-01 -1.228942e-01 -1.017136e+02 -7.968263e-01 1.564676e-01 -5.835972e-01 3.731429e+02
-5.361676e-01 2.574105e-01 8.039055e-01 2.262141e+02 2.765153e-01 9.533807e-01 -1.208495e-01 -1.018816e+02 -7.975359e-01 1.574966e-01 -5.823498e-01 3.725763e+02
-5.341605e-01 2.554356e-01 8.058692e-01 2.270140e+02 2.768640e-01 9.535459e-01 -1.187286e-01 -1.020473e+02 -7.987608e-01 1.596960e-01 -5.800675e-01 3.719994e+02
-5.321611e-01 2.554233e-01 8.071949e-01 2.278243e+02 2.765650e-01 9.535485e-01 -1.194028e-01 -1.021749e+02 -8.001977e-01 1.597004e-01 -5.780826e-01 3.714274e+02
-5.294314e-01 2.562500e-01 8.087263e-01 2.286211e+02 2.760848e-01 9.534399e-01 -1.213649e-01 -1.023054e+02 -8.021718e-01 1.590227e-01 -5.755278e-01 3.708374e+02
-5.279976e-01 2.572638e-01 8.093417e-01 2.294390e+02 2.732355e-01 9.538003e-01 -1.249295e-01 -1.024352e+02 -8.040901e-01 1.551784e-01 -5.738978e-01 3.702770e+02
-5.251523e-01 2.594033e-01 8.105091e-01 2.302487e+02 2.734263e-01 9.533442e-01 -1.279569e-01 -1.025655e+02 -8.058866e-01 1.544176e-01 -5.715785e-01 3.697047e+02
-5.225200e-01 2.619026e-01 8.114061e-01 2.310767e+02 2.760557e-01 9.523601e-01 -1.296280e-01 -1.026794e+02 -8.067007e-01 1.562601e-01 -5.699269e-01 3.691557e+02
-5.208803e-01 2.609961e-01 8.127514e-01 2.318727e+02 2.740064e-01 9.528494e-01 -1.303787e-01 -1.028277e+02 -8.084579e-01 1.547874e-01 -5.678350e-01 3.685689e+02
-5.197993e-01 2.601943e-01 8.137000e-01 2.326829e+02 2.742188e-01 9.529035e-01 -1.295334e-01 -1.029699e+02 -8.090815e-01 1.558004e-01 -5.666687e-01 3.680002e+02
-5.184425e-01 2.564563e-01 8.157497e-01 2.334972e+02 2.731833e-01 9.536493e-01 -1.261901e-01 -1.031085e+02 -8.103013e-01 1.574269e-01 -5.644719e-01 3.674366e+02
-5.156848e-01 2.486302e-01 8.199099e-01 2.342831e+02 2.724347e-01 9.548850e-01 -1.182116e-01 -1.032444e+02 -8.123106e-01 1.624119e-01 -5.601552e-01 3.668334e+02
-5.105447e-01 2.489890e-01 8.230119e-01 2.350570e+02 2.811739e-01 9.528789e-01 -1.138556e-01 -1.033918e+02 -8.125794e-01 1.732811e-01 -5.564965e-01 3.662175e+02
-5.092631e-01 2.509844e-01 8.231998e-01 2.358667e+02 2.804194e-01 9.527208e-01 -1.169957e-01 -1.035539e+02 -8.136437e-01 1.712596e-01 -5.555664e-01 3.656533e+02
-5.105900e-01 2.563400e-01 8.207238e-01 2.367118e+02 2.741076e-01 9.532493e-01 -1.272040e-01 -1.037050e+02 -8.149619e-01 1.600176e-01 -5.569843e-01 3.651407e+02
-5.074421e-01 2.643119e-01 8.201474e-01 2.375049e+02 2.782533e-01 9.510663e-01 -1.343425e-01 -1.038610e+02 -8.155229e-01 1.600377e-01 -5.561568e-01 3.645518e+02
-5.056887e-01 2.663969e-01 8.205557e-01 2.383240e+02 2.822413e-01 9.498763e-01 -1.344429e-01 -1.039939e+02 -8.152416e-01 1.636084e-01 -5.555299e-01 3.639939e+02
-5.039642e-01 2.635266e-01 8.225411e-01 2.391269e+02 2.866455e-01 9.493749e-01 -1.285364e-01 -1.041042e+02 -8.147726e-01 1.709999e-01 -5.539897e-01 3.634080e+02
-5.044884e-01 2.566859e-01 8.243809e-01 2.399452e+02 2.883947e-01 9.500470e-01 -1.193281e-01 -1.042496e+02 -8.138304e-01 1.775474e-01 -5.533145e-01 3.628518e+02
-5.080478e-01 2.539374e-01 8.230451e-01 2.407967e+02 2.846960e-01 9.513538e-01 -1.177884e-01 -1.043844e+02 -8.129179e-01 1.744755e-01 -5.556282e-01 3.623452e+02
-5.066462e-01 2.593540e-01 8.222197e-01 2.416223e+02 2.898268e-01 9.494141e-01 -1.208858e-01 -1.045109e+02 -8.119791e-01 1.770550e-01 -5.561847e-01 3.617953e+02
-5.058104e-01 2.633460e-01 8.214650e-01 2.424354e+02 2.905638e-01 9.486293e-01 -1.252001e-01 -1.046550e+02 -8.122367e-01 1.753605e-01 -5.563454e-01 3.612313e+02
-5.042099e-01 2.628888e-01 8.225946e-01 2.432495e+02 2.917058e-01 9.483982e-01 -1.242925e-01 -1.048014e+02 -8.128223e-01 1.772861e-01 -5.548780e-01 3.606693e+02
-5.035564e-01 2.592697e-01 8.241421e-01 2.440645e+02 2.903520e-01 9.492124e-01 -1.212089e-01 -1.049480e+02 -8.137116e-01 1.782557e-01 -5.532615e-01 3.601087e+02
-5.028270e-01 2.578364e-01 8.250366e-01 2.448959e+02 2.912704e-01 9.491954e-01 -1.191202e-01 -1.050770e+02 -8.138345e-01 1.804118e-01 -5.523812e-01 3.595682e+02
-5.016636e-01 2.611378e-01 8.247064e-01 2.457448e+02 2.935791e-01 9.481631e-01 -1.216473e-01 -1.051786e+02 -8.137229e-01 1.810906e-01 -5.523235e-01 3.590495e+02
-4.989909e-01 2.638522e-01 8.254636e-01 2.464947e+02 2.919363e-01 9.480281e-01 -1.265540e-01 -1.052499e+02 -8.159542e-01 1.778335e-01 -5.500854e-01 3.583918e+02
-4.982389e-01 2.672497e-01 8.248246e-01 2.473598e+02 2.942765e-01 9.469654e-01 -1.290652e-01 -1.054014e+02 -8.155730e-01 1.784212e-01 -5.504604e-01 3.579136e+02
-4.998806e-01 2.656546e-01 8.243464e-01 2.481900e+02 2.925010e-01 9.476570e-01 -1.280213e-01 -1.055845e+02 -8.152071e-01 1.771268e-01 -5.514195e-01 3.573870e+02
-4.978136e-01 2.650725e-01 8.257834e-01 2.489513e+02 2.916540e-01 9.478615e-01 -1.284389e-01 -1.056643e+02 -8.167739e-01 1.769044e-01 -5.491678e-01 3.567436e+02
-4.955483e-01 2.664983e-01 8.266865e-01 2.498241e+02 2.961867e-01 9.465685e-01 -1.275987e-01 -1.057815e+02 -8.165202e-01 1.816222e-01 -5.480037e-01 3.562699e+02
-4.962393e-01 2.661112e-01 8.263967e-01 2.506869e+02 2.950359e-01 9.469071e-01 -1.277524e-01 -1.059397e+02 -8.165172e-01 1.804210e-01 -5.484049e-01 3.557896e+02
-4.942112e-01 2.667300e-01 8.274119e-01 2.514814e+02 2.963874e-01 9.464421e-01 -1.280699e-01 -1.060440e+02 -8.172575e-01 1.819409e-01 -5.467977e-01 3.551914e+02
-4.941345e-01 2.663278e-01 8.275872e-01 2.523008e+02 2.950015e-01 9.468091e-01 -1.285559e-01 -1.061808e+02 -8.178051e-01 1.806155e-01 -5.464182e-01 3.546347e+02
-4.949446e-01 2.647222e-01 8.276183e-01 2.531549e+02 2.922569e-01 9.476881e-01 -1.283479e-01 -1.063408e+02 -8.183005e-01 1.783521e-01 -5.464200e-01 3.541398e+02
-4.938500e-01 2.639086e-01 8.285315e-01 2.540123e+02 2.901545e-01 9.482333e-01 -1.290888e-01 -1.064862e+02 -8.197088e-01 1.766516e-01 -5.448593e-01 3.536461e+02
-4.951127e-01 2.612075e-01 8.286338e-01 2.548497e+02 2.851004e-01 9.497712e-01 -1.290445e-01 -1.066738e+02 -8.207199e-01 1.723523e-01 -5.447141e-01 3.531327e+02
-4.922413e-01 2.637485e-01 8.295392e-01 2.556952e+02 2.874935e-01 9.487730e-01 -1.310622e-01 -1.067643e+02 -8.216118e-01 1.739729e-01 -5.428512e-01 3.526066e+02
-4.918778e-01 2.648365e-01 8.294081e-01 2.565544e+02 2.879345e-01 9.484949e-01 -1.321032e-01 -1.069126e+02 -8.216751e-01 1.738365e-01 -5.427991e-01 3.521169e+02
-4.925360e-01 2.640022e-01 8.292835e-01 2.573486e+02 2.845274e-01 9.493636e-01 -1.332404e-01 -1.070301e+02 -8.224673e-01 1.703282e-01 -5.427115e-01 3.515207e+02
-4.954670e-01 2.613936e-01 8.283633e-01 2.582050e+02 2.801620e-01 9.507718e-01 -1.324474e-01 -1.072305e+02 -8.222054e-01 1.664526e-01 -5.443086e-01 3.510449e+02
-4.959959e-01 2.607573e-01 8.282474e-01 2.590422e+02 2.789009e-01 9.511450e-01 -1.324293e-01 -1.073488e+02 -8.223153e-01 1.653146e-01 -5.444894e-01 3.505109e+02
-4.992206e-01 2.575345e-01 8.273178e-01 2.598707e+02 2.767400e-01 9.521904e-01 -1.294153e-01 -1.075238e+02 -8.210931e-01 1.643452e-01 -5.466231e-01 3.499789e+02
-5.000849e-01 2.556500e-01 8.273803e-01 2.607029e+02 2.776432e-01 9.523267e-01 -1.264438e-01 -1.076752e+02 -8.202617e-01 1.664839e-01 -5.472237e-01 3.494456e+02
-5.016767e-01 2.539967e-01 8.269258e-01 2.615071e+02 2.777298e-01 9.526086e-01 -1.241089e-01 -1.078392e+02 -8.192598e-01 1.673994e-01 -5.484439e-01 3.488743e+02
-5.019482e-01 2.569369e-01 8.258519e-01 2.623500e+02 2.826290e-01 9.511621e-01 -1.241428e-01 -1.079713e+02 -8.174160e-01 1.710964e-01 -5.500520e-01 3.483527e+02
-5.030444e-01 2.608730e-01 8.239488e-01 2.632127e+02 2.856927e-01 9.499561e-01 -1.263451e-01 -1.080809e+02 -8.156752e-01 1.718390e-01 -5.523996e-01 3.478589e+02
-5.055456e-01 2.628596e-01 8.217837e-01 2.640575e+02 2.848001e-01 9.499160e-01 -1.286410e-01 -1.082363e+02 -8.144400e-01 1.690102e-01 -5.550883e-01 3.473470e+02
-5.068520e-01 2.653672e-01 8.201715e-01 2.647814e+02 2.880245e-01 9.488918e-01 -1.290205e-01 -1.083294e+02 -8.124918e-01 1.708352e-01 -5.573799e-01 3.466634e+02
-5.089503e-01 2.666396e-01 8.184577e-01 2.656072e+02 2.900079e-01 9.483425e-01 -1.286152e-01 -1.084745e+02 -8.104721e-01 1.719004e-01 -5.599868e-01 3.461184e+02
-5.123689e-01 2.679472e-01 8.158936e-01 2.664776e+02 2.918845e-01 9.478520e-01 -1.279845e-01 -1.085780e+02 -8.076395e-01 1.725714e-01 -5.638595e-01 3.456370e+02
-5.146192e-01 2.674456e-01 8.146410e-01 2.672606e+02 2.930739e-01 9.477500e-01 -1.260066e-01 -1.087061e+02 -8.057759e-01 1.739046e-01 -5.661117e-01 3.450283e+02
-5.215812e-01 2.623948e-01 8.118510e-01 2.680544e+02 2.876075e-01 9.499152e-01 -1.222419e-01 -1.088864e+02 -8.032652e-01 1.697353e-01 -5.709246e-01 3.444476e+02
-5.281216e-01 2.590291e-01 8.086974e-01 2.688661e+02 2.848339e-01 9.512038e-01 -1.186630e-01 -1.090511e+02 -7.999732e-01 1.676760e-01 -5.761316e-01 3.438871e+02
-5.335091e-01 2.615450e-01 8.043397e-01 2.697304e+02 2.895172e-01 9.500101e-01 -1.168789e-01 -1.091704e+02 -7.946999e-01 1.705142e-01 -5.825607e-01 3.433984e+02
-5.380788e-01 2.596725e-01 8.018986e-01 2.701142e+02 2.876452e-01 9.508215e-01 -1.148854e-01 -1.093033e+02 -7.922950e-01 1.688449e-01 -5.863105e-01 3.424847e+02
-5.449352e-01 2.617939e-01 7.965611e-01 2.709267e+02 2.907340e-01 9.500660e-01 -1.133501e-01 -1.094052e+02 -7.864600e-01 1.698189e-01 -5.938368e-01 3.419107e+02
-5.511353e-01 2.621864e-01 7.921541e-01 2.716844e+02 2.940459e-01 9.494777e-01 -1.096770e-01 -1.095113e+02 -7.808885e-01 1.724828e-01 -6.003856e-01 3.412667e+02
-5.597136e-01 2.628583e-01 7.858920e-01 2.725311e+02 2.961435e-01 9.491807e-01 -1.065598e-01 -1.096539e+02 -7.739637e-01 1.730938e-01 -6.091131e-01 3.407542e+02
-5.702122e-01 2.597846e-01 7.793395e-01 2.733601e+02 2.924851e-01 9.507164e-01 -1.029115e-01 -1.098837e+02 -7.676657e-01 1.692638e-01 -6.180932e-01 3.402443e+02
-5.829023e-01 2.564884e-01 7.709985e-01 2.742407e+02 2.889904e-01 9.522713e-01 -9.830553e-02 -1.101572e+02 -7.594139e-01 1.655086e-01 -6.292038e-01 3.398572e+02
-5.907747e-01 2.565545e-01 7.649608e-01 2.749904e+02 2.902104e-01 9.522130e-01 -9.522789e-02 -1.102262e+02 -7.528367e-01 1.657413e-01 -6.369982e-01 3.391991e+02
-6.060315e-01 2.455330e-01 7.565973e-01 2.757483e+02 2.819958e-01 9.557075e-01 -8.427118e-02 -1.107628e+02 -7.437770e-01 1.622863e-01 -6.484281e-01 3.388280e+02
-6.024159e-01 2.466991e-01 7.591012e-01 2.759396e+02 2.812113e-01 9.556566e-01 -8.741063e-02 -1.105665e+02 -7.470042e-01 1.608103e-01 -6.450773e-01 3.378663e+02
-6.097192e-01 2.482515e-01 7.527375e-01 2.765345e+02 2.821636e-01 9.554539e-01 -8.655380e-02 -1.106558e+02 -7.406931e-01 1.596216e-01 -6.526061e-01 3.370674e+02
-6.156789e-01 2.549994e-01 7.455969e-01 2.772642e+02 2.934643e-01 9.523274e-01 -8.337366e-02 -1.107238e+02 -7.313126e-01 1.674747e-01 -6.611611e-01 3.363871e+02
-6.256760e-01 2.556907e-01 7.369883e-01 2.780143e+02 2.963832e-01 9.518286e-01 -7.860897e-02 -1.109223e+02 -7.215861e-01 1.692472e-01 -6.713187e-01 3.357563e+02
-6.355318e-01 2.528272e-01 7.295052e-01 2.787641e+02 2.960445e-01 9.524428e-01 -7.218278e-02 -1.111205e+02 -7.130617e-01 1.700916e-01 -6.801558e-01 3.351250e+02
-6.355318e-01 2.528272e-01 7.295052e-01 2.787641e+02 2.960445e-01 9.524428e-01 -7.218278e-02 -1.111205e+02 -7.130617e-01 1.700916e-01 -6.801558e-01 3.351250e+02
-6.578051e-01 2.451612e-01 7.121716e-01 2.794634e+02 2.879016e-01 9.555835e-01 -6.303097e-02 -1.112790e+02 -6.959922e-01 1.635732e-01 -6.991700e-01 3.344279e+02
-6.716635e-01 2.363979e-01 7.021284e-01 2.801559e+02 2.755519e-01 9.594469e-01 -5.943792e-02 -1.116995e+02 -6.877059e-01 1.535506e-01 -7.095653e-01 3.338417e+02
-6.801057e-01 2.386300e-01 6.931897e-01 2.809079e+02 2.773672e-01 9.590113e-01 -5.800695e-02 -1.115787e+02 -6.786189e-01 1.528172e-01 -7.184172e-01 3.331937e+02
-6.892273e-01 2.429148e-01 6.826113e-01 2.817233e+02 2.764218e-01 9.590229e-01 -6.217802e-02 -1.114867e+02 -6.697438e-01 1.458339e-01 -7.281317e-01 3.326221e+02
-7.007349e-01 2.448731e-01 6.700804e-01 2.825614e+02 2.761417e-01 9.591326e-01 -6.172937e-02 -1.116846e+02 -6.578118e-01 1.417812e-01 -7.397173e-01 3.321138e+02
-7.090012e-01 2.498915e-01 6.594479e-01 2.833925e+02 2.810417e-01 9.577691e-01 -6.077729e-02 -1.117722e+02 -6.467865e-01 1.422412e-01 -7.492894e-01 3.315647e+02
-7.090012e-01 2.498915e-01 6.594479e-01 2.833925e+02 2.810417e-01 9.577691e-01 -6.077729e-02 -1.117722e+02 -6.467865e-01 1.422412e-01 -7.492894e-01 3.315647e+02
-7.255898e-01 2.554287e-01 6.389645e-01 2.842310e+02 2.925585e-01 9.549641e-01 -4.952974e-02 -1.118968e+02 -6.228395e-01 1.509962e-01 -7.676400e-01 3.310342e+02
-7.334526e-01 2.585247e-01 6.286591e-01 2.850434e+02 2.979484e-01 9.535436e-01 -4.451301e-02 -1.119616e+02 -6.109615e-01 1.546598e-01 -7.764061e-01 3.304547e+02
-7.334526e-01 2.585247e-01 6.286591e-01 2.850434e+02 2.979484e-01 9.535436e-01 -4.451301e-02 -1.119616e+02 -6.109615e-01 1.546598e-01 -7.764061e-01 3.304547e+02
-7.493390e-01 2.648675e-01 6.069071e-01 2.858161e+02 3.072826e-01 9.509515e-01 -3.561875e-02 -1.119981e+02 -5.865734e-01 1.598015e-01 -7.939742e-01 3.298210e+02
-7.610221e-01 2.635043e-01 5.927991e-01 2.865916e+02 3.045708e-01 9.519470e-01 -3.214749e-02 -1.121922e+02 -5.727844e-01 1.560844e-01 -8.047085e-01 3.292202e+02
-7.714843e-01 2.638134e-01 5.789771e-01 2.874342e+02 3.043596e-01 9.521371e-01 -2.828762e-02 -1.122835e+02 -5.587282e-01 1.543938e-01 -8.148530e-01 3.286893e+02
-7.716986e-01 2.655503e-01 5.778965e-01 2.872919e+02 3.019111e-01 9.527072e-01 -3.462106e-02 -1.120117e+02 -5.597598e-01 1.477563e-01 -8.153754e-01 3.277376e+02
-7.772107e-01 2.662248e-01 5.701472e-01 2.868102e+02 3.004217e-01 9.531443e-01 -3.553419e-02 -1.118182e+02 -5.528927e-01 1.436670e-01 -8.207737e-01 3.268828e+02
-7.772107e-01 2.662248e-01 5.701472e-01 2.868102e+02 3.004217e-01 9.531443e-01 -3.553419e-02 -1.118182e+02 -5.528927e-01 1.436670e-01 -8.207737e-01 3.268828e+02
-7.915311e-01 2.672986e-01 5.495725e-01 2.866759e+02 3.011297e-01 9.531154e-01 -2.986487e-02 -1.117189e+02 -5.317889e-01 1.418536e-01 -8.349120e-01 3.258969e+02
-8.072976e-01 2.683946e-01 5.255806e-01 2.870805e+02 3.025912e-01 9.528708e-01 -2.181262e-02 -1.117201e+02 -5.066648e-01 1.414268e-01 -8.504642e-01 3.249824e+02
-8.256568e-01 2.677355e-01 4.965970e-01 2.874441e+02 3.013486e-01 9.534254e-01 -1.299918e-02 -1.115765e+02 -4.769485e-01 1.389159e-01 -8.678839e-01 3.240620e+02
-8.463630e-01 2.679531e-01 4.602942e-01 2.879710e+02 3.018886e-01 9.533432e-01 1.217728e-04 -1.116272e+02 -4.387857e-01 1.390606e-01 -8.877664e-01 3.232136e+02
-8.652041e-01 2.678143e-01 4.239072e-01 2.883477e+02 3.009728e-01 9.535590e-01 1.185664e-02 -1.115499e+02 -4.010452e-01 1.378429e-01 -9.056280e-01 3.222905e+02
-8.841911e-01 2.670960e-01 3.832307e-01 2.887380e+02 2.987143e-01 9.540339e-01 2.427243e-02 -1.114996e+02 -3.591320e-01 1.359380e-01 -9.233337e-01 3.213712e+02
-9.038335e-01 2.640372e-01 3.367038e-01 2.891430e+02 2.926801e-01 9.555190e-01 3.635705e-02 -1.114209e+02 -3.121272e-01 1.314072e-01 -9.409085e-01 3.204602e+02
-9.213630e-01 2.612440e-01 2.878224e-01 2.894703e+02 2.867050e-01 9.567450e-01 4.938985e-02 -1.113462e+02 -2.624699e-01 1.280261e-01 -9.564094e-01 3.195183e+02
-9.361316e-01 2.552988e-01 2.418267e-01 2.895914e+02 2.781309e-01 9.583459e-01 6.493344e-02 -1.112860e+02 -2.151762e-01 1.280457e-01 -9.681444e-01 3.185275e+02
-9.472598e-01 2.546496e-01 1.945571e-01 2.896263e+02 2.736360e-01 9.587096e-01 7.745468e-02 -1.111318e+02 -1.668000e-01 1.266076e-01 -9.778284e-01 3.175400e+02
-9.563001e-01 2.552055e-01 1.426892e-01 2.896341e+02 2.694687e-01 9.586657e-01 9.136025e-02 -1.109930e+02 -1.134756e-01 1.258181e-01 -9.855420e-01 3.165498e+02
-9.620481e-01 2.577206e-01 8.968525e-02 2.895573e+02 2.664634e-01 9.580922e-01 1.051509e-01 -1.108382e+02 -5.882718e-02 1.250580e-01 -9.904039e-01 3.155648e+02
-9.662427e-01 2.553451e-01 3.426168e-02 2.893948e+02 2.576266e-01 9.586014e-01 1.212926e-01 -1.108243e+02 -1.871817e-03 1.260248e-01 -9.920253e-01 3.145782e+02
-9.667378e-01 2.546871e-01 -2.350444e-02 2.892121e+02 2.494734e-01 9.592152e-01 1.329258e-01 -1.106218e+02 5.640029e-02 1.226407e-01 -9.908473e-01 3.136161e+02
-9.667378e-01 2.546871e-01 -2.350444e-02 2.892121e+02 2.494734e-01 9.592152e-01 1.329258e-01 -1.106218e+02 5.640029e-02 1.226407e-01 -9.908473e-01 3.136161e+02
-9.583599e-01 2.500579e-01 -1.379033e-01 2.890516e+02 2.273386e-01 9.603357e-01 1.614700e-01 -1.104839e+02 1.728103e-01 1.233956e-01 -9.771950e-01 3.126388e+02
-9.472570e-01 2.545365e-01 -1.947188e-01 2.889097e+02 2.220293e-01 9.593892e-01 1.739982e-01 -1.103625e+02 2.311000e-01 1.215877e-01 -9.653027e-01 3.116563e+02
-9.312280e-01 2.656524e-01 -2.494861e-01 2.887895e+02 2.232661e-01 9.569292e-01 1.855769e-01 -1.102902e+02 2.880395e-01 1.171127e-01 -9.504304e-01 3.106662e+02
-9.173081e-01 2.675775e-01 -2.948698e-01 2.883174e+02 2.161344e-01 9.565595e-01 1.956523e-01 -1.099990e+02 3.344127e-01 1.157419e-01 -9.352924e-01 3.098342e+02
-9.021843e-01 2.675315e-01 -3.383644e-01 2.881215e+02 2.046584e-01 9.559998e-01 2.101889e-01 -1.099085e+02 3.797085e-01 1.203800e-01 -9.172405e-01 3.088578e+02
-9.049943e-01 2.597612e-01 -3.369117e-01 2.872399e+02 1.983283e-01 9.582297e-01 2.060625e-01 -1.095168e+02 3.763658e-01 1.196663e-01 -9.187104e-01 3.091215e+02
-8.924505e-01 2.598847e-01 -3.687710e-01 2.869152e+02 1.897512e-01 9.578234e-01 2.157982e-01 -1.093272e+02 4.093001e-01 1.226145e-01 -9.041234e-01 3.081949e+02
-8.803744e-01 2.622895e-01 -3.951520e-01 2.867063e+02 1.842904e-01 9.568759e-01 2.245564e-01 -1.092479e+02 4.370102e-01 1.248710e-01 -8.907465e-01 3.072202e+02
-8.711213e-01 2.626365e-01 -4.149333e-01 2.862465e+02 1.804512e-01 9.570477e-01 2.269297e-01 -1.089843e+02 4.567110e-01 1.228081e-01 -8.810977e-01 3.063722e+02
-8.578922e-01 2.673290e-01 -4.388122e-01 2.860771e+02 1.789359e-01 9.559784e-01 2.325664e-01 -1.089222e+02 4.816667e-01 1.209977e-01 -8.679613e-01 3.053886e+02
-8.791320e-01 2.546106e-01 -4.028652e-01 2.852567e+02 1.840746e-01 9.611365e-01 2.057504e-01 -1.084321e+02 4.395947e-01 1.067246e-01 -8.918332e-01 3.056832e+02
-8.726006e-01 2.530890e-01 -4.177489e-01 2.848706e+02 1.785022e-01 9.613616e-01 2.095729e-01 -1.082429e+02 4.546483e-01 1.083043e-01 -8.840617e-01 3.047803e+02
-8.660275e-01 2.568964e-01 -4.289529e-01 2.844408e+02 1.793493e-01 9.604285e-01 2.130985e-01 -1.080660e+02 4.667229e-01 1.076168e-01 -8.778317e-01 3.038949e+02
-8.613714e-01 2.595469e-01 -4.366632e-01 2.839775e+02 1.794877e-01 9.596740e-01 2.163563e-01 -1.078371e+02 4.752089e-01 1.079875e-01 -8.732212e-01 3.030388e+02
-8.584404e-01 2.592536e-01 -4.425693e-01 2.834772e+02 1.777478e-01 9.597523e-01 2.174424e-01 -1.075584e+02 4.811297e-01 1.079956e-01 -8.699720e-01 3.022190e+02
-8.536419e-01 2.642051e-01 -4.488777e-01 2.831103e+02 1.814538e-01 9.586620e-01 2.191840e-01 -1.073858e+02 4.882315e-01 1.056540e-01 -8.662951e-01 3.013049e+02
-8.507176e-01 2.678919e-01 -4.522317e-01 2.826829e+02 1.847658e-01 9.578763e-01 2.198513e-01 -1.071968e+02 4.920784e-01 1.034744e-01 -8.643795e-01 3.004208e+02
-8.491893e-01 2.698536e-01 -4.539346e-01 2.822406e+02 1.865321e-01 9.574471e-01 2.202289e-01 -1.069846e+02 4.940479e-01 1.023427e-01 -8.633902e-01 2.995494e+02
-8.473182e-01 2.712856e-01 -4.565697e-01 2.818261e+02 1.875617e-01 9.571515e-01 2.206390e-01 -1.067711e+02 4.968626e-01 1.013164e-01 -8.618947e-01 2.986648e+02
-8.472621e-01 2.714764e-01 -4.565606e-01 2.813627e+02 1.877375e-01 9.571007e-01 2.207097e-01 -1.065509e+02 4.968919e-01 1.012854e-01 -8.618815e-01 2.978064e+02
-8.467786e-01 2.741389e-01 -4.558660e-01 2.808895e+02 1.911591e-01 9.565523e-01 2.201498e-01 -1.063302e+02 4.964113e-01 9.927524e-02 -8.623922e-01 2.969535e+02
-8.470276e-01 2.748788e-01 -4.549571e-01 2.804451e+02 1.928287e-01 9.565034e-01 2.189026e-01 -1.061109e+02 4.953396e-01 9.768773e-02 -8.631893e-01 2.960850e+02
-8.476005e-01 2.769132e-01 -4.526505e-01 2.799552e+02 1.958018e-01 9.560530e-01 2.182301e-01 -1.058989e+02 4.931886e-01 9.634220e-02 -8.645711e-01 2.952393e+02
-8.485009e-01 2.791017e-01 -4.496091e-01 2.794115e+02 1.996662e-01 9.556623e-01 2.164324e-01 -1.056822e+02 4.900812e-01 9.387134e-02 -8.666075e-01 2.944285e+02
-8.479590e-01 2.788843e-01 -4.507651e-01 2.790013e+02 2.001328e-01 9.559041e-01 2.149284e-01 -1.054869e+02 4.908284e-01 9.203757e-02 -8.663813e-01 2.935377e+02
-8.493752e-01 2.801025e-01 -4.473303e-01 2.785056e+02 2.037601e-01 9.558714e-01 2.116403e-01 -1.052484e+02 4.868712e-01 8.861395e-02 -8.689672e-01 2.927026e+02
-8.480011e-01 2.847773e-01 -4.469854e-01 2.781503e+02 2.093723e-01 9.547808e-01 2.110851e-01 -1.050607e+02 4.868853e-01 8.541403e-02 -8.692796e-01 2.917869e+02
-8.503383e-01 2.822487e-01 -4.441401e-01 2.777094e+02 2.071447e-01 9.553849e-01 2.105488e-01 -1.048423e+02 4.837518e-01 8.703642e-02 -8.708667e-01 2.909163e+02
-8.511975e-01 2.857904e-01 -4.402121e-01 2.772731e+02 2.121379e-01 9.545208e-01 2.094936e-01 -1.046744e+02 4.800629e-01 8.493475e-02 -8.731127e-01 2.900323e+02
-8.504988e-01 2.920843e-01 -4.374226e-01 2.769021e+02 2.196813e-01 9.528893e-01 2.091461e-01 -1.045759e+02 4.779036e-01 8.178498e-02 -8.745967e-01 2.891089e+02
-8.512618e-01 2.920085e-01 -4.359866e-01 2.765558e+02 2.195030e-01 9.528318e-01 2.095946e-01 -1.044056e+02 4.766253e-01 8.271945e-02 -8.752061e-01 2.881864e+02
-8.522755e-01 2.882862e-01 -4.364831e-01 2.762275e+02 2.155640e-01 9.538436e-01 2.090805e-01 -1.041848e+02 4.766116e-01 8.410414e-02 -8.750817e-01 2.872680e+02
-8.513671e-01 2.930449e-01 -4.350848e-01 2.758736e+02 2.208674e-01 9.525608e-01 2.093933e-01 -1.040646e+02 4.758063e-01 8.217453e-02 -8.757030e-01 2.863404e+02
-8.507382e-01 2.957933e-01 -4.344546e-01 2.755033e+02 2.226677e-01 9.515957e-01 2.118604e-01 -1.039278e+02 4.760920e-01 8.349870e-02 -8.754224e-01 2.854217e+02
-8.505452e-01 2.991475e-01 -4.325315e-01 2.750908e+02 2.258895e-01 9.505340e-01 2.132113e-01 -1.037406e+02 4.749176e-01 8.364153e-02 -8.760465e-01 2.845302e+02
-8.517920e-01 3.008238e-01 -4.289003e-01 2.746130e+02 2.279974e-01 9.499677e-01 2.134913e-01 -1.035179e+02 4.716647e-01 8.406204e-02 -8.777619e-01 2.836804e+02
-8.501705e-01 3.049450e-01 -4.292069e-01 2.742813e+02 2.320723e-01 9.487750e-01 2.144027e-01 -1.033668e+02 4.726018e-01 8.267177e-02 -8.773898e-01 2.827492e+02
-8.508591e-01 3.027711e-01 -4.293815e-01 2.738760e+02 2.298471e-01 9.494083e-01 2.139959e-01 -1.031675e+02 4.724502e-01 8.338827e-02 -8.774037e-01 2.818570e+02
-8.509742e-01 3.023029e-01 -4.294833e-01 2.734962e+02 2.292065e-01 9.495182e-01 2.141951e-01 -1.029756e+02 4.725540e-01 8.383415e-02 -8.773053e-01 2.809521e+02
-8.513211e-01 3.032411e-01 -4.281322e-01 2.730974e+02 2.291850e-01 9.490118e-01 2.164504e-01 -1.028465e+02 4.719392e-01 8.614735e-02 -8.774121e-01 2.800441e+02
-8.503826e-01 3.036378e-01 -4.297133e-01 2.727395e+02 2.289393e-01 9.488530e-01 2.174045e-01 -1.026683e+02 4.737470e-01 8.649870e-02 -8.764027e-01 2.791276e+02
-8.493480e-01 3.047355e-01 -4.309806e-01 2.723604e+02 2.296009e-01 9.485133e-01 2.181877e-01 -1.024866e+02 4.752804e-01 8.636377e-02 -8.755854e-01 2.782202e+02
-8.502969e-01 3.050037e-01 -4.289148e-01 2.718985e+02 2.312493e-01 9.485887e-01 2.161093e-01 -1.022432e+02 4.727778e-01 8.457077e-02 -8.771140e-01 2.773674e+02
-8.498576e-01 3.068729e-01 -4.284519e-01 2.714616e+02 2.337586e-01 9.481318e-01 2.154137e-01 -1.020350e+02 4.723335e-01 8.291668e-02 -8.775112e-01 2.764923e+02
-8.501453e-01 3.061352e-01 -4.284090e-01 2.710039e+02 2.325763e-01 9.482687e-01 2.160896e-01 -1.018169e+02 4.723995e-01 8.406978e-02 -8.773659e-01 2.756303e+02
-8.491568e-01 3.078890e-01 -4.291119e-01 2.705847e+02 2.334710e-01 9.476301e-01 2.179184e-01 -1.016285e+02 4.737341e-01 8.486169e-02 -8.765698e-01 2.747422e+02
-8.495466e-01 3.089912e-01 -4.275453e-01 2.701698e+02 2.351205e-01 9.473294e-01 2.174520e-01 -1.014296e+02 4.722170e-01 8.421095e-02 -8.774506e-01 2.738543e+02
-8.504124e-01 3.052435e-01 -4.285150e-01 2.697237e+02 2.303690e-01 9.482970e-01 2.183186e-01 -1.011968e+02 4.729998e-01 8.694433e-02 -8.767621e-01 2.729901e+02
-8.504849e-01 3.065066e-01 -4.274682e-01 2.692893e+02 2.330927e-01 9.481426e-01 2.160867e-01 -1.009803e+02 4.715328e-01 8.413881e-02 -8.778254e-01 2.721158e+02
-8.490735e-01 3.095359e-01 -4.280907e-01 2.688790e+02 2.372317e-01 9.474646e-01 2.145508e-01 -1.008149e+02 4.720120e-01 8.061269e-02 -8.778988e-01 2.712190e+02
-8.480015e-01 3.091718e-01 -4.304722e-01 2.684817e+02 2.363665e-01 9.475907e-01 2.149480e-01 -1.006373e+02 4.743673e-01 8.052702e-02 -8.766362e-01 2.703186e+02
-8.463454e-01 3.114626e-01 -4.320770e-01 2.680969e+02 2.372077e-01 9.467268e-01 2.178093e-01 -1.004687e+02 4.768984e-01 8.184985e-02 -8.751392e-01 2.694112e+02
-8.461253e-01 3.117862e-01 -4.322747e-01 2.676569e+02 2.359165e-01 9.463567e-01 2.207995e-01 -1.002564e+02 4.779282e-01 8.484328e-02 -8.742918e-01 2.685386e+02
-8.458174e-01 3.118505e-01 -4.328305e-01 2.672101e+02 2.341720e-01 9.460370e-01 2.240031e-01 -1.000146e+02 4.793292e-01 8.810897e-02 -8.732012e-01 2.676773e+02
-8.453171e-01 3.155645e-01 -4.311126e-01 2.667491e+02 2.380473e-01 9.448655e-01 2.248613e-01 -9.979029e+01 4.783017e-01 8.745394e-02 -8.738303e-01 2.668187e+02
-8.460649e-01 3.131750e-01 -4.313879e-01 2.662730e+02 2.361975e-01 9.456986e-01 2.233044e-01 -9.952400e+01 4.778963e-01 8.703728e-02 -8.740936e-01 2.659806e+02
-8.457587e-01 3.115489e-01 -4.331622e-01 2.658601e+02 2.344869e-01 9.462556e-01 2.227469e-01 -9.930934e+01 4.792787e-01 8.681928e-02 -8.733581e-01 2.650955e+02
-8.437614e-01 3.125747e-01 -4.363070e-01 2.654786e+02 2.356524e-01 9.461207e-01 2.220891e-01 -9.911093e+01 4.822186e-01 8.457339e-02 -8.719591e-01 2.641927e+02
-8.452039e-01 3.080194e-01 -4.367545e-01 2.649828e+02 2.313116e-01 9.475360e-01 2.206136e-01 -9.884095e+01 4.817939e-01 8.543709e-02 -8.721096e-01 2.633673e+02
-8.402610e-01 3.163626e-01 -4.403137e-01 2.646203e+02 2.406844e-01 9.453580e-01 2.199300e-01 -9.869154e+01 4.858317e-01 7.882202e-02 -8.704910e-01 2.624473e+02
-8.384653e-01 3.225983e-01 -4.392109e-01 2.641288e+02 2.499481e-01 9.438390e-01 2.160877e-01 -9.845616e+01 4.842539e-01 7.140217e-02 -8.720091e-01 2.616089e+02
-8.326195e-01 3.293081e-01 -4.453099e-01 2.638281e+02 2.557895e-01 9.417877e-01 2.181917e-01 -9.836378e+01 4.912397e-01 6.776508e-02 -8.683844e-01 2.606596e+02
-8.326038e-01 3.281831e-01 -4.461690e-01 2.633887e+02 2.558123e-01 9.423395e-01 2.157693e-01 -9.814684e+01 4.912545e-01 6.551477e-02 -8.685487e-01 2.597880e+02
-8.348312e-01 3.218430e-01 -4.466250e-01 2.629193e+02 2.485981e-01 9.442680e-01 2.157707e-01 -9.790347e+01 4.911779e-01 6.910196e-02 -8.683140e-01 2.589391e+02
-8.309726e-01 3.293616e-01 -4.483364e-01 2.625651e+02 2.526720e-01 9.414343e-01 2.232895e-01 -9.782272e+01 4.956222e-01 7.226542e-02 -8.655266e-01 2.580075e+02
-8.303389e-01 3.316966e-01 -4.477887e-01 2.621242e+02 2.532948e-01 9.404010e-01 2.269091e-01 -9.764232e+01 4.963659e-01 7.498886e-02 -8.648685e-01 2.571282e+02
-8.306921e-01 3.265797e-01 -4.508840e-01 2.617144e+02 2.484202e-01 9.422124e-01 2.247735e-01 -9.739921e+01 4.982350e-01 7.470889e-02 -8.638174e-01 2.562491e+02
-8.307672e-01 3.246409e-01 -4.521439e-01 2.612845e+02 2.491754e-01 9.432702e-01 2.194377e-01 -9.716281e+01 4.977324e-01 6.963847e-02 -8.645305e-01 2.553777e+02
-8.308032e-01 3.238164e-01 -4.526687e-01 2.608276e+02 2.504380e-01 9.438360e-01 2.155327e-01 -9.694107e+01 4.970381e-01 6.569984e-02 -8.652379e-01 2.545162e+02
-8.297089e-01 3.246927e-01 -4.540460e-01 2.604207e+02 2.511473e-01 9.435807e-01 2.158252e-01 -9.677125e+01 4.985059e-01 6.503963e-02 -8.644430e-01 2.536187e+02
-8.308686e-01 3.223144e-01 -4.536196e-01 2.599349e+02 2.463623e-01 9.439949e-01 2.194977e-01 -9.653453e+01 4.989619e-01 7.061893e-02 -8.637419e-01 2.527773e+02
-8.325505e-01 3.187400e-01 -4.530612e-01 2.594658e+02 2.419580e-01 9.449729e-01 2.201877e-01 -9.628768e+01 4.983132e-01 7.369557e-02 -8.638593e-01 2.519293e+02
-8.339406e-01 3.166901e-01 -4.519408e-01 2.589640e+02 2.400382e-01 9.455822e-01 2.196725e-01 -9.603974e+01 4.969153e-01 7.471077e-02 -8.645771e-01 2.511006e+02
-8.348948e-01 3.121179e-01 -4.533575e-01 2.585107e+02 2.351421e-01 9.469844e-01 2.189263e-01 -9.580871e+01 4.976533e-01 7.617704e-02 -8.640244e-01 2.502398e+02
-8.370897e-01 3.081488e-01 -4.520233e-01 2.580054e+02 2.338120e-01 9.485227e-01 2.136272e-01 -9.553206e+01 4.945833e-01 7.313667e-02 -8.660475e-01 2.494223e+02
-8.373368e-01 3.101267e-01 -4.502095e-01 2.575382e+02 2.363631e-01 9.479450e-01 2.133839e-01 -9.534122e+01 4.929499e-01 7.226127e-02 -8.670517e-01 2.485591e+02
-8.381149e-01 3.078066e-01 -4.503538e-01 2.570810e+02 2.335632e-01 9.485754e-01 2.136653e-01 -9.512570e+01 4.929621e-01 7.388995e-02 -8.669075e-01 2.476962e+02
-8.385985e-01 3.068462e-01 -4.501088e-01 2.566208e+02 2.321941e-01 9.487901e-01 2.142038e-01 -9.490877e+01 4.927864e-01 7.511841e-02 -8.669019e-01 2.468353e+02
-8.401336e-01 3.028831e-01 -4.499304e-01 2.561423e+02 2.279984e-01 9.499138e-01 2.137300e-01 -9.467618e+01 4.921303e-01 7.697836e-02 -8.671113e-01 2.459885e+02
-8.400012e-01 3.036823e-01 -4.496387e-01 2.557183e+02 2.287214e-01 9.496566e-01 2.141000e-01 -9.448139e+01 4.920208e-01 7.700231e-02 -8.671714e-01 2.451041e+02
-8.406516e-01 3.052616e-01 -4.473480e-01 2.552296e+02 2.305627e-01 9.491423e-01 2.144053e-01 -9.426598e+01 4.900467e-01 7.709836e-02 -8.682800e-01 2.442587e+02
-8.412487e-01 3.048641e-01 -4.464958e-01 2.547627e+02 2.299196e-01 9.491859e-01 2.149027e-01 -9.405916e+01 4.893236e-01 7.812844e-02 -8.685956e-01 2.433989e+02
-8.412375e-01 3.067535e-01 -4.452209e-01 2.543152e+02 2.313284e-01 9.484993e-01 2.164170e-01 -9.387561e+01 4.886784e-01 7.906590e-02 -8.688740e-01 2.425236e+02
-8.411145e-01 3.091237e-01 -4.438119e-01 2.538870e+02 2.341930e-01 9.478162e-01 2.163288e-01 -9.370420e+01 4.875245e-01 7.801957e-02 -8.696165e-01 2.416363e+02
-8.413301e-01 3.097594e-01 -4.429590e-01 2.534223e+02 2.358021e-01 9.477455e-01 2.148858e-01 -9.348698e+01 4.863753e-01 7.633927e-02 -8.704087e-01 2.407779e+02
-8.429128e-01 3.041710e-01 -4.438221e-01 2.530048e+02 2.297257e-01 9.493599e-01 2.143404e-01 -9.326228e+01 4.865430e-01 7.871293e-02 -8.701035e-01 2.398975e+02
-8.430875e-01 3.062247e-01 -4.420746e-01 2.525259e+02 2.322210e-01 9.487551e-01 2.143295e-01 -9.304630e+01 4.850535e-01 7.803956e-02 -8.709954e-01 2.390466e+02
-8.426081e-01 3.075021e-01 -4.421019e-01 2.521253e+02 2.337091e-01 9.484112e-01 2.142340e-01 -9.287777e+01 4.851718e-01 7.719208e-02 -8.710050e-01 2.381460e+02
-8.430380e-01 3.061846e-01 -4.421966e-01 2.516951e+02 2.321005e-01 9.487590e-01 2.144427e-01 -9.268757e+01 4.851971e-01 7.814931e-02 -8.709055e-01 2.372635e+02
-8.421949e-01 3.110496e-01 -4.404042e-01 2.512849e+02 2.351700e-01 9.469405e-01 2.190862e-01 -9.253569e+01 4.851832e-01 8.094345e-02 -8.706580e-01 2.363642e+02
-8.431187e-01 3.128264e-01 -4.373676e-01 2.508380e+02 2.352663e-01 9.459821e-01 2.230865e-01 -9.231972e+01 4.835293e-01 8.519052e-02 -8.711728e-01 2.354961e+02
-8.430534e-01 3.135181e-01 -4.369981e-01 2.504867e+02 2.338045e-01 9.453684e-01 2.271873e-01 -9.211120e+01 4.843515e-01 8.935890e-02 -8.702980e-01 2.345834e+02
-8.412808e-01 3.168043e-01 -4.380430e-01 2.501253e+02 2.376850e-01 9.445346e-01 2.266279e-01 -9.194282e+01 4.855435e-01 8.654145e-02 -8.699184e-01 2.336663e+02
-8.403632e-01 3.192493e-01 -4.380293e-01 2.496914e+02 2.415344e-01 9.440299e-01 2.246523e-01 -9.173281e+01 4.852328e-01 8.299037e-02 -8.704377e-01 2.327902e+02
-8.399288e-01 3.193044e-01 -4.388215e-01 2.492989e+02 2.406212e-01 9.438827e-01 2.262451e-01 -9.157125e+01 4.864371e-01 8.443999e-02 -8.696257e-01 2.318847e+02
-8.388610e-01 3.220677e-01 -4.388446e-01 2.488950e+02 2.419575e-01 9.427795e-01 2.293980e-01 -9.141475e+01 4.876154e-01 8.625129e-02 -8.687876e-01 2.309834e+02
-8.372913e-01 3.269911e-01 -4.382011e-01 2.484959e+02 2.470120e-01 9.412283e-01 2.303788e-01 -9.123888e+01 4.877791e-01 8.465325e-02 -8.688529e-01 2.300835e+02
-8.377291e-01 3.280551e-01 -4.365660e-01 2.480515e+02 2.479512e-01 9.407905e-01 2.311568e-01 -9.099873e+01 4.865493e-01 8.539971e-02 -8.694692e-01 2.292205e+02
-8.390264e-01 3.257032e-01 -4.358350e-01 2.475678e+02 2.468576e-01 9.417196e-01 2.285292e-01 -9.072503e+01 4.848670e-01 8.415282e-02 -8.705299e-01 2.283891e+02
-8.393525e-01 3.256282e-01 -4.352627e-01 2.471258e+02 2.465905e-01 9.416825e-01 2.289699e-01 -9.051953e+01 4.844383e-01 8.485487e-02 -8.707004e-01 2.275160e+02
-8.396015e-01 3.238626e-01 -4.360990e-01 2.466493e+02 2.457688e-01 9.424408e-01 2.267224e-01 -9.031372e+01 4.844244e-01 8.317697e-02 -8.708700e-01 2.266612e+02
-8.397381e-01 3.222351e-01 -4.370407e-01 2.461922e+02 2.452980e-01 9.431894e-01 2.241041e-01 -9.009873e+01 4.844263e-01 8.098354e-02 -8.710757e-01 2.257982e+02
-8.401115e-01 3.210485e-01 -4.371963e-01 2.457490e+02 2.433814e-01 9.434430e-01 2.251241e-01 -8.992153e+01 4.847455e-01 8.272394e-02 -8.707345e-01 2.249194e+02
-8.397353e-01 3.189733e-01 -4.394322e-01 2.453605e+02 2.390761e-01 9.438003e-01 2.282183e-01 -8.974707e+01 4.875318e-01 8.658525e-02 -8.688013e-01 2.240147e+02
-8.394844e-01 3.205057e-01 -4.387961e-01 2.448767e+02 2.406541e-01 9.433063e-01 2.286020e-01 -8.954930e+01 4.871874e-01 8.630967e-02 -8.690219e-01 2.231621e+02
-8.381921e-01 3.207323e-01 -4.410949e-01 2.444707e+02 2.398034e-01 9.431567e-01 2.301082e-01 -8.937071e+01 4.898248e-01 8.709882e-02 -8.674592e-01 2.222658e+02
-8.372747e-01 3.209207e-01 -4.426975e-01 2.440510e+02 2.397777e-01 9.431386e-01 2.302089e-01 -8.916898e+01 4.914039e-01 8.659913e-02 -8.666157e-01 2.213809e+02
-8.366061e-01 3.193933e-01 -4.450597e-01 2.436394e+02 2.373411e-01 9.435627e-01 2.309950e-01 -8.895197e+01 4.937200e-01 8.762089e-02 -8.651954e-01 2.204957e+02
-8.365322e-01 3.174806e-01 -4.465647e-01 2.431796e+02 2.351917e-01 9.441782e-01 2.306782e-01 -8.874035e+01 4.948725e-01 8.794144e-02 -8.645042e-01 2.196333e+02
-8.357162e-01 3.180944e-01 -4.476543e-01 2.427434e+02 2.356031e-01 9.440087e-01 2.309519e-01 -8.854899e+01 4.960541e-01 8.754153e-02 -8.638674e-01 2.187540e+02
-8.341493e-01 3.206244e-01 -4.487705e-01 2.423126e+02 2.388114e-01 9.434039e-01 2.301264e-01 -8.835890e+01 4.971560e-01 8.478828e-02 -8.635085e-01 2.178718e+02
-8.334945e-01 3.228436e-01 -4.483959e-01 2.418076e+02 2.414861e-01 9.427751e-01 2.299120e-01 -8.813347e+01 4.969621e-01 8.334905e-02 -8.637602e-01 2.170387e+02
-8.323410e-01 3.244107e-01 -4.494065e-01 2.413663e+02 2.431074e-01 9.423404e-01 2.299856e-01 -8.794717e+01 4.981037e-01 8.217236e-02 -8.632152e-01 2.161609e+02
-8.309011e-01 3.279592e-01 -4.494954e-01 2.409214e+02 2.469486e-01 9.412699e-01 2.302765e-01 -8.773268e+01 4.986178e-01 8.033470e-02 -8.630913e-01 2.152914e+02
-8.299264e-01 3.287498e-01 -4.507169e-01 2.404774e+02 2.473037e-01 9.410022e-01 2.309886e-01 -8.748648e+01 5.000630e-01 8.023963e-02 -8.622636e-01 2.144298e+02
-8.299290e-01 3.293549e-01 -4.502701e-01 2.399637e+02 2.472776e-01 9.406866e-01 2.322982e-01 -8.729154e+01 5.000716e-01 8.144930e-02 -8.621452e-01 2.135943e+02
-8.301003e-01 3.276819e-01 -4.511741e-01 2.394863e+02 2.443380e-01 9.410517e-01 2.339243e-01 -8.707782e+01 5.012309e-01 8.394162e-02 -8.612325e-01 2.127420e+02
-8.295212e-01 3.258364e-01 -4.535695e-01 2.390733e+02 2.416770e-01 9.416104e-01 2.344397e-01 -8.686773e+01 5.034747e-01 8.485541e-02 -8.598330e-01 2.118558e+02
-8.290531e-01 3.256495e-01 -4.545584e-01 2.386352e+02 2.408374e-01 9.416061e-01 2.353198e-01 -8.664709e+01 5.046467e-01 8.561796e-02 -8.590700e-01 2.109844e+02
-8.283746e-01 3.259459e-01 -4.555819e-01 2.381951e+02 2.407093e-01 9.414905e-01 2.359126e-01 -8.642045e+01 5.058208e-01 8.576123e-02 -8.583649e-01 2.101155e+02
-8.278790e-01 3.283382e-01 -4.547641e-01 2.377156e+02 2.422337e-01 9.405491e-01 2.380971e-01 -8.621885e+01 5.059043e-01 8.695635e-02 -8.581954e-01 2.092615e+02
-8.277448e-01 3.284328e-01 -4.549401e-01 2.372298e+02 2.419539e-01 9.404634e-01 2.387191e-01 -8.596618e+01 5.062577e-01 8.752392e-02 -8.579293e-01 2.084247e+02
-8.281809e-01 3.271733e-01 -4.550538e-01 2.367965e+02 2.399062e-01 9.407279e-01 2.397417e-01 -8.574419e+01 5.065189e-01 8.937924e-02 -8.575838e-01 2.075512e+02
-8.292883e-01 3.283489e-01 -4.521813e-01 2.363030e+02 2.424083e-01 9.404454e-01 2.383288e-01 -8.549401e+01 5.035068e-01 8.803079e-02 -8.594949e-01 2.067182e+02
-8.316714e-01 3.295104e-01 -4.469290e-01 2.358462e+02 2.451444e-01 9.400901e-01 2.369279e-01 -8.525900e+01 4.982238e-01 8.748399e-02 -8.626237e-01 2.058603e+02
-8.365550e-01 3.337927e-01 -4.344630e-01 2.353224e+02 2.535843e-01 9.388283e-01 2.330158e-01 -8.499379e+01 4.856652e-01 8.475755e-02 -8.700261e-01 2.050508e+02
-8.423793e-01 3.391741e-01 -4.187578e-01 2.348987e+02 2.641705e-01 9.372145e-01 2.276905e-01 -8.479620e+01 4.696926e-01 8.117829e-02 -8.790899e-01 2.041668e+02
-8.502780e-01 3.428671e-01 -3.993362e-01 2.344962e+02 2.726206e-01 9.359009e-01 2.230862e-01 -8.463126e+01 4.502280e-01 8.081799e-02 -8.892487e-01 2.032663e+02
-8.601185e-01 3.430409e-01 -3.775170e-01 2.341210e+02 2.777500e-01 9.357187e-01 2.174521e-01 -8.443610e+01 4.278447e-01 8.217923e-02 -9.001086e-01 2.023602e+02
-8.703110e-01 3.455879e-01 -3.508956e-01 2.337270e+02 2.876187e-01 9.349995e-01 2.074884e-01 -8.420605e+01 3.997927e-01 7.965530e-02 -9.131379e-01 2.014703e+02
-8.800599e-01 3.489832e-01 -3.220332e-01 2.334453e+02 2.985604e-01 9.339962e-01 1.962467e-01 -8.404045e+01 3.692646e-01 7.656249e-02 -9.261651e-01 2.005252e+02
-8.943335e-01 3.440004e-01 -2.860617e-01 2.330602e+02 3.004123e-01 9.355342e-01 1.858176e-01 -8.388242e+01 3.315418e-01 8.024640e-02 -9.400216e-01 1.996160e+02
-9.037266e-01 3.400175e-01 -2.601277e-01 2.331870e+02 3.021460e-01 9.370392e-01 1.751151e-01 -8.379798e+01 3.032920e-01 7.965961e-02 -9.495622e-01 1.986276e+02
-9.137089e-01 3.328803e-01 -2.330810e-01 2.333594e+02 3.005271e-01 9.396012e-01 1.638077e-01 -8.364430e+01 2.735316e-01 7.962536e-02 -9.585616e-01 1.976547e+02
-9.245021e-01 3.303680e-01 -1.901390e-01 2.331037e+02 3.052360e-01 9.404136e-01 1.498440e-01 -8.347521e+01 2.283130e-01 8.049384e-02 -9.702546e-01 1.967028e+02
-9.344541e-01 3.204402e-01 -1.552857e-01 2.334822e+02 2.999717e-01 9.433812e-01 1.415938e-01 -8.350999e+01 1.918659e-01 8.573159e-02 -9.776695e-01 1.957779e+02
-9.435977e-01 3.134185e-01 -1.067345e-01 2.334882e+02 2.994559e-01 9.453900e-01 1.287005e-01 -8.342557e+01 1.412428e-01 8.947924e-02 -9.859229e-01 1.947815e+02
-9.502581e-01 3.052060e-01 -6.211937e-02 2.337445e+02 2.965197e-01 9.475265e-01 1.194553e-01 -8.351601e+01 9.531822e-02 9.509375e-02 -9.908944e-01 1.938191e+02
-9.552322e-01 2.955418e-01 -1.365451e-02 2.338413e+02 2.924416e-01 9.501912e-01 1.077707e-01 -8.345202e+01 4.482515e-02 9.895293e-02 -9.940820e-01 1.928258e+02
-9.554464e-01 2.919733e-01 4.328604e-02 2.339368e+02 2.948254e-01 9.510585e-01 9.255073e-02 -8.338169e+01 -1.414522e-02 1.011891e-01 -9.947666e-01 1.918329e+02
-9.535839e-01 2.852894e-01 9.637268e-02 2.340877e+02 2.931957e-01 9.526036e-01 8.113318e-02 -8.335637e+01 -6.865854e-02 1.056233e-01 -9.920331e-01 1.908447e+02
-9.477431e-01 2.811209e-01 1.508445e-01 2.343175e+02 2.935636e-01 9.535658e-01 6.732453e-02 -8.332381e+01 -1.249139e-01 1.080888e-01 -9.862623e-01 1.898720e+02
-9.374025e-01 2.803240e-01 2.066276e-01 2.345692e+02 2.970576e-01 9.533127e-01 5.433017e-02 -8.337954e+01 -1.817507e-01 1.123095e-01 -9.769101e-01 1.889058e+02
-9.235887e-01 2.808869e-01 2.609337e-01 2.349491e+02 3.005206e-01 9.530257e-01 3.780645e-02 -8.340726e+01 -2.380572e-01 1.133336e-01 -9.646161e-01 1.879812e+02
-9.064673e-01 2.811265e-01 3.150951e-01 2.353338e+02 3.027656e-01 9.528363e-01 2.088125e-02 -8.346846e+01 -2.943637e-01 1.143281e-01 -9.488304e-01 1.870602e+02
-8.865337e-01 2.795675e-01 3.686461e-01 2.356981e+02 3.016886e-01 9.534033e-01 2.486255e-03 -8.353289e+01 -3.507733e-01 1.134205e-01 -9.295665e-01 1.861311e+02
-8.655866e-01 2.751281e-01 4.184071e-01 2.362531e+02 2.965026e-01 9.549216e-01 -1.452438e-02 -8.356189e+01 -4.035420e-01 1.114867e-01 -9.081435e-01 1.852997e+02
-8.428327e-01 2.686929e-01 4.663016e-01 2.367869e+02 2.878263e-01 9.571710e-01 -3.130091e-02 -8.367202e+01 -4.547407e-01 1.078324e-01 -8.840719e-01 1.844613e+02
-8.149468e-01 2.650392e-01 5.153794e-01 2.373559e+02 2.810291e-01 9.584717e-01 -4.852507e-02 -8.375190e+01 -5.068376e-01 1.052912e-01 -8.555872e-01 1.836429e+02
-7.842411e-01 2.658678e-01 5.606070e-01 2.380168e+02 2.796389e-01 9.580260e-01 -6.315277e-02 -8.385989e+01 -5.538664e-01 1.072406e-01 -8.256703e-01 1.829002e+02
-7.503485e-01 2.697360e-01 6.035062e-01 2.386144e+02 2.797820e-01 9.567448e-01 -7.975805e-02 -8.396281e+01 -5.989150e-01 1.090039e-01 -7.933593e-01 1.821051e+02
-7.196674e-01 2.721830e-01 6.387451e-01 2.392946e+02 2.764606e-01 9.562203e-01 -9.598072e-02 -8.409976e+01 -6.369053e-01 1.075137e-01 -7.634084e-01 1.813849e+02
-6.918996e-01 2.663820e-01 6.710556e-01 2.399291e+02 2.640183e-01 9.584253e-01 -1.082370e-01 -8.425944e+01 -6.719891e-01 1.022818e-01 -7.334638e-01 1.806287e+02
-6.654272e-01 2.628952e-01 6.986363e-01 2.406701e+02 2.545990e-01 9.597402e-01 -1.186511e-01 -8.438704e+01 -7.017022e-01 9.891842e-02 -7.055701e-01 1.799695e+02
-6.423546e-01 2.604926e-01 7.207802e-01 2.414512e+02 2.450672e-01 9.609028e-01 -1.288714e-01 -8.454825e+01 -7.261698e-01 9.385842e-02 -6.810786e-01 1.793662e+02
-6.204259e-01 2.632252e-01 7.387721e-01 2.421996e+02 2.427233e-01 9.601902e-01 -1.382760e-01 -8.470755e+01 -7.457594e-01 9.352721e-02 -6.596178e-01 1.787224e+02
-6.025690e-01 2.650367e-01 7.527723e-01 2.429908e+02 2.394104e-01 9.598330e-01 -1.462988e-01 -8.487800e+01 -7.613103e-01 9.206640e-02 -6.418181e-01 1.781351e+02
-5.894747e-01 2.664991e-01 7.625600e-01 2.437902e+02 2.337140e-01 9.599034e-01 -1.548009e-01 -8.507725e+01 -7.732382e-01 8.696971e-02 -6.281234e-01 1.775682e+02
-5.784542e-01 2.702794e-01 7.696361e-01 2.445589e+02 2.287581e-01 9.594003e-01 -1.649872e-01 -8.525074e+01 -7.829818e-01 8.062294e-02 -6.167978e-01 1.769526e+02
-5.689056e-01 2.738614e-01 7.754652e-01 2.453691e+02 2.301600e-01 9.582660e-01 -1.695663e-01 -8.538438e+01 -7.895396e-01 8.201390e-02 -6.081948e-01 1.763819e+02
-5.619058e-01 2.718327e-01 7.812611e-01 2.461308e+02 2.292672e-01 9.586408e-01 -1.686548e-01 -8.560278e+01 -7.947946e-01 8.434942e-02 -6.009881e-01 1.757719e+02
-5.536091e-01 2.724234e-01 7.869577e-01 2.468639e+02 2.337811e-01 9.578206e-01 -1.671111e-01 -8.569537e+01 -7.992893e-01 9.146163e-02 -5.939456e-01 1.750981e+02
-5.500306e-01 2.702416e-01 7.902125e-01 2.476419e+02 2.337369e-01 9.581979e-01 -1.649967e-01 -8.586490e+01 -8.017689e-01 9.394863e-02 -5.902036e-01 1.744931e+02
-5.494376e-01 2.699262e-01 7.907327e-01 2.484546e+02 2.323035e-01 9.584161e-01 -1.657518e-01 -8.604337e+01 -8.025917e-01 9.261976e-02 -5.892946e-01 1.739385e+02
-5.487161e-01 2.701488e-01 7.911576e-01 2.491256e+02 2.318260e-01 9.584068e-01 -1.664723e-01 -8.625656e+01 -8.032231e-01 9.206484e-02 -5.885208e-01 1.732283e+02
-5.479836e-01 2.685952e-01 7.921935e-01 2.497911e+02 2.278458e-01 9.591646e-01 -1.675995e-01 -8.649505e+01 -8.048604e-01 8.865623e-02 -5.868048e-01 1.725210e+02
-5.482438e-01 2.695952e-01 7.916736e-01 2.505562e+02 2.277455e-01 9.589692e-01 -1.688491e-01 -8.669695e+01 -8.047115e-01 8.772960e-02 -5.871481e-01 1.719097e+02
-5.482438e-01 2.695952e-01 7.916736e-01 2.513194e+02 2.277455e-01 9.589692e-01 -1.688491e-01 -8.686983e+01 -8.047115e-01 8.772960e-02 -5.871481e-01 1.712870e+02
-5.476181e-01 2.701784e-01 7.919079e-01 2.520821e+02 2.276815e-01 9.588370e-01 -1.696845e-01 -8.704221e+01 -8.051556e-01 8.738045e-02 -5.865911e-01 1.706637e+02
-5.436940e-01 2.667506e-01 7.957644e-01 2.525373e+02 2.258362e-01 9.596752e-01 -1.673964e-01 -8.733704e+01 -8.083284e-01 8.870000e-02 -5.820116e-01 1.698235e+02
-5.418869e-01 2.691287e-01 7.961961e-01 2.532977e+02 2.299716e-01 9.586693e-01 -1.675301e-01 -8.749435e+01 -8.083759e-01 9.232009e-02 -5.813823e-01 1.691934e+02
-5.392713e-01 2.720240e-01 7.969877e-01 2.541228e+02 2.356464e-01 9.573297e-01 -1.673041e-01 -8.770766e+01 -8.084907e-01 9.758503e-02 -5.803619e-01 1.686702e+02
-5.361466e-01 2.740511e-01 7.984002e-01 2.548725e+02 2.372815e-01 9.566240e-01 -1.690207e-01 -8.786665e+01 -8.100891e-01 9.882572e-02 -5.779180e-01 1.680278e+02
-5.309202e-01 2.763520e-01 8.010951e-01 2.556284e+02 2.405931e-01 9.555880e-01 -1.701956e-01 -8.801342e+01 -8.125508e-01 1.023777e-01 -5.738293e-01 1.673898e+02
-5.250440e-01 2.784278e-01 8.042430e-01 2.564133e+02 2.428181e-01 9.547027e-01 -1.719947e-01 -8.816620e+01 -8.157010e-01 1.049800e-01 -5.688682e-01 1.667893e+02
-5.169277e-01 2.795591e-01 8.090936e-01 2.571797e+02 2.448855e-01 9.539640e-01 -1.731582e-01 -8.833783e+01 -8.202541e-01 1.086250e-01 -5.615904e-01 1.661703e+02
-5.107921e-01 2.780168e-01 8.135098e-01 2.580298e+02 2.443380e-01 9.541914e-01 -1.726781e-01 -8.855925e+01 -8.242514e-01 1.105688e-01 -5.553235e-01 1.656925e+02
-4.991026e-01 2.790989e-01 8.203660e-01 2.587820e+02 2.456323e-01 9.534477e-01 -1.749348e-01 -8.866055e+01 -8.310002e-01 1.141980e-01 -5.444240e-01 1.650414e+02
-4.900686e-01 2.770866e-01 8.264718e-01 2.596049e+02 2.407874e-01 9.542732e-01 -1.771555e-01 -8.881058e+01 -8.377674e-01 1.121857e-01 -5.343784e-01 1.644933e+02
-4.813588e-01 2.795300e-01 8.307567e-01 2.604970e+02 2.420813e-01 9.533183e-01 -1.805018e-01 -8.899397e+01 -8.424312e-01 1.142246e-01 -5.265571e-01 1.640805e+02
-4.746282e-01 2.821769e-01 8.337291e-01 2.614019e+02 2.416125e-01 9.526012e-01 -1.848633e-01 -8.920213e+01 -8.463755e-01 1.136980e-01 -5.203088e-01 1.637092e+02
-4.651335e-01 2.850143e-01 8.381036e-01 2.622158e+02 2.376021e-01 9.522077e-01 -1.919525e-01 -8.935330e+01 -8.527579e-01 1.098517e-01 -5.106237e-01 1.631482e+02
-4.634774e-01 2.809813e-01 8.403798e-01 2.630634e+02 2.252836e-01 9.545953e-01 -1.949233e-01 -8.967303e+01 -8.569924e-01 9.898127e-02 -5.057339e-01 1.627247e+02
-5.245874e-01 2.980908e-01 7.974647e-01 2.638204e+02 2.365683e-01 9.508485e-01 -1.998062e-01 -8.970096e+01 -8.178285e-01 8.383905e-02 -5.693220e-01 1.633775e+02
-5.251720e-01 2.905594e-01 7.998560e-01 2.646230e+02 2.283044e-01 9.535554e-01 -1.964921e-01 -8.997449e+01 -8.197997e-01 7.941847e-02 -5.671166e-01 1.628473e+02
-5.256928e-01 2.869739e-01 8.008078e-01 2.654441e+02 2.238984e-01 9.548642e-01 -1.952020e-01 -9.015254e+01 -8.206806e-01 7.668327e-02 -5.662182e-01 1.623051e+02
-5.653265e-01 2.743029e-01 7.779228e-01 2.661905e+02 2.285467e-01 9.582540e-01 -1.718015e-01 -9.065639e+01 -7.925732e-01 8.066777e-02 -6.044174e-01 1.627399e+02
-5.729676e-01 2.753715e-01 7.719318e-01 2.670581e+02 2.305774e-01 9.579830e-01 -1.705952e-01 -9.085073e+01 -7.864746e-01 8.024449e-02 -6.123876e-01 1.622821e+02
-5.782659e-01 2.729059e-01 7.688504e-01 2.678044e+02 2.274037e-01 9.589616e-01 -1.693522e-01 -9.104452e+01 -7.835153e-01 7.690880e-02 -6.165946e-01 1.616453e+02
-5.859645e-01 2.749908e-01 7.622504e-01 2.686330e+02 2.295315e-01 9.584589e-01 -1.693277e-01 -9.119648e+01 -7.771492e-01 7.574045e-02 -6.247419e-01 1.611066e+02
-5.944374e-01 2.735648e-01 7.561789e-01 2.693847e+02 2.273262e-01 9.591657e-01 -1.682972e-01 -9.136660e+01 -7.713410e-01 7.185715e-02 -6.323524e-01 1.604694e+02
-6.035253e-01 2.688769e-01 7.506413e-01 2.700933e+02 2.248171e-01 9.606142e-01 -1.633326e-01 -9.157227e+01 -7.649931e-01 7.018167e-02 -6.402032e-01 1.597944e+02
-6.094073e-01 2.700797e-01 7.454393e-01 2.708168e+02 2.293183e-01 9.600502e-01 -1.603643e-01 -9.170344e+01 -7.589703e-01 7.321570e-02 -6.469958e-01 1.591167e+02
-6.192472e-01 2.651645e-01 7.390675e-01 2.715399e+02 2.275645e-01 9.614627e-01 -1.542851e-01 -9.191723e+01 -7.514967e-01 7.264492e-02 -6.557251e-01 1.584598e+02
-6.288746e-01 2.660272e-01 7.305794e-01 2.722820e+02 2.297039e-01 9.612700e-01 -1.523025e-01 -9.208498e+01 -7.428007e-01 7.203773e-02 -6.656258e-01 1.578109e+02
-6.389903e-01 2.691241e-01 7.205995e-01 2.730537e+02 2.334332e-01 9.604649e-01 -1.517108e-01 -9.221976e+01 -7.329395e-01 7.127015e-02 -6.765503e-01 1.571893e+02
-6.457981e-01 2.740352e-01 7.126356e-01 2.737630e+02 2.402847e-01 9.588890e-01 -1.509803e-01 -9.235612e+01 -7.247124e-01 7.373267e-02 -6.850952e-01 1.564978e+02
-6.534926e-01 2.771888e-01 7.043535e-01 2.744881e+02 2.465853e-01 9.577343e-01 -1.481239e-01 -9.249194e+01 -7.156418e-01 7.688537e-02 -6.942229e-01 1.558226e+02
-6.631677e-01 2.768695e-01 6.953789e-01 2.752032e+02 2.489071e-01 9.577680e-01 -1.439641e-01 -9.264660e+01 -7.058710e-01 7.761236e-02 -7.040756e-01 1.551409e+02
-6.704267e-01 2.772369e-01 6.882353e-01 2.758904e+02 2.518873e-01 9.575262e-01 -1.403439e-01 -9.281363e+01 -6.979118e-01 7.926738e-02 -7.117835e-01 1.544339e+02
-6.751256e-01 2.769769e-01 6.837319e-01 2.765296e+02 2.525625e-01 9.576109e-01 -1.385407e-01 -9.297923e+01 -6.931217e-01 7.915267e-02 -7.164616e-01 1.536829e+02
-6.799302e-01 2.785979e-01 6.782906e-01 2.772232e+02 2.529888e-01 9.573425e-01 -1.396140e-01 -9.310145e+01 -6.882525e-01 7.667220e-02 -7.214082e-01 1.529730e+02
-6.838989e-01 2.761757e-01 6.752846e-01 2.778949e+02 2.503812e-01 9.582164e-01 -1.383131e-01 -9.334115e+01 -6.852675e-01 7.448640e-02 -7.244723e-01 1.522720e+02
-6.841719e-01 2.801785e-01 6.733564e-01 2.785610e+02 2.534837e-01 9.570571e-01 -1.406690e-01 -9.348662e+01 -6.838529e-01 7.444306e-02 -7.258123e-01 1.515405e+02
-6.848896e-01 2.795932e-01 6.728699e-01 2.791831e+02 2.514429e-01 9.574146e-01 -1.418937e-01 -9.364576e+01 -6.838879e-01 7.200684e-02 -7.260250e-01 1.507739e+02
-6.835457e-01 2.809733e-01 6.736611e-01 2.798450e+02 2.542854e-01 9.567891e-01 -1.410449e-01 -9.381797e+01 -6.841814e-01 7.489156e-02 -7.254565e-01 1.500444e+02
-6.851982e-01 2.803701e-01 6.722322e-01 2.806060e+02 2.529919e-01 9.570933e-01 -1.413064e-01 -9.396601e+01 -6.830070e-01 7.324647e-02 -7.267300e-01 1.494127e+02
-6.835974e-01 2.820873e-01 6.731428e-01 2.813127e+02 2.552094e-01 9.564552e-01 -1.416391e-01 -9.408143e+01 -6.837856e-01 7.496824e-02 -7.258216e-01 1.487147e+02
-6.829887e-01 2.837319e-01 6.730695e-01 2.820610e+02 2.581459e-01 9.557682e-01 -1.409531e-01 -9.422176e+01 -6.832914e-01 7.748073e-02 -7.260232e-01 1.480664e+02
-6.871643e-01 2.779511e-01 6.712291e-01 2.828279e+02 2.534909e-01 9.575844e-01 -1.370198e-01 -9.444947e+01 -6.808433e-01 7.599536e-02 -7.284758e-01 1.474663e+02
-6.837616e-01 2.787208e-01 6.743773e-01 2.834532e+02 2.545216e-01 9.572332e-01 -1.375620e-01 -9.452868e+01 -6.838777e-01 7.758394e-02 -7.254598e-01 1.466900e+02
-6.810170e-01 2.787134e-01 6.771519e-01 2.840585e+02 2.539458e-01 9.572364e-01 -1.386000e-01 -9.464652e+01 -6.868241e-01 7.757094e-02 -7.226724e-01 1.459027e+02
-6.823258e-01 2.779134e-01 6.761625e-01 2.847314e+02 2.513108e-01 9.577225e-01 -1.400375e-01 -9.476329e+01 -6.864943e-01 7.437578e-02 -7.233214e-01 1.451723e+02
-6.852052e-01 2.751942e-01 6.743604e-01 2.853994e+02 2.475945e-01 9.587436e-01 -1.396696e-01 -9.492998e+01 -6.849750e-01 7.126562e-02 -7.250727e-01 1.444470e+02
-6.922686e-01 2.674050e-01 6.702677e-01 2.860559e+02 2.399506e-01 9.612583e-01 -1.356698e-01 -9.515718e+01 -6.805791e-01 6.691122e-02 -7.296129e-01 1.437278e+02
-7.045856e-01 2.659088e-01 6.579146e-01 2.868138e+02 2.372841e-01 9.620540e-01 -1.347161e-01 -9.529665e+01 -6.687715e-01 6.119369e-02 -7.409453e-01 1.430904e+02
-7.165836e-01 2.627982e-01 6.460999e-01 2.875006e+02 2.334703e-01 9.632450e-01 -1.328557e-01 -9.550187e+01 -6.572668e-01 5.564298e-02 -7.516011e-01 1.423932e+02
-7.270481e-01 2.679611e-01 6.321376e-01 2.881812e+02 2.365098e-01 9.620912e-01 -1.358076e-01 -9.560969e+01 -6.445651e-01 5.076809e-02 -7.628620e-01 1.416685e+02
-7.364929e-01 2.738796e-01 6.185210e-01 2.888418e+02 2.442302e-01 9.603542e-01 -1.344297e-01 -9.572154e+01 -6.308168e-01 5.205500e-02 -7.741837e-01 1.409261e+02
-7.489106e-01 2.729293e-01 6.038564e-01 2.894488e+02 2.471808e-01 9.605334e-01 -1.275823e-01 -9.581982e+01 -6.148452e-01 5.371403e-02 -7.868165e-01 1.401375e+02
-7.603516e-01 2.715967e-01 5.900006e-01 2.900453e+02 2.520759e-01 9.605690e-01 -1.173238e-01 -9.596804e+01 -5.986011e-01 5.951758e-02 -7.988332e-01 1.393487e+02
-7.715069e-01 2.747518e-01 5.738367e-01 2.906412e+02 2.581855e-01 9.595456e-01 -1.123054e-01 -9.605647e+01 -5.814785e-01 6.151194e-02 -8.112330e-01 1.385505e+02
-7.815247e-01 2.797547e-01 5.576347e-01 2.911712e+02 2.669470e-01 9.578202e-01 -1.063941e-01 -9.619385e+01 -5.638781e-01 6.570928e-02 -8.232398e-01 1.377137e+02
-7.897035e-01 2.883203e-01 5.415162e-01 2.917180e+02 2.777589e-01 9.550649e-01 -1.034455e-01 -9.627823e+01 -5.470086e-01 6.871963e-02 -8.343016e-01 1.368807e+02
-7.991721e-01 2.929348e-01 5.248935e-01 2.922586e+02 2.858868e-01 9.533634e-01 -9.678270e-02 -9.636777e+01 -5.287653e-01 7.271406e-02 -8.456477e-01 1.360443e+02
-8.075985e-01 2.979576e-01 5.089263e-01 2.927990e+02 2.933638e-01 9.516025e-01 -9.159887e-02 -9.645596e+01 -5.115881e-01 7.532543e-02 -8.559227e-01 1.352074e+02
-8.161854e-01 2.984785e-01 4.947242e-01 2.932590e+02 2.963647e-01 9.512852e-01 -8.499602e-02 -9.661200e+01 -4.959933e-01 7.724631e-02 -8.648836e-01 1.343333e+02
-8.240825e-01 2.999873e-01 4.805161e-01 2.937610e+02 2.976813e-01 9.510321e-01 -8.320961e-02 -9.667306e+01 -4.819481e-01 7.446910e-02 -8.730294e-01 1.334706e+02
-8.290067e-01 3.038313e-01 4.695045e-01 2.942738e+02 3.042918e-01 9.494511e-01 -7.713027e-02 -9.672502e+01 -4.692062e-01 7.892488e-02 -8.795547e-01 1.326137e+02
-8.340230e-01 3.029004e-01 4.611475e-01 2.948065e+02 3.080960e-01 9.490521e-01 -6.615903e-02 -9.678477e+01 -4.576926e-01 8.689956e-02 -8.848537e-01 1.317695e+02
-8.402539e-01 2.962118e-01 4.541278e-01 2.953097e+02 3.054337e-01 9.506277e-01 -5.493017e-02 -9.684529e+01 -4.479774e-01 9.255061e-02 -8.892416e-01 1.309075e+02
-8.415877e-01 2.955348e-01 4.520943e-01 2.957393e+02 3.070785e-01 9.503890e-01 -4.963459e-02 -9.692305e+01 -4.443342e-01 9.705657e-02 -8.905881e-01 1.300078e+02
-8.414486e-01 2.992828e-01 4.498824e-01 2.961504e+02 3.078225e-01 9.497884e-01 -5.610038e-02 -9.699064e+01 -4.440830e-01 9.127831e-02 -8.913241e-01 1.290987e+02
-8.411543e-01 3.047107e-01 4.467783e-01 2.965649e+02 3.083543e-01 9.489340e-01 -6.664768e-02 -9.706690e+01 -4.442713e-01 8.170503e-02 -8.921588e-01 1.281919e+02
-8.403987e-01 3.128190e-01 4.425768e-01 2.970397e+02 3.117594e-01 9.470063e-01 -7.736373e-02 -9.710567e+01 -4.433239e-01 7.296109e-02 -8.933872e-01 1.273127e+02
-8.400323e-01 3.138467e-01 4.425449e-01 2.974807e+02 3.116887e-01 9.468247e-01 -7.983210e-02 -9.718763e+01 -4.440675e-01 7.087469e-02 -8.931858e-01 1.264189e+02
-8.405456e-01 3.130368e-01 4.421438e-01 2.979443e+02 3.126168e-01 9.468302e-01 -7.604780e-02 -9.726709e+01 -4.424409e-01 7.429992e-02 -8.937145e-01 1.255364e+02
-8.422303e-01 3.098366e-01 4.411910e-01 2.983897e+02 3.116224e-01 9.475814e-01 -7.057611e-02 -9.733404e+01 -4.399314e-01 7.804367e-02 -8.946337e-01 1.246436e+02
-8.443630e-01 3.093853e-01 4.374150e-01 2.988394e+02 3.127721e-01 9.475035e-01 -6.641374e-02 -9.739350e+01 -4.349996e-01 8.073391e-02 -8.968040e-01 1.237524e+02
-8.469409e-01 3.109843e-01 4.312539e-01 2.993156e+02 3.155160e-01 9.468184e-01 -6.312348e-02 -9.745620e+01 -4.279496e-01 8.260567e-02 -9.000197e-01 1.228753e+02
-8.510565e-01 3.111123e-01 4.229799e-01 2.997281e+02 3.153210e-01 9.469532e-01 -6.206642e-02 -9.753087e+01 -4.198519e-01 8.055243e-02 -9.040109e-01 1.219674e+02
-8.547284e-01 3.152499e-01 4.123794e-01 3.001499e+02 3.184599e-01 9.458406e-01 -6.299884e-02 -9.756480e+01 -4.099055e-01 7.747941e-02 -9.088313e-01 1.210613e+02
-8.599198e-01 3.171802e-01 3.999182e-01 3.004909e+02 3.205106e-01 9.453070e-01 -6.056055e-02 -9.761357e+01 -3.972541e-01 7.610080e-02 -9.145479e-01 1.201225e+02
-8.672082e-01 3.158861e-01 3.849232e-01 3.009088e+02 3.193710e-01 9.459289e-01 -5.675083e-02 -9.768664e+01 -3.820368e-01 7.371851e-02 -9.212022e-01 1.192170e+02
-8.715227e-01 3.198252e-01 3.716988e-01 3.012332e+02 3.225647e-01 9.448495e-01 -5.667012e-02 -9.775535e+01 -3.693239e-01 7.050759e-02 -9.266221e-01 1.182736e+02
-8.755068e-01 3.258939e-01 3.567645e-01 3.016301e+02 3.262961e-01 9.433011e-01 -6.094111e-02 -9.784531e+01 -3.563967e-01 6.305652e-02 -9.322045e-01 1.173601e+02
-8.800922e-01 3.260948e-01 3.451086e-01 3.019348e+02 3.252330e-01 9.435865e-01 -6.219375e-02 -9.784891e+01 -3.459209e-01 5.750449e-02 -9.364998e-01 1.164077e+02
-8.845548e-01 3.233362e-01 3.361793e-01 3.023150e+02 3.234414e-01 9.445066e-01 -5.738461e-02 -9.789120e+01 -3.360781e-01 5.797448e-02 -9.400481e-01 1.154838e+02
-8.856576e-01 3.219267e-01 3.346249e-01 3.026142e+02 3.246414e-01 9.445428e-01 -4.946571e-02 -9.795667e+01 -3.319918e-01 6.482339e-02 -9.410523e-01 1.145318e+02
-8.865527e-01 3.228270e-01 3.313715e-01 3.029953e+02 3.257084e-01 9.442266e-01 -4.847801e-02 -9.801481e+01 -3.285398e-01 6.495217e-02 -9.422541e-01 1.136091e+02
-8.847179e-01 3.276610e-01 3.315306e-01 3.033227e+02 3.309176e-01 9.424208e-01 -4.833886e-02 -9.806702e+01 -3.282800e-01 6.694305e-02 -9.422053e-01 1.126657e+02
-8.839040e-01 3.296820e-01 3.316978e-01 3.036177e+02 3.328957e-01 9.416961e-01 -4.887695e-02 -9.812980e+01 -3.284724e-01 6.721825e-02 -9.421187e-01 1.117122e+02
-8.841270e-01 3.280966e-01 3.326740e-01 3.039056e+02 3.315424e-01 9.422119e-01 -4.812809e-02 -9.816498e+01 -3.292401e-01 6.774420e-02 -9.418130e-01 1.107552e+02
-8.845415e-01 3.271396e-01 3.325147e-01 3.042002e+02 3.304457e-01 9.425876e-01 -4.831323e-02 -9.822265e+01 -3.292295e-01 6.714301e-02 -9.418597e-01 1.098014e+02
-8.850785e-01 3.247075e-01 3.334683e-01 3.044998e+02 3.287110e-01 9.433061e-01 -4.607192e-02 -9.829493e+01 -3.295226e-01 6.883742e-02 -9.416349e-01 1.088500e+02
-8.864095e-01 3.228140e-01 3.317670e-01 3.048334e+02 3.264643e-01 9.440722e-01 -4.635392e-02 -9.834418e+01 -3.281758e-01 6.722155e-02 -9.422218e-01 1.079086e+02
-8.889256e-01 3.203780e-01 3.273670e-01 3.051837e+02 3.235926e-01 9.450672e-01 -4.621443e-02 -9.838272e+01 -3.241899e-01 6.485232e-02 -9.437664e-01 1.069728e+02
-8.901865e-01 3.234866e-01 3.208183e-01 3.055306e+02 3.268075e-01 9.440160e-01 -4.506281e-02 -9.840708e+01 -3.174348e-01 6.473150e-02 -9.460682e-01 1.060351e+02
-8.941927e-01 3.189635e-01 3.141366e-01 3.058352e+02 3.236671e-01 9.453838e-01 -3.858891e-02 -9.846480e+01 -3.092881e-01 6.716975e-02 -9.485932e-01 1.050844e+02
-8.984706e-01 3.183482e-01 3.023325e-01 3.062001e+02 3.235142e-01 9.456023e-01 -3.427602e-02 -9.851820e+01 -2.967980e-01 6.701287e-02 -9.525861e-01 1.041549e+02
-9.026922e-01 3.179360e-01 2.899369e-01 3.065411e+02 3.238582e-01 9.456705e-01 -2.869055e-02 -9.854672e+01 -2.833066e-01 6.799970e-02 -9.566156e-01 1.032153e+02
-9.071897e-01 3.153414e-01 2.785078e-01 3.068257e+02 3.216115e-01 9.465635e-01 -2.415745e-02 -9.859822e+01 -2.712432e-01 6.765593e-02 -9.601301e-01 1.022580e+02
-9.107441e-01 3.152239e-01 2.667941e-01 3.070716e+02 3.225515e-01 9.463972e-01 -1.711091e-02 -9.865509e+01 -2.578869e-01 7.047118e-02 -9.636017e-01 1.012904e+02
-9.150105e-01 3.142884e-01 2.529397e-01 3.073345e+02 3.214110e-01 9.468395e-01 -1.378293e-02 -9.866320e+01 -2.438252e-01 6.868607e-02 -9.673839e-01 1.003256e+02
-9.189069e-01 3.154044e-01 2.369180e-01 3.075705e+02 3.220533e-01 9.466558e-01 -1.115363e-02 -9.865938e+01 -2.277977e-01 6.605106e-02 -9.714656e-01 9.935387e+01
-9.226220e-01 3.154077e-01 2.220057e-01 3.077914e+02 3.212598e-01 9.469359e-01 -1.022266e-02 -9.866126e+01 -2.134495e-01 6.188988e-02 -9.749918e-01 9.837858e+01
-9.249590e-01 3.178219e-01 2.084228e-01 3.080037e+02 3.235170e-01 9.461957e-01 -7.109543e-03 -9.866211e+01 -1.994683e-01 6.085228e-02 -9.780130e-01 9.740138e+01
-9.279807e-01 3.179253e-01 1.943588e-01 3.082141e+02 3.237065e-01 9.461552e-01 -2.126331e-03 -9.867328e+01 -1.845696e-01 6.094202e-02 -9.809282e-01 9.642382e+01
-9.303610e-01 3.183175e-01 1.819409e-01 3.083890e+02 3.244992e-01 9.458754e-01 4.466866e-03 -9.867152e+01 -1.706715e-01 6.319547e-02 -9.832993e-01 9.543923e+01
-9.327838e-01 3.192193e-01 1.673724e-01 3.086064e+02 3.252626e-01 9.455782e-01 9.277865e-03 -9.865947e+01 -1.553020e-01 6.309422e-02 -9.858501e-01 9.446323e+01
-9.331663e-01 3.240968e-01 1.554412e-01 3.087214e+02 3.300117e-01 9.438851e-01 1.316018e-02 -9.865436e+01 -1.424534e-01 6.357803e-02 -9.877575e-01 9.346987e+01
-9.332686e-01 3.284373e-01 1.453914e-01 3.088747e+02 3.342511e-01 9.423336e-01 1.684171e-02 -9.866340e+01 -1.314757e-01 6.431508e-02 -9.892309e-01 9.248174e+01
-9.327942e-01 3.330163e-01 1.378231e-01 3.090340e+02 3.387172e-01 9.406858e-01 1.951624e-02 -9.865628e+01 -1.231490e-01 6.488770e-02 -9.902646e-01 9.149454e+01
-9.338384e-01 3.324226e-01 1.320643e-01 3.091667e+02 3.380932e-01 9.408445e-01 2.246211e-02 -9.865249e+01 -1.167850e-01 6.562603e-02 -9.909866e-01 9.050338e+01
-9.325240e-01 3.373024e-01 1.289424e-01 3.092926e+02 3.428400e-01 9.391170e-01 2.280167e-02 -9.863960e+01 -1.134009e-01 6.546971e-02 -9.913899e-01 8.951142e+01
-9.325632e-01 3.381249e-01 1.264806e-01 3.094403e+02 3.434835e-01 9.388866e-01 2.260515e-02 -9.863888e+01 -1.111076e-01 6.452475e-02 -9.917115e-01 8.852239e+01
-9.320903e-01 3.393641e-01 1.266481e-01 3.095614e+02 3.447313e-01 9.384315e-01 2.250878e-02 -9.861709e+01 -1.112119e-01 6.463979e-02 -9.916923e-01 8.753000e+01
-9.310508e-01 3.407803e-01 1.304345e-01 3.096441e+02 3.462413e-01 9.379090e-01 2.106256e-02 -9.857514e+01 -1.151580e-01 6.477212e-02 -9.912332e-01 8.653430e+01
-9.305027e-01 3.407925e-01 1.342581e-01 3.098072e+02 3.463409e-01 9.379025e-01 1.967049e-02 -9.857006e+01 -1.192175e-01 6.480252e-02 -9.907511e-01 8.554770e+01
-9.298993e-01 3.399811e-01 1.403574e-01 3.099503e+02 3.456413e-01 9.382058e-01 1.737938e-02 -9.855439e+01 -1.257755e-01 6.467440e-02 -9.899484e-01 8.455812e+01
-9.279134e-01 3.425348e-01 1.471280e-01 3.100940e+02 3.483702e-01 9.372354e-01 1.509997e-02 -9.853630e+01 -1.327213e-01 6.526649e-02 -9.890022e-01 8.356866e+01
-9.269287e-01 3.423706e-01 1.535762e-01 3.102278e+02 3.483226e-01 9.372869e-01 1.283269e-02 -9.852136e+01 -1.395515e-01 6.538907e-02 -9.880535e-01 8.257777e+01
-9.275694e-01 3.381848e-01 1.588903e-01 3.103725e+02 3.438953e-01 9.389640e-01 9.084023e-03 -9.845945e+01 -1.461202e-01 6.306768e-02 -9.872545e-01 8.159023e+01
-9.266433e-01 3.377516e-01 1.650942e-01 3.104937e+02 3.434787e-01 9.391374e-01 6.584570e-03 -9.840779e+01 -1.528222e-01 6.280788e-02 -9.862558e-01 8.059894e+01
-9.255367e-01 3.382610e-01 1.701802e-01 3.106207e+02 3.439672e-01 9.389717e-01 4.329594e-03 -9.833839e+01 -1.583299e-01 6.254361e-02 -9.854034e-01 7.960948e+01
-9.243130e-01 3.408578e-01 1.716436e-01 3.107770e+02 3.461441e-01 9.381809e-01 9.275601e-04 -9.834154e+01 -1.607166e-01 6.027077e-02 -9.851587e-01 7.862178e+01
-9.233681e-01 3.437057e-01 1.710491e-01 3.109280e+02 3.482186e-01 9.374055e-01 -3.845131e-03 -9.829939e+01 -1.616640e-01 5.601201e-02 -9.852550e-01 7.763413e+01
-9.229247e-01 3.473091e-01 1.660915e-01 3.111754e+02 3.510308e-01 9.363350e-01 -7.361840e-03 -9.840501e+01 -1.580741e-01 5.150880e-02 -9.860829e-01 7.667101e+01
-9.225839e-01 3.510562e-01 1.599955e-01 3.113418e+02 3.539092e-01 9.352120e-01 -1.125696e-02 -9.838748e+01 -1.535815e-01 4.623840e-02 -9.870536e-01 7.568511e+01
-9.234092e-01 3.506861e-01 1.559959e-01 3.115524e+02 3.538438e-01 9.352705e-01 -7.972693e-03 -9.852925e+01 -1.486943e-01 4.783612e-02 -9.877255e-01 7.471787e+01
-9.252760e-01 3.475276e-01 1.519504e-01 3.117270e+02 3.516060e-01 9.361481e-01 -3.085293e-05 -9.859374e+01 -1.422588e-01 5.339811e-02 -9.883881e-01 7.373534e+01
-9.266956e-01 3.442025e-01 1.508636e-01 3.118472e+02 3.497375e-01 9.367834e-01 1.098342e-02 -9.860527e+01 -1.375460e-01 6.294095e-02 -9.884936e-01 7.274266e+01
-9.282649e-01 3.416604e-01 1.469435e-01 3.119746e+02 3.479317e-01 9.373369e-01 1.852303e-02 -9.858089e+01 -1.314070e-01 6.832057e-02 -9.889714e-01 7.175110e+01
-9.311723e-01 3.368093e-01 1.395622e-01 3.121284e+02 3.426238e-01 9.392757e-01 1.923883e-02 -9.857186e+01 -1.246076e-01 6.573201e-02 -9.900264e-01 7.076304e+01
-9.329278e-01 3.345709e-01 1.330718e-01 3.122594e+02 3.393260e-01 9.405625e-01 1.414165e-02 -9.853271e+01 -1.204310e-01 5.834788e-02 -9.910055e-01 6.977243e+01
-9.340953e-01 3.335858e-01 1.272262e-01 3.124566e+02 3.377274e-01 9.411693e-01 1.185959e-02 -9.859695e+01 -1.157852e-01 5.404575e-02 -9.918028e-01 6.879418e+01
-9.355237e-01 3.310456e-01 1.233053e-01 3.126371e+02 3.348497e-01 9.422083e-01 1.091544e-02 -9.862726e+01 -1.125658e-01 5.150041e-02 -9.923087e-01 6.781107e+01
-9.368931e-01 3.282600e-01 1.203193e-01 3.127637e+02 3.319234e-01 9.432397e-01 1.121104e-02 -9.861678e+01 -1.098098e-01 5.044034e-02 -9.926719e-01 6.681917e+01
-9.381099e-01 3.258626e-01 1.173176e-01 3.128770e+02 3.293770e-01 9.441299e-01 1.138160e-02 -9.863810e+01 -1.070543e-01 4.931893e-02 -9.930292e-01 6.582584e+01
-9.385848e-01 3.250744e-01 1.156948e-01 3.130347e+02 3.284571e-01 9.444554e-01 1.094721e-02 -9.865524e+01 -1.057099e-01 4.827566e-02 -9.932245e-01 6.483851e+01
-9.385422e-01 3.245839e-01 1.174047e-01 3.131232e+02 3.280127e-01 9.446136e-01 1.062454e-02 -9.860265e+01 -1.074535e-01 4.848183e-02 -9.930273e-01 6.384382e+01
-9.370685e-01 3.278696e-01 1.200174e-01 3.132353e+02 3.319033e-01 9.431981e-01 1.474908e-02 -9.857546e+01 -1.083644e-01 5.365507e-02 -9.926622e-01 6.285050e+01
-9.374666e-01 3.246615e-01 1.255042e-01 3.134148e+02 3.295855e-01 9.439116e-01 2.010807e-02 -9.855429e+01 -1.119365e-01 6.021500e-02 -9.918893e-01 6.186697e+01
-9.367870e-01 3.238824e-01 1.324021e-01 3.135608e+02 3.295087e-01 9.438858e-01 2.244276e-02 -9.857505e+01 -1.177037e-01 6.465174e-02 -9.909420e-01 6.087790e+01
-9.352541e-01 3.244285e-01 1.415835e-01 3.136606e+02 3.300447e-01 9.438029e-01 1.750950e-02 -9.853040e+01 -1.279464e-01 6.310472e-02 -9.897714e-01 5.988390e+01
-9.354107e-01 3.211665e-01 1.478475e-01 3.138135e+02 3.261996e-01 9.452428e-01 1.048572e-02 -9.851119e+01 -1.363841e-01 5.803625e-02 -9.889546e-01 5.889584e+01
-9.350649e-01 3.189732e-01 1.546278e-01 3.139982e+02 3.240282e-01 9.460138e-01 7.982302e-03 -9.850407e+01 -1.437339e-01 5.756775e-02 -9.879405e-01 5.791307e+01
-9.365376e-01 3.106992e-01 1.623681e-01 3.141939e+02 3.157869e-01 9.488121e-01 5.857895e-03 -9.852686e+01 -1.522368e-01 5.675986e-02 -9.867129e-01 5.693267e+01
-9.372374e-01 3.062698e-01 1.666879e-01 3.144285e+02 3.111682e-01 9.503486e-01 3.452124e-03 -9.854600e+01 -1.573543e-01 5.510343e-02 -9.860037e-01 5.596076e+01
-9.392703e-01 2.974239e-01 1.712024e-01 3.145021e+02 3.010377e-01 9.535988e-01 -5.065752e-03 -9.851492e+01 -1.647651e-01 4.678027e-02 -9.852229e-01 5.496396e+01
-9.421580e-01 2.895544e-01 1.688092e-01 3.147560e+02 2.915129e-01 9.564700e-01 -1.361841e-02 -9.854279e+01 -1.654042e-01 3.637936e-02 -9.855547e-01 5.399712e+01
-9.441777e-01 2.815749e-01 1.710091e-01 3.149389e+02 2.825696e-01 9.590584e-01 -1.900981e-02 -9.856141e+01 -1.693604e-01 3.037335e-02 -9.850860e-01 5.301417e+01
-9.432652e-01 2.828037e-01 1.739911e-01 3.150959e+02 2.839959e-01 9.586463e-01 -1.853699e-02 -9.857878e+01 -1.720382e-01 3.192746e-02 -9.845727e-01 5.202672e+01
-9.426135e-01 2.831289e-01 1.769684e-01 3.152512e+02 2.846221e-01 9.584813e-01 -1.743338e-02 -9.855686e+01 -1.745567e-01 3.393616e-02 -9.840621e-01 5.103909e+01
-9.425006e-01 2.817314e-01 1.797775e-01 3.154180e+02 2.834421e-01 9.588449e-01 -1.664455e-02 -9.855671e+01 -1.770681e-01 3.526903e-02 -9.835665e-01 5.005311e+01
-9.415246e-01 2.838019e-01 1.816259e-01 3.155804e+02 2.857365e-01 9.581748e-01 -1.598844e-02 -9.857039e+01 -1.785669e-01 3.684364e-02 -9.832377e-01 4.906648e+01
-9.407350e-01 2.877400e-01 1.795088e-01 3.158098e+02 2.891791e-01 9.570928e-01 -1.867841e-02 -9.857732e+01 -1.771811e-01 3.433875e-02 -9.835790e-01 4.809317e+01
-9.413371e-01 2.885133e-01 1.750561e-01 3.160025e+02 2.895065e-01 9.569585e-01 -2.040488e-02 -9.861021e+01 -1.734085e-01 3.147202e-02 -9.843470e-01 4.711246e+01
-9.421274e-01 2.867124e-01 1.737584e-01 3.161529e+02 2.880111e-01 9.574532e-01 -1.824694e-02 -9.863791e+01 -1.715972e-01 3.285341e-02 -9.846192e-01 4.612423e+01
-9.415596e-01 2.890154e-01 1.730190e-01 3.163085e+02 2.907874e-01 9.566608e-01 -1.558210e-02 -9.864042e+01 -1.700240e-01 3.564028e-02 -9.847952e-01 4.513641e+01
-9.411973e-01 2.893045e-01 1.745008e-01 3.164151e+02 2.919357e-01 9.563750e-01 -1.097141e-02 -9.866452e+01 -1.700623e-01 4.061675e-02 -9.845959e-01 4.414240e+01
-9.415690e-01 2.884549e-01 1.739012e-01 3.165350e+02 2.909433e-01 9.566703e-01 -1.157602e-02 -9.865970e+01 -1.697052e-01 3.969575e-02 -9.846951e-01 4.314963e+01
-9.415478e-01 2.895994e-01 1.721042e-01 3.167079e+02 2.917034e-01 9.564135e-01 -1.350402e-02 -9.864599e+01 -1.685135e-01 3.748868e-02 -9.849862e-01 4.216478e+01
-9.407385e-01 2.925583e-01 1.715246e-01 3.168361e+02 2.948757e-01 9.554553e-01 -1.239130e-02 -9.865945e+01 -1.675092e-01 3.892145e-02 -9.851019e-01 4.117313e+01
-9.396906e-01 2.953151e-01 1.725416e-01 3.169789e+02 2.982680e-01 9.544382e-01 -9.159255e-03 -9.867503e+01 -1.673852e-01 4.285678e-02 -9.849596e-01 4.018350e+01
-9.407284e-01 2.923638e-01 1.719113e-01 3.171800e+02 2.963113e-01 9.550872e-01 -2.817667e-03 -9.867269e+01 -1.650141e-01 4.828860e-02 -9.851084e-01 3.920392e+01
-9.411144e-01 2.902314e-01 1.734054e-01 3.173591e+02 2.955826e-01 9.553025e-01 5.295278e-03 -9.869505e+01 -1.641178e-01 5.623909e-02 -9.848363e-01 3.822035e+01
-9.429729e-01 2.852823e-01 1.715114e-01 3.175728e+02 2.909655e-01 9.566965e-01 8.419014e-03 -9.870918e+01 -1.616826e-01 5.784281e-02 -9.851462e-01 3.724356e+01
-9.432733e-01 2.846688e-01 1.708775e-01 3.177198e+02 2.897006e-01 9.571056e-01 4.733069e-03 -9.870552e+01 -1.622005e-01 5.396790e-02 -9.852809e-01 3.625442e+01
-9.460000e-01 2.767773e-01 1.687553e-01 3.179024e+02 2.808693e-01 9.597459e-01 3.938289e-04 -9.874201e+01 -1.618532e-01 4.777075e-02 -9.856579e-01 3.527191e+01
-9.457760e-01 2.764503e-01 1.705373e-01 3.180392e+02 2.797075e-01 9.600717e-01 -5.110040e-03 -9.874192e+01 -1.651407e-01 4.286761e-02 -9.853380e-01 3.428131e+01
-9.451088e-01 2.761965e-01 1.745989e-01 3.181938e+02 2.797949e-01 9.600508e-01 -4.157807e-03 -9.875836e+01 -1.687722e-01 4.492232e-02 -9.846309e-01 3.329348e+01
-9.444123e-01 2.767548e-01 1.774602e-01 3.183873e+02 2.807393e-01 9.597801e-01 -2.762020e-03 -9.878671e+01 -1.710871e-01 4.721155e-02 -9.841241e-01 3.231278e+01
-9.401925e-01 2.881797e-01 1.816331e-01 3.185260e+02 2.922234e-01 9.563386e-01 -4.686108e-03 -9.878166e+01 -1.750532e-01 4.867161e-02 -9.833552e-01 3.132247e+01
-9.377973e-01 2.932172e-01 1.859031e-01 3.186934e+02 2.967419e-01 9.549132e-01 -9.215719e-03 -9.878371e+01 -1.802236e-01 4.652277e-02 -9.825249e-01 3.033658e+01
-9.352767e-01 3.002257e-01 1.874087e-01 3.189346e+02 3.033177e-01 9.528055e-01 -1.264974e-02 -9.879957e+01 -1.823618e-01 4.501336e-02 -9.822006e-01 2.936624e+01
-9.303268e-01 3.123055e-01 1.922431e-01 3.190175e+02 3.155778e-01 9.487940e-01 -1.416456e-02 -9.881476e+01 -1.868228e-01 4.749000e-02 -9.812451e-01 2.836979e+01
-9.317449e-01 3.069284e-01 1.940269e-01 3.191866e+02 3.101682e-01 9.505752e-01 -1.422947e-02 -9.886601e+01 -1.888046e-01 4.692275e-02 -9.808930e-01 2.738552e+01
-9.334035e-01 3.019685e-01 1.938375e-01 3.193869e+02 3.058825e-01 9.520152e-01 -1.014675e-02 -9.890118e+01 -1.876002e-01 4.982047e-02 -9.809812e-01 2.640643e+01
-9.351986e-01 2.942948e-01 1.969623e-01 3.195277e+02 2.993481e-01 9.541343e-01 -4.299580e-03 -9.894123e+01 -1.891938e-01 5.493932e-02 -9.804016e-01 2.541719e+01
-9.374513e-01 2.849750e-01 1.999358e-01 3.196728e+02 2.910320e-01 9.567129e-01 9.457612e-04 -9.899190e+01 -1.910117e-01 5.907433e-02 -9.798085e-01 2.442908e+01
-9.379909e-01 2.849246e-01 1.974615e-01 3.199118e+02 2.911643e-01 9.566693e-01 2.688079e-03 -9.900705e+01 -1.881394e-01 6.001512e-02 -9.803070e-01 2.345816e+01
-9.367305e-01 2.892254e-01 1.971917e-01 3.200217e+02 2.949772e-01 9.555043e-01 -2.128522e-04 -9.899696e+01 -1.884790e-01 5.796766e-02 -9.803649e-01 2.246427e+01
-9.400707e-01 2.791331e-01 1.958362e-01 3.202707e+02 2.851976e-01 9.584644e-01 2.893966e-03 -9.902628e+01 -1.868942e-01 5.857253e-02 -9.806324e-01 2.149621e+01
-9.377327e-01 2.876723e-01 1.946846e-01 3.203748e+02 2.926393e-01 9.562169e-01 -3.388459e-03 -9.901946e+01 -1.871355e-01 5.379490e-02 -9.808600e-01 2.050166e+01
-9.381042e-01 2.881180e-01 1.922200e-01 3.205334e+02 2.920418e-01 9.563702e-01 -8.229202e-03 -9.900892e+01 -1.862044e-01 4.841641e-02 -9.813174e-01 1.951439e+01
-9.397627e-01 2.858642e-01 1.874238e-01 3.207179e+02 2.884280e-01 9.573986e-01 -1.404401e-02 -9.901491e+01 -1.834539e-01 4.086022e-02 -9.821787e-01 1.853156e+01
-9.387320e-01 2.899457e-01 1.863162e-01 3.209320e+02 2.931859e-01 9.559973e-01 -1.054303e-02 -9.903236e+01 -1.811747e-01 4.472819e-02 -9.824333e-01 1.755492e+01
-9.389791e-01 2.888058e-01 1.868407e-01 3.211336e+02 2.930434e-01 9.560853e-01 -5.145343e-03 -9.906478e+01 -1.801216e-01 4.992105e-02 -9.823768e-01 1.657598e+01
-9.365181e-01 2.932102e-01 1.922539e-01 3.212702e+02 2.987050e-01 9.543454e-01 -4.222824e-04 -9.904958e+01 -1.836004e-01 5.703171e-02 -9.813451e-01 1.558547e+01
-9.355697e-01 2.965461e-01 1.917542e-01 3.214782e+02 3.015332e-01 9.534499e-01 -3.319268e-03 -9.906553e+01 -1.838124e-01 5.471485e-02 -9.814374e-01 1.460747e+01
-9.371371e-01 2.937603e-01 1.883583e-01 3.217171e+02 2.981360e-01 9.545086e-01 -5.321776e-03 -9.909867e+01 -1.813530e-01 5.116917e-02 -9.820859e-01 1.363699e+01
-9.370139e-01 2.954035e-01 1.863913e-01 3.219331e+02 2.985166e-01 9.543315e-01 -1.179608e-02 -9.911409e+01 -1.813637e-01 4.458780e-02 -9.824048e-01 1.266072e+01
-9.365434e-01 2.934265e-01 1.918005e-01 3.219966e+02 2.961254e-01 9.550297e-01 -1.510314e-02 -9.908634e+01 -1.876068e-01 4.265224e-02 -9.813177e-01 1.166312e+01
-9.349690e-01 2.944236e-01 1.978577e-01 3.220894e+02 2.979254e-01 9.545070e-01 -1.252602e-02 -9.909498e+01 -1.925445e-01 4.723538e-02 -9.801507e-01 1.066747e+01
-9.336056e-01 2.968407e-01 2.006643e-01 3.222850e+02 3.016998e-01 9.533798e-01 -6.644162e-03 -9.910807e+01 -1.932816e-01 5.433737e-02 -9.796375e-01 9.686877e+00
-9.332035e-01 2.974137e-01 2.016839e-01 3.224377e+02 3.026065e-01 9.531008e-01 -5.313969e-03 -9.914452e+01 -1.938056e-01 5.607186e-02 -9.794362e-01 8.699287e+00
-9.310285e-01 3.026274e-01 2.039671e-01 3.224574e+02 3.065971e-01 9.517555e-01 -1.263278e-02 -9.916982e+01 -1.979498e-01 5.077424e-02 -9.788962e-01 7.699800e+00
-9.315382e-01 3.063022e-01 1.959987e-01 3.226653e+02 3.081035e-01 9.510983e-01 -2.200670e-02 -9.921219e+01 -1.931547e-01 3.988780e-02 -9.803572e-01 6.722566e+00
-9.292334e-01 3.133569e-01 1.957876e-01 3.227384e+02 3.155273e-01 9.486877e-01 -2.083566e-02 -9.922478e+01 -1.922702e-01 4.241512e-02 -9.804250e-01 5.725323e+00
-9.301949e-01 3.130411e-01 1.916840e-01 3.229801e+02 3.170444e-01 9.483555e-01 -1.023105e-02 -9.924874e+01 -1.849873e-01 5.125548e-02 -9.814034e-01 4.755271e+00
-9.313855e-01 3.118056e-01 1.878785e-01 3.232010e+02 3.185067e-01 9.479028e-01 5.807313e-03 -9.929994e+01 -1.762798e-01 6.524939e-02 -9.821751e-01 3.781321e+00
-9.341380e-01 3.068310e-01 1.823209e-01 3.234607e+02 3.142904e-01 9.492405e-01 1.280255e-02 -9.932719e+01 -1.691382e-01 6.926108e-02 -9.831557e-01 2.816009e+00
-9.332989e-01 3.112343e-01 1.791266e-01 3.236084e+02 3.177993e-01 9.481203e-01 8.453429e-03 -9.930054e+01 -1.672026e-01 6.481589e-02 -9.837897e-01 1.827328e+00
-9.316406e-01 3.180595e-01 1.757384e-01 3.237257e+02 3.229671e-01 9.464099e-01 -7.137365e-04 -9.929694e+01 -1.665476e-01 5.609279e-02 -9.844366e-01 8.342393e-01
-9.303533e-01 3.215160e-01 1.762673e-01 3.237368e+02 3.250216e-01 9.456597e-01 -9.416586e-03 -9.926418e+01 -1.697165e-01 4.852993e-02 -9.842973e-01 -1.651622e-01
-9.294539e-01 3.263266e-01 1.721232e-01 3.239870e+02 3.294040e-01 9.441227e-01 -1.119239e-02 -9.928489e+01 -1.661578e-01 4.629528e-02 -9.850118e-01 -1.133132e+00
-9.278320e-01 3.313859e-01 1.712049e-01 3.242683e+02 3.351722e-01 9.421297e-01 -7.155202e-03 -9.936324e+01 -1.636683e-01 5.074430e-02 -9.852095e-01 -2.089553e+00
-9.222614e-01 3.410786e-01 1.819321e-01 3.243348e+02 3.451727e-01 9.384894e-01 -9.669358e-03 -9.933546e+01 -1.740393e-01 5.388032e-02 -9.832636e-01 -3.086954e+00
-9.195877e-01 3.423741e-01 1.927134e-01 3.246394e+02 3.465120e-01 9.379570e-01 -1.288961e-02 -9.935047e+01 -1.851699e-01 5.492438e-02 -9.811704e-01 -4.039308e+00
-9.132624e-01 3.479957e-01 2.117802e-01 3.248695e+02 3.513160e-01 9.359744e-01 -2.300212e-02 -9.935408e+01 -2.062255e-01 5.339478e-02 -9.770466e-01 -5.012452e+00
-9.039220e-01 3.561262e-01 2.368526e-01 3.251252e+02 3.587228e-01 9.328402e-01 -3.357128e-02 -9.941651e+01 -2.329012e-01 5.461860e-02 -9.709654e-01 -5.977206e+00
-8.903128e-01 3.633827e-01 2.744013e-01 3.252541e+02 3.640113e-01 9.300220e-01 -5.054626e-02 -9.935466e+01 -2.735669e-01 5.488319e-02 -9.602859e-01 -6.966937e+00
-8.785038e-01 3.644035e-01 3.089354e-01 3.256206e+02 3.641872e-01 9.293525e-01 -6.059342e-02 -9.946624e+01 -3.091904e-01 5.927879e-02 -9.491508e-01 -7.890634e+00
-8.657842e-01 3.602762e-01 3.473022e-01 3.259877e+02 3.582551e-01 9.308054e-01 -7.248857e-02 -9.960640e+01 -3.493867e-01 6.166332e-02 -9.349474e-01 -8.810203e+00
-8.523098e-01 3.552909e-01 3.838443e-01 3.264433e+02 3.500302e-01 9.327681e-01 -8.615431e-02 -9.979305e+01 -3.886475e-01 6.092692e-02 -9.193699e-01 -9.680580e+00
-8.306425e-01 3.579909e-01 4.264687e-01 3.267339e+02 3.452521e-01 9.320489e-01 -1.099354e-01 -9.982789e+01 -4.368456e-01 5.592218e-02 -8.977966e-01 -1.063678e+01
-8.107842e-01 3.612548e-01 4.605692e-01 3.272411e+02 3.419221e-01 9.309324e-01 -1.282735e-01 -1.000044e+02 -4.750982e-01 5.347663e-02 -8.783063e-01 -1.148037e+01
-7.903348e-01 3.639338e-01 4.928723e-01 3.277863e+02 3.362332e-01 9.301334e-01 -1.476453e-01 -1.001921e+02 -5.121701e-01 4.903081e-02 -8.574834e-01 -1.229734e+01
-7.689342e-01 3.630982e-01 5.262127e-01 3.283391e+02 3.287882e-01 9.304746e-01 -1.616023e-01 -1.003796e+02 -5.483051e-01 4.875100e-02 -8.348562e-01 -1.310933e+01
-7.473207e-01 3.597136e-01 5.586751e-01 3.289512e+02 3.186251e-01 9.318192e-01 -1.737555e-01 -1.005928e+02 -5.830864e-01 4.815688e-02 -8.109816e-01 -1.387083e+01
-7.228249e-01 3.574700e-01 5.913876e-01 3.296097e+02 3.122579e-01 9.324110e-01 -1.819469e-01 -1.008311e+02 -6.164569e-01 5.314969e-02 -7.855928e-01 -1.458469e+01
-6.983277e-01 3.559829e-01 6.209788e-01 3.302689e+02 3.086914e-01 9.325123e-01 -1.874311e-01 -1.010072e+02 -6.457926e-01 6.080250e-02 -7.610880e-01 -1.531573e+01
-6.786178e-01 3.478013e-01 6.469251e-01 3.309410e+02 2.988435e-01 9.353248e-01 -1.893676e-01 -1.012557e+02 -6.709474e-01 6.482111e-02 -7.386662e-01 -1.601321e+01
-6.627223e-01 3.405209e-01 6.669668e-01 3.316437e+02 2.845797e-01 9.383390e-01 -1.963017e-01 -1.014905e+02 -6.926858e-01 5.971166e-02 -7.187635e-01 -1.668488e+01
-6.516686e-01 3.313045e-01 6.823235e-01 3.323601e+02 2.684689e-01 9.420798e-01 -2.010228e-01 -1.017405e+02 -7.094029e-01 5.218240e-02 -7.028687e-01 -1.733619e+01
-6.412330e-01 3.253752e-01 6.949469e-01 3.330748e+02 2.599490e-01 9.442098e-01 -2.022235e-01 -1.019708e+02 -7.219742e-01 5.097837e-02 -6.900394e-01 -1.799669e+01
-6.363958e-01 3.172371e-01 7.031081e-01 3.337993e+02 2.454433e-01 9.474196e-01 -2.053135e-01 -1.021986e+02 -7.312714e-01 4.191249e-02 -6.807976e-01 -1.864718e+01
-6.344225e-01 3.121401e-01 7.071609e-01 3.345075e+02 2.340549e-01 9.494680e-01 -2.091141e-01 -1.024328e+02 -7.366996e-01 3.284779e-02 -6.754219e-01 -1.931322e+01
-6.337447e-01 3.088335e-01 7.092176e-01 3.352386e+02 2.253094e-01 9.507875e-01 -2.126941e-01 -1.026616e+02 -7.400023e-01 2.499965e-02 -6.721396e-01 -1.995595e+01
-6.313667e-01 3.123399e-01 7.098027e-01 3.359419e+02 2.276338e-01 9.496258e-01 -2.153918e-01 -1.028613e+02 -7.413225e-01 2.558385e-02 -6.706612e-01 -2.063827e+01
-6.302162e-01 3.131561e-01 7.104652e-01 3.366217e+02 2.310546e-01 9.492390e-01 -2.134456e-01 -1.030770e+02 -7.412430e-01 2.963940e-02 -6.705820e-01 -2.133923e+01
-6.344312e-01 3.109373e-01 7.076829e-01 3.373494e+02 2.302075e-01 9.499868e-01 -2.110204e-01 -1.033110e+02 -7.379035e-01 2.903593e-02 -6.742814e-01 -2.198397e+01
-6.381380e-01 3.076780e-01 7.057720e-01 3.380739e+02 2.317583e-01 9.509268e-01 -2.050032e-01 -1.035390e+02 -7.342125e-01 3.274820e-02 -6.781295e-01 -2.263442e+01
-6.416978e-01 3.113876e-01 7.009006e-01 3.388118e+02 2.353992e-01 9.497259e-01 -2.064169e-01 -1.037257e+02 -7.299392e-01 3.253416e-02 -6.827374e-01 -2.328309e+01
-6.523368e-01 3.015672e-01 6.953517e-01 3.394179e+02 2.186861e-01 9.533074e-01 -2.082821e-01 -1.041423e+02 -7.256949e-01 1.619372e-02 -6.878260e-01 -2.396056e+01
-6.553998e-01 3.097772e-01 6.888318e-01 3.401041e+02 2.216877e-01 9.507487e-01 -2.166367e-01 -1.043425e+02 -7.220150e-01 1.072186e-02 -6.917943e-01 -2.465990e+01
-6.591509e-01 3.148609e-01 6.829222e-01 3.407843e+02 2.256915e-01 9.490924e-01 -2.197430e-01 -1.045478e+02 -7.173448e-01 9.285925e-03 -6.966565e-01 -2.536360e+01
-6.612893e-01 3.156885e-01 6.804684e-01 3.414820e+02 2.306724e-01 9.487576e-01 -2.159845e-01 -1.047477e+02 -7.137834e-01 1.413699e-02 -7.002238e-01 -2.605157e+01
-6.656874e-01 3.090419e-01 6.792300e-01 3.421347e+02 2.305369e-01 9.508587e-01 -2.066895e-01 -1.049841e+02 -7.097275e-01 1.899701e-02 -7.042202e-01 -2.677137e+01
-6.721551e-01 3.013096e-01 6.763284e-01 3.427814e+02 2.262462e-01 9.533435e-01 -1.998719e-01 -1.052134e+02 -7.049966e-01 1.867181e-02 -7.089649e-01 -2.749874e+01
-6.742382e-01 3.013772e-01 6.742215e-01 3.434321e+02 2.281183e-01 9.532888e-01 -1.979963e-01 -1.053796e+02 -7.023994e-01 2.030559e-02 -7.114934e-01 -2.823974e+01
-6.785205e-01 3.021313e-01 6.695719e-01 3.441097e+02 2.263417e-01 9.531426e-01 -2.007203e-01 -1.055916e+02 -6.988414e-01 1.535916e-02 -7.151117e-01 -2.894384e+01
-6.785681e-01 3.077016e-01 6.669820e-01 3.448052e+02 2.328030e-01 9.513091e-01 -2.020244e-01 -1.057825e+02 -6.966693e-01 1.818804e-02 -7.171619e-01 -2.963662e+01
-6.767565e-01 3.151292e-01 6.653528e-01 3.454271e+02 2.412147e-01 9.487839e-01 -2.040209e-01 -1.059755e+02 -6.955689e-01 2.242042e-02 -7.181095e-01 -3.039554e+01
-6.745836e-01 3.198944e-01 6.652853e-01 3.461177e+02 2.488363e-01 9.470223e-01 -2.030500e-01 -1.061573e+02 -6.949945e-01 2.857297e-02 -7.184471e-01 -3.109561e+01
-6.793029e-01 3.096089e-01 6.653495e-01 3.467502e+02 2.364340e-01 9.506367e-01 -2.009699e-01 -1.064076e+02 -6.947277e-01 2.079185e-02 -7.189723e-01 -3.182857e+01
-6.774473e-01 3.070682e-01 6.684118e-01 3.474176e+02 2.347167e-01 9.514346e-01 -1.991992e-01 -1.065993e+02 -6.971178e-01 2.194049e-02 -7.166208e-01 -3.254814e+01
-6.724778e-01 3.118832e-01 6.711947e-01 3.481099e+02 2.414685e-01 9.497077e-01 -1.993694e-01 -1.067849e+02 -6.996188e-01 2.800084e-02 -7.139674e-01 -3.324551e+01
-6.693538e-01 3.169001e-01 6.719671e-01 3.487806e+02 2.478137e-01 9.479009e-01 -2.001807e-01 -1.069823e+02 -7.003955e-01 3.253096e-02 -7.130133e-01 -3.396054e+01
-6.698343e-01 3.145319e-01 6.726007e-01 3.494633e+02 2.457158e-01 9.487071e-01 -1.989439e-01 -1.071874e+02 -7.006752e-01 3.200916e-02 -7.127620e-01 -3.466181e+01
-6.731635e-01 3.069083e-01 6.727987e-01 3.501572e+02 2.379134e-01 9.513217e-01 -1.959188e-01 -1.074039e+02 -7.001772e-01 2.818246e-02 -7.134127e-01 -3.534860e+01
-6.730571e-01 3.050040e-01 6.737705e-01 3.508514e+02 2.366519e-01 9.519237e-01 -1.945177e-01 -1.075940e+02 -7.007068e-01 2.852752e-02 -7.128788e-01 -3.604281e+01
-6.732412e-01 3.035801e-01 6.742295e-01 3.515417e+02 2.361187e-01 9.523573e-01 -1.930379e-01 -1.078022e+02 -7.007099e-01 2.923709e-02 -7.128470e-01 -3.673573e+01
-6.710613e-01 3.070559e-01 6.748284e-01 3.521909e+02 2.386587e-01 9.512227e-01 -1.954925e-01 -1.080036e+02 -7.019392e-01 2.986621e-02 -7.116104e-01 -3.746923e+01
-6.701249e-01 3.116405e-01 6.736563e-01 3.528499e+02 2.408082e-01 9.497783e-01 -1.998316e-01 -1.082215e+02 -7.020997e-01 2.830976e-02 -7.115157e-01 -3.818908e+01
-6.732865e-01 3.113372e-01 6.706373e-01 3.535478e+02 2.360528e-01 9.500695e-01 -2.040758e-01 -1.084238e+02 -7.006885e-01 2.090435e-02 -7.131610e-01 -3.887616e+01
-6.718115e-01 3.135295e-01 6.710951e-01 3.541730e+02 2.371886e-01 9.493523e-01 -2.060869e-01 -1.086011e+02 -7.017200e-01 2.072461e-02 -7.121514e-01 -3.963620e+01
-6.715566e-01 3.102471e-01 6.728732e-01 3.547164e+02 2.352543e-01 9.504085e-01 -2.034186e-01 -1.087508e+02 -7.026145e-01 2.168923e-02 -7.112401e-01 -4.046222e+01
-6.713223e-01 3.115835e-01 6.724895e-01 3.554038e+02 2.394084e-01 9.498632e-01 -2.011057e-01 -1.089664e+02 -7.014342e-01 2.599287e-02 -7.122601e-01 -4.115569e+01
-6.750515e-01 3.095358e-01 6.696962e-01 3.561098e+02 2.356005e-01 9.506451e-01 -2.019067e-01 -1.091894e+02 -6.991408e-01 2.148333e-02 -7.146612e-01 -4.182794e+01
-6.804329e-01 3.065428e-01 6.656145e-01 3.568204e+02 2.269958e-01 9.517965e-01 -2.062920e-01 -1.094109e+02 -6.967668e-01 1.072379e-02 -7.172175e-01 -4.249576e+01
-6.814787e-01 3.088236e-01 6.634868e-01 3.574519e+02 2.274964e-01 9.510814e-01 -2.090206e-01 -1.096352e+02 -6.955805e-01 8.497751e-03 -7.183980e-01 -4.323800e+01
-6.867938e-01 3.087076e-01 6.580380e-01 3.582275e+02 2.259834e-01 9.511476e-01 -2.103563e-01 -1.098380e+02 -6.908298e-01 4.234286e-03 -7.230050e-01 -4.383566e+01
-6.905459e-01 3.079052e-01 6.544775e-01 3.589361e+02 2.262172e-01 9.514095e-01 -2.089157e-01 -1.101265e+02 -6.870023e-01 3.788232e-03 -7.266453e-01 -4.447970e+01
-6.905046e-01 3.077200e-01 6.546082e-01 3.595649e+02 2.271462e-01 9.514622e-01 -2.076638e-01 -1.103221e+02 -6.867372e-01 5.298976e-03 -7.268864e-01 -4.523221e+01
-6.921243e-01 3.097681e-01 6.519261e-01 3.602521e+02 2.309047e-01 9.507824e-01 -2.066298e-01 -1.105539e+02 -6.838471e-01 7.519325e-03 -7.295866e-01 -4.592068e+01
-6.907164e-01 3.098543e-01 6.533767e-01 3.609023e+02 2.350131e-01 9.506846e-01 -2.024045e-01 -1.107741e+02 -6.838711e-01 1.374799e-02 -7.294733e-01 -4.664792e+01
-6.886626e-01 3.106345e-01 6.551718e-01 3.615213e+02 2.375909e-01 9.503713e-01 -2.008605e-01 -1.109494e+02 -6.850507e-01 1.733777e-02 -7.282891e-01 -4.741343e+01
-6.866719e-01 3.136620e-01 6.558184e-01 3.621528e+02 2.440507e-01 9.492371e-01 -1.984647e-01 -1.111572e+02 -6.847780e-01 2.377283e-02 -7.283639e-01 -4.816048e+01
-6.861324e-01 3.147575e-01 6.558583e-01 3.627683e+02 2.436309e-01 9.489124e-01 -2.005224e-01 -1.113241e+02 -6.854680e-01 2.220240e-02 -7.277642e-01 -4.893069e+01
-6.854359e-01 3.154154e-01 6.562704e-01 3.634075e+02 2.452801e-01 9.486489e-01 -1.997571e-01 -1.115438e+02 -6.855767e-01 2.404938e-02 -7.276031e-01 -4.966777e+01
-6.824473e-01 3.219829e-01 6.561956e-01 3.640980e+02 2.518757e-01 9.463562e-01 -2.024070e-01 -1.117450e+02 -6.861664e-01 2.714767e-02 -7.269379e-01 -5.036249e+01
-6.775447e-01 3.212028e-01 6.616358e-01 3.644930e+02 2.481783e-01 9.466801e-01 -2.054369e-01 -1.119057e+02 -6.923444e-01 2.501095e-02 -7.211336e-01 -5.126700e+01
-6.790733e-01 3.170000e-01 6.620954e-01 3.651904e+02 2.421604e-01 9.481994e-01 -2.056117e-01 -1.121328e+02 -6.929775e-01 2.070784e-02 -7.206618e-01 -5.194677e+01
-6.760348e-01 3.138079e-01 6.667095e-01 3.658310e+02 2.392869e-01 9.492426e-01 -2.041573e-01 -1.123351e+02 -6.969352e-01 2.151743e-02 -7.168112e-01 -5.268753e+01
-6.746958e-01 3.137704e-01 6.680821e-01 3.665213e+02 2.407438e-01 9.491931e-01 -2.026695e-01 -1.125636e+02 -6.977306e-01 2.409636e-02 -7.159548e-01 -5.337396e+01
-6.708080e-01 3.214611e-01 6.683408e-01 3.671630e+02 2.448779e-01 9.466409e-01 -2.095370e-01 -1.127781e+02 -7.000368e-01 2.310280e-02 -7.137330e-01 -5.411039e+01
-6.716109e-01 3.273951e-01 6.646437e-01 3.678661e+02 2.417077e-01 9.448099e-01 -2.211599e-01 -1.129804e+02 -7.003686e-01 1.211608e-02 -7.136785e-01 -5.479207e+01
-6.722433e-01 3.246672e-01 6.653422e-01 3.685281e+02 2.375527e-01 9.457840e-01 -2.214977e-01 -1.132215e+02 -7.011830e-01 9.153469e-03 -7.129225e-01 -5.550169e+01
-6.689487e-01 3.211300e-01 6.703604e-01 3.692148e+02 2.409126e-01 9.468466e-01 -2.131729e-01 -1.133952e+02 -7.031847e-01 1.889655e-02 -7.107561e-01 -5.620756e+01
-6.716326e-01 3.114621e-01 6.722358e-01 3.698995e+02 2.386196e-01 9.499316e-01 -2.017193e-01 -1.136518e+02 -7.014060e-01 2.492736e-02 -7.123260e-01 -5.688977e+01
-6.718415e-01 3.133789e-01 6.711354e-01 3.706043e+02 2.413522e-01 9.492581e-01 -2.016389e-01 -1.138615e+02 -7.002701e-01 2.651062e-02 -7.133856e-01 -5.756751e+01
-6.754379e-01 3.147870e-01 6.668529e-01 3.712667e+02 2.359825e-01 9.490237e-01 -2.089649e-01 -1.140545e+02 -6.986386e-01 1.622278e-02 -7.152908e-01 -5.829134e+01
-6.782012e-01 3.121379e-01 6.652917e-01 3.718677e+02 2.270917e-01 9.500191e-01 -2.142266e-01 -1.142423e+02 -6.989081e-01 5.793480e-03 -7.151880e-01 -5.906827e+01
-6.800663e-01 3.100848e-01 6.643473e-01 3.725327e+02 2.252215e-01 9.506976e-01 -2.131888e-01 -1.144751e+02 -6.976999e-01 4.642770e-03 -7.163751e-01 -5.977785e+01
-6.795571e-01 3.084847e-01 6.656120e-01 3.731886e+02 2.278096e-01 9.511755e-01 -2.082496e-01 -1.146801e+02 -6.973556e-01 1.011534e-02 -7.166539e-01 -6.050433e+01
-6.771651e-01 3.104207e-01 6.671480e-01 3.738768e+02 2.360792e-01 9.503822e-01 -2.025842e-01 -1.148561e+02 -6.969319e-01 2.031675e-02 -7.168495e-01 -6.120813e+01
-6.790840e-01 3.061702e-01 6.671617e-01 3.744782e+02 2.327874e-01 9.517750e-01 -1.998360e-01 -1.151033e+02 -6.961716e-01 1.960142e-02 -7.176077e-01 -6.196789e+01
-6.772416e-01 3.149268e-01 6.649549e-01 3.752122e+02 2.412288e-01 9.488503e-01 -2.036953e-01 -1.153125e+02 -6.950917e-01 2.245532e-02 -7.185703e-01 -6.261406e+01
-6.758470e-01 3.201564e-01 6.638756e-01 3.758468e+02 2.424177e-01 9.471739e-01 -2.099889e-01 -1.155143e+02 -6.960349e-01 1.901484e-02 -7.177562e-01 -6.336007e+01
-6.737779e-01 3.240835e-01 6.640732e-01 3.764827e+02 2.441961e-01 9.458556e-01 -2.138353e-01 -1.157230e+02 -6.974178e-01 1.808656e-02 -7.164365e-01 -6.410306e+01
-6.703282e-01 3.268399e-01 6.662100e-01 3.771381e+02 2.492798e-01 9.447875e-01 -2.126882e-01 -1.159047e+02 -6.989418e-01 2.350176e-02 -7.147923e-01 -6.483622e+01
-6.668277e-01 3.256449e-01 6.702956e-01 3.777171e+02 2.510558e-01 9.450575e-01 -2.093737e-01 -1.160800e+02 -7.016493e-01 2.866538e-02 -7.119456e-01 -6.563246e+01
-6.654826e-01 3.261481e-01 6.713868e-01 3.784065e+02 2.533901e-01 9.447824e-01 -2.077971e-01 -1.163027e+02 -7.020871e-01 3.183747e-02 -7.113790e-01 -6.632176e+01
-6.672978e-01 3.227669e-01 6.712192e-01 3.790743e+02 2.460264e-01 9.461549e-01 -2.103852e-01 -1.164960e+02 -7.029827e-01 2.474801e-02 -7.107762e-01 -6.704055e+01
-6.675113e-01 3.205336e-01 6.720766e-01 3.797071e+02 2.421002e-01 9.469877e-01 -2.111914e-01 -1.166947e+02 -7.041422e-01 2.173720e-02 -7.097262e-01 -6.778892e+01
-6.659142e-01 3.232632e-01 6.723535e-01 3.804189e+02 2.471166e-01 9.459443e-01 -2.100540e-01 -1.169091e+02 -7.039117e-01 2.627176e-02 -7.098015e-01 -6.845782e+01
-6.705956e-01 3.194866e-01 6.694997e-01 3.811112e+02 2.408876e-01 9.473817e-01 -2.108106e-01 -1.171520e+02 -7.016229e-01 1.990555e-02 -7.122704e-01 -6.913732e+01
-6.719047e-01 3.214439e-01 6.672465e-01 3.818393e+02 2.421930e-01 9.467376e-01 -2.122040e-01 -1.173267e+02 -6.999190e-01 1.902158e-02 -7.139689e-01 -6.980020e+01
-6.679816e-01 3.276302e-01 6.681759e-01 3.825197e+02 2.527024e-01 9.443826e-01 -2.104351e-01 -1.174931e+02 -6.999586e-01 2.828290e-02 -7.136232e-01 -7.051390e+01
-6.695689e-01 3.291987e-01 6.658121e-01 3.832295e+02 2.586730e-01 9.436482e-01 -2.064372e-01 -1.177144e+02 -6.962512e-01 3.400371e-02 -7.169923e-01 -7.118262e+01
-6.691392e-01 3.324178e-01 6.646436e-01 3.838674e+02 2.604573e-01 9.425501e-01 -2.091922e-01 -1.179200e+02 -6.959991e-01 3.313255e-02 -7.172778e-01 -7.192478e+01
-6.682940e-01 3.410906e-01 6.610902e-01 3.845319e+02 2.665495e-01 9.394736e-01 -2.152689e-01 -1.181472e+02 -6.945030e-01 3.235038e-02 -7.187621e-01 -7.263669e+01
-6.694131e-01 3.389610e-01 6.610534e-01 3.851369e+02 2.637977e-01 9.403076e-01 -2.150174e-01 -1.184168e+02 -6.944760e-01 3.044893e-02 -7.188713e-01 -7.338583e+01
-6.729089e-01 3.318592e-01 6.611075e-01 3.858373e+02 2.607006e-01 9.427704e-01 -2.078924e-01 -1.186281e+02 -6.922636e-01 3.245851e-02 -7.209144e-01 -7.406767e+01
-6.748019e-01 3.227910e-01 6.636629e-01 3.865024e+02 2.547674e-01 9.458795e-01 -2.010116e-01 -1.188427e+02 -6.926298e-01 3.343664e-02 -7.205178e-01 -7.478294e+01
-6.772416e-01 3.169902e-01 6.639737e-01 3.871518e+02 2.484615e-01 9.479508e-01 -1.991385e-01 -1.190731e+02 -6.925393e-01 3.010703e-02 -7.207516e-01 -7.550763e+01
-6.805993e-01 3.127254e-01 6.625612e-01 3.877941e+02 2.431118e-01 9.494868e-01 -1.984224e-01 -1.193151e+02 -6.911448e-01 2.603031e-02 -7.222474e-01 -7.623481e+01
-6.787759e-01 3.172559e-01 6.622779e-01 3.884442e+02 2.421068e-01 9.481188e-01 -2.060464e-01 -1.195019e+02 -6.932875e-01 2.048264e-02 -7.203699e-01 -7.697135e+01
-6.765596e-01 3.283098e-01 6.591508e-01 3.891615e+02 2.516418e-01 9.443044e-01 -2.120512e-01 -1.196900e+02 -6.920574e-01 2.240462e-02 -7.214947e-01 -7.764223e+01
-6.747975e-01 3.339596e-01 6.581180e-01 3.898110e+02 2.548208e-01 9.423460e-01 -2.169110e-01 -1.199279e+02 -6.926143e-01 2.133113e-02 -7.209926e-01 -7.836450e+01
-6.717135e-01 3.337913e-01 6.613504e-01 3.904272e+02 2.588231e-01 9.422215e-01 -2.126715e-01 -1.201466e+02 -6.941264e-01 2.831846e-02 -7.192959e-01 -7.912106e+01
-6.682352e-01 3.334366e-01 6.650427e-01 3.910567e+02 2.623598e-01 9.421229e-01 -2.087387e-01 -1.203626e+02 -6.961530e-01 3.499394e-02 -7.170400e-01 -7.986742e+01
-6.662097e-01 3.312674e-01 6.681516e-01 3.917002e+02 2.580302e-01 9.429827e-01 -2.102475e-01 -1.205877e+02 -6.997035e-01 3.233441e-02 -7.137012e-01 -8.059908e+01
-6.645382e-01 3.387438e-01 6.660643e-01 3.923984e+02 2.606501e-01 9.404443e-01 -2.182338e-01 -1.208049e+02 -7.003217e-01 2.858508e-02 -7.132548e-01 -8.128119e+01
-6.614043e-01 3.393936e-01 6.688471e-01 3.930128e+02 2.575933e-01 9.403072e-01 -2.224140e-01 -1.210363e+02 -7.044076e-01 2.518496e-02 -7.093487e-01 -8.203549e+01
-6.689954e-01 3.328227e-01 6.645857e-01 3.938135e+02 2.538517e-01 9.426883e-01 -2.165596e-01 -1.212688e+02 -6.985732e-01 2.382880e-02 -7.151418e-01 -8.258761e+01
-6.653451e-01 3.307949e-01 6.692463e-01 3.944574e+02 2.557709e-01 9.432205e-01 -2.119349e-01 -1.214623e+02 -7.013538e-01 3.016384e-02 -7.121748e-01 -8.332787e+01
-6.714879e-01 3.312477e-01 6.628567e-01 3.952346e+02 2.579304e-01 9.430678e-01 -2.099880e-01 -1.217581e+02 -6.946769e-01 2.996655e-02 -7.186975e-01 -8.388318e+01
-6.703160e-01 3.336666e-01 6.628296e-01 3.958763e+02 2.533950e-01 9.424410e-01 -2.181651e-01 -1.220100e+02 -6.974722e-01 2.171815e-02 -7.162827e-01 -8.460757e+01
-6.720932e-01 3.381675e-01 6.587362e-01 3.966000e+02 2.542761e-01 9.409284e-01 -2.236012e-01 -1.222056e+02 -6.954383e-01 1.722002e-02 -7.183795e-01 -8.526938e+01
-6.682266e-01 3.395261e-01 6.619631e-01 3.972507e+02 2.577916e-01 9.403334e-01 -2.220736e-01 -1.224234e+02 -6.978658e-01 2.225303e-02 -7.158828e-01 -8.599685e+01
-6.679978e-01 3.331117e-01 6.654438e-01 3.978984e+02 2.537913e-01 9.425850e-01 -2.170793e-01 -1.226274e+02 -6.995490e-01 2.387542e-02 -7.141856e-01 -8.673097e+01
-6.645591e-01 3.336747e-01 6.685974e-01 3.985641e+02 2.562859e-01 9.422685e-01 -2.155169e-01 -1.228394e+02 -7.019108e-01 2.812840e-02 -7.117092e-01 -8.744638e+01
-6.653894e-01 3.360227e-01 6.665926e-01 3.992686e+02 2.590882e-01 9.414065e-01 -2.159331e-01 -1.230739e+02 -7.000930e-01 2.902671e-02 -7.134615e-01 -8.811631e+01
-6.613719e-01 3.436316e-01 6.667118e-01 3.999309e+02 2.661236e-01 9.385561e-01 -2.197515e-01 -1.232860e+02 -7.012600e-01 3.209024e-02 -7.121830e-01 -8.883483e+01
-6.575654e-01 3.484098e-01 6.679958e-01 4.005941e+02 2.696965e-01 9.367451e-01 -2.230975e-01 -1.234828e+02 -7.034711e-01 3.345492e-02 -7.099361e-01 -8.955699e+01
-6.579507e-01 3.473911e-01 6.681469e-01 4.012743e+02 2.678313e-01 9.371782e-01 -2.235249e-01 -1.237302e+02 -7.038233e-01 3.188230e-02 -7.096593e-01 -9.024694e+01
-6.531348e-01 3.497508e-01 6.716318e-01 4.019440e+02 2.718161e-01 9.361192e-01 -2.231519e-01 -1.239250e+02 -7.067750e-01 3.681205e-02 -7.064800e-01 -9.096363e+01
-6.527596e-01 3.471797e-01 6.733284e-01 4.026328e+02 2.736224e-01 9.368545e-01 -2.177945e-01 -1.241412e+02 -7.064246e-01 4.207027e-02 -7.065369e-01 -9.165554e+01
-6.518042e-01 3.430387e-01 6.763695e-01 4.032762e+02 2.719799e-01 9.382605e-01 -2.137619e-01 -1.243834e+02 -7.079394e-01 4.462796e-02 -7.048618e-01 -9.238178e+01
-6.507685e-01 3.460628e-01 6.758261e-01 4.039417e+02 2.719907e-01 9.372739e-01 -2.180334e-01 -1.246062e+02 -7.088875e-01 4.192916e-02 -7.040742e-01 -9.309416e+01
-6.528396e-01 3.475042e-01 6.730835e-01 4.046143e+02 2.697206e-01 9.369668e-01 -2.221354e-01 -1.248603e+02 -7.078498e-01 3.652568e-02 -7.054180e-01 -9.378917e+01
-6.528228e-01 3.525215e-01 6.704857e-01 4.052795e+02 2.724061e-01 9.351559e-01 -2.264473e-01 -1.250910e+02 -7.068362e-01 3.481441e-02 -7.065200e-01 -9.449931e+01
-6.534495e-01 3.512295e-01 6.705531e-01 4.059158e+02 2.701528e-01 9.357107e-01 -2.268545e-01 -1.253550e+02 -7.071217e-01 3.291385e-02 -7.063254e-01 -9.522415e+01
-6.556507e-01 3.525787e-01 6.676904e-01 4.065760e+02 2.733374e-01 9.351377e-01 -2.253975e-01 -1.255882e+02 -7.038529e-01 3.472273e-02 -7.094966e-01 -9.593813e+01
-6.576712e-01 3.548336e-01 6.645011e-01 4.072254e+02 2.775148e-01 9.341983e-01 -2.241854e-01 -1.257927e+02 -7.003243e-01 3.696857e-02 -7.128669e-01 -9.667050e+01
-6.609096e-01 3.546850e-01 6.613600e-01 4.078467e+02 2.784414e-01 9.342571e-01 -2.227870e-01 -1.260195e+02 -6.968994e-01 3.690795e-02 -7.162185e-01 -9.742056e+01
-6.662265e-01 3.563347e-01 6.551090e-01 4.084985e+02 2.799899e-01 9.337114e-01 -2.231339e-01 -1.262356e+02 -6.911931e-01 3.476617e-02 -7.218334e-01 -9.814755e+01
-6.729868e-01 3.555613e-01 6.485868e-01 4.091198e+02 2.815105e-01 9.340134e-01 -2.199337e-01 -1.264727e+02 -6.839887e-01 3.457148e-02 -7.286729e-01 -9.889437e+01
-6.807350e-01 3.567460e-01 6.397907e-01 4.097810e+02 2.853630e-01 9.335490e-01 -2.169199e-01 -1.267157e+02 -6.746613e-01 3.490759e-02 -7.373016e-01 -9.960408e+01
-6.893648e-01 3.574203e-01 6.301007e-01 4.104582e+02 2.910733e-01 9.331690e-01 -2.108835e-01 -1.269385e+02 -6.633645e-01 3.802988e-02 -7.473294e-01 -1.003054e+02
-6.952629e-01 3.570545e-01 6.237962e-01 4.110592e+02 2.967829e-01 9.330564e-01 -2.032873e-01 -1.271545e+02 -6.546216e-01 4.379392e-02 -7.546871e-01 -1.010749e+02
-7.002002e-01 3.572519e-01 6.181350e-01 4.116256e+02 3.031027e-01 9.326505e-01 -1.956831e-01 -1.273454e+02 -6.464120e-01 5.034107e-02 -7.613260e-01 -1.018766e+02
-7.089823e-01 3.543433e-01 6.097417e-01 4.122527e+02 3.062969e-01 9.335176e-01 -1.863521e-01 -1.275500e+02 -6.352372e-01 5.464165e-02 -7.703817e-01 -1.026282e+02
-7.152049e-01 3.542542e-01 6.024831e-01 4.128764e+02 3.116621e-01 9.332272e-01 -1.787559e-01 -1.277697e+02 -6.255786e-01 5.992401e-02 -7.778563e-01 -1.033783e+02
-7.196346e-01 3.585981e-01 5.945867e-01 4.134330e+02 3.191130e-01 9.313318e-01 -1.754649e-01 -1.279612e+02 -6.166789e-01 6.346970e-02 -7.846519e-01 -1.041868e+02
-7.244965e-01 3.629624e-01 5.859719e-01 4.140208e+02 3.251157e-01 9.295632e-01 -1.738161e-01 -1.281350e+02 -6.077866e-01 6.457952e-02 -7.914701e-01 -1.049769e+02
-7.286748e-01 3.665700e-01 5.784976e-01 4.145282e+02 3.289925e-01 9.282072e-01 -1.737681e-01 -1.282828e+02 -6.006638e-01 6.370092e-02 -7.969599e-01 -1.058258e+02
-7.326721e-01 3.704690e-01 5.709153e-01 4.150746e+02 3.338582e-01 9.266399e-01 -1.728501e-01 -1.284654e+02 -5.930685e-01 6.396236e-02 -8.026073e-01 -1.066432e+02
-7.383365e-01 3.721394e-01 5.624691e-01 4.156872e+02 3.385442e-01 9.258072e-01 -1.681333e-01 -1.286779e+02 -5.833070e-01 6.628166e-02 -8.095429e-01 -1.074045e+02
-7.426330e-01 3.732986e-01 5.560076e-01 4.163558e+02 3.433277e-01 9.250505e-01 -1.625042e-01 -1.289171e+02 -5.749977e-01 7.021180e-02 -8.151368e-01 -1.081086e+02
-7.448443e-01 3.742307e-01 5.524114e-01 4.168719e+02 3.470798e-01 9.243891e-01 -1.582414e-01 -1.291654e+02 -5.698619e-01 7.386564e-02 -8.184139e-01 -1.089283e+02
-7.454655e-01 3.773448e-01 5.494471e-01 4.174039e+02 3.500451e-01 9.231306e-01 -1.590545e-01 -1.292745e+02 -5.672298e-01 7.376156e-02 -8.202497e-01 -1.097680e+02
-7.440701e-01 3.796086e-01 5.497790e-01 4.179351e+02 3.518085e-01 9.221901e-01 -1.606120e-01 -1.294040e+02 -5.679704e-01 7.391037e-02 -8.197236e-01 -1.106053e+02
-7.406428e-01 3.795757e-01 5.544101e-01 4.183834e+02 3.523731e-01 9.219937e-01 -1.605019e-01 -1.295830e+02 -5.720852e-01 7.648462e-02 -8.166203e-01 -1.114811e+02
-7.374119e-01 3.791392e-01 5.589965e-01 4.188879e+02 3.517488e-01 9.220783e-01 -1.613826e-01 -1.298350e+02 -5.766250e-01 7.762085e-02 -8.133133e-01 -1.123069e+02
-7.352180e-01 3.772803e-01 5.631288e-01 4.195166e+02 3.488966e-01 9.229112e-01 -1.628068e-01 -1.301351e+02 -5.811417e-01 7.677529e-02 -8.101728e-01 -1.130243e+02
-7.295581e-01 3.771135e-01 5.705528e-01 4.200974e+02 3.453298e-01 9.232061e-01 -1.686352e-01 -1.303025e+02 -5.903324e-01 7.399968e-02 -8.037610e-01 -1.138209e+02
-7.218712e-01 3.766132e-01 5.805725e-01 4.206433e+02 3.411455e-01 9.235864e-01 -1.749510e-01 -1.305753e+02 -6.020977e-01 7.176763e-02 -7.951904e-01 -1.146131e+02
-7.109225e-01 3.789441e-01 5.924446e-01 4.211945e+02 3.389326e-01 9.227421e-01 -1.834987e-01 -1.307760e+02 -6.162093e-01 7.034541e-02 -7.844346e-01 -1.154230e+02
-6.976464e-01 3.792726e-01 6.078173e-01 4.217543e+02 3.351380e-01 9.226004e-01 -1.910264e-01 -1.310116e+02 -6.332235e-01 7.043378e-02 -7.707574e-01 -1.162174e+02
-6.828146e-01 3.794633e-01 6.243171e-01 4.223894e+02 3.325412e-01 9.223085e-01 -1.968843e-01 -1.312587e+02 -6.505233e-01 7.317569e-02 -7.559529e-01 -1.169492e+02
-6.650558e-01 3.774253e-01 6.443997e-01 4.229872e+02 3.260429e-01 9.230514e-01 -2.041376e-01 -1.315037e+02 -6.718607e-01 7.433911e-02 -7.369375e-01 -1.177126e+02
-6.457378e-01 3.763715e-01 6.643547e-01 4.237002e+02 3.171811e-01 9.236751e-01 -2.149893e-01 -1.316942e+02 -6.945637e-01 7.189406e-02 -7.158299e-01 -1.183874e+02
-6.229374e-01 3.745787e-01 6.867603e-01 4.244363e+02 3.091548e-01 9.243211e-01 -2.237271e-01 -1.319428e+02 -7.185905e-01 7.294722e-02 -6.915970e-01 -1.190170e+02
-5.976685e-01 3.702007e-01 7.111567e-01 4.251287e+02 2.994238e-01 9.258976e-01 -2.303455e-01 -1.321898e+02 -7.437323e-01 7.526700e-02 -6.642267e-01 -1.196949e+02
-5.737070e-01 3.669547e-01 7.322599e-01 4.259651e+02 2.876338e-01 9.273466e-01 -2.393640e-01 -1.323525e+02 -7.668944e-01 7.329789e-02 -6.375738e-01 -1.202181e+02
-5.268968e-01 3.608222e-01 7.695369e-01 4.260300e+02 2.645985e-01 9.300562e-01 -2.549180e-01 -1.323340e+02 -8.076926e-01 6.930281e-02 -5.855166e-01 -1.212159e+02
-4.923533e-01 3.575774e-01 7.935531e-01 4.268097e+02 2.490607e-01 9.314718e-01 -2.651963e-01 -1.326469e+02 -8.340006e-01 6.707264e-02 -5.476717e-01 -1.217582e+02
-4.586868e-01 3.531367e-01 8.154146e-01 4.276906e+02 2.299189e-01 9.335577e-01 -2.749677e-01 -1.329965e+02 -8.583378e-01 6.135511e-02 -5.094034e-01 -1.220772e+02
-4.190568e-01 3.528131e-01 8.366088e-01 4.285633e+02 2.139140e-01 9.338424e-01 -2.866689e-01 -1.332973e+02 -8.824014e-01 5.883181e-02 -4.668047e-01 -1.224620e+02
-3.775867e-01 3.536234e-01 8.557913e-01 4.294914e+02 1.962761e-01 9.337707e-01 -2.992458e-01 -1.335934e+02 -9.049331e-01 5.498010e-02 -4.219872e-01 -1.226877e+02
-3.315764e-01 3.547178e-01 8.742038e-01 4.304030e+02 1.797931e-01 9.334007e-01 -3.105440e-01 -1.339555e+02 -9.261380e-01 5.420675e-02 -3.732695e-01 -1.228820e+02
-2.782576e-01 3.584663e-01 8.911086e-01 4.313162e+02 1.676870e-01 9.316308e-01 -3.224052e-01 -1.342950e+02 -9.457557e-01 5.971564e-02 -3.193435e-01 -1.231076e+02
-2.176246e-01 3.651528e-01 9.051536e-01 4.322060e+02 1.574242e-01 9.283702e-01 -3.366695e-01 -1.346369e+02 -9.632534e-01 6.922555e-02 -2.595201e-01 -1.234098e+02
-1.559214e-01 3.674155e-01 9.168939e-01 4.331077e+02 1.430603e-01 9.268595e-01 -3.470809e-01 -1.350188e+02 -9.773547e-01 7.705378e-02 -1.970798e-01 -1.236123e+02
-9.992275e-02 3.661118e-01 9.251906e-01 4.340443e+02 1.190527e-01 9.275634e-01 -3.541928e-01 -1.353672e+02 -9.878471e-01 7.475456e-02 -1.362713e-01 -1.235736e+02
-4.284657e-02 3.662552e-01 9.295275e-01 4.349421e+02 9.267691e-02 9.278274e-01 -3.613134e-01 -1.357730e+02 -9.947739e-01 7.066469e-02 -7.369762e-02 -1.234025e+02
3.459079e-03 3.632702e-01 9.316774e-01 4.353465e+02 6.735666e-02 9.294824e-01 -3.626644e-01 -1.362715e+02 -9.977230e-01 6.400916e-02 -2.125351e-02 -1.226358e+02
6.035808e-02 3.627018e-01 9.299486e-01 4.362351e+02 3.767209e-02 9.301557e-01 -3.652276e-01 -1.366403e+02 -9.974656e-01 5.707754e-02 4.247868e-02 -1.223630e+02
1.226866e-01 3.636994e-01 9.234017e-01 4.371345e+02 1.555318e-02 9.296118e-01 -3.682118e-01 -1.369731e+02 -9.923236e-01 5.953647e-02 1.083942e-01 -1.220798e+02
1.836233e-01 3.610653e-01 9.142835e-01 4.379426e+02 -6.365277e-03 9.305155e-01 -3.661972e-01 -1.373951e+02 -9.829761e-01 6.142266e-02 1.731626e-01 -1.216687e+02
2.384870e-01 3.559935e-01 9.035445e-01 4.387844e+02 -3.066376e-02 9.326867e-01 -3.593818e-01 -1.378166e+02 -9.706615e-01 5.800181e-02 2.333497e-01 -1.213315e+02
2.885460e-01 3.544139e-01 8.894560e-01 4.396361e+02 -5.819816e-02 9.337432e-01 -3.531807e-01 -1.381663e+02 -9.556956e-01 5.014419e-02 2.900541e-01 -1.209413e+02
3.362184e-01 3.559838e-01 8.719132e-01 4.404460e+02 -8.314261e-02 9.334149e-01 -3.490330e-01 -1.385716e+02 -9.381069e-01 4.485818e-02 3.434287e-01 -1.205172e+02
3.803218e-01 3.573552e-01 8.530255e-01 4.412441e+02 -1.028288e-01 9.329553e-01 -3.449937e-01 -1.389270e+02 -9.191200e-01 4.349306e-02 3.915697e-01 -1.200307e+02
4.169867e-01 3.589098e-01 8.350484e-01 4.419232e+02 -1.227241e-01 9.325529e-01 -3.395349e-01 -1.393370e+02 -9.005892e-01 3.910094e-02 4.329090e-01 -1.194218e+02
4.485847e-01 3.651784e-01 8.157306e-01 4.427214e+02 -1.442144e-01 9.303306e-01 -3.371754e-01 -1.396815e+02 -8.820283e-01 3.361164e-02 4.699961e-01 -1.189277e+02
4.750900e-01 3.707458e-01 7.980207e-01 4.435108e+02 -1.626593e-01 9.282791e-01 -3.344246e-01 -1.400428e+02 -8.647725e-01 2.907632e-02 5.013214e-01 -1.184314e+02
4.973611e-01 3.698033e-01 7.847786e-01 4.441628e+02 -1.696630e-01 9.285926e-01 -3.300457e-01 -1.403056e+02 -8.507916e-01 3.100398e-02 5.245878e-01 -1.177202e+02
5.192751e-01 3.696740e-01 7.705158e-01 4.449518e+02 -1.739150e-01 9.284466e-01 -3.282385e-01 -1.405587e+02 -8.367240e-01 3.644183e-02 5.464110e-01 -1.171603e+02
5.375784e-01 3.689468e-01 7.582135e-01 4.456612e+02 -1.785676e-01 9.286125e-01 -3.252574e-01 -1.408631e+02 -8.240892e-01 3.945901e-02 5.650840e-01 -1.165246e+02
5.530848e-01 3.714192e-01 7.457513e-01 4.463335e+02 -1.886702e-01 9.277094e-01 -3.221161e-01 -1.411692e+02 -8.114806e-01 3.745648e-02 5.831777e-01 -1.158506e+02
5.719696e-01 3.717915e-01 7.311784e-01 4.470339e+02 -1.978757e-01 9.275960e-01 -3.168768e-01 -1.414626e+02 -7.960502e-01 3.656141e-02 6.041252e-01 -1.151999e+02
5.911390e-01 3.719102e-01 7.157077e-01 4.477362e+02 -2.042045e-01 9.274475e-01 -3.132758e-01 -1.416549e+02 -7.802917e-01 3.903878e-02 6.241961e-01 -1.145145e+02
6.066642e-01 3.736827e-01 7.016550e-01 4.483927e+02 -2.101975e-01 9.266213e-01 -3.117530e-01 -1.419388e+02 -7.666652e-01 4.164330e-02 6.406951e-01 -1.138156e+02
6.187569e-01 3.800116e-01 6.875544e-01 4.489797e+02 -2.191753e-01 9.239703e-01 -3.134345e-01 -1.422778e+02 -7.543885e-01 4.324483e-02 6.550022e-01 -1.130804e+02
6.148713e-01 4.004826e-01 6.793725e-01 4.492854e+02 -2.229194e-01 9.145913e-01 -3.373865e-01 -1.419618e+02 -7.564656e-01 5.600403e-02 6.516313e-01 -1.121822e+02
6.215182e-01 4.069629e-01 6.693999e-01 4.498818e+02 -2.295397e-01 9.115803e-01 -3.410760e-01 -1.422347e+02 -7.490171e-01 5.833112e-02 6.599779e-01 -1.114274e+02
6.324730e-01 4.032630e-01 6.613296e-01 4.505823e+02 -2.363393e-01 9.135439e-01 -3.310305e-01 -1.425845e+02 -7.376460e-01 5.306971e-02 6.730988e-01 -1.108054e+02
6.402839e-01 3.946141e-01 6.590267e-01 4.511891e+02 -2.386535e-01 9.176900e-01 -3.176312e-01 -1.429068e+02 -7.301240e-01 4.609512e-02 6.817582e-01 -1.100788e+02
6.484589e-01 3.871316e-01 6.554618e-01 4.518076e+02 -2.374135e-01 9.209359e-01 -3.090500e-01 -1.432368e+02 -7.232813e-01 4.479076e-02 6.890994e-01 -1.093657e+02
6.541795e-01 3.878572e-01 6.493196e-01 4.524456e+02 -2.398450e-01 9.205753e-01 -3.082459e-01 -1.435621e+02 -7.173030e-01 4.591211e-02 6.952471e-01 -1.086677e+02
6.532137e-01 3.950907e-01 6.459220e-01 4.530433e+02 -2.468029e-01 9.175797e-01 -3.116663e-01 -1.438364e+02 -7.158214e-01 4.416929e-02 6.968851e-01 -1.079144e+02
6.518486e-01 4.000763e-01 6.442300e-01 4.536403e+02 -2.528517e-01 9.155659e-01 -3.127380e-01 -1.441706e+02 -7.149541e-01 4.096316e-02 6.979704e-01 -1.071851e+02
6.501919e-01 4.025999e-01 6.443320e-01 4.542377e+02 -2.583075e-01 9.146802e-01 -3.108656e-01 -1.445115e+02 -7.145122e-01 3.568648e-02 6.987123e-01 -1.064592e+02
6.485775e-01 4.039944e-01 6.450859e-01 4.548455e+02 -2.617264e-01 9.142075e-01 -3.093927e-01 -1.448310e+02 -7.147353e-01 3.182911e-02 6.986704e-01 -1.057322e+02
6.496811e-01 4.038317e-01 6.440764e-01 4.555313e+02 -2.590441e-01 9.141340e-01 -3.118577e-01 -1.451321e+02 -7.147102e-01 3.576386e-02 6.985058e-01 -1.050697e+02
6.465850e-01 4.043053e-01 6.468888e-01 4.561411e+02 -2.558274e-01 9.138152e-01 -3.154269e-01 -1.454199e+02 -7.186656e-01 3.845842e-02 6.942915e-01 -1.043312e+02
6.367566e-01 4.089773e-01 6.536656e-01 4.566826e+02 -2.535654e-01 9.116599e-01 -3.233897e-01 -1.456336e+02 -7.281797e-01 4.017358e-02 6.842079e-01 -1.035181e+02
6.361119e-01 4.060322e-01 6.561246e-01 4.573419e+02 -2.526898e-01 9.130767e-01 -3.200605e-01 -1.459739e+02 -7.290470e-01 3.779827e-02 6.834192e-01 -1.028476e+02
6.371087e-01 3.968709e-01 6.607466e-01 4.580096e+02 -2.432140e-01 9.169678e-01 -3.162546e-01 -1.462830e+02 -7.313956e-01 4.078573e-02 6.807327e-01 -1.021704e+02
6.354362e-01 3.938080e-01 6.641808e-01 4.586525e+02 -2.419307e-01 9.183963e-01 -3.130778e-01 -1.466043e+02 -7.332738e-01 3.825524e-02 6.788565e-01 -1.014751e+02
6.362830e-01 3.928967e-01 6.639097e-01 4.593635e+02 -2.389224e-01 9.186415e-01 -3.146647e-01 -1.469326e+02 -7.335257e-01 4.159288e-02 6.783878e-01 -1.008533e+02
6.351214e-01 3.937185e-01 6.645349e-01 4.599913e+02 -2.352662e-01 9.180639e-01 -3.190745e-01 -1.472420e+02 -7.357110e-01 4.630842e-02 6.757106e-01 -1.001390e+02
6.376223e-01 3.935459e-01 6.622382e-01 4.606946e+02 -2.276852e-01 9.175296e-01 -3.260351e-01 -1.475810e+02 -7.359329e-01 5.710547e-02 6.746419e-01 -9.951416e+01
6.375078e-01 3.969437e-01 6.603177e-01 4.613704e+02 -2.272310e-01 9.158094e-01 -3.311485e-01 -1.479229e+02 -7.361724e-01 6.106512e-02 6.740335e-01 -9.886121e+01
6.341409e-01 3.985924e-01 6.625628e-01 4.620034e+02 -2.285650e-01 9.152290e-01 -3.318341e-01 -1.482489e+02 -7.386633e-01 5.899088e-02 6.714884e-01 -9.815906e+01
6.322484e-01 3.931305e-01 6.676154e-01 4.626090e+02 -2.275560e-01 9.179205e-01 -3.250234e-01 -1.485656e+02 -7.405945e-01 5.357565e-02 6.698130e-01 -9.742894e+01
6.297101e-01 3.884811e-01 6.727166e-01 4.632253e+02 -2.163676e-01 9.194187e-01 -3.284116e-01 -1.487053e+02 -7.460900e-01 6.125001e-02 6.630220e-01 -9.665399e+01
6.311442e-01 3.859188e-01 6.728474e-01 4.639349e+02 -2.153025e-01 9.205206e-01 -3.260164e-01 -1.490331e+02 -7.451858e-01 6.089767e-02 6.640705e-01 -9.603025e+01
6.331873e-01 3.866716e-01 6.704915e-01 4.646252e+02 -2.179221e-01 9.202878e-01 -3.249313e-01 -1.494041e+02 -7.426869e-01 5.962751e-02 6.669788e-01 -9.540911e+01
6.340713e-01 3.923852e-01 6.663238e-01 4.653587e+02 -2.175250e-01 9.174041e-01 -3.332455e-01 -1.497170e+02 -7.420488e-01 6.635935e-02 6.670533e-01 -9.480565e+01
6.330318e-01 3.979951e-01 6.639809e-01 4.659899e+02 -2.190873e-01 9.147583e-01 -3.394377e-01 -1.500469e+02 -7.424766e-01 6.940505e-02 6.662668e-01 -9.410374e+01
6.307140e-01 4.006654e-01 6.645804e-01 4.666776e+02 -2.244871e-01 9.139878e-01 -3.379819e-01 -1.503747e+02 -7.428360e-01 6.398017e-02 6.664092e-01 -9.345596e+01
6.309253e-01 3.993302e-01 6.651832e-01 4.673826e+02 -2.270138e-01 9.148640e-01 -3.338991e-01 -1.506833e+02 -7.418882e-01 5.965962e-02 6.678643e-01 -9.281745e+01
6.295927e-01 3.987371e-01 6.667997e-01 4.680234e+02 -2.302334e-01 9.154579e-01 -3.300447e-01 -1.510107e+02 -7.420281e-01 5.427411e-02 6.681682e-01 -9.212302e+01
6.298315e-01 4.012477e-01 6.650659e-01 4.687173e+02 -2.330727e-01 9.144095e-01 -3.309569e-01 -1.513389e+02 -7.409382e-01 5.343836e-02 6.694438e-01 -9.148212e+01
6.289867e-01 4.028200e-01 6.649149e-01 4.693964e+02 -2.353214e-01 9.138163e-01 -3.310039e-01 -1.516673e+02 -7.409450e-01 5.172842e-02 6.695705e-01 -9.082560e+01
6.255625e-01 4.041590e-01 6.673283e-01 4.700296e+02 -2.442125e-01 9.138123e-01 -3.245108e-01 -1.519796e+02 -7.409668e-01 4.003186e-02 6.703474e-01 -9.011748e+01
6.236634e-01 4.027156e-01 6.699732e-01 4.706729e+02 -2.472958e-01 9.147063e-01 -3.196204e-01 -1.523127e+02 -7.415448e-01 3.365395e-02 6.700587e-01 -8.942804e+01
6.218856e-01 4.059189e-01 6.696926e-01 4.712894e+02 -2.487819e-01 9.132774e-01 -3.225400e-01 -1.526325e+02 -7.425402e-01 3.397559e-02 6.689393e-01 -8.870858e+01
6.231222e-01 4.085584e-01 6.669323e-01 4.719763e+02 -2.494424e-01 9.120003e-01 -3.256286e-01 -1.529932e+02 -7.412807e-01 3.654522e-02 6.701995e-01 -8.807767e+01
6.223014e-01 4.090176e-01 6.674171e-01 4.725749e+02 -2.490492e-01 9.117762e-01 -3.265557e-01 -1.532801e+02 -7.421021e-01 3.699635e-02 6.692651e-01 -8.732978e+01
6.239762e-01 4.108810e-01 6.647033e-01 4.732572e+02 -2.480366e-01 9.107608e-01 -3.301403e-01 -1.536287e+02 -7.410341e-01 4.112896e-02 6.702066e-01 -8.668717e+01
6.230260e-01 4.177555e-01 6.613009e-01 4.739429e+02 -2.500626e-01 9.074442e-01 -3.376592e-01 -1.539913e+02 -7.411526e-01 4.500382e-02 6.698264e-01 -8.605598e+01
6.261648e-01 4.135391e-01 6.609864e-01 4.746211e+02 -2.424870e-01 9.090010e-01 -3.389943e-01 -1.543365e+02 -7.410248e-01 5.198565e-02 6.694623e-01 -8.540723e+01
6.261669e-01 4.098037e-01 6.633068e-01 4.752813e+02 -2.402070e-01 9.107463e-01 -3.359193e-01 -1.546566e+02 -7.417652e-01 5.101057e-02 6.687169e-01 -8.472776e+01
6.211222e-01 4.118590e-01 6.667678e-01 4.759285e+02 -2.467656e-01 9.102825e-01 -3.324043e-01 -1.550103e+02 -7.438507e-01 4.192836e-02 6.670293e-01 -8.405246e+01
6.215335e-01 4.123546e-01 6.660779e-01 4.766011e+02 -2.449284e-01 9.099152e-01 -3.347604e-01 -1.553467e+02 -7.441144e-01 4.492342e-02 6.665401e-01 -8.339335e+01
6.186851e-01 4.195304e-01 6.642462e-01 4.772741e+02 -2.516022e-01 9.067594e-01 -3.383544e-01 -1.556980e+02 -7.442615e-01 4.220900e-02 6.665533e-01 -8.274240e+01
6.170754e-01 4.203417e-01 6.652299e-01 4.779609e+02 -2.514772e-01 9.063852e-01 -3.394482e-01 -1.560463e+02 -7.456387e-01 4.217504e-02 6.650144e-01 -8.210452e+01
6.137152e-01 4.198906e-01 6.686147e-01 4.785969e+02 -2.530574e-01 9.067898e-01 -3.371858e-01 -1.563612e+02 -7.478741e-01 3.773816e-02 6.627670e-01 -8.139998e+01
6.141776e-01 4.134606e-01 6.721876e-01 4.792835e+02 -2.492789e-01 9.098000e-01 -3.318492e-01 -1.567067e+02 -7.487629e-01 3.625218e-02 6.618458e-01 -8.076034e+01
6.168384e-01 4.076958e-01 6.732714e-01 4.799488e+02 -2.423140e-01 9.122126e-01 -3.303818e-01 -1.570241e+02 -7.488620e-01 4.064909e-02 6.614782e-01 -8.008456e+01
6.190590e-01 4.061457e-01 6.721693e-01 4.806220e+02 -2.352160e-01 9.124879e-01 -3.347228e-01 -1.573656e+02 -7.492926e-01 4.910818e-02 6.604158e-01 -7.942865e+01
6.245219e-01 4.045812e-01 6.680467e-01 4.813020e+02 -2.267311e-01 9.124474e-01 -3.406357e-01 -1.577307e+02 -7.473723e-01 6.126748e-02 6.615746e-01 -7.879287e+01
6.253861e-01 4.057012e-01 6.665574e-01 4.819657e+02 -2.292960e-01 9.120485e-01 -3.399867e-01 -1.580945e+02 -7.458657e-01 5.978396e-02 6.634081e-01 -7.813925e+01
6.267860e-01 4.010231e-01 6.680717e-01 4.825988e+02 -2.315478e-01 9.145203e-01 -3.317202e-01 -1.584532e+02 -7.439926e-01 5.322700e-02 6.660645e-01 -7.745331e+01
6.264212e-01 3.995428e-01 6.692996e-01 4.832263e+02 -2.322013e-01 9.153099e-01 -3.290749e-01 -1.587817e+02 -7.440961e-01 5.072728e-02 6.661439e-01 -7.674735e+01
6.268449e-01 4.023406e-01 6.672237e-01 4.838674e+02 -2.354117e-01 9.141331e-01 -3.300636e-01 -1.591256e+02 -7.427293e-01 4.982642e-02 6.677354e-01 -7.606135e+01
6.267681e-01 4.146674e-01 6.597065e-01 4.845649e+02 -2.423444e-01 9.083880e-01 -3.407351e-01 -1.594669e+02 -7.405612e-01 5.368570e-02 6.698409e-01 -7.543119e+01
6.279410e-01 4.225258e-01 6.535764e-01 4.852449e+02 -2.463978e-01 9.045251e-01 -3.480265e-01 -1.598100e+02 -7.382264e-01 5.750034e-02 6.720978e-01 -7.478322e+01
6.312249e-01 4.202936e-01 6.518500e-01 4.859174e+02 -2.459872e-01 9.055425e-01 -3.456631e-01 -1.601714e+02 -7.355579e-01 5.784440e-02 6.749879e-01 -7.413735e+01
6.307362e-01 4.171726e-01 6.543232e-01 4.865263e+02 -2.492487e-01 9.074354e-01 -3.382840e-01 -1.605121e+02 -7.348788e-01 5.027878e-02 6.763321e-01 -7.342100e+01
6.300551e-01 4.175380e-01 6.547462e-01 4.872153e+02 -2.535678e-01 9.075501e-01 -3.347480e-01 -1.608558e+02 -7.339850e-01 4.488714e-02 6.776808e-01 -7.278289e+01
6.276933e-01 4.197911e-01 6.555735e-01 4.878330e+02 -2.551415e-01 9.065643e-01 -3.362203e-01 -1.611931e+02 -7.354618e-01 4.377921e-02 6.761504e-01 -7.207250e+01
6.311746e-01 4.211043e-01 6.513753e-01 4.885436e+02 -2.539556e-01 9.056971e-01 -3.394397e-01 -1.615436e+02 -7.328882e-01 4.882533e-02 6.785948e-01 -7.146240e+01
6.331602e-01 4.233598e-01 6.479774e-01 4.892351e+02 -2.555901e-01 9.045559e-01 -3.412512e-01 -1.619067e+02 -7.306038e-01 5.045001e-02 6.809353e-01 -7.083791e+01
6.272422e-01 4.254066e-01 6.523775e-01 4.897871e+02 -2.555519e-01 9.036863e-01 -3.435758e-01 -1.622227e+02 -7.357040e-01 4.878893e-02 6.755436e-01 -7.006631e+01
6.278784e-01 4.205829e-01 6.548883e-01 4.904456e+02 -2.526634e-01 9.059958e-01 -3.396068e-01 -1.626073e+02 -7.361589e-01 4.776544e-02 6.751211e-01 -6.941943e+01
6.258850e-01 4.176640e-01 6.586537e-01 4.910542e+02 -2.502301e-01 9.074109e-01 -3.376246e-01 -1.629487e+02 -7.386832e-01 4.649918e-02 6.724470e-01 -6.870311e+01
6.267465e-01 4.150004e-01 6.595176e-01 4.916910e+02 -2.456626e-01 9.084497e-01 -3.381849e-01 -1.632902e+02 -7.394854e-01 4.993741e-02 6.713178e-01 -6.801183e+01
6.271681e-01 4.182527e-01 6.570577e-01 4.923334e+02 -2.416700e-01 9.064504e-01 -3.463283e-01 -1.636473e+02 -7.404430e-01 5.841492e-02 6.695759e-01 -6.733369e+01
6.264070e-01 4.216755e-01 6.555944e-01 4.929944e+02 -2.402664e-01 9.045470e-01 -3.522312e-01 -1.639892e+02 -7.415432e-01 6.312278e-02 6.679291e-01 -6.666582e+01
6.269290e-01 4.154235e-01 6.590776e-01 4.936610e+02 -2.388363e-01 9.077222e-01 -3.449605e-01 -1.643490e+02 -7.415641e-01 5.885407e-02 6.682955e-01 -6.601298e+01
6.273425e-01 4.042737e-01 6.655856e-01 4.943302e+02 -2.355504e-01 9.131645e-01 -3.326359e-01 -1.647056e+02 -7.422650e-01 5.189770e-02 6.680937e-01 -6.536106e+01
6.273658e-01 4.019512e-01 6.669688e-01 4.950202e+02 -2.350985e-01 9.142873e-01 -3.298596e-01 -1.650500e+02 -7.423886e-01 5.013925e-02 6.680908e-01 -6.472450e+01
6.257167e-01 4.109680e-01 6.630113e-01 4.956878e+02 -2.375199e-01 9.099773e-01 -3.398907e-01 -1.654040e+02 -7.430094e-01 5.519687e-02 6.670010e-01 -6.406943e+01
6.231482e-01 4.220938e-01 6.584247e-01 4.963085e+02 -2.371681e-01 9.042058e-01 -3.551945e-01 -1.657188e+02 -7.452768e-01 6.518150e-02 6.635615e-01 -6.335132e+01
6.217406e-01 4.261542e-01 6.571386e-01 4.969746e+02 -2.361312e-01 9.019694e-01 -3.615153e-01 -1.660942e+02 -7.467802e-01 6.959786e-02 6.614193e-01 -6.270688e+01
6.166254e-01 4.246333e-01 6.629176e-01 4.975723e+02 -2.404667e-01 9.034084e-01 -3.550056e-01 -1.664946e+02 -7.496325e-01 5.949582e-02 6.591748e-01 -6.201226e+01
6.142122e-01 4.169363e-01 6.700056e-01 4.982321e+02 -2.394792e-01 9.074723e-01 -3.451720e-01 -1.668613e+02 -7.519263e-01 5.155644e-02 6.572281e-01 -6.135641e+01
6.128084e-01 4.097357e-01 6.757089e-01 4.989018e+02 -2.362011e-01 9.109598e-01 -3.381734e-01 -1.672370e+02 -7.541054e-01 4.763232e-02 6.550239e-01 -6.071581e+01
6.120393e-01 4.064228e-01 6.784014e-01 4.995494e+02 -2.295733e-01 9.122060e-01 -3.393764e-01 -1.675473e+02 -7.567721e-01 5.196884e-02 6.516097e-01 -6.001985e+01
6.101800e-01 4.089292e-01 6.785701e-01 5.002295e+02 -2.259519e-01 9.107468e-01 -3.456675e-01 -1.678823e+02 -7.593590e-01 5.759519e-02 6.481178e-01 -5.936778e+01
6.069100e-01 4.139527e-01 6.784566e-01 5.008928e+02 -2.246574e-01 9.081904e-01 -3.531561e-01 -1.682516e+02 -7.623577e-01 6.191364e-02 6.441874e-01 -5.871685e+01
6.008469e-01 4.159310e-01 6.826305e-01 5.015236e+02 -2.239366e-01 9.073557e-01 -3.557499e-01 -1.685940e+02 -7.673561e-01 6.088530e-02 6.383241e-01 -5.802056e+01
5.960873e-01 4.140253e-01 6.879412e-01 5.021846e+02 -2.181899e-01 9.080844e-01 -3.574575e-01 -1.689337e+02 -7.727051e-01 6.297407e-02 6.316337e-01 -5.735155e+01
5.912035e-01 4.113649e-01 6.937271e-01 5.028486e+02 -2.161428e-01 9.094939e-01 -3.551101e-01 -1.692871e+02 -7.770204e-01 5.999820e-02 6.266096e-01 -5.669255e+01
5.840782e-01 4.114768e-01 6.996710e-01 5.035005e+02 -2.146052e-01 9.095950e-01 -3.557830e-01 -1.696422e+02 -7.828137e-01 5.765201e-02 6.195797e-01 -5.602255e+01
5.839153e-01 4.024853e-01 7.050167e-01 5.041916e+02 -2.048353e-01 9.133915e-01 -3.517933e-01 -1.700143e+02 -7.855478e-01 6.100519e-02 6.157865e-01 -5.540286e+01
5.837923e-01 4.004322e-01 7.062864e-01 5.049448e+02 -2.027137e-01 9.142528e-01 -3.507834e-01 -1.703657e+02 -7.861893e-01 6.161078e-02 6.149069e-01 -5.484680e+01
5.809047e-01 3.977760e-01 7.101577e-01 5.056323e+02 -1.957408e-01 9.151241e-01 -3.524678e-01 -1.707464e+02 -7.900856e-01 6.574339e-02 6.094609e-01 -5.422844e+01
5.764679e-01 3.986661e-01 7.132672e-01 5.063230e+02 -1.930614e-01 9.146418e-01 -3.551867e-01 -1.711190e+02 -7.939849e-01 6.704933e-02 6.042287e-01 -5.360862e+01
5.686170e-01 4.041154e-01 7.164953e-01 5.070022e+02 -2.013461e-01 9.128895e-01 -3.550950e-01 -1.714945e+02 -7.975804e-01 5.764951e-02 6.004516e-01 -5.297807e+01
5.652292e-01 4.067908e-01 7.176609e-01 5.077000e+02 -2.005709e-01 9.116243e-01 -3.587652e-01 -1.718490e+02 -8.001795e-01 5.884263e-02 5.968671e-01 -5.235564e+01
5.633591e-01 4.080227e-01 7.184316e-01 5.084041e+02 -1.974989e-01 9.108444e-01 -3.624317e-01 -1.722109e+02 -8.022598e-01 6.228974e-02 5.937165e-01 -5.174462e+01
5.607593e-01 4.098387e-01 7.194312e-01 5.091160e+02 -2.008510e-01 9.102802e-01 -3.620068e-01 -1.726100e+02 -8.032484e-01 5.850020e-02 5.927645e-01 -5.116690e+01
5.584415e-01 4.054977e-01 7.236814e-01 5.097665e+02 -1.944637e-01 9.120675e-01 -3.609941e-01 -1.729483e+02 -8.064285e-01 6.086436e-02 5.881909e-01 -5.048678e+01
5.619198e-01 4.024288e-01 7.227013e-01 5.105074e+02 -1.930041e-01 9.133509e-01 -3.585241e-01 -1.733430e+02 -8.043603e-01 6.197744e-02 5.909004e-01 -4.994346e+01
5.670066e-01 3.991133e-01 7.205637e-01 5.112229e+02 -1.875679e-01 9.143529e-01 -3.588553e-01 -1.737032e+02 -8.020734e-01 6.831869e-02 5.933050e-01 -4.934493e+01
5.726899e-01 3.935480e-01 7.191288e-01 5.119666e+02 -1.839029e-01 9.165481e-01 -3.551329e-01 -1.740955e+02 -7.988779e-01 7.113119e-02 5.972725e-01 -4.880353e+01
5.780894e-01 3.887873e-01 7.173961e-01 5.126947e+02 -1.804131e-01 9.183320e-01 -3.523032e-01 -1.744448e+02 -7.957787e-01 7.423512e-02 6.010203e-01 -4.821381e+01
5.806469e-01 3.878843e-01 7.158177e-01 5.133866e+02 -1.830778e-01 9.189039e-01 -3.494254e-01 -1.748132e+02 -7.933043e-01 7.184245e-02 6.045717e-01 -4.759289e+01
5.808381e-01 3.901249e-01 7.144436e-01 5.139973e+02 -1.833315e-01 9.178195e-01 -3.521319e-01 -1.751468e+02 -7.931057e-01 7.355161e-02 6.046267e-01 -4.687465e+01
5.853614e-01 3.934533e-01 7.089052e-01 5.147289e+02 -1.838518e-01 9.159960e-01 -3.565807e-01 -1.755294e+02 -7.896522e-01 7.839510e-02 6.085258e-01 -4.631045e+01
5.873362e-01 3.949162e-01 7.064541e-01 5.154126e+02 -1.821704e-01 9.149815e-01 -3.600316e-01 -1.758894e+02 -7.885748e-01 8.276451e-02 6.093438e-01 -4.567565e+01
5.924178e-01 3.899107e-01 7.049899e-01 5.161637e+02 -1.788094e-01 9.168892e-01 -3.568492e-01 -1.762578e+02 -7.855370e-01 8.534498e-02 6.129012e-01 -4.512783e+01
5.987645e-01 3.820547e-01 7.039284e-01 5.169530e+02 -1.779872e-01 9.203900e-01 -3.481418e-01 -1.766871e+02 -7.808979e-01 8.316473e-02 6.190978e-01 -4.468892e+01
6.016610e-01 3.702155e-01 7.077743e-01 5.176268e+02 -1.702948e-01 9.251823e-01 -3.391717e-01 -1.770666e+02 -7.803869e-01 8.353610e-02 6.196919e-01 -4.405490e+01
6.035263e-01 3.617664e-01 7.105499e-01 5.182777e+02 -1.603441e-01 9.280082e-01 -3.362894e-01 -1.773862e+02 -7.810543e-01 8.902701e-02 6.180844e-01 -4.336626e+01
6.049120e-01 3.592991e-01 7.106234e-01 5.189743e+02 -1.564518e-01 9.286480e-01 -3.363565e-01 -1.777414e+02 -7.807716e-01 9.228771e-02 6.179633e-01 -4.274294e+01
6.012413e-01 3.639478e-01 7.113726e-01 5.195825e+02 -1.552359e-01 9.264923e-01 -3.428029e-01 -1.780698e+02 -7.838436e-01 9.567667e-02 6.135432e-01 -4.202029e+01
6.063137e-01 3.688856e-01 7.044907e-01 5.204315e+02 -1.578836e-01 9.241047e-01 -3.479989e-01 -1.784451e+02 -7.793950e-01 9.976897e-02 6.185383e-01 -4.164828e+01
6.088087e-01 3.697734e-01 7.018686e-01 5.212502e+02 -1.592062e-01 9.236762e-01 -3.485335e-01 -1.788489e+02 -7.771778e-01 1.004484e-01 6.212124e-01 -4.123990e+01
6.057181e-01 3.656184e-01 7.067028e-01 5.219258e+02 -1.574663e-01 9.256909e-01 -3.439486e-01 -1.792082e+02 -7.799423e-01 9.705400e-02 6.182803e-01 -4.059619e+01
6.126228e-01 3.612901e-01 7.029672e-01 5.228006e+02 -1.627704e-01 9.280152e-01 -3.351023e-01 -1.796836e+02 -7.734334e-01 9.086905e-02 6.273306e-01 -4.050278e+01
6.073645e-01 3.604664e-01 7.079353e-01 5.234829e+02 -1.604976e-01 9.284326e-01 -3.350423e-01 -1.800426e+02 -7.780417e-01 8.987089e-02 6.217510e-01 -3.986582e+01
6.062385e-01 3.619615e-01 7.081375e-01 5.243067e+02 -1.615640e-01 9.279083e-01 -3.359809e-01 -1.804306e+02 -7.786988e-01 8.927502e-02 6.210138e-01 -3.945262e+01
6.047531e-01 3.633227e-01 7.087103e-01 5.250957e+02 -1.614034e-01 9.273238e-01 -3.376677e-01 -1.808544e+02 -7.798863e-01 8.981731e-02 6.194435e-01 -3.900770e+01
6.008406e-01 3.631563e-01 7.121152e-01 5.258029e+02 -1.550792e-01 9.268773e-01 -3.418316e-01 -1.811965e+02 -7.841817e-01 9.495208e-02 6.132236e-01 -3.838904e+01
5.966492e-01 3.647909e-01 7.147988e-01 5.265792e+02 -1.523467e-01 9.260028e-01 -3.454118e-01 -1.815216e+02 -7.879088e-01 9.719244e-02 6.080735e-01 -3.784893e+01
5.899971e-01 3.676896e-01 7.188239e-01 5.273848e+02 -1.532262e-01 9.250994e-01 -3.474376e-01 -1.818232e+02 -7.927327e-01 9.484456e-02 6.021456e-01 -3.733909e+01
5.797816e-01 3.665633e-01 7.276570e-01 5.280150e+02 -1.509489e-01 9.259450e-01 -3.461796e-01 -1.821872e+02 -8.006670e-01 9.086950e-02 5.921782e-01 -3.665326e+01
5.717947e-01 3.681255e-01 7.331674e-01 5.287176e+02 -1.503071e-01 9.255548e-01 -3.474997e-01 -1.826090e+02 -8.065101e-01 8.849824e-02 5.845592e-01 -3.608016e+01
5.606263e-01 3.748253e-01 7.383794e-01 5.293410e+02 -1.470040e-01 9.225752e-01 -3.567139e-01 -1.829574e+02 -8.149160e-01 9.143840e-02 5.723207e-01 -3.538018e+01
5.539841e-01 3.835746e-01 7.388993e-01 5.301313e+02 -1.489493e-01 9.188828e-01 -3.653334e-01 -1.833467e+02 -8.190945e-01 9.233036e-02 5.661796e-01 -3.490703e+01
5.458135e-01 3.866436e-01 7.433669e-01 5.307974e+02 -1.473481e-01 9.176365e-01 -3.690960e-01 -1.836833e+02 -8.248492e-01 9.192393e-02 5.578296e-01 -3.424143e+01
5.396838e-01 3.848404e-01 7.487584e-01 5.315228e+02 -1.493275e-01 9.190578e-01 -3.647384e-01 -1.840964e+02 -8.285183e-01 8.503316e-02 5.534679e-01 -3.369083e+01
5.406434e-01 3.773509e-01 7.518716e-01 5.323828e+02 -1.502412e-01 9.226951e-01 -3.550512e-01 -1.844901e+02 -8.277272e-01 7.899399e-02 5.555427e-01 -3.336618e+01
5.419625e-01 3.705002e-01 7.543250e-01 5.332104e+02 -1.456930e-01 9.254061e-01 -3.498531e-01 -1.848396e+02 -8.276776e-01 7.970736e-02 5.555147e-01 -3.292696e+01
5.491049e-01 3.659082e-01 7.513954e-01 5.340683e+02 -1.409587e-01 9.267310e-01 -3.482819e-01 -1.852749e+02 -8.237806e-01 8.532754e-02 5.604505e-01 -3.265378e+01
5.555109e-01 3.654044e-01 7.469185e-01 5.349185e+02 -1.406039e-01 9.266122e-01 -3.487411e-01 -1.856867e+02 -8.195354e-01 8.870980e-02 5.661205e-01 -3.232588e+01
5.546253e-01 3.691256e-01 7.457460e-01 5.355726e+02 -1.443185e-01 9.253110e-01 -3.506733e-01 -1.861494e+02 -8.194895e-01 8.686730e-02 5.664725e-01 -3.172746e+01
5.532538e-01 3.745892e-01 7.440384e-01 5.361478e+02 -1.490945e-01 9.232952e-01 -3.539728e-01 -1.866373e+02 -8.195615e-01 8.490472e-02 5.666658e-01 -3.107089e+01
5.567410e-01 3.751257e-01 7.411613e-01 5.368375e+02 -1.460097e-01 9.225284e-01 -3.572429e-01 -1.869645e+02 -8.177534e-01 9.067503e-02 5.683814e-01 -3.042497e+01
5.687499e-01 3.705257e-01 7.343257e-01 5.376479e+02 -1.418492e-01 9.235949e-01 -3.561620e-01 -1.872559e+02 -8.101866e-01 9.840352e-02 5.778533e-01 -2.991658e+01
5.813759e-01 3.613138e-01 7.290092e-01 5.383704e+02 -1.412014e-01 9.271992e-01 -3.469349e-01 -1.876930e+02 -8.012891e-01 9.876244e-02 5.900693e-01 -2.938101e+01
5.943961e-01 3.621467e-01 7.180133e-01 5.391667e+02 -1.514229e-01 9.272913e-01 -3.423478e-01 -1.879714e+02 -7.897876e-01 9.476656e-02 6.060156e-01 -2.884391e+01
6.117881e-01 3.651799e-01 7.016829e-01 5.399837e+02 -1.665665e-01 9.266427e-01 -3.370296e-01 -1.882537e+02 -7.732858e-01 8.931377e-02 6.277357e-01 -2.834119e+01
6.277997e-01 3.630728e-01 6.885098e-01 5.405426e+02 -1.726984e-01 9.274733e-01 -3.316152e-01 -1.885986e+02 -7.589749e-01 8.928339e-02 6.449695e-01 -2.758706e+01
6.532973e-01 3.636126e-01 6.640697e-01 5.412759e+02 -1.810231e-01 9.266999e-01 -3.293296e-01 -1.889292e+02 -7.351417e-01 9.493826e-02 6.712328e-01 -2.699287e+01
6.748501e-01 3.661816e-01 6.406936e-01 5.418414e+02 -1.916234e-01 9.253752e-01 -3.270492e-01 -1.892381e+02 -7.126414e-01 9.793733e-02 6.946585e-01 -2.622819e+01
6.994231e-01 3.702628e-01 6.113205e-01 5.424494e+02 -2.068834e-01 9.236108e-01 -3.227108e-01 -1.895773e+02 -6.841101e-01 9.923934e-02 7.225960e-01 -2.551032e+01
7.268802e-01 3.728600e-01 5.767327e-01 5.430854e+02 -2.232211e-01 9.224556e-01 -3.150364e-01 -1.899081e+02 -6.494748e-01 1.002548e-01 7.537450e-01 -2.481319e+01
7.538229e-01 3.703890e-01 5.427366e-01 5.435936e+02 -2.356643e-01 9.234338e-01 -3.028736e-01 -1.902351e+02 -6.133624e-01 1.004094e-01 7.833930e-01 -2.401645e+01
7.844159e-01 3.730800e-01 4.954827e-01 5.443218e+02 -2.556859e-01 9.223339e-01 -2.896978e-01 -1.904756e+02 -5.650809e-01 1.005556e-01 8.188847e-01 -2.337470e+01
8.222519e-01 3.766956e-01 4.266171e-01 5.451852e+02 -2.824022e-01 9.208635e-01 -2.688112e-01 -1.907645e+02 -4.941161e-01 1.005529e-01 8.635615e-01 -2.296099e+01
8.405601e-01 3.790500e-01 3.870140e-01 5.453818e+02 -2.981764e-01 9.201931e-01 -2.536446e-01 -1.909283e+02 -4.522716e-01 9.780513e-02 8.865013e-01 -2.199430e+01
8.639558e-01 3.777243e-01 3.330235e-01 5.458454e+02 -3.139069e-01 9.210851e-01 -2.303577e-01 -1.912595e+02 -3.937547e-01 9.448045e-02 9.143471e-01 -2.117247e+01
8.806687e-01 3.831080e-01 2.786592e-01 5.462252e+02 -3.324989e-01 9.188623e-01 -2.124534e-01 -1.913902e+02 -3.374421e-01 9.444719e-02 9.365963e-01 -2.025665e+01
8.946161e-01 3.851682e-01 2.265115e-01 5.464171e+02 -3.473024e-01 9.183292e-01 -1.898748e-01 -1.915547e+02 -2.811459e-01 9.119701e-02 9.553220e-01 -1.928913e+01
9.084565e-01 3.810997e-01 1.716681e-01 5.465609e+02 -3.553778e-01 9.204472e-01 -1.627376e-01 -1.917938e+02 -2.200306e-01 8.683297e-02 9.716206e-01 -1.832884e+01
9.181526e-01 3.787609e-01 1.163439e-01 5.466366e+02 -3.632337e-01 9.219029e-01 -1.347454e-01 -1.919894e+02 -1.582941e-01 8.145684e-02 9.840263e-01 -1.735109e+01
9.236389e-01 3.788906e-01 5.773220e-02 5.467151e+02 -3.719720e-01 9.224930e-01 -1.031671e-01 -1.921646e+02 -9.234660e-02 7.381442e-02 9.929872e-01 -1.636968e+01
9.247319e-01 3.806166e-01 -1.370486e-03 5.467063e+02 -3.797175e-01 9.222877e-01 -7.211155e-02 -1.923148e+02 -2.618287e-02 6.720425e-02 9.973956e-01 -1.538107e+01
9.211517e-01 3.850994e-01 -5.637314e-02 5.465713e+02 -3.876974e-01 9.206412e-01 -4.594079e-02 -1.923820e+02 3.420767e-02 6.417417e-02 9.973523e-01 -1.439251e+01
9.142736e-01 3.891313e-01 -1.126081e-01 5.464235e+02 -3.935752e-01 9.190867e-01 -1.944840e-02 -1.923868e+02 9.592865e-02 6.210093e-02 9.934491e-01 -1.340349e+01
9.068314e-01 3.887413e-01 -1.629020e-01 5.461625e+02 -3.926096e-01 9.196604e-01 9.080599e-03 -1.923606e+02 1.533445e-01 5.572230e-02 9.866005e-01 -1.243851e+01
8.951009e-01 3.916944e-01 -2.130020e-01 5.459283e+02 -3.939467e-01 9.185190e-01 3.359929e-02 -1.923457e+02 2.088070e-01 5.383667e-02 9.764739e-01 -1.146644e+01
8.821895e-01 3.929900e-01 -2.594234e-01 5.454618e+02 -3.933453e-01 9.178709e-01 5.284400e-02 -1.922062e+02 2.588843e-01 5.542455e-02 9.643169e-01 -1.059300e+01
8.673743e-01 3.943443e-01 -3.035694e-01 5.450999e+02 -3.929125e-01 9.170153e-01 6.857614e-02 -1.921308e+02 3.054204e-01 5.979503e-02 9.503383e-01 -9.663845e+00
8.509744e-01 3.950539e-01 -3.460853e-01 5.447533e+02 -3.932048e-01 9.160640e-01 7.884599e-02 -1.920568e+02 3.481847e-01 6.898648e-02 9.348841e-01 -8.728755e+00
8.333123e-01 3.975589e-01 -3.841061e-01 5.443728e+02 -3.953709e-01 9.142466e-01 8.851583e-02 -1.919830e+02 3.863580e-01 7.810305e-02 9.190361e-01 -7.806923e+00
8.196257e-01 4.026730e-01 -4.075147e-01 5.439060e+02 -3.977091e-01 9.119159e-01 1.011774e-01 -1.918615e+02 4.123605e-01 7.914474e-02 9.075764e-01 -6.930927e+00
8.087669e-01 4.092909e-01 -4.223472e-01 5.434090e+02 -4.003197e-01 9.091939e-01 1.145017e-01 -1.917342e+02 4.308600e-01 7.646869e-02 8.991731e-01 -6.072556e+00
7.998018e-01 4.159207e-01 -4.328130e-01 5.430557e+02 -4.032823e-01 9.063896e-01 1.257827e-01 -1.916122e+02 4.446128e-01 7.394460e-02 8.926655e-01 -5.145062e+00
7.928950e-01 4.215014e-01 -4.400615e-01 5.426654e+02 -4.068873e-01 9.038080e-01 1.325665e-01 -1.914824e+02 4.536080e-01 7.394413e-02 8.881284e-01 -4.233529e+00
7.890791e-01 4.237827e-01 -4.447048e-01 5.422501e+02 -4.078609e-01 9.027690e-01 1.365927e-01 -1.913742e+02 4.593514e-01 7.359530e-02 8.852006e-01 -3.330342e+00
7.878767e-01 4.248135e-01 -4.458518e-01 5.417661e+02 -4.098262e-01 9.020744e-01 1.352935e-01 -1.912340e+02 4.596660e-01 7.612721e-02 8.848230e-01 -2.466590e+00
7.881715e-01 4.259722e-01 -4.442222e-01 5.412415e+02 -4.122608e-01 9.013297e-01 1.328373e-01 -1.910744e+02 4.569757e-01 7.843687e-02 8.860140e-01 -1.630314e+00
7.884118e-01 4.260147e-01 -4.437548e-01 5.408063e+02 -4.127470e-01 9.012455e-01 1.318955e-01 -1.909466e+02 4.561215e-01 7.917054e-02 8.863889e-01 -7.390687e-01
7.931773e-01 4.223522e-01 -4.387350e-01 5.401980e+02 -4.108185e-01 9.029016e-01 1.264787e-01 -1.907255e+02 4.495531e-01 7.992042e-02 8.896711e-01 2.320728e-02
7.918241e-01 4.254403e-01 -4.381953e-01 5.398001e+02 -4.148337e-01 9.012180e-01 1.253760e-01 -1.906417e+02 4.482495e-01 8.250248e-02 8.900931e-01 9.367922e-01
7.887603e-01 4.287070e-01 -4.405310e-01 5.395460e+02 -4.205670e-01 8.990362e-01 1.218906e-01 -1.905695e+02 4.483086e-01 8.913033e-02 8.894241e-01 1.901283e+00
7.880278e-01 4.294758e-01 -4.410926e-01 5.391435e+02 -4.238949e-01 8.981034e-01 1.171470e-01 -1.904744e+02 4.464585e-01 9.466179e-02 8.897831e-01 2.811730e+00
7.888731e-01 4.293668e-01 -4.396856e-01 5.387078e+02 -4.263291e-01 8.976484e-01 1.116728e-01 -1.903030e+02 4.426317e-01 9.935510e-02 8.911822e-01 3.695335e+00
7.890892e-01 4.277341e-01 -4.408875e-01 5.383733e+02 -4.246324e-01 8.984546e-01 1.116539e-01 -1.902279e+02 4.438756e-01 9.911019e-02 8.905906e-01 4.634730e+00
7.899981e-01 4.318044e-01 -4.352562e-01 5.379318e+02 -4.292088e-01 8.964435e-01 1.103123e-01 -1.900888e+02 4.378159e-01 9.966930e-02 8.935229e-01 5.521167e+00
7.908518e-01 4.343303e-01 -4.311736e-01 5.375199e+02 -4.309830e-01 8.954450e-01 1.114986e-01 -1.900021e+02 4.345194e-01 9.764960e-02 8.953532e-01 6.428284e+00
7.938816e-01 4.307691e-01 -4.291736e-01 5.370506e+02 -4.274767e-01 8.973198e-01 1.099130e-01 -1.898730e+02 4.324531e-01 9.620385e-02 8.965094e-01 7.301827e+00
7.966031e-01 4.269467e-01 -4.279486e-01 5.366058e+02 -4.232504e-01 8.993813e-01 1.094181e-01 -1.897875e+02 4.316047e-01 9.396668e-02 8.971553e-01 8.193369e+00
7.973342e-01 4.233621e-01 -4.301427e-01 5.361952e+02 -4.196773e-01 9.011086e-01 1.089689e-01 -1.897074e+02 4.337386e-01 9.363655e-02 8.961602e-01 9.101664e+00
7.970377e-01 4.236951e-01 -4.303642e-01 5.357482e+02 -4.203341e-01 9.008658e-01 1.084437e-01 -1.896062e+02 4.336475e-01 9.446297e-02 8.961175e-01 9.990409e+00
7.975065e-01 4.238700e-01 -4.293222e-01 5.353483e+02 -4.188034e-01 9.011731e-01 1.117617e-01 -1.895056e+02 4.342661e-01 9.067088e-02 8.962097e-01 1.090144e+01
7.983199e-01 4.259597e-01 -4.257272e-01 5.349024e+02 -4.186589e-01 9.006896e-01 1.161160e-01 -1.894021e+02 4.329088e-01 8.553677e-02 8.973703e-01 1.179054e+01
7.991874e-01 4.277652e-01 -4.222752e-01 5.344663e+02 -4.194476e-01 9.000841e-01 1.179503e-01 -1.892791e+02 4.305382e-01 8.285796e-02 8.987610e-01 1.268197e+01
8.010865e-01 4.249088e-01 -4.215601e-01 5.340686e+02 -4.187070e-01 9.011128e-01 1.126060e-01 -1.891953e+02 4.277205e-01 8.630299e-02 8.997816e-01 1.359567e+01
8.023679e-01 4.227228e-01 -4.213207e-01 5.336550e+02 -4.203312e-01 9.014006e-01 1.039167e-01 -1.891074e+02 4.237067e-01 9.371482e-02 9.009385e-01 1.450188e+01
8.040627e-01 4.210168e-01 -4.197953e-01 5.331999e+02 -4.219523e-01 9.015259e-01 9.595494e-02 -1.889699e+02 4.188549e-01 9.997979e-02 9.025323e-01 1.538161e+01
8.048655e-01 4.246788e-01 -4.145353e-01 5.327625e+02 -4.262807e-01 8.996901e-01 9.403467e-02 -1.888456e+02 4.128878e-01 1.010231e-01 9.051619e-01 1.627226e+01
7.842062e-01 4.401030e-01 -4.374128e-01 5.330970e+02 -4.239973e-01 8.947602e-01 1.401087e-01 -1.895038e+02 4.530418e-01 7.558771e-02 8.882790e-01 1.694668e+01
7.899009e-01 4.406963e-01 -4.264310e-01 5.325669e+02 -4.236535e-01 8.949236e-01 1.401053e-01 -1.893421e+02 4.433670e-01 6.998967e-02 8.936035e-01 1.777901e+01
7.935846e-01 4.420615e-01 -4.180970e-01 5.321386e+02 -4.258939e-01 8.943119e-01 1.371883e-01 -1.892099e+02 4.345548e-01 6.919440e-02 8.979834e-01 1.867294e+01
7.987491e-01 4.388201e-01 -4.116271e-01 5.317026e+02 -4.250741e-01 8.957608e-01 1.300941e-01 -1.890799e+02 4.258074e-01 7.105950e-02 9.020192e-01 1.956347e+01
8.061293e-01 4.333506e-01 -4.029426e-01 5.312039e+02 -4.225570e-01 8.982656e-01 1.206830e-01 -1.888864e+02 4.142476e-01 7.298012e-02 9.072336e-01 2.040832e+01
8.107758e-01 4.299615e-01 -3.972099e-01 5.309104e+02 -4.191091e-01 9.001216e-01 1.188644e-01 -1.888697e+02 4.086443e-01 7.010193e-02 9.099976e-01 2.136413e+01
8.140574e-01 4.297118e-01 -3.907151e-01 5.306272e+02 -4.186907e-01 9.004350e-01 1.179614e-01 -1.888386e+02 4.025030e-01 6.756143e-02 9.129221e-01 2.232269e+01
8.217655e-01 4.253402e-01 -3.791929e-01 5.301005e+02 -4.152832e-01 9.026993e-01 1.125782e-01 -1.886329e+02 3.901812e-01 6.495961e-02 9.184437e-01 2.314751e+01
8.282519e-01 4.196861e-01 -3.712981e-01 5.297243e+02 -4.096378e-01 9.056097e-01 1.098540e-01 -1.884963e+02 3.823554e-01 6.111097e-02 9.219923e-01 2.406393e+01
8.323912e-01 4.184753e-01 -3.633227e-01 5.293359e+02 -4.079392e-01 9.064292e-01 1.094158e-01 -1.883865e+02 3.751141e-01 5.713678e-02 9.252161e-01 2.497882e+01
8.384379e-01 4.111961e-01 -3.576864e-01 5.289095e+02 -4.012932e-01 9.098727e-01 1.053343e-01 -1.882306e+02 3.687622e-01 5.522084e-02 9.278820e-01 2.586987e+01
8.426159e-01 4.030465e-01 -3.571441e-01 5.286206e+02 -3.933674e-01 9.135999e-01 1.029434e-01 -1.881664e+02 3.677778e-01 5.374712e-02 9.283592e-01 2.682506e+01
8.351509e-01 4.037603e-01 -3.734978e-01 5.287719e+02 -3.912105e-01 9.133829e-01 1.126324e-01 -1.884248e+02 3.866230e-01 5.205124e-02 9.207678e-01 2.777917e+01
8.346256e-01 4.015804e-01 -3.770057e-01 5.285592e+02 -3.867654e-01 9.145995e-01 1.179847e-01 -1.884380e+02 3.921895e-01 4.733971e-02 9.186655e-01 2.875619e+01
8.347951e-01 4.025478e-01 -3.755961e-01 5.280563e+02 -3.864080e-01 9.143400e-01 1.211249e-01 -1.882400e+02 3.921811e-01 4.401892e-02 9.188342e-01 2.959759e+01
8.332189e-01 4.003151e-01 -3.814369e-01 5.277020e+02 -3.830306e-01 9.153776e-01 1.239815e-01 -1.881320e+02 3.987905e-01 4.279828e-02 9.160428e-01 3.052644e+01
8.344106e-01 3.955062e-01 -3.838408e-01 5.272940e+02 -3.767165e-01 9.176366e-01 1.266011e-01 -1.879928e+02 4.022979e-01 3.896185e-02 9.146794e-01 3.142878e+01
8.306521e-01 3.961826e-01 -3.912244e-01 5.268861e+02 -3.767823e-01 9.172862e-01 1.289229e-01 -1.878303e+02 4.099417e-01 4.031630e-02 9.112203e-01 3.232721e+01
8.277715e-01 3.947080e-01 -3.987480e-01 5.264388e+02 -3.745662e-01 9.178959e-01 1.310241e-01 -1.876641e+02 4.177254e-01 4.089953e-02 9.076523e-01 3.320601e+01
8.273555e-01 3.871876e-01 -4.069011e-01 5.259497e+02 -3.675439e-01 9.210080e-01 1.290569e-01 -1.875064e+02 4.247285e-01 4.277807e-02 9.043096e-01 3.406386e+01
8.502395e-01 3.713163e-01 -3.731179e-01 5.251093e+02 -3.630113e-01 9.269065e-01 9.522167e-02 -1.869826e+02 3.812027e-01 5.448480e-02 9.228845e-01 3.420327e+01
8.492538e-01 3.678946e-01 -3.787103e-01 5.246985e+02 -3.591403e-01 9.282905e-01 9.641068e-02 -1.868840e+02 3.870221e-01 5.413301e-02 9.204800e-01 3.510962e+01
8.475346e-01 3.642775e-01 -3.859883e-01 5.243058e+02 -3.511396e-01 9.302045e-01 1.068673e-01 -1.867641e+02 3.979774e-01 4.496210e-02 9.162928e-01 3.602146e+01
8.460037e-01 3.620387e-01 -3.914149e-01 5.239519e+02 -3.439625e-01 9.315184e-01 1.181666e-01 -1.867417e+02 4.073911e-01 3.466265e-02 9.125958e-01 3.695648e+01
8.440315e-01 3.581363e-01 -3.991858e-01 5.235744e+02 -3.365882e-01 9.332387e-01 1.255946e-01 -1.866667e+02 4.175156e-01 2.835541e-02 9.082272e-01 3.787944e+01
8.505293e-01 3.555210e-01 -3.875625e-01 5.228141e+02 -3.339816e-01 9.343646e-01 1.241737e-01 -1.864686e+02 4.062711e-01 2.382536e-02 9.134419e-01 3.849804e+01
8.445939e-01 3.560400e-01 -3.998707e-01 5.226352e+02 -3.328796e-01 9.341509e-01 1.286592e-01 -1.864366e+02 4.193474e-01 2.444397e-02 9.074967e-01 3.948139e+01
8.502010e-01 3.474549e-01 -3.955166e-01 5.220028e+02 -3.269474e-01 9.373145e-01 1.206106e-01 -1.861772e+02 4.126302e-01 2.676981e-02 9.105052e-01 4.021127e+01
8.456366e-01 3.428870e-01 -4.090564e-01 5.218031e+02 -3.221691e-01 9.389150e-01 1.210195e-01 -1.860946e+02 4.255652e-01 2.944682e-02 9.044485e-01 4.118764e+01
8.381858e-01 3.362017e-01 -4.294334e-01 5.218724e+02 -3.169206e-01 9.410612e-01 1.181744e-01 -1.858747e+02 4.438535e-01 3.704417e-02 8.953333e-01 4.216069e+01
8.296228e-01 3.325245e-01 -4.485013e-01 5.219735e+02 -3.118653e-01 9.422934e-01 1.217502e-01 -1.857778e+02 4.631048e-01 3.886523e-02 8.854510e-01 4.315083e+01
8.291425e-01 3.329447e-01 -4.490774e-01 5.214768e+02 -3.101222e-01 9.423052e-01 1.260362e-01 -1.856209e+02 4.651311e-01 3.476693e-02 8.845588e-01 4.400445e+01
8.237212e-01 3.375173e-01 -4.555936e-01 5.211289e+02 -3.142177e-01 9.405864e-01 1.287033e-01 -1.855101e+02 4.719647e-01 3.713991e-02 8.808348e-01 4.493544e+01
8.223120e-01 3.384952e-01 -4.574101e-01 5.206715e+02 -3.134581e-01 9.403337e-01 1.323498e-01 -1.853938e+02 4.749179e-01 3.454609e-02 8.793518e-01 4.581704e+01
8.223217e-01 3.410375e-01 -4.555001e-01 5.201201e+02 -3.161438e-01 9.393992e-01 1.325981e-01 -1.852702e+02 4.731173e-01 3.496528e-02 8.803053e-01 4.664212e+01
8.235885e-01 3.442296e-01 -4.507860e-01 5.195564e+02 -3.212864e-01 9.381045e-01 1.293641e-01 -1.851328e+02 4.674153e-01 3.828857e-02 8.832083e-01 4.745654e+01
8.223418e-01 3.415443e-01 -4.550839e-01 5.191653e+02 -3.196950e-01 9.389692e-01 1.270118e-01 -1.851298e+02 4.706900e-01 4.104092e-02 8.813436e-01 4.837689e+01
8.204882e-01 3.418614e-01 -4.581810e-01 5.188292e+02 -3.226821e-01 9.385548e-01 1.224381e-01 -1.850104e+02 4.718848e-01 4.738783e-02 8.803858e-01 4.931112e+01
8.220131e-01 3.398621e-01 -4.569335e-01 5.183431e+02 -3.204172e-01 9.393540e-01 1.222578e-01 -1.848865e+02 4.707731e-01 4.591181e-02 8.810589e-01 5.017622e+01
8.226390e-01 3.402187e-01 -4.555396e-01 5.178699e+02 -3.228353e-01 9.390304e-01 1.183185e-01 -1.847600e+02 4.680197e-01 4.973085e-02 8.823176e-01 5.104800e+01
8.226209e-01 3.426980e-01 -4.537102e-01 5.174195e+02 -3.280298e-01 9.378119e-01 1.136013e-01 -1.846896e+02 4.644258e-01 5.537962e-02 8.838788e-01 5.193807e+01
8.233126e-01 3.440474e-01 -4.514286e-01 5.169396e+02 -3.319563e-01 9.370104e-01 1.087042e-01 -1.845616e+02 4.603926e-01 6.035703e-02 8.856611e-01 5.280601e+01
8.230259e-01 3.476695e-01 -4.491706e-01 5.164981e+02 -3.337478e-01 9.358817e-01 1.128622e-01 -1.844610e+02 4.596093e-01 5.702118e-02 8.862888e-01 5.369763e+01
8.230909e-01 3.522705e-01 -4.454513e-01 5.160272e+02 -3.373266e-01 9.342710e-01 1.155358e-01 -1.843417e+02 4.568721e-01 5.516610e-02 8.878201e-01 5.457170e+01
8.273768e-01 3.495280e-01 -4.396337e-01 5.154407e+02 -3.322806e-01 9.356970e-01 1.185783e-01 -1.842496e+02 4.528103e-01 4.797285e-02 8.903153e-01 5.537638e+01
8.312440e-01 3.438536e-01 -4.368045e-01 5.149036e+02 -3.247323e-01 9.380980e-01 1.205038e-01 -1.841517e+02 4.512011e-01 4.167644e-02 8.914486e-01 5.621419e+01
8.328931e-01 3.407192e-01 -4.361187e-01 5.144766e+02 -3.205085e-01 9.393831e-01 1.217938e-01 -1.840583e+02 4.511800e-01 3.833856e-02 8.916091e-01 5.711360e+01
8.325760e-01 3.419062e-01 -4.357951e-01 5.140386e+02 -3.216940e-01 9.389425e-01 1.220655e-01 -1.839609e+02 4.509214e-01 3.856389e-02 8.917302e-01 5.800731e+01
8.322613e-01 3.418158e-01 -4.364666e-01 5.135538e+02 -3.230231e-01 9.388414e-01 1.193016e-01 -1.838086e+02 4.505521e-01 4.169872e-02 8.917758e-01 5.886856e+01
8.300868e-01 3.428379e-01 -4.397932e-01 5.131164e+02 -3.258956e-01 9.382278e-01 1.162783e-01 -1.837015e+02 4.524908e-01 4.680558e-02 8.905399e-01 5.976144e+01
8.288038e-01 3.475974e-01 -4.384750e-01 5.126315e+02 -3.316088e-01 9.363252e-01 1.154583e-01 -1.835679e+02 4.506882e-01 4.970987e-02 8.912963e-01 6.062571e+01
8.288758e-01 3.483935e-01 -4.377064e-01 5.121513e+02 -3.315658e-01 9.361206e-01 1.172280e-01 -1.834270e+02 4.505874e-01 4.796099e-02 8.914430e-01 6.149150e+01
8.291981e-01 3.461885e-01 -4.388441e-01 5.117488e+02 -3.257705e-01 9.373008e-01 1.238582e-01 -1.833827e+02 4.542072e-01 4.025948e-02 8.899860e-01 6.240586e+01
8.298063e-01 3.467349e-01 -4.372601e-01 5.112794e+02 -3.248722e-01 9.372357e-01 1.266783e-01 -1.832249e+02 4.537396e-01 3.693519e-02 8.903686e-01 6.327462e+01
8.272888e-01 3.501839e-01 -4.392773e-01 5.108683e+02 -3.277698e-01 9.359337e-01 1.288222e-01 -1.831263e+02 4.562459e-01 3.740867e-02 8.890671e-01 6.418086e+01
8.256851e-01 3.476763e-01 -4.442582e-01 5.104259e+02 -3.275372e-01 9.366321e-01 1.242570e-01 -1.830191e+02 4.593077e-01 4.291388e-02 8.872400e-01 6.507125e+01
8.261626e-01 3.420525e-01 -4.477226e-01 5.099676e+02 -3.270073e-01 9.381986e-01 1.133560e-01 -1.828635e+02 4.588264e-01 5.275804e-02 8.869582e-01 6.594633e+01
8.301321e-01 3.358930e-01 -4.450355e-01 5.093181e+02 -3.223461e-01 9.403852e-01 1.084834e-01 -1.826663e+02 4.549436e-01 5.339993e-02 8.889178e-01 6.668067e+01
8.306212e-01 3.395703e-01 -4.413166e-01 5.087648e+02 -3.238237e-01 9.393126e-01 1.132698e-01 -1.825113e+02 4.529973e-01 4.882442e-02 8.901739e-01 6.749907e+01
8.290024e-01 3.441757e-01 -4.407927e-01 5.083355e+02 -3.238346e-01 9.380333e-01 1.233883e-01 -1.823732e+02 4.559454e-01 4.045472e-02 8.890878e-01 6.839163e+01
8.304327e-01 3.469352e-01 -4.359099e-01 5.076766e+02 -3.239129e-01 9.372666e-01 1.288864e-01 -1.823412e+02 4.532790e-01 3.416535e-02 8.907137e-01 6.914317e+01
8.250125e-01 3.472751e-01 -4.458187e-01 5.074767e+02 -3.243936e-01 9.370046e-01 1.295808e-01 -1.824216e+02 4.627343e-01 3.771501e-02 8.856944e-01 7.011969e+01
8.220930e-01 3.464322e-01 -4.518272e-01 5.070594e+02 -3.253280e-01 9.370918e-01 1.265725e-01 -1.823220e+02 4.672524e-01 4.293765e-02 8.830807e-01 7.102299e+01
8.216539e-01 3.492932e-01 -4.504211e-01 5.065000e+02 -3.285414e-01 9.359783e-01 1.265117e-01 -1.822440e+02 4.657741e-01 4.403321e-02 8.838074e-01 7.184817e+01
8.246827e-01 3.511985e-01 -4.433487e-01 5.057861e+02 -3.289915e-01 9.354709e-01 1.290686e-01 -1.821206e+02 4.600685e-01 3.941727e-02 8.870080e-01 7.253744e+01
8.198943e-01 3.517214e-01 -4.517359e-01 5.056613e+02 -3.280253e-01 9.352811e-01 1.328482e-01 -1.820935e+02 4.692256e-01 3.925936e-02 8.822052e-01 7.352925e+01
8.231849e-01 3.566529e-01 -4.417752e-01 5.048638e+02 -3.315627e-01 9.335955e-01 1.358884e-01 -1.819569e+02 4.609043e-01 3.461484e-02 8.867745e-01 7.411697e+01
8.258550e-01 3.591262e-01 -4.347319e-01 5.041916e+02 -3.338062e-01 9.327235e-01 1.363827e-01 -1.816969e+02 4.544633e-01 3.248387e-02 8.901730e-01 7.481016e+01
8.303186e-01 3.570301e-01 -4.279026e-01 5.035323e+02 -3.320135e-01 9.336043e-01 1.347219e-01 -1.814097e+02 4.475915e-01 3.020734e-02 8.937278e-01 7.550506e+01
8.315480e-01 3.523722e-01 -4.293737e-01 5.030779e+02 -3.284602e-01 9.353227e-01 1.314735e-01 -1.812232e+02 4.479306e-01 3.170568e-02 8.935060e-01 7.637612e+01
8.330476e-01 3.513990e-01 -4.272593e-01 5.025200e+02 -3.291703e-01 9.355982e-01 1.276830e-01 -1.811540e+02 4.446107e-01 3.427502e-02 8.950679e-01 7.720311e+01
8.350456e-01 3.523098e-01 -4.225833e-01 5.018851e+02 -3.327454e-01 9.350836e-01 1.220623e-01 -1.809629e+02 4.381544e-01 3.868504e-02 8.980669e-01 7.795165e+01
8.366524e-01 3.516694e-01 -4.199303e-01 5.014015e+02 -3.325037e-01 9.353305e-01 1.208228e-01 -1.807919e+02 4.352633e-01 3.854170e-02 8.994779e-01 7.881010e+01
8.422551e-01 3.495243e-01 -4.104134e-01 5.007460e+02 -3.318594e-01 9.361433e-01 1.162111e-01 -1.804846e+02 4.248244e-01 3.832017e-02 9.044644e-01 7.949995e+01
8.432251e-01 3.498720e-01 -4.081188e-01 5.004494e+02 -3.326007e-01 9.360026e-01 1.152209e-01 -1.803411e+02 4.223128e-01 3.858344e-02 9.056286e-01 8.044412e+01
8.448051e-01 3.505255e-01 -4.042724e-01 5.000446e+02 -3.338408e-01 9.357452e-01 1.137157e-01 -1.802581e+02 4.181563e-01 3.889499e-02 9.075420e-01 8.135472e+01
8.452584e-01 3.496054e-01 -4.041217e-01 4.998984e+02 -3.324249e-01 9.361460e-01 1.145615e-01 -1.803790e+02 4.183682e-01 3.750601e-02 9.075028e-01 8.233657e+01
8.542330e-01 3.477447e-01 -3.864708e-01 4.990391e+02 -3.327533e-01 9.368677e-01 1.074904e-01 -1.801548e+02 3.994512e-01 3.677754e-02 9.160165e-01 8.279624e+01
8.583754e-01 3.462308e-01 -3.785709e-01 4.986562e+02 -3.327203e-01 9.373944e-01 1.029024e-01 -1.799046e+02 3.904982e-01 3.762940e-02 9.198343e-01 8.368550e+01
8.635252e-01 3.495033e-01 -3.635543e-01 4.980417e+02 -3.383096e-01 9.360896e-01 9.634746e-02 -1.794072e+02 3.739932e-01 3.979546e-02 9.265773e-01 8.429783e+01
8.710900e-01 3.512444e-01 -3.432632e-01 4.972896e+02 -3.423106e-01 9.354108e-01 8.848742e-02 -1.789112e+02 3.521728e-01 4.042210e-02 9.350617e-01 8.473186e+01
8.749579e-01 3.517061e-01 -3.327934e-01 4.969015e+02 -3.442666e-01 9.351780e-01 8.320195e-02 -1.786916e+02 3.404837e-01 4.177144e-02 9.393221e-01 8.562695e+01
8.728139e-01 3.516588e-01 -3.384257e-01 4.974455e+02 -3.452913e-01 9.349909e-01 8.103033e-02 -1.787929e+02 3.449200e-01 4.613107e-02 9.374978e-01 8.645994e+01
8.731114e-01 3.534230e-01 -3.358104e-01 4.976382e+02 -3.469617e-01 9.343530e-01 8.125317e-02 -1.790527e+02 3.424822e-01 4.557026e-02 9.384185e-01 8.740618e+01
8.798159e-01 3.514193e-01 -3.200445e-01 4.969198e+02 -3.460252e-01 9.351734e-01 7.561286e-02 -1.789711e+02 3.258689e-01 4.421808e-02 9.443803e-01 8.809703e+01
8.824455e-01 3.496840e-01 -3.146601e-01 4.966901e+02 -3.451429e-01 9.357836e-01 7.201033e-02 -1.790439e+02 3.196346e-01 4.505749e-02 9.464690e-01 8.906758e+01
8.852534e-01 3.484965e-01 -3.080204e-01 4.965493e+02 -3.454932e-01 9.360872e-01 6.614515e-02 -1.791428e+02 3.113853e-01 4.786373e-02 9.490776e-01 9.005266e+01
8.870636e-01 3.491382e-01 -3.020275e-01 4.963766e+02 -3.481377e-01 9.355833e-01 5.902629e-02 -1.790866e+02 3.031802e-01 5.278709e-02 9.514701e-01 9.103603e+01
8.884346e-01 3.502805e-01 -2.966270e-01 4.963009e+02 -3.506151e-01 9.349647e-01 5.394406e-02 -1.791991e+02 2.962313e-01 5.607613e-02 9.534687e-01 9.202680e+01
8.907249e-01 3.506962e-01 -2.891734e-01 4.960883e+02 -3.521055e-01 9.346787e-01 4.896421e-02 -1.792272e+02 2.874558e-01 5.820591e-02 9.560237e-01 9.300352e+01
8.935288e-01 3.480906e-01 -2.836181e-01 4.959864e+02 -3.511066e-01 9.353982e-01 4.188561e-02 -1.791643e+02 2.798758e-01 6.215416e-02 9.580221e-01 9.399633e+01
8.957062e-01 3.462087e-01 -2.790160e-01 4.959310e+02 -3.502914e-01 9.359180e-01 3.678922e-02 -1.791489e+02 2.738729e-01 6.478458e-02 9.595815e-01 9.499467e+01
8.968577e-01 3.483428e-01 -2.725868e-01 4.957886e+02 -3.525192e-01 9.351429e-01 3.518407e-02 -1.793313e+02 2.671637e-01 6.453698e-02 9.614877e-01 9.596754e+01
8.967835e-01 3.532643e-01 -2.664277e-01 4.955605e+02 -3.577513e-01 9.332259e-01 3.321713e-02 -1.794056e+02 2.603716e-01 6.552626e-02 9.632824e-01 9.693833e+01
8.965038e-01 3.594231e-01 -2.590288e-01 4.952572e+02 -3.641494e-01 9.308160e-01 3.125291e-02 -1.793705e+02 2.523412e-01 6.630685e-02 9.653638e-01 9.789058e+01
8.943288e-01 3.643361e-01 -2.596831e-01 4.955646e+02 -3.685953e-01 9.289704e-01 3.393375e-02 -1.796438e+02 2.536012e-01 6.537005e-02 9.650975e-01 9.880210e+01
8.957293e-01 3.627463e-01 -2.570684e-01 4.955946e+02 -3.689618e-01 9.290967e-01 2.542683e-02 -1.796274e+02 2.480648e-01 7.207285e-02 9.660587e-01 9.980151e+01
8.957929e-01 3.586887e-01 -2.624833e-01 4.959438e+02 -3.664087e-01 9.302236e-01 2.070361e-02 -1.800050e+02 2.515943e-01 7.763001e-02 9.647144e-01 1.006591e+02
8.987121e-01 3.541722e-01 -2.586091e-01 4.957241e+02 -3.631151e-01 9.316389e-01 1.401612e-02 -1.801552e+02 2.458944e-01 8.130839e-02 9.658804e-01 1.016231e+02
8.996827e-01 3.552981e-01 -2.536420e-01 4.955043e+02 -3.648278e-01 9.310203e-01 1.009477e-02 -1.802120e+02 2.397325e-01 8.345358e-02 9.672455e-01 1.025969e+02
8.999175e-01 3.576515e-01 -2.494671e-01 4.953334e+02 -3.670744e-01 9.301446e-01 9.343338e-03 -1.802281e+02 2.353822e-01 8.316478e-02 9.683382e-01 1.035821e+02
9.000828e-01 3.591213e-01 -2.467445e-01 4.950954e+02 -3.681274e-01 9.297185e-01 1.028048e-02 -1.802191e+02 2.330949e-01 8.158011e-02 9.690260e-01 1.045533e+02
8.980970e-01 3.630141e-01 -2.482792e-01 4.948892e+02 -3.721569e-01 9.281069e-01 1.080595e-02 -1.802518e+02 2.343524e-01 8.269404e-02 9.686282e-01 1.055313e+02
8.958093e-01 3.660706e-01 -2.520276e-01 4.946124e+02 -3.758173e-01 9.266384e-01 1.013558e-02 -1.802152e+02 2.372488e-01 8.563680e-02 9.676670e-01 1.064915e+02
8.941425e-01 3.668513e-01 -2.567669e-01 4.943666e+02 -3.759734e-01 9.265172e-01 1.448880e-02 -1.801939e+02 2.432142e-01 8.358246e-02 9.663648e-01 1.074606e+02
8.942900e-01 3.646685e-01 -2.593497e-01 4.941223e+02 -3.723219e-01 9.278700e-01 2.082593e-02 -1.802367e+02 2.482373e-01 7.793715e-02 9.655589e-01 1.084294e+02
8.934180e-01 3.633770e-01 -2.641240e-01 4.939043e+02 -3.695066e-01 9.288075e-01 2.795423e-02 -1.802570e+02 2.554783e-01 7.262076e-02 9.640835e-01 1.094051e+02
8.911438e-01 3.665255e-01 -2.674357e-01 4.935696e+02 -3.709044e-01 9.279773e-01 3.588953e-02 -1.801923e+02 2.613287e-01 6.721037e-02 9.629071e-01 1.103452e+02
8.864412e-01 3.723484e-01 -2.749157e-01 4.933858e+02 -3.743868e-01 9.260752e-01 4.710785e-02 -1.802095e+02 2.721331e-01 6.116647e-02 9.603136e-01 1.113280e+02
8.830594e-01 3.755410e-01 -2.813805e-01 4.930640e+02 -3.756651e-01 9.250805e-01 5.569348e-02 -1.801554e+02 2.812148e-01 5.652419e-02 9.579787e-01 1.122733e+02
8.800371e-01 3.754839e-01 -2.907691e-01 4.927474e+02 -3.733380e-01 9.254094e-01 6.508595e-02 -1.800992e+02 2.935191e-01 5.127710e-02 9.545770e-01 1.132202e+02
8.788917e-01 3.704670e-01 -3.005055e-01 4.924494e+02 -3.661968e-01 9.276966e-01 7.265633e-02 -1.800246e+02 3.056947e-01 4.618712e-02 9.510087e-01 1.141718e+02
8.773981e-01 3.654810e-01 -3.107995e-01 4.920824e+02 -3.610968e-01 9.296059e-01 7.376976e-02 -1.799139e+02 3.158825e-01 4.750326e-02 9.476084e-01 1.150955e+02
8.745102e-01 3.625570e-01 -3.221559e-01 4.917530e+02 -3.596810e-01 9.303931e-01 7.069808e-02 -1.798465e+02 3.253637e-01 5.404719e-02 9.440431e-01 1.160372e+02
8.705976e-01 3.600936e-01 -3.352497e-01 4.914193e+02 -3.574633e-01 9.311571e-01 7.187768e-02 -1.797469e+02 3.380528e-01 5.726292e-02 9.393834e-01 1.169746e+02
8.679087e-01 3.555659e-01 -3.468535e-01 4.910355e+02 -3.530221e-01 9.327738e-01 7.285949e-02 -1.796519e+02 3.494422e-01 5.921156e-02 9.350851e-01 1.178931e+02
8.645029e-01 3.501385e-01 -3.606076e-01 4.907904e+02 -3.469746e-01 9.348028e-01 7.584408e-02 -1.796415e+02 3.636529e-01 5.955424e-02 9.296289e-01 1.188626e+02
8.624138e-01 3.422937e-01 -3.729309e-01 4.904870e+02 -3.370134e-01 9.379612e-01 8.155189e-02 -1.795977e+02 3.777094e-01 5.535123e-02 9.242683e-01 1.198144e+02
8.596345e-01 3.379448e-01 -3.831734e-01 4.901499e+02 -3.311465e-01 9.396669e-01 8.583728e-02 -1.795484e+02 3.890637e-01 5.309787e-02 9.196793e-01 1.207546e+02
8.562223e-01 3.371356e-01 -3.914371e-01 4.897292e+02 -3.287389e-01 9.400670e-01 9.058035e-02 -1.794422e+02 3.985150e-01 5.112369e-02 9.157359e-01 1.216556e+02
8.532561e-01 3.378445e-01 -3.972594e-01 4.893172e+02 -3.270078e-01 9.400235e-01 9.706583e-02 -1.793635e+02 4.062263e-01 4.708492e-02 9.125586e-01 1.225633e+02
8.522991e-01 3.353688e-01 -4.013900e-01 4.889102e+02 -3.201801e-01 9.413353e-01 1.066427e-01 -1.792660e+02 4.136072e-01 3.762559e-02 9.096776e-01 1.234715e+02
8.523151e-01 3.331554e-01 -4.031953e-01 4.884709e+02 -3.139848e-01 9.424385e-01 1.149926e-01 -1.791722e+02 4.182972e-01 2.858732e-02 9.078603e-01 1.243650e+02
8.514401e-01 3.338369e-01 -4.044783e-01 4.880462e+02 -3.131517e-01 9.422790e-01 1.185171e-01 -1.790825e+02 4.206968e-01 2.575284e-02 9.068357e-01 1.252659e+02
8.510281e-01 3.319145e-01 -4.069200e-01 4.876205e+02 -3.125884e-01 9.428619e-01 1.153250e-01 -1.789441e+02 4.219474e-01 2.905361e-02 9.061547e-01 1.261601e+02
8.500781e-01 3.282743e-01 -4.118290e-01 4.872911e+02 -3.096880e-01 9.440657e-01 1.132838e-01 -1.789148e+02 4.259819e-01 3.123840e-02 9.041922e-01 1.271038e+02
8.480285e-01 3.314082e-01 -4.135411e-01 4.868994e+02 -3.129445e-01 9.429164e-01 1.139050e-01 -1.788213e+02 4.276838e-01 3.282075e-02 9.033324e-01 1.280192e+02
8.466114e-01 3.359759e-01 -4.127581e-01 4.864907e+02 -3.180311e-01 9.412234e-01 1.138188e-01 -1.786705e+02 4.267380e-01 3.490958e-02 9.037013e-01 1.289193e+02
8.481981e-01 3.379473e-01 -4.078623e-01 4.859076e+02 -3.211945e-01 9.404525e-01 1.112796e-01 -1.784478e+02 4.211817e-01 3.661596e-02 9.062368e-01 1.297006e+02
8.448750e-01 3.432319e-01 -4.103391e-01 4.855241e+02 -3.277378e-01 9.383342e-01 1.100768e-01 -1.783656e+02 4.228171e-01 4.148249e-02 9.052651e-01 1.306205e+02
8.431273e-01 3.460220e-01 -4.115884e-01 4.851016e+02 -3.327736e-01 9.370217e-01 1.060760e-01 -1.782661e+02 4.223719e-01 4.753018e-02 9.051756e-01 1.315213e+02
8.420627e-01 3.458498e-01 -4.139061e-01 4.846823e+02 -3.348323e-01 9.367881e-01 1.015647e-01 -1.781704e+02 4.228685e-01 5.306526e-02 9.046360e-01 1.324241e+02
8.412379e-01 3.462909e-01 -4.152124e-01 4.842816e+02 -3.355823e-01 9.365597e-01 1.011953e-01 -1.781049e+02 4.239142e-01 5.420858e-02 9.040786e-01 1.333380e+02
8.430905e-01 3.490613e-01 -4.090901e-01 4.837506e+02 -3.369201e-01 9.357613e-01 1.040941e-01 -1.780316e+02 4.191459e-01 5.006992e-02 9.065372e-01 1.341822e+02
8.427492e-01 3.509687e-01 -4.081602e-01 4.833801e+02 -3.363950e-01 9.353117e-01 1.096836e-01 -1.779652e+02 4.202525e-01 4.486727e-02 9.062973e-01 1.351086e+02
8.443368e-01 3.512238e-01 -4.046445e-01 4.829739e+02 -3.341675e-01 9.355056e-01 1.147226e-01 -1.778826e+02 4.188406e-01 3.835455e-02 9.072494e-01 1.360187e+02
8.467666e-01 3.530842e-01 -3.978918e-01 4.824956e+02 -3.345721e-01 9.349927e-01 1.176869e-01 -1.777808e+02 4.135793e-01 3.347015e-02 9.098527e-01 1.368910e+02
8.453102e-01 3.569549e-01 -3.975347e-01 4.821291e+02 -3.389476e-01 9.334476e-01 1.174310e-01 -1.777167e+02 4.129955e-01 3.547780e-02 9.100418e-01 1.378192e+02
8.459385e-01 3.574270e-01 -3.957701e-01 4.816784e+02 -3.418301e-01 9.330615e-01 1.120199e-01 -1.775556e+02 4.093168e-01 4.052424e-02 9.114919e-01 1.386972e+02
8.457141e-01 3.566045e-01 -3.969898e-01 4.812752e+02 -3.427677e-01 9.331857e-01 1.080499e-01 -1.774600e+02 4.089963e-01 4.469596e-02 9.114408e-01 1.396073e+02
8.451986e-01 3.563556e-01 -3.983090e-01 4.808902e+02 -3.421739e-01 9.333028e-01 1.089173e-01 -1.773783e+02 4.105561e-01 4.423424e-02 9.107618e-01 1.405266e+02
8.453954e-01 3.560187e-01 -3.981926e-01 4.804986e+02 -3.417856e-01 9.334424e-01 1.089399e-01 -1.772759e+02 4.104745e-01 4.399920e-02 9.108099e-01 1.414410e+02
8.452420e-01 3.567568e-01 -3.978573e-01 4.800797e+02 -3.418866e-01 9.332238e-01 1.104844e-01 -1.771656e+02 4.107060e-01 4.263602e-02 9.107704e-01 1.423423e+02
8.449310e-01 3.554043e-01 -3.997242e-01 4.797118e+02 -3.405967e-01 9.337234e-01 1.102474e-01 -1.770739e+02 4.124143e-01 4.299327e-02 9.099813e-01 1.432677e+02
8.443851e-01 3.566962e-01 -3.997270e-01 4.793375e+02 -3.413587e-01 9.332705e-01 1.117159e-01 -1.769936e+02 4.129021e-01 4.211904e-02 9.098010e-01 1.441915e+02
8.446102e-01 3.568251e-01 -3.991359e-01 4.789397e+02 -3.405506e-01 9.333206e-01 1.137449e-01 -1.768914e+02 4.131088e-01 3.985585e-02 9.098091e-01 1.451033e+02
8.467025e-01 3.510031e-01 -3.998646e-01 4.785489e+02 -3.338892e-01 9.356542e-01 1.143205e-01 -1.768055e+02 4.142618e-01 3.671505e-02 9.094169e-01 1.460197e+02
8.464197e-01 3.492403e-01 -4.020010e-01 4.781396e+02 -3.341250e-01 9.361171e-01 1.097506e-01 -1.767146e+02 4.146494e-01 4.142352e-02 9.090380e-01 1.469276e+02
8.447008e-01 3.459801e-01 -4.083849e-01 4.778047e+02 -3.343085e-01 9.369004e-01 1.022523e-01 -1.766439e+02 4.179933e-01 5.015396e-02 9.070646e-01 1.478672e+02
8.434839e-01 3.429417e-01 -4.134319e-01 4.774537e+02 -3.320205e-01 9.378930e-01 1.005938e-01 -1.766043e+02 4.222527e-01 5.241859e-02 9.049613e-01 1.488027e+02
8.435966e-01 3.421669e-01 -4.138436e-01 4.770650e+02 -3.287093e-01 9.384773e-01 1.058800e-01 -1.765389e+02 4.246115e-01 4.671428e-02 9.041697e-01 1.497218e+02
8.431416e-01 3.465630e-01 -4.111038e-01 4.766270e+02 -3.308033e-01 9.370874e-01 1.115188e-01 -1.764401e+02 4.238885e-01 4.196834e-02 9.047415e-01 1.506153e+02
8.412444e-01 3.499265e-01 -4.121398e-01 4.762290e+02 -3.345026e-01 9.357491e-01 1.117217e-01 -1.763395e+02 4.247538e-01 4.387659e-02 9.042450e-01 1.515272e+02
8.402127e-01 3.485973e-01 -4.153583e-01 4.758733e+02 -3.337217e-01 9.361591e-01 1.106161e-01 -1.762881e+02 4.274019e-01 4.567301e-02 9.029073e-01 1.524603e+02
8.350571e-01 3.444910e-01 -4.289587e-01 4.757549e+02 -3.264125e-01 9.378637e-01 1.177561e-01 -1.763695e+02 4.428707e-01 4.168441e-02 8.956160e-01 1.534500e+02
8.365843e-01 3.451245e-01 -4.254596e-01 4.752387e+02 -3.258698e-01 9.377751e-01 1.199448e-01 -1.762612e+02 4.403813e-01 3.830047e-02 8.969935e-01 1.542996e+02
8.342203e-01 3.473075e-01 -4.283153e-01 4.748943e+02 -3.267175e-01 9.370233e-01 1.234625e-01 -1.761797e+02 4.442209e-01 3.694316e-02 8.951553e-01 1.552348e+02
8.339758e-01 3.450860e-01 -4.305811e-01 4.744560e+02 -3.241746e-01 9.378662e-01 1.237649e-01 -1.760729e+02 4.465370e-01 3.636655e-02 8.940258e-01 1.561273e+02
8.318119e-01 3.454801e-01 -4.344335e-01 4.740244e+02 -3.241085e-01 9.377075e-01 1.251329e-01 -1.759653e+02 4.506025e-01 3.671658e-02 8.919693e-01 1.570229e+02
8.283306e-01 3.492809e-01 -4.380311e-01 4.735743e+02 -3.269143e-01 9.362930e-01 1.283840e-01 -1.758689e+02 4.549675e-01 3.685426e-02 8.897451e-01 1.579107e+02
8.258701e-01 3.486413e-01 -4.431567e-01 4.731171e+02 -3.249023e-01 9.365832e-01 1.313407e-01 -1.757774e+02 4.608439e-01 3.551228e-02 8.867704e-01 1.587953e+02
8.199178e-01 3.542439e-01 -4.497177e-01 4.726561e+02 -3.284439e-01 9.344926e-01 1.372891e-01 -1.756747e+02 4.688917e-01 3.514125e-02 8.825563e-01 1.596768e+02
8.165273e-01 3.560366e-01 -4.544460e-01 4.720374e+02 -3.290697e-01 9.338182e-01 1.403447e-01 -1.754650e+02 4.743378e-01 3.494908e-02 8.796489e-01 1.604338e+02
8.079343e-01 3.570445e-01 -4.687871e-01 4.717081e+02 -3.290553e-01 9.333086e-01 1.437276e-01 -1.754295e+02 4.888402e-01 3.813444e-02 8.715394e-01 1.613774e+02
7.981898e-01 3.529787e-01 -4.881589e-01 4.714729e+02 -3.251151e-01 9.346148e-01 1.442063e-01 -1.753636e+02 5.071423e-01 4.360380e-02 8.607586e-01 1.623471e+02
7.909415e-01 3.462332e-01 -5.045138e-01 4.709989e+02 -3.193234e-01 9.368933e-01 1.423499e-01 -1.752178e+02 5.219619e-01 4.851261e-02 8.515881e-01 1.632155e+02
7.789644e-01 3.428787e-01 -5.250226e-01 4.705542e+02 -3.132169e-01 9.380896e-01 1.479292e-01 -1.751052e+02 5.432400e-01 4.921432e-02 8.381338e-01 1.641041e+02
7.639932e-01 3.444689e-01 -5.455782e-01 4.700252e+02 -3.103111e-01 9.375153e-01 1.573914e-01 -1.749576e+02 5.657043e-01 4.905304e-02 8.231479e-01 1.649397e+02
7.443157e-01 3.511328e-01 -5.680667e-01 4.694325e+02 -3.107487e-01 9.350215e-01 1.707925e-01 -1.747162e+02 5.911255e-01 4.940243e-02 8.050653e-01 1.657082e+02
7.114074e-01 3.570937e-01 -6.052963e-01 4.693835e+02 -3.072913e-01 9.326473e-01 1.890532e-01 -1.747150e+02 6.320377e-01 5.150844e-02 7.732239e-01 1.667070e+02
6.616923e-01 3.590406e-01 -6.582197e-01 4.698089e+02 -2.970177e-01 9.315901e-01 2.095718e-01 -1.747737e+02 6.884358e-01 5.683091e-02 7.230674e-01 1.676100e+02
6.364163e-01 3.646325e-01 -6.797186e-01 4.690372e+02 -2.919166e-01 9.295243e-01 2.253202e-01 -1.746128e+02 7.139740e-01 5.502374e-02 6.980068e-01 1.682253e+02
6.122711e-01 3.679492e-01 -6.998125e-01 4.682518e+02 -2.857512e-01 9.282640e-01 2.380591e-01 -1.743679e+02 7.372044e-01 5.421559e-02 6.734911e-01 1.687938e+02
5.857718e-01 3.713064e-01 -7.204186e-01 4.674893e+02 -2.796431e-01 9.268910e-01 2.503454e-01 -1.741614e+02 7.607044e-01 5.481478e-02 6.467799e-01 1.694070e+02
5.609563e-01 3.726466e-01 -7.392311e-01 4.666626e+02 -2.711623e-01 9.264060e-01 2.612334e-01 -1.738878e+02 7.821758e-01 5.391108e-02 6.207210e-01 1.698987e+02
5.332675e-01 3.759529e-01 -7.578161e-01 4.658618e+02 -2.661708e-01 9.248897e-01 2.715366e-01 -1.736161e+02 8.029813e-01 5.690686e-02 5.932813e-01 1.704324e+02
5.038993e-01 3.779894e-01 -7.766657e-01 4.650791e+02 -2.610428e-01 9.237621e-01 2.802145e-01 -1.733553e+02 8.233724e-01 6.154314e-02 5.641545e-01 1.709975e+02
4.749892e-01 3.817569e-01 -7.928726e-01 4.642868e+02 -2.599758e-01 9.216595e-01 2.880213e-01 -1.730338e+02 8.407127e-01 6.932067e-02 5.370258e-01 1.715160e+02
4.526066e-01 3.864454e-01 -8.036213e-01 4.633635e+02 -2.564250e-01 9.195527e-01 2.977736e-01 -1.727781e+02 8.540454e-01 7.129428e-02 5.152899e-01 1.718028e+02
4.339073e-01 3.913071e-01 -8.115437e-01 4.625575e+02 -2.512050e-01 9.175813e-01 3.081243e-01 -1.724981e+02 8.652286e-01 7.016650e-02 4.964435e-01 1.723242e+02
4.181351e-01 3.972351e-01 -8.169255e-01 4.617267e+02 -2.458131e-01 9.152435e-01 3.192259e-01 -1.721955e+02 8.744935e-01 6.733150e-02 4.803411e-01 1.727914e+02
4.045406e-01 4.048770e-01 -8.200131e-01 4.609210e+02 -2.449326e-01 9.118694e-01 3.293969e-01 -1.718872e+02 8.811101e-01 6.759353e-02 4.680558e-01 1.732971e+02
3.939338e-01 4.075826e-01 -8.238280e-01 4.600821e+02 -2.464045e-01 9.103262e-01 3.325524e-01 -1.715349e+02 8.854948e-01 7.199129e-02 4.590384e-01 1.737120e+02
3.827630e-01 4.106362e-01 -8.275690e-01 4.592804e+02 -2.482924e-01 9.085525e-01 3.359810e-01 -1.711908e+02 8.898558e-01 7.687800e-02 4.497181e-01 1.742008e+02
3.785883e-01 4.109246e-01 -8.293442e-01 4.584535e+02 -2.466679e-01 9.084290e-01 3.375080e-01 -1.708658e+02 8.920907e-01 7.679600e-02 4.452826e-01 1.746598e+02
3.779734e-01 4.091753e-01 -8.304888e-01 4.576176e+02 -2.417215e-01 9.095349e-01 3.381080e-01 -1.705463e+02 8.937040e-01 7.295115e-02 4.426865e-01 1.751060e+02
3.775449e-01 4.063490e-01 -8.320699e-01 4.568070e+02 -2.364796e-01 9.110866e-01 3.376368e-01 -1.701971e+02 8.952861e-01 6.929448e-02 4.400693e-01 1.755760e+02
3.782016e-01 4.023054e-01 -8.337349e-01 4.559579e+02 -2.331367e-01 9.129949e-01 3.347948e-01 -1.698408e+02 8.958855e-01 6.775422e-02 4.390883e-01 1.759660e+02
3.809275e-01 3.962952e-01 -8.353708e-01 4.550843e+02 -2.288359e-01 9.157895e-01 3.300966e-01 -1.694855e+02 8.958395e-01 6.541993e-02 4.395359e-01 1.762986e+02
3.838410e-01 3.900909e-01 -8.369559e-01 4.542534e+02 -2.238876e-01 9.186563e-01 3.254918e-01 -1.691527e+02 8.958462e-01 6.244694e-02 4.399545e-01 1.767446e+02
3.846563e-01 3.878591e-01 -8.376186e-01 4.534216e+02 -2.256776e-01 9.194144e-01 3.220976e-01 -1.687864e+02 8.950470e-01 6.513488e-02 4.411896e-01 1.771617e+02
3.860133e-01 3.889849e-01 -8.364714e-01 4.525809e+02 -2.242084e-01 9.191220e-01 3.239527e-01 -1.684512e+02 8.948320e-01 6.249387e-02 4.420071e-01 1.775869e+02
3.881038e-01 3.939116e-01 -8.331921e-01 4.517237e+02 -2.269844e-01 9.170624e-01 3.278332e-01 -1.681164e+02 8.932265e-01 6.188829e-02 4.453272e-01 1.779782e+02
3.922319e-01 3.960790e-01 -8.302262e-01 4.508475e+02 -2.294084e-01 9.161520e-01 3.286903e-01 -1.677281e+02 8.908007e-01 6.153805e-02 4.502079e-01 1.782637e+02
3.932564e-01 3.931911e-01 -8.311138e-01 4.500212e+02 -2.313535e-01 9.171780e-01 3.244381e-01 -1.674065e+02 8.898455e-01 6.469371e-02 4.516522e-01 1.787261e+02
3.924935e-01 3.861858e-01 -8.347511e-01 4.492544e+02 -2.310961e-01 9.198723e-01 3.169063e-01 -1.671341e+02 8.902491e-01 6.852406e-02 4.502899e-01 1.793073e+02
3.958765e-01 3.810038e-01 -8.355345e-01 4.484477e+02 -2.321460e-01 9.218356e-01 3.103663e-01 -1.668008e+02 8.884762e-01 7.109928e-02 4.533816e-01 1.797953e+02
4.038805e-01 3.781433e-01 -8.329995e-01 4.475809e+02 -2.249109e-01 9.236655e-01 3.102532e-01 -1.665268e+02 8.867331e-01 6.204545e-02 4.580990e-01 1.802119e+02
4.065426e-01 3.779263e-01 -8.318021e-01 4.467849e+02 -2.213109e-01 9.240560e-01 3.116760e-01 -1.662472e+02 8.864223e-01 5.737727e-02 4.593074e-01 1.807488e+02
4.122930e-01 3.792022e-01 -8.283841e-01 4.459376e+02 -2.207963e-01 9.237443e-01 3.129624e-01 -1.659383e+02 8.838911e-01 5.387187e-02 4.645798e-01 1.811808e+02
4.145681e-01 3.796517e-01 -8.270416e-01 4.451280e+02 -2.216833e-01 9.235727e-01 3.128418e-01 -1.656038e+02 8.826040e-01 5.364711e-02 4.670462e-01 1.816632e+02
4.183835e-01 3.804521e-01 -8.247493e-01 4.443214e+02 -2.156039e-01 9.236901e-01 3.167201e-01 -1.653222e+02 8.823096e-01 4.530872e-02 4.684836e-01 1.821828e+02
4.208153e-01 3.819514e-01 -8.228169e-01 4.434791e+02 -2.174791e-01 9.230648e-01 3.172605e-01 -1.650305e+02 8.806914e-01 4.543737e-02 4.715062e-01 1.826361e+02
4.265817e-01 3.745013e-01 -8.232720e-01 4.426492e+02 -2.067378e-01 9.265231e-01 3.143475e-01 -1.647527e+02 8.805041e-01 3.610655e-02 4.726614e-01 1.831199e+02
4.319725e-01 3.662178e-01 -8.241870e-01 4.418245e+02 -1.989102e-01 9.300304e-01 3.089953e-01 -1.644306e+02 8.796786e-01 3.046174e-02 4.745920e-01 1.835848e+02
4.348428e-01 3.588079e-01 -8.259350e-01 4.409817e+02 -1.989219e-01 9.328056e-01 3.005058e-01 -1.641125e+02 8.782607e-01 3.362382e-02 4.769986e-01 1.840190e+02
4.349795e-01 3.542405e-01 -8.278324e-01 4.401582e+02 -1.967238e-01 9.345409e-01 2.965351e-01 -1.638687e+02 8.786880e-01 3.386770e-02 4.761936e-01 1.845312e+02
4.376121e-01 3.514266e-01 -8.276443e-01 4.393052e+02 -1.941449e-01 9.356772e-01 2.946455e-01 -1.635645e+02 8.779541e-01 3.174247e-02 4.776913e-01 1.849553e+02
4.341463e-01 3.602281e-01 -8.256832e-01 4.384913e+02 -2.035943e-01 9.320886e-01 2.996002e-01 -1.632326e+02 8.775343e-01 3.803406e-02 4.780032e-01 1.854322e+02
4.323313e-01 3.729429e-01 -8.209770e-01 4.376511e+02 -2.080980e-01 9.271504e-01 3.115883e-01 -1.629420e+02 8.773738e-01 3.613429e-02 4.784449e-01 1.858901e+02
4.326697e-01 3.802014e-01 -8.174618e-01 4.368076e+02 -2.049219e-01 9.244673e-01 3.215077e-01 -1.626514e+02 8.779544e-01 2.840914e-02 4.779006e-01 1.863417e+02
4.308204e-01 3.790731e-01 -8.189611e-01 4.359949e+02 -2.002017e-01 9.250326e-01 3.228529e-01 -1.623667e+02 8.799506e-01 2.486576e-02 4.744140e-01 1.868502e+02
4.306534e-01 3.695351e-01 -8.233963e-01 4.351672e+02 -1.995130e-01 9.287415e-01 3.124640e-01 -1.620361e+02 8.801887e-01 2.971462e-02 4.736928e-01 1.873036e+02
4.294065e-01 3.614146e-01 -8.276409e-01 4.343364e+02 -1.960153e-01 9.318844e-01 3.052367e-01 -1.617575e+02 8.815827e-01 3.115960e-02 4.710000e-01 1.877854e+02
4.269015e-01 3.580955e-01 -8.303750e-01 4.335124e+02 -1.943214e-01 9.331289e-01 3.025057e-01 -1.614702e+02 8.831729e-01 3.221954e-02 4.679397e-01 1.882739e+02
4.249310e-01 3.598754e-01 -8.306163e-01 4.326756e+02 -1.899288e-01 9.325995e-01 3.068962e-01 -1.611973e+02 8.850767e-01 2.734827e-02 4.646411e-01 1.887484e+02
4.218568e-01 3.658675e-01 -8.295648e-01 4.318281e+02 -1.949650e-01 9.301671e-01 3.110914e-01 -1.608926e+02 8.854521e-01 3.050010e-02 4.637287e-01 1.891830e+02
4.231873e-01 3.705625e-01 -8.267986e-01 4.309815e+02 -1.888926e-01 9.285708e-01 3.194932e-01 -1.606074e+02 8.861333e-01 2.097065e-02 4.629558e-01 1.896324e+02
4.218410e-01 3.787229e-01 -8.237834e-01 4.301530e+02 -1.909126e-01 9.253139e-01 3.276380e-01 -1.602979e+02 8.863422e-01 1.905945e-02 4.626383e-01 1.900991e+02
4.218954e-01 3.811140e-01 -8.226520e-01 4.292969e+02 -1.927578e-01 9.243199e-01 3.293587e-01 -1.599911e+02 8.859169e-01 1.961769e-02 4.634290e-01 1.905151e+02
4.197590e-01 3.763404e-01 -8.259360e-01 4.284759e+02 -1.949910e-01 9.261302e-01 3.228954e-01 -1.596748e+02 8.864428e-01 2.551188e-02 4.621345e-01 1.909903e+02
4.205151e-01 3.689174e-01 -8.288951e-01 4.276348e+02 -1.918128e-01 9.290978e-01 3.162043e-01 -1.593509e+02 8.867778e-01 2.602403e-02 4.614627e-01 1.914234e+02
4.218495e-01 3.681036e-01 -8.285788e-01 4.267906e+02 -1.943077e-01 9.293460e-01 3.139436e-01 -1.590381e+02 8.856001e-01 2.856229e-02 4.635695e-01 1.918589e+02
4.226896e-01 3.702372e-01 -8.271988e-01 4.259691e+02 -1.928387e-01 9.285874e-01 3.170782e-01 -1.587172e+02 8.855206e-01 2.549028e-02 4.639003e-01 1.923302e+02
4.244631e-01 3.757371e-01 -8.238038e-01 4.251219e+02 -1.909581e-01 9.265168e-01 3.241938e-01 -1.584089e+02 8.850797e-01 1.970374e-02 4.650223e-01 1.927629e+02
4.254792e-01 3.778725e-01 -8.223016e-01 4.242660e+02 -1.930008e-01 9.256370e-01 3.254949e-01 -1.580789e+02 8.841483e-01 2.021356e-02 4.667689e-01 1.931610e+02
4.258848e-01 3.743941e-01 -8.236815e-01 4.234512e+02 -1.914895e-01 9.270445e-01 3.223668e-01 -1.577790e+02 8.842816e-01 2.043523e-02 4.665067e-01 1.936571e+02
4.265389e-01 3.715578e-01 -8.246268e-01 4.226155e+02 -1.936354e-01 9.280988e-01 3.180218e-01 -1.574818e+02 8.834987e-01 2.402824e-02 4.678170e-01 1.941190e+02
4.296068e-01 3.670340e-01 -8.250600e-01 4.217786e+02 -1.908267e-01 9.299376e-01 3.143266e-01 -1.571953e+02 8.826229e-01 2.240661e-02 4.695474e-01 1.945854e+02
4.300724e-01 3.566882e-01 -8.293439e-01 4.209658e+02 -1.850739e-01 9.339641e-01 3.057101e-01 -1.568635e+02 8.836206e-01 2.201240e-02 4.676858e-01 1.950642e+02
4.335701e-01 3.534414e-01 -8.289126e-01 4.201142e+02 -1.820018e-01 9.352589e-01 3.035889e-01 -1.565228e+02 8.825487e-01 1.923654e-02 4.698273e-01 1.954626e+02
4.376255e-01 3.559536e-01 -8.257003e-01 4.192488e+02 -1.791289e-01 9.344108e-01 3.078787e-01 -1.562062e+02 8.811338e-01 1.317122e-02 4.726836e-01 1.958510e+02
4.412220e-01 3.605556e-01 -8.217803e-01 4.184183e+02 -1.766099e-01 9.327157e-01 3.144048e-01 -1.559030e+02 8.798477e-01 6.412218e-03 4.752124e-01 1.963183e+02
4.410221e-01 3.619019e-01 -8.212957e-01 4.176005e+02 -1.787803e-01 9.321817e-01 3.147615e-01 -1.556319e+02 8.795096e-01 8.014730e-03 4.758136e-01 1.968259e+02
4.479918e-01 3.603396e-01 -8.182046e-01 4.166928e+02 -1.780054e-01 9.328063e-01 3.133472e-01 -1.553397e+02 8.761378e-01 5.267886e-03 4.820320e-01 1.971269e+02
4.497444e-01 3.572108e-01 -8.186149e-01 4.158647e+02 -1.730303e-01 9.340231e-01 3.125081e-01 -1.550794e+02 8.762366e-01 1.096427e-03 4.818800e-01 1.976234e+02
4.531472e-01 3.541971e-01 -8.180477e-01 4.150084e+02 -1.696841e-01 9.351685e-01 3.109135e-01 -1.547657e+02 8.751371e-01 -2.079922e-03 4.838706e-01 1.980337e+02
4.531230e-01 3.520582e-01 -8.189839e-01 4.141885e+02 -1.698136e-01 9.359779e-01 3.083971e-01 -1.544379e+02 8.751245e-01 -6.672043e-04 4.838974e-01 1.985032e+02
4.561370e-01 3.516769e-01 -8.174732e-01 4.133348e+02 -1.644055e-01 9.360918e-01 3.109709e-01 -1.541043e+02 8.745913e-01 -7.448286e-03 4.848037e-01 1.989030e+02
4.544711e-01 3.562298e-01 -8.164290e-01 4.125254e+02 -1.625756e-01 9.343287e-01 3.171737e-01 -1.538310e+02 8.757997e-01 -1.141484e-02 4.825397e-01 1.994229e+02
4.531680e-01 3.568815e-01 -8.168686e-01 4.116928e+02 -1.630145e-01 9.340873e-01 3.176589e-01 -1.534999e+02 8.763932e-01 -1.079135e-02 4.814753e-01 1.998668e+02
4.587161e-01 3.549964e-01 -8.145901e-01 4.107968e+02 -1.624976e-01 9.347837e-01 3.158701e-01 -1.531602e+02 8.735984e-01 -1.252574e-02 4.864864e-01 2.001529e+02
4.546616e-01 3.580868e-01 -8.155101e-01 4.099781e+02 -1.651955e-01 9.336369e-01 3.178562e-01 -1.528828e+02 8.752104e-01 -9.798378e-03 4.836432e-01 2.006556e+02
4.571561e-01 3.627453e-01 -8.120494e-01 4.090914e+02 -1.692371e-01 9.318418e-01 3.209823e-01 -1.525537e+02 8.731364e-01 -9.310123e-03 4.873871e-01 2.009803e+02
4.532962e-01 3.655737e-01 -8.129443e-01 4.082686e+02 -1.686530e-01 9.307288e-01 3.244997e-01 -1.522940e+02 8.752592e-01 -9.988948e-03 4.835510e-01 2.014858e+02
4.565248e-01 3.622140e-01 -8.126414e-01 4.073998e+02 -1.693777e-01 9.320555e-01 3.202869e-01 -1.519287e+02 8.734393e-01 -8.575541e-03 4.868575e-01 2.018200e+02
4.583419e-01 3.600761e-01 -8.125687e-01 4.065401e+02 -1.688330e-01 9.328830e-01 3.181585e-01 -1.516035e+02 8.725928e-01 -8.636996e-03 4.883720e-01 2.022139e+02
4.532223e-01 3.613990e-01 -8.148499e-01 4.057451e+02 -1.693431e-01 9.323869e-01 3.193394e-01 -1.513401e+02 8.751643e-01 -6.742515e-03 4.837789e-01 2.027604e+02
4.477395e-01 3.627824e-01 -8.172627e-01 4.049902e+02 -1.703643e-01 9.318645e-01 3.203195e-01 -1.510728e+02 8.777844e-01 -4.187318e-03 4.790377e-01 2.033593e+02
4.450483e-01 3.635085e-01 -8.184092e-01 4.041785e+02 -1.708190e-01 9.315860e-01 3.208868e-01 -1.507996e+02 8.790636e-01 -3.010323e-03 4.766950e-01 2.038755e+02
4.393957e-01 3.662669e-01 -8.202317e-01 4.034074e+02 -1.719097e-01 9.305092e-01 3.234188e-01 -1.505263e+02 8.816907e-01 -1.103056e-03 4.718266e-01 2.044507e+02
4.410493e-01 3.693588e-01 -8.179545e-01 4.025658e+02 -1.756673e-01 9.292868e-01 3.249109e-01 -1.502049e+02 8.801230e-01 3.861305e-04 4.747455e-01 2.048846e+02
4.400716e-01 3.729792e-01 -8.168375e-01 4.017649e+02 -1.783579e-01 9.278384e-01 3.275734e-01 -1.499445e+02 8.800713e-01 1.533688e-03 4.748391e-01 2.054239e+02
4.404639e-01 3.747835e-01 -8.157995e-01 4.009540e+02 -1.805853e-01 9.271085e-01 3.284185e-01 -1.496581e+02 8.794206e-01 2.664898e-03 4.760382e-01 2.059341e+02
4.494745e-01 3.740236e-01 -8.112207e-01 4.000863e+02 -1.819958e-01 9.274189e-01 3.267595e-01 -1.492981e+02 8.745572e-01 7.687406e-04 4.849218e-01 2.062770e+02
4.520150e-01 3.656397e-01 -8.136277e-01 3.994957e+02 -1.836891e-01 9.307336e-01 3.162170e-01 -1.487075e+02 8.728922e-01 6.519711e-03 4.878696e-01 2.068268e+02
4.576681e-01 3.642542e-01 -8.110849e-01 3.987116e+02 -1.863612e-01 9.312663e-01 3.130697e-01 -1.483549e+02 8.693730e-01 7.872699e-03 4.940938e-01 2.073375e+02
4.653362e-01 3.662104e-01 -8.058239e-01 3.978894e+02 -1.908478e-01 9.304951e-01 3.126596e-01 -1.481159e+02 8.643144e-01 8.297897e-03 5.028835e-01 2.078541e+02
4.777762e-01 3.586329e-01 -8.019428e-01 3.971347e+02 -1.958012e-01 9.333836e-01 3.007607e-01 -1.476514e+02 8.563830e-01 1.332507e-02 5.161692e-01 2.083174e+02
4.895954e-01 3.560718e-01 -7.959329e-01 3.963642e+02 -1.972947e-01 9.343841e-01 2.966498e-01 -1.474373e+02 8.493357e-01 1.179496e-02 5.277213e-01 2.089179e+02
5.078543e-01 3.578455e-01 -7.836010e-01 3.955267e+02 -2.003153e-01 9.337593e-01 2.965930e-01 -1.473147e+02 8.378292e-01 6.341238e-03 5.458956e-01 2.094504e+02
5.208767e-01 3.543653e-01 -7.766033e-01 3.948775e+02 -2.023100e-01 9.350906e-01 2.909917e-01 -1.470124e+02 8.293119e-01 5.543845e-03 5.587585e-01 2.101484e+02
5.449791e-01 3.589891e-01 -7.577101e-01 3.939985e+02 -2.128722e-01 9.333342e-01 2.890893e-01 -1.468215e+02 8.109767e-01 3.747798e-03 5.850665e-01 2.105853e+02
5.705491e-01 3.619878e-01 -7.371829e-01 3.931591e+02 -2.262881e-01 9.321661e-01 2.825951e-01 -1.465235e+02 7.894729e-01 5.581306e-03 6.137601e-01 2.110397e+02
6.012100e-01 3.623613e-01 -7.122084e-01 3.922901e+02 -2.393858e-01 9.320122e-01 2.721170e-01 -1.461885e+02 7.623916e-01 6.893109e-03 6.470792e-01 2.114040e+02
6.221828e-01 3.590727e-01 -6.956690e-01 3.917136e+02 -2.448841e-01 9.332840e-01 2.627027e-01 -1.459510e+02 7.435861e-01 6.909192e-03 6.686045e-01 2.121858e+02
6.467121e-01 3.588356e-01 -6.730531e-01 3.910430e+02 -2.575220e-01 9.333294e-01 2.501574e-01 -1.457395e+02 7.179456e-01 1.154614e-02 6.960035e-01 2.128969e+02
6.700479e-01 3.596311e-01 -6.493853e-01 3.904290e+02 -2.712466e-01 9.329307e-01 2.367819e-01 -1.455494e+02 6.909856e-01 1.748833e-02 7.226569e-01 2.136630e+02
6.934625e-01 3.608355e-01 -6.236244e-01 3.898691e+02 -2.854696e-01 9.323188e-01 2.220107e-01 -1.453677e+02 6.615262e-01 2.406967e-02 7.495357e-01 2.144713e+02
7.253361e-01 3.613640e-01 -5.859212e-01 3.891637e+02 -3.014873e-01 9.319270e-01 2.015377e-01 -1.450987e+02 6.188642e-01 3.046526e-02 7.849070e-01 2.151272e+02
7.519455e-01 3.664600e-01 -5.479827e-01 3.885971e+02 -3.193932e-01 9.296949e-01 1.834542e-01 -1.449369e+02 5.766853e-01 3.707435e-02 8.161247e-01 2.159351e+02
7.795321e-01 3.728247e-01 -5.033204e-01 3.880184e+02 -3.390838e-01 9.268155e-01 1.613544e-01 -1.447912e+02 5.266421e-01 4.488687e-02 8.489012e-01 2.167375e+02
8.040152e-01 3.763842e-01 -4.603201e-01 3.876624e+02 -3.485735e-01 9.255331e-01 1.479355e-01 -1.447741e+02 4.817221e-01 4.151298e-02 8.753402e-01 2.176718e+02
8.278846e-01 3.795405e-01 -4.129845e-01 3.873001e+02 -3.583939e-01 9.243300e-01 1.310263e-01 -1.446971e+02 4.314637e-01 3.953647e-02 9.012635e-01 2.186007e+02
8.483239e-01 3.843707e-01 -3.641508e-01 3.870929e+02 -3.673593e-01 9.225643e-01 1.179923e-01 -1.447370e+02 3.813054e-01 3.367847e-02 9.238355e-01 2.195782e+02
8.686121e-01 3.841147e-01 -3.129998e-01 3.869090e+02 -3.717748e-01 9.228355e-01 1.007877e-01 -1.447529e+02 3.275614e-01 2.882001e-02 9.443903e-01 2.205610e+02
8.845201e-01 3.852379e-01 -2.630892e-01 3.867728e+02 -3.768937e-01 9.224735e-01 8.362848e-02 -1.448224e+02 2.749097e-01 2.518558e-02 9.611401e-01 2.215492e+02
9.007268e-01 3.813517e-01 -2.079955e-01 3.864983e+02 -3.784542e-01 9.239743e-01 5.517116e-02 -1.447347e+02 2.132221e-01 2.902261e-02 9.765726e-01 2.225068e+02
9.088373e-01 3.849370e-01 -1.607427e-01 3.864136e+02 -3.854433e-01 9.222663e-01 2.929626e-02 -1.447943e+02 1.595248e-01 3.533166e-02 9.865615e-01 2.235014e+02
9.187197e-01 3.904152e-01 -5.941404e-02 3.855239e+02 -3.913860e-01 9.202119e-01 -5.206445e-03 -1.447644e+02 5.264083e-02 2.803709e-02 9.982198e-01 2.239569e+02
9.196414e-01 3.893958e-01 5.128894e-02 3.847518e+02 -3.864605e-01 9.204376e-01 -5.867615e-02 -1.444836e+02 -7.005651e-02 3.413987e-02 9.969587e-01 2.245271e+02
9.192923e-01 3.805806e-01 1.003003e-01 3.849095e+02 -3.733611e-01 9.239050e-01 -8.367250e-02 -1.445691e+02 -1.245121e-01 3.947127e-02 9.914327e-01 2.255109e+02
9.136413e-01 3.768328e-01 1.525015e-01 3.850481e+02 -3.647547e-01 9.255290e-01 -1.017351e-01 -1.447350e+02 -1.794817e-01 3.732373e-02 9.830530e-01 2.264873e+02
9.028747e-01 3.780051e-01 2.047668e-01 3.852530e+02 -3.607530e-01 9.252469e-01 -1.173690e-01 -1.449277e+02 -2.338259e-01 3.209922e-02 9.717485e-01 2.274469e+02
8.900563e-01 3.802895e-01 2.513559e-01 3.855223e+02 -3.564555e-01 9.243252e-01 -1.362440e-01 -1.450898e+02 -2.841467e-01 3.166761e-02 9.582577e-01 2.283962e+02
8.773352e-01 3.773572e-01 2.964533e-01 3.858286e+02 -3.468022e-01 9.255691e-01 -1.518226e-01 -1.452817e+02 -3.316794e-01 3.038868e-02 9.429026e-01 2.293286e+02
8.630970e-01 3.751578e-01 3.381126e-01 3.861932e+02 -3.365317e-01 9.264102e-01 -1.688504e-01 -1.454413e+02 -3.765766e-01 3.194868e-02 9.258344e-01 2.302460e+02
8.448758e-01 3.807845e-01 3.757500e-01 3.866506e+02 -3.342403e-01 9.241538e-01 -1.849950e-01 -1.456876e+02 -4.176940e-01 3.070697e-02 9.080687e-01 2.311005e+02
8.292491e-01 3.795885e-01 4.101932e-01 3.870903e+02 -3.231039e-01 9.244841e-01 -2.023191e-01 -1.458751e+02 -4.560151e-01 3.523791e-02 8.892741e-01 2.319788e+02
8.156526e-01 3.779652e-01 4.380104e-01 3.875679e+02 -3.085300e-01 9.246248e-01 -2.233343e-01 -1.460896e+02 -4.894078e-01 4.702382e-02 8.707863e-01 2.328308e+02
8.047755e-01 3.763061e-01 4.590535e-01 3.880800e+02 -2.953924e-01 9.246987e-01 -2.401576e-01 -1.463306e+02 -5.148590e-01 5.767198e-02 8.553328e-01 2.336553e+02
7.916511e-01 3.771253e-01 4.806924e-01 3.885435e+02 -2.877249e-01 9.241800e-01 -2.512084e-01 -1.465711e+02 -5.389833e-01 6.056222e-02 8.401364e-01 2.345081e+02
7.813580e-01 3.741729e-01 4.994740e-01 3.891371e+02 -2.816625e-01 9.256157e-01 -2.527881e-01 -1.468275e+02 -5.569074e-01 5.683489e-02 8.286278e-01 2.352709e+02
7.737846e-01 3.684329e-01 5.152810e-01 3.897757e+02 -2.769710e-01 9.283579e-01 -2.478681e-01 -1.471063e+02 -5.696880e-01 4.907865e-02 8.203944e-01 2.359882e+02
7.642796e-01 3.650024e-01 5.316484e-01 3.902531e+02 -2.748752e-01 9.301503e-01 -2.434421e-01 -1.473439e+02 -5.833699e-01 3.992088e-02 8.112250e-01 2.368341e+02
7.585068e-01 3.604545e-01 5.428996e-01 3.907338e+02 -2.674343e-01 9.318883e-01 -2.450777e-01 -1.475414e+02 -5.942611e-01 4.070316e-02 8.032416e-01 2.376885e+02
7.576229e-01 3.518943e-01 5.497071e-01 3.912012e+02 -2.540105e-01 9.347825e-01 -2.483148e-01 -1.477369e+02 -6.012372e-01 4.849759e-02 7.975975e-01 2.385506e+02
7.545523e-01 3.525479e-01 5.534987e-01 3.917156e+02 -2.502818e-01 9.342890e-01 -2.538958e-01 -1.480068e+02 -6.066382e-01 5.304699e-02 7.932062e-01 2.393646e+02
7.540678e-01 3.524881e-01 5.541967e-01 3.923049e+02 -2.467007e-01 9.340096e-01 -2.583889e-01 -1.482663e+02 -6.087040e-01 5.812207e-02 7.912656e-01 2.401297e+02
7.518430e-01 3.576197e-01 5.539316e-01 3.928828e+02 -2.504392e-01 9.320568e-01 -2.618211e-01 -1.486072e+02 -6.099281e-01 5.812222e-02 7.903224e-01 2.408712e+02
7.495644e-01 3.577415e-01 5.569329e-01 3.933558e+02 -2.506609e-01 9.321207e-01 -2.613811e-01 -1.488778e+02 -6.126355e-01 5.632067e-02 7.883563e-01 2.417097e+02
7.502384e-01 3.554801e-01 5.574730e-01 3.939372e+02 -2.501205e-01 9.330981e-01 -2.583943e-01 -1.491479e+02 -6.120311e-01 5.442194e-02 7.889589e-01 2.424771e+02
7.536564e-01 3.493873e-01 5.567140e-01 3.945288e+02 -2.442479e-01 9.352322e-01 -2.562882e-01 -1.494159e+02 -6.102007e-01 5.717701e-02 7.901809e-01 2.432375e+02
7.564054e-01 3.518629e-01 5.514012e-01 3.952127e+02 -2.453680e-01 9.340645e-01 -2.594571e-01 -1.497855e+02 -6.063377e-01 6.095857e-02 7.928674e-01 2.438666e+02
7.582899e-01 3.551368e-01 5.466939e-01 3.958361e+02 -2.433853e-01 9.321795e-01 -2.679645e-01 -1.500288e+02 -6.047809e-01 7.013749e-02 7.932974e-01 2.446097e+02
7.649348e-01 3.472235e-01 5.425039e-01 3.964192e+02 -2.289073e-01 9.338203e-01 -2.749201e-01 -1.502255e+02 -6.020599e-01 8.611285e-02 7.937937e-01 2.453979e+02
7.671293e-01 3.435440e-01 5.417474e-01 3.969302e+02 -2.221505e-01 9.345254e-01 -2.780493e-01 -1.504955e+02 -6.017989e-01 9.295035e-02 7.932202e-01 2.462140e+02
7.702906e-01 3.371803e-01 5.412595e-01 3.974714e+02 -2.140297e-01 9.362426e-01 -2.786416e-01 -1.507697e+02 -6.007027e-01 9.878941e-02 7.933454e-01 2.470089e+02
7.756612e-01 3.303241e-01 5.378064e-01 3.981277e+02 -2.101142e-01 9.386477e-01 -2.734824e-01 -1.510495e+02 -5.951485e-01 9.912893e-02 7.974783e-01 2.477096e+02
7.780600e-01 3.248202e-01 5.376936e-01 3.986570e+02 -2.093236e-01 9.410821e-01 -2.656088e-01 -1.513160e+02 -5.922889e-01 9.410760e-02 8.002110e-01 2.485151e+02
7.783445e-01 3.240138e-01 5.377684e-01 3.991907e+02 -2.137331e-01 9.421258e-01 -2.582966e-01 -1.515712e+02 -5.903372e-01 8.610482e-02 8.025509e-01 2.493214e+02
7.750377e-01 3.301834e-01 5.387907e-01 3.996891e+02 -2.240814e-01 9.408279e-01 -2.542252e-01 -1.518399e+02 -5.908503e-01 7.630114e-02 8.031651e-01 2.501456e+02
7.669188e-01 3.467397e-01 5.400066e-01 4.002502e+02 -2.467051e-01 9.361011e-01 -2.507017e-01 -1.522644e+02 -5.924290e-01 5.904546e-02 8.034560e-01 2.508562e+02
7.633771e-01 3.543693e-01 5.400720e-01 4.007626e+02 -2.563701e-01 9.336272e-01 -2.502292e-01 -1.525352e+02 -5.928994e-01 5.256093e-02 8.035593e-01 2.516712e+02
7.616234e-01 3.601186e-01 5.387433e-01 4.012910e+02 -2.596659e-01 9.313044e-01 -2.554323e-01 -1.528040e+02 -5.937199e-01 5.464996e-02 8.028138e-01 2.524765e+02
7.588865e-01 3.715626e-01 5.348201e-01 4.018209e+02 -2.669002e-01 9.265713e-01 -2.650092e-01 -1.530967e+02 -5.940165e-01 5.836830e-02 8.023326e-01 2.532724e+02
7.582150e-01 3.759357e-01 5.327122e-01 4.023278e+02 -2.686191e-01 9.245868e-01 -2.701536e-01 -1.533479e+02 -5.940991e-01 6.173784e-02 8.020191e-01 2.540970e+02
7.569342e-01 3.760570e-01 5.344452e-01 4.028444e+02 -2.690150e-01 9.246325e-01 -2.696026e-01 -1.536294e+02 -5.955514e-01 6.029766e-02 8.010510e-01 2.549056e+02
7.551409e-01 3.741328e-01 5.383185e-01 4.033332e+02 -2.693978e-01 9.257162e-01 -2.654702e-01 -1.538520e+02 -5.976513e-01 5.544555e-02 7.998367e-01 2.557492e+02
7.514433e-01 3.748805e-01 5.429527e-01 4.038493e+02 -2.722788e-01 9.257607e-01 -2.623574e-01 -1.541203e+02 -6.009969e-01 4.931221e-02 7.977286e-01 2.565626e+02
7.500891e-01 3.749613e-01 5.447663e-01 4.043941e+02 -2.755968e-01 9.260276e-01 -2.579131e-01 -1.543889e+02 -6.011761e-01 4.332198e-02 7.979414e-01 2.573570e+02
7.496807e-01 3.727174e-01 5.468643e-01 4.049349e+02 -2.763787e-01 9.271441e-01 -2.530188e-01 -1.546624e+02 -6.013266e-01 3.854167e-02 7.980732e-01 2.581524e+02
7.484640e-01 3.733791e-01 5.480782e-01 4.055281e+02 -2.791127e-01 9.270397e-01 -2.503867e-01 -1.550003e+02 -6.015794e-01 3.442985e-02 7.980707e-01 2.588832e+02
7.474352e-01 3.757968e-01 5.478298e-01 4.059778e+02 -2.771070e-01 9.258255e-01 -2.570191e-01 -1.552681e+02 -6.037817e-01 4.029770e-02 7.961305e-01 2.597352e+02
7.477476e-01 3.826546e-01 5.426316e-01 4.064898e+02 -2.784462e-01 9.226180e-01 -2.669151e-01 -1.555324e+02 -6.027780e-01 4.849139e-02 7.964341e-01 2.605526e+02
7.469589e-01 3.830583e-01 5.434323e-01 4.070040e+02 -2.766577e-01 9.223030e-01 -2.698475e-01 -1.557800e+02 -6.045766e-01 5.122022e-02 7.948985e-01 2.613737e+02
7.488709e-01 3.744312e-01 5.468031e-01 4.074905e+02 -2.719604e-01 9.260504e-01 -2.616644e-01 -1.559737e+02 -6.043425e-01 4.724410e-02 7.953226e-01 2.622257e+02
7.488580e-01 3.691131e-01 5.504246e-01 4.080243e+02 -2.719863e-01 9.285454e-01 -2.526398e-01 -1.562383e+02 -6.043469e-01 3.948334e-02 7.957424e-01 2.630288e+02
7.498749e-01 3.674597e-01 5.501463e-01 4.085388e+02 -2.716357e-01 9.292486e-01 -2.504217e-01 -1.565139e+02 -6.032426e-01 3.834552e-02 7.966354e-01 2.638408e+02
7.502440e-01 3.703753e-01 5.476824e-01 4.090756e+02 -2.727083e-01 9.279686e-01 -2.539774e-01 -1.567955e+02 -6.022991e-01 4.118748e-02 7.972073e-01 2.646361e+02
7.505533e-01 3.706597e-01 5.470659e-01 4.095280e+02 -2.687536e-01 9.275323e-01 -2.597217e-01 -1.570165e+02 -6.036897e-01 4.790907e-02 7.957785e-01 2.655001e+02
7.508118e-01 3.726953e-01 5.453254e-01 4.100783e+02 -2.702323e-01 9.266701e-01 -2.612606e-01 -1.572634e+02 -6.027074e-01 4.879299e-02 7.964691e-01 2.662977e+02
7.528590e-01 3.728154e-01 5.424131e-01 4.106708e+02 -2.719060e-01 9.266684e-01 -2.595243e-01 -1.575323e+02 -5.993917e-01 4.789984e-02 7.990214e-01 2.670571e+02
7.543205e-01 3.714082e-01 5.413469e-01 4.112333e+02 -2.715670e-01 9.272575e-01 -2.577690e-01 -1.578023e+02 -5.977055e-01 4.742847e-02 8.003116e-01 2.678386e+02
7.508954e-01 3.748515e-01 5.437302e-01 4.117097e+02 -2.776492e-01 9.261963e-01 -2.550908e-01 -1.580828e+02 -5.992221e-01 4.058022e-02 7.995537e-01 2.686719e+02
7.495839e-01 3.749107e-01 5.454961e-01 4.122048e+02 -2.790320e-01 9.262987e-01 -2.532032e-01 -1.583267e+02 -6.002209e-01 3.758617e-02 7.989507e-01 2.695058e+02
7.497235e-01 3.728427e-01 5.467201e-01 4.127620e+02 -2.786080e-01 9.272223e-01 -2.502727e-01 -1.586136e+02 -6.002435e-01 3.531473e-02 7.990373e-01 2.702850e+02
7.497111e-01 3.737942e-01 5.460872e-01 4.133279e+02 -2.793068e-01 9.268275e-01 -2.509550e-01 -1.588729e+02 -5.999342e-01 3.561781e-02 7.992561e-01 2.710676e+02
7.522994e-01 3.751095e-01 5.416073e-01 4.139149e+02 -2.779410e-01 9.260497e-01 -2.553053e-01 -1.591409e+02 -5.973227e-01 4.153114e-02 8.009250e-01 2.718316e+02
7.518303e-01 3.781843e-01 5.401183e-01 4.144722e+02 -2.793497e-01 9.247051e-01 -2.586199e-01 -1.594250e+02 -5.972562e-01 4.355641e-02 8.008670e-01 2.726118e+02
7.514040e-01 3.811387e-01 5.386328e-01 4.150582e+02 -2.832727e-01 9.235836e-01 -2.583600e-01 -1.597299e+02 -5.959434e-01 4.155280e-02 8.019506e-01 2.733625e+02
7.528835e-01 3.804548e-01 5.370480e-01 4.155790e+02 -2.819205e-01 9.237648e-01 -2.591900e-01 -1.599988e+02 -5.947161e-01 4.373500e-02 8.027453e-01 2.741728e+02
7.611674e-01 3.863412e-01 5.209268e-01 4.163150e+02 -2.857732e-01 9.208254e-01 -2.653570e-01 -1.602247e+02 -5.822009e-01 5.311417e-02 8.113082e-01 2.748109e+02
7.618179e-01 3.874272e-01 5.191663e-01 4.168165e+02 -2.866885e-01 9.203241e-01 -2.661077e-01 -1.604851e+02 -5.808986e-01 5.388664e-02 8.121903e-01 2.756359e+02
7.632756e-01 3.839593e-01 5.196014e-01 4.173601e+02 -2.881044e-01 9.221339e-01 -2.581956e-01 -1.607745e+02 -5.782786e-01 4.737501e-02 8.144627e-01 2.764238e+02
7.647129e-01 3.792785e-01 5.209241e-01 4.179089e+02 -2.884986e-01 9.243944e-01 -2.495265e-01 -1.610553e+02 -5.761794e-01 4.053025e-02 8.163177e-01 2.772112e+02
7.634541e-01 3.809675e-01 5.215377e-01 4.184484e+02 -2.901990e-01 9.237450e-01 -2.499593e-01 -1.613275e+02 -5.769942e-01 3.948276e-02 8.157933e-01 2.780080e+02
7.631945e-01 3.846175e-01 5.192336e-01 4.189681e+02 -2.904887e-01 9.220009e-01 -2.559895e-01 -1.615780e+02 -5.771919e-01 4.453825e-02 8.153931e-01 2.788248e+02
7.614549e-01 3.896528e-01 5.180320e-01 4.195073e+02 -2.939818e-01 9.198371e-01 -2.597585e-01 -1.618571e+02 -5.777207e-01 4.550246e-02 8.149653e-01 2.796193e+02
7.594387e-01 3.932640e-01 5.182627e-01 4.200160e+02 -2.960118e-01 9.182572e-01 -2.630223e-01 -1.620872e+02 -5.793357e-01 4.633744e-02 8.137709e-01 2.804490e+02
7.569993e-01 3.951081e-01 5.204245e-01 4.205731e+02 -3.002763e-01 9.177401e-01 -2.599755e-01 -1.624232e+02 -5.803328e-01 4.053012e-02 8.133702e-01 2.812084e+02
7.559764e-01 3.956032e-01 5.215341e-01 4.210770e+02 -3.008018e-01 9.175646e-01 -2.599876e-01 -1.626638e+02 -5.813931e-01 3.966608e-02 8.126553e-01 2.820380e+02
7.543684e-01 3.964354e-01 5.232278e-01 4.215998e+02 -3.043808e-01 9.174306e-01 -2.562683e-01 -1.629583e+02 -5.816190e-01 3.406023e-02 8.127480e-01 2.828379e+02
7.553696e-01 3.983291e-01 5.203372e-01 4.221683e+02 -3.076329e-01 9.166613e-01 -2.551352e-01 -1.633285e+02 -5.786008e-01 3.264856e-02 8.149572e-01 2.835726e+02
7.553175e-01 4.010368e-01 5.183291e-01 4.227074e+02 -3.075086e-01 9.153123e-01 -2.600804e-01 -1.635563e+02 -5.787348e-01 3.705266e-02 8.146736e-01 2.843835e+02
7.532698e-01 4.062120e-01 5.172779e-01 4.232365e+02 -3.121685e-01 9.130614e-01 -2.624303e-01 -1.638464e+02 -5.789088e-01 3.620295e-02 8.145882e-01 2.851810e+02
7.535031e-01 4.040646e-01 5.186183e-01 4.237114e+02 -3.117405e-01 9.141100e-01 -2.592698e-01 -1.641051e+02 -5.788359e-01 3.368625e-02 8.147480e-01 2.860221e+02
7.517381e-01 4.018591e-01 5.228759e-01 4.241466e+02 -3.113993e-01 9.152294e-01 -2.557061e-01 -1.643738e+02 -5.813092e-01 2.940085e-02 8.131514e-01 2.868814e+02
7.499469e-01 4.015925e-01 5.256453e-01 4.246221e+02 -3.138421e-01 9.155097e-01 -2.516848e-01 -1.646397e+02 -5.823081e-01 2.378061e-02 8.126203e-01 2.877199e+02
7.494659e-01 4.025488e-01 5.255999e-01 4.251432e+02 -3.149965e-01 9.151074e-01 -2.517054e-01 -1.649093e+02 -5.823041e-01 2.308248e-02 8.126433e-01 2.885298e+02
7.503435e-01 4.003346e-01 5.260389e-01 4.256259e+02 -3.111767e-01 9.159908e-01 -2.532388e-01 -1.651356e+02 -5.832270e-01 2.632508e-02 8.118825e-01 2.893758e+02
7.547121e-01 3.966824e-01 5.225444e-01 4.261601e+02 -3.057010e-01 9.173760e-01 -2.548886e-01 -1.654075e+02 -5.804796e-01 3.262521e-02 8.136210e-01 2.901763e+02
7.565628e-01 3.977053e-01 5.190792e-01 4.267198e+02 -3.073324e-01 9.169169e-01 -2.545786e-01 -1.657055e+02 -5.771997e-01 3.307481e-02 8.159329e-01 2.909495e+02
7.569909e-01 3.999735e-01 5.167068e-01 4.271543e+02 -3.057819e-01 9.156774e-01 -2.608299e-01 -1.658781e+02 -5.774618e-01 3.944628e-02 8.154642e-01 2.918335e+02
7.595060e-01 3.965906e-01 5.156225e-01 4.276600e+02 -3.036271e-01 9.171439e-01 -2.581813e-01 -1.661404e+02 -5.752923e-01 3.953330e-02 8.169919e-01 2.926554e+02
7.598109e-01 3.945907e-01 5.167065e-01 4.281912e+02 -3.086808e-01 9.184144e-01 -2.474495e-01 -1.664345e+02 -5.721919e-01 2.851746e-02 8.196238e-01 2.934499e+02
7.608390e-01 3.936814e-01 5.158867e-01 4.287167e+02 -3.126599e-01 9.189968e-01 -2.401847e-01 -1.666934e+02 -5.686544e-01 2.144486e-02 8.222969e-01 2.942604e+02
7.627166e-01 3.945263e-01 5.124572e-01 4.292464e+02 -3.148588e-01 9.186526e-01 -2.386240e-01 -1.669624e+02 -5.649135e-01 2.065081e-02 8.248917e-01 2.950647e+02
7.642373e-01 3.967473e-01 5.084614e-01 4.297498e+02 -3.157731e-01 9.176162e-01 -2.413873e-01 -1.672402e+02 -5.623422e-01 2.391874e-02 8.265586e-01 2.958829e+02
7.649740e-01 4.004751e-01 5.044150e-01 4.302346e+02 -3.160150e-01 9.158101e-01 -2.478434e-01 -1.675065e+02 -5.612034e-01 3.019105e-02 8.271271e-01 2.967160e+02
7.697735e-01 3.960182e-01 5.006180e-01 4.306418e+02 -3.059539e-01 9.172247e-01 -2.551295e-01 -1.676756e+02 -5.602151e-01 4.322585e-02 8.272186e-01 2.976136e+02
7.724340e-01 3.920012e-01 4.996806e-01 4.311143e+02 -3.020088e-01 9.188500e-01 -2.539792e-01 -1.679129e+02 -5.586917e-01 4.527421e-02 8.281388e-01 2.984623e+02
7.737523e-01 3.909894e-01 4.984322e-01 4.315988e+02 -3.026572e-01 9.193607e-01 -2.513452e-01 -1.681677e+02 -5.565123e-01 4.362485e-02 8.296933e-01 2.992992e+02
7.759085e-01 3.942315e-01 4.924912e-01 4.320737e+02 -3.049468e-01 9.178038e-01 -2.542510e-01 -1.684208e+02 -5.522440e-01 4.709191e-02 8.323514e-01 3.001421e+02
7.783890e-01 3.966875e-01 4.865692e-01 4.325395e+02 -3.063531e-01 9.165309e-01 -2.571360e-01 -1.686831e+02 -5.479583e-01 5.108986e-02 8.349440e-01 3.009872e+02
7.794715e-01 3.992364e-01 4.827364e-01 4.330071e+02 -3.099899e-01 9.154644e-01 -2.565757e-01 -1.689236e+02 -5.443624e-01 5.035001e-02 8.373377e-01 3.018378e+02
7.800653e-01 3.960724e-01 4.843808e-01 4.333995e+02 -3.103921e-01 9.171299e-01 -2.500588e-01 -1.691380e+02 -5.432815e-01 4.471421e-02 8.383590e-01 3.027323e+02
7.826271e-01 3.977523e-01 4.788402e-01 4.339286e+02 -3.153657e-01 9.165564e-01 -2.459041e-01 -1.693959e+02 -5.366930e-01 4.144142e-02 8.427593e-01 3.035406e+02
7.855713e-01 3.963039e-01 4.752061e-01 4.344450e+02 -3.168104e-01 9.172916e-01 -2.412618e-01 -1.696620e+02 -5.315156e-01 3.897812e-02 8.461512e-01 3.043546e+02
7.861776e-01 3.988894e-01 4.720296e-01 4.349069e+02 -3.197313e-01 9.161657e-01 -2.416865e-01 -1.698994e+02 -5.288635e-01 3.908587e-02 8.478064e-01 3.052092e+02
7.821955e-01 4.059127e-01 4.726574e-01 4.353084e+02 -3.290443e-01 9.133487e-01 -2.398415e-01 -1.701380e+02 -5.290558e-01 3.207768e-02 8.479805e-01 3.060934e+02
7.779514e-01 4.150161e-01 4.717556e-01 4.357481e+02 -3.393957e-01 9.094171e-01 -2.403562e-01 -1.703871e+02 -5.287743e-01 2.687366e-02 8.483369e-01 3.069563e+02
7.732169e-01 4.223522e-01 4.730268e-01 4.361614e+02 -3.490260e-01 9.062241e-01 -2.386184e-01 -1.706332e+02 -5.294492e-01 1.940509e-02 8.481197e-01 3.078330e+02
7.700087e-01 4.307050e-01 4.707225e-01 4.366475e+02 -3.555524e-01 9.022605e-01 -2.439435e-01 -1.708847e+02 -5.297820e-01 2.047206e-02 8.478867e-01 3.086699e+02
7.674990e-01 4.344808e-01 4.713509e-01 4.370879e+02 -3.580873e-01 9.004423e-01 -2.469355e-01 -1.711302e+02 -5.317131e-01 2.073798e-02 8.466706e-01 3.095335e+02
7.643178e-01 4.393093e-01 4.720441e-01 4.376149e+02 -3.615114e-01 8.980953e-01 -2.504682e-01 -1.713897e+02 -5.339736e-01 2.078802e-02 8.452456e-01 3.103428e+02
7.616179e-01 4.385070e-01 4.771266e-01 4.381071e+02 -3.618362e-01 8.985774e-01 -2.482603e-01 -1.716412e+02 -5.375990e-01 1.643778e-02 8.430404e-01 3.111762e+02
7.580737e-01 4.382222e-01 4.829964e-01 4.385971e+02 -3.606750e-01 8.987446e-01 -2.493426e-01 -1.718981e+02 -5.433579e-01 1.481533e-02 8.393704e-01 3.120092e+02
7.573052e-01 4.328374e-01 4.890201e-01 4.390988e+02 -3.565377e-01 9.013959e-01 -2.456954e-01 -1.721790e+02 -5.471469e-01 1.171232e-02 8.369547e-01 3.128273e+02
7.532253e-01 4.322434e-01 4.957996e-01 4.395747e+02 -3.570243e-01 9.017330e-01 -2.437443e-01 -1.724329e+02 -5.524357e-01 6.581900e-03 8.335295e-01 3.136694e+02
7.458391e-01 4.388021e-01 5.011754e-01 4.400937e+02 -3.650482e-01 8.985827e-01 -2.434931e-01 -1.727187e+02 -5.571928e-01 -1.346498e-03 8.303821e-01 3.144750e+02
7.405546e-01 4.494274e-01 4.995938e-01 4.407740e+02 -3.754458e-01 8.933050e-01 -2.470761e-01 -1.731163e+02 -5.573324e-01 -4.597020e-03 8.302767e-01 3.150907e+02
7.336330e-01 4.573167e-01 5.026371e-01 4.412742e+02 -3.785509e-01 8.893016e-01 -2.565968e-01 -1.733914e+02 -5.643420e-01 -2.025844e-03 8.255386e-01 3.159118e+02
7.308606e-01 4.638064e-01 5.007259e-01 4.419398e+02 -3.829627e-01 8.859364e-01 -2.616413e-01 -1.737353e+02 -5.649622e-01 -5.360123e-04 8.251166e-01 3.165741e+02
7.306212e-01 4.589430e-01 5.055334e-01 4.425036e+02 -3.773550e-01 8.884657e-01 -2.612123e-01 -1.740391e+02 -5.690306e-01 8.172508e-05 8.223163e-01 3.173421e+02
7.307555e-01 4.535784e-01 5.101597e-01 4.430148e+02 -3.721223e-01 8.912163e-01 -2.593424e-01 -1.742928e+02 -5.722948e-01 -3.259605e-04 8.200479e-01 3.181633e+02
7.325056e-01 4.490753e-01 5.116315e-01 4.435972e+02 -3.659702e-01 8.934874e-01 -2.602809e-01 -1.745832e+02 -5.740221e-01 3.415334e-03 8.188327e-01 3.189225e+02
7.327750e-01 4.505429e-01 5.099528e-01 4.441683e+02 -3.655718e-01 8.927303e-01 -2.634195e-01 -1.749058e+02 -5.739321e-01 6.602891e-03 8.188763e-01 3.196774e+02
7.299987e-01 4.530538e-01 5.117071e-01 4.447328e+02 -3.680820e-01 8.914718e-01 -2.641849e-01 -1.752191e+02 -5.758624e-01 4.504416e-03 8.175342e-01 3.204410e+02
7.251559e-01 4.527295e-01 5.188303e-01 4.451403e+02 -3.671173e-01 8.916464e-01 -2.649371e-01 -1.754471e+02 -5.825580e-01 1.649125e-03 8.127875e-01 3.213253e+02
7.208193e-01 4.557185e-01 5.222453e-01 4.455579e+02 -3.659562e-01 8.901117e-01 -2.716196e-01 -1.756279e+02 -5.886388e-01 4.669741e-03 8.083827e-01 3.222158e+02
7.157426e-01 4.611850e-01 5.244243e-01 4.459750e+02 -3.675442e-01 8.872787e-01 -2.786533e-01 -1.758122e+02 -5.938213e-01 6.694932e-03 8.045691e-01 3.231058e+02
7.138279e-01 4.586074e-01 5.292721e-01 4.464528e+02 -3.663322e-01 8.886337e-01 -2.759181e-01 -1.760963e+02 -5.968671e-01 3.068650e-03 8.023342e-01 3.239370e+02
7.132495e-01 4.536439e-01 5.343055e-01 4.469598e+02 -3.647278e-01 8.911796e-01 -2.697639e-01 -1.763846e+02 -5.985389e-01 -2.467091e-03 8.010899e-01 3.247493e+02
7.098524e-01 4.548555e-01 5.377880e-01 4.474364e+02 -3.672869e-01 8.905378e-01 -2.684078e-01 -1.766536e+02 -6.010073e-01 -6.992565e-03 7.992129e-01 3.255863e+02
7.082535e-01 4.599198e-01 5.355845e-01 4.479580e+02 -3.697285e-01 8.879502e-01 -2.735785e-01 -1.769505e+02 -6.013966e-01 -4.257944e-03 7.989393e-01 3.263861e+02
7.059056e-01 4.650301e-01 5.342699e-01 4.484263e+02 -3.702405e-01 8.852945e-01 -2.813815e-01 -1.772254e+02 -6.038371e-01 8.204013e-04 7.971073e-01 3.272259e+02
7.045139e-01 4.665806e-01 5.347548e-01 4.489266e+02 -3.699072e-01 8.844750e-01 -2.843811e-01 -1.774850e+02 -6.056639e-01 2.540805e-03 7.957165e-01 3.280519e+02
7.076055e-01 4.605690e-01 5.358831e-01 4.495016e+02 -3.664905e-01 8.876234e-01 -2.789435e-01 -1.777831e+02 -6.041351e-01 9.858971e-04 7.968813e-01 3.288138e+02
7.083198e-01 4.564153e-01 5.384868e-01 4.500353e+02 -3.632148e-01 8.897668e-01 -2.763873e-01 -1.780639e+02 -6.052752e-01 1.842187e-04 7.960163e-01 3.296115e+02
7.098262e-01 4.545053e-01 5.381187e-01 4.505542e+02 -3.590520e-01 8.907320e-01 -2.787079e-01 -1.783438e+02 -6.059938e-01 4.621549e-03 7.954560e-01 3.304192e+02
7.121346e-01 4.541650e-01 5.353490e-01 4.511205e+02 -3.586738e-01 8.908943e-01 -2.786761e-01 -1.786310e+02 -6.035043e-01 6.439258e-03 7.973337e-01 3.311917e+02
7.117433e-01 4.525447e-01 5.372380e-01 4.516205e+02 -3.595320e-01 8.917383e-01 -2.748446e-01 -1.789175e+02 -6.034552e-01 2.464569e-03 7.973931e-01 3.320090e+02
7.135849e-01 4.502909e-01 5.366887e-01 4.522439e+02 -3.602878e-01 8.928817e-01 -2.701017e-01 -1.792833e+02 -6.008239e-01 -6.219379e-04 7.993812e-01 3.327001e+02
7.138632e-01 4.510546e-01 5.356763e-01 4.527734e+02 -3.585917e-01 8.924905e-01 -2.736289e-01 -1.795664e+02 -6.015075e-01 3.244568e-03 7.988605e-01 3.334997e+02
7.148808e-01 4.512110e-01 5.341854e-01 4.533172e+02 -3.573091e-01 8.923960e-01 -2.756076e-01 -1.798717e+02 -6.010621e-01 6.157286e-03 7.991786e-01 3.342814e+02
7.167729e-01 4.478618e-01 5.344683e-01 4.538219e+02 -3.518833e-01 8.940392e-01 -2.772579e-01 -1.801553e+02 -6.020089e-01 1.066049e-02 7.984182e-01 3.350968e+02
7.158021e-01 4.480261e-01 5.356304e-01 4.543240e+02 -3.517956e-01 8.939613e-01 -2.776205e-01 -1.804344e+02 -6.032140e-01 1.028890e-02 7.975130e-01 3.359154e+02
7.152602e-01 4.474255e-01 5.368550e-01 4.548234e+02 -3.492268e-01 8.942299e-01 -2.799884e-01 -1.806900e+02 -6.053457e-01 1.278039e-02 7.958600e-01 3.367432e+02
7.107957e-01 4.512022e-01 5.396165e-01 4.553252e+02 -3.521137e-01 8.923579e-01 -2.823355e-01 -1.809409e+02 -6.089215e-01 1.067649e-02 7.931587e-01 3.375710e+02
7.049423e-01 4.531885e-01 5.455974e-01 4.558322e+02 -3.535158e-01 8.913866e-01 -2.836486e-01 -1.812183e+02 -6.148845e-01 7.078564e-03 7.885854e-01 3.383871e+02
7.010222e-01 4.566865e-01 5.477275e-01 4.563908e+02 -3.572594e-01 8.896197e-01 -2.845039e-01 -1.815325e+02 -6.171983e-01 3.762781e-03 7.867987e-01 3.391547e+02
6.956441e-01 4.612321e-01 5.507669e-01 4.569109e+02 -3.579536e-01 8.872641e-01 -2.909151e-01 -1.818238e+02 -6.228551e-01 5.224350e-03 7.823198e-01 3.399576e+02
6.889677e-01 4.639518e-01 5.568413e-01 4.573631e+02 -3.576366e-01 8.858490e-01 -2.955802e-01 -1.821131e+02 -6.304123e-01 4.498341e-03 7.762474e-01 3.408013e+02
6.865450e-01 4.613851e-01 5.619428e-01 4.579124e+02 -3.547957e-01 8.871944e-01 -2.949679e-01 -1.824263e+02 -6.346463e-01 3.133857e-03 7.727964e-01 3.415760e+02
6.825241e-01 4.561208e-01 5.710645e-01 4.584565e+02 -3.513640e-01 8.899153e-01 -2.908507e-01 -1.827444e+02 -6.408621e-01 -2.138901e-03 7.676531e-01 3.423524e+02
6.829137e-01 4.472225e-01 5.775993e-01 4.589821e+02 -3.417421e-01 8.944226e-01 -2.884796e-01 -1.829539e+02 -6.456324e-01 -3.833745e-04 7.636482e-01 3.431769e+02
6.801143e-01 4.442586e-01 5.831628e-01 4.595172e+02 -3.377370e-01 8.958984e-01 -2.886171e-01 -1.832547e+02 -6.506753e-01 -6.630567e-04 7.593558e-01 3.439663e+02
6.783989e-01 4.477537e-01 5.824874e-01 4.600853e+02 -3.385049e-01 8.941554e-01 -2.930879e-01 -1.835475e+02 -6.520655e-01 1.655620e-03 7.581608e-01 3.447354e+02
6.773608e-01 4.514000e-01 5.808789e-01 4.606689e+02 -3.380158e-01 8.922991e-01 -2.992451e-01 -1.838096e+02 -6.533970e-01 6.350645e-03 7.569888e-01 3.455041e+02
6.792268e-01 4.492321e-01 5.803805e-01 4.612065e+02 -3.326741e-01 8.933326e-01 -3.021338e-01 -1.841123e+02 -6.542010e-01 1.213981e-02 7.562233e-01 3.462910e+02
6.807318e-01 4.482539e-01 5.793726e-01 4.617739e+02 -3.281965e-01 8.937239e-01 -3.058506e-01 -1.844284e+02 -6.548979e-01 1.805418e-02 7.555017e-01 3.470514e+02
6.828816e-01 4.520668e-01 5.738539e-01 4.624639e+02 -3.289424e-01 8.916716e-01 -3.109962e-01 -1.847586e+02 -6.522803e-01 2.360872e-02 7.576101e-01 3.476954e+02
6.817171e-01 4.566653e-01 5.715931e-01 4.629816e+02 -3.308026e-01 8.892503e-01 -3.159170e-01 -1.850452e+02 -6.525576e-01 2.628152e-02 7.572832e-01 3.485015e+02
6.843953e-01 4.569811e-01 5.681297e-01 4.635717e+02 -3.317971e-01 8.890552e-01 -3.154228e-01 -1.853969e+02 -6.492409e-01 2.737009e-02 7.600902e-01 3.492283e+02
6.877396e-01 4.508197e-01 5.690131e-01 4.641303e+02 -3.280962e-01 8.922145e-01 -3.103324e-01 -1.857464e+02 -6.475857e-01 2.673686e-02 7.615234e-01 3.499805e+02
6.920320e-01 4.429468e-01 5.699910e-01 4.646640e+02 -3.248995e-01 8.962317e-01 -3.020084e-01 -1.860665e+02 -6.446177e-01 2.380968e-02 7.641342e-01 3.507633e+02
6.976710e-01 4.373892e-01 5.674028e-01 4.652278e+02 -3.238621e-01 8.990054e-01 -2.947925e-01 -1.864171e+02 -6.390372e-01 2.190790e-02 7.688638e-01 3.515111e+02
7.011751e-01 4.388155e-01 5.619559e-01 4.656946e+02 -3.238922e-01 8.981892e-01 -2.972372e-01 -1.865834e+02 -6.351751e-01 2.640215e-02 7.719168e-01 3.523797e+02
7.086663e-01 4.396701e-01 5.517991e-01 4.662774e+02 -3.281381e-01 8.977471e-01 -2.938971e-01 -1.869561e+02 -6.245938e-01 2.720866e-02 7.804757e-01 3.531017e+02
7.145755e-01 4.408556e-01 5.431650e-01 4.667127e+02 -3.308415e-01 8.970906e-01 -2.928690e-01 -1.871945e+02 -6.163812e-01 2.957549e-02 7.868923e-01 3.539699e+02
7.213290e-01 4.392948e-01 5.354480e-01 4.671132e+02 -3.309064e-01 8.977531e-01 -2.907582e-01 -1.874382e+02 -6.084287e-01 3.254915e-02 7.929408e-01 3.548532e+02
7.300830e-01 4.375970e-01 5.248692e-01 4.676472e+02 -3.341717e-01 8.985942e-01 -2.843548e-01 -1.877312e+02 -5.960772e-01 3.220622e-02 8.022809e-01 3.556463e+02
7.347026e-01 4.416278e-01 5.149534e-01 4.681419e+02 -3.442280e-01 8.967930e-01 -2.779738e-01 -1.880390e+02 -5.845676e-01 2.696669e-02 8.108968e-01 3.564590e+02
7.385394e-01 4.461863e-01 5.054477e-01 4.685966e+02 -3.535121e-01 8.946420e-01 -2.732122e-01 -1.882467e+02 -5.740983e-01 2.309611e-02 8.184606e-01 3.573251e+02
7.428095e-01 4.500003e-01 4.957155e-01 4.690777e+02 -3.619590e-01 8.928108e-01 -2.680945e-01 -1.885477e+02 -5.632227e-01 1.971446e-02 8.260699e-01 3.581484e+02
7.473081e-01 4.530118e-01 4.861182e-01 4.695232e+02 -3.677847e-01 8.912934e-01 -2.651989e-01 -1.888294e+02 -5.534122e-01 1.939847e-02 8.326816e-01 3.589983e+02
7.487400e-01 4.598587e-01 4.774080e-01 4.700323e+02 -3.765730e-01 8.878032e-01 -2.645719e-01 -1.890611e+02 -5.455100e-01 1.831662e-02 8.379041e-01 3.598272e+02
7.441970e-01 4.694531e-01 4.751679e-01 4.703688e+02 -3.890072e-01 8.828902e-01 -2.630176e-01 -1.893910e+02 -5.429955e-01 1.089322e-02 8.396649e-01 3.607092e+02
7.431949e-01 4.754409e-01 4.707624e-01 4.708123e+02 -3.951309e-01 8.796831e-01 -2.646305e-01 -1.896279e+02 -5.399379e-01 1.065924e-02 8.416374e-01 3.615736e+02
7.437943e-01 4.718928e-01 4.733786e-01 4.711820e+02 -3.892049e-01 8.815363e-01 -2.672328e-01 -1.898089e+02 -5.434056e-01 1.452500e-02 8.393446e-01 3.624849e+02
7.416166e-01 4.725376e-01 4.761439e-01 4.716852e+02 -3.917420e-01 8.812584e-01 -2.644272e-01 -1.900657e+02 -5.445577e-01 9.578054e-03 8.386687e-01 3.633100e+02
7.364405e-01 4.741241e-01 4.825575e-01 4.721335e+02 -3.959103e-01 8.804574e-01 -2.608635e-01 -1.902656e+02 -5.485530e-01 1.060962e-03 8.361151e-01 3.641813e+02
7.325548e-01 4.746414e-01 4.879334e-01 4.726875e+02 -3.979647e-01 8.801669e-01 -2.587089e-01 -1.905422e+02 -5.522568e-01 -4.661814e-03 8.336610e-01 3.649665e+02
7.310427e-01 4.723819e-01 4.923737e-01 4.731246e+02 -3.906967e-01 8.813922e-01 -2.655255e-01 -1.908061e+02 -5.594038e-01 1.741692e-03 8.288935e-01 3.658263e+02
7.276571e-01 4.750169e-01 4.948474e-01 4.736619e+02 -3.866704e-01 8.799249e-01 -2.760764e-01 -1.910981e+02 -5.665695e-01 9.546092e-03 8.239586e-01 3.666176e+02
7.236556e-01 4.791297e-01 4.967466e-01 4.742293e+02 -3.878795e-01 8.776749e-01 -2.814894e-01 -1.913997e+02 -5.708520e-01 1.102357e-02 8.209790e-01 3.673838e+02
7.181685e-01 4.788947e-01 5.048701e-01 4.747468e+02 -3.862292e-01 8.778318e-01 -2.832636e-01 -1.916874e+02 -5.788445e-01 8.435400e-03 8.153943e-01 3.681897e+02
7.134781e-01 4.762949e-01 5.138990e-01 4.752650e+02 -3.836371e-01 8.792752e-01 -2.823078e-01 -1.919769e+02 -5.863205e-01 4.269679e-03 8.100680e-01 3.689944e+02
7.064115e-01 4.763725e-01 5.234998e-01 4.757724e+02 -3.807138e-01 8.792385e-01 -2.863505e-01 -1.922325e+02 -5.966907e-01 2.977684e-03 8.024658e-01 3.698174e+02
6.980307e-01 4.809988e-01 5.304652e-01 4.762703e+02 -3.796817e-01 8.767084e-01 -2.953375e-01 -1.925348e+02 -6.071202e-01 4.746682e-03 7.945958e-01 3.706302e+02
6.925901e-01 4.844991e-01 5.343964e-01 4.768241e+02 -3.751286e-01 8.747086e-01 -3.068606e-01 -1.928308e+02 -6.161148e-01 1.206127e-02 7.875640e-01 3.714085e+02
6.892180e-01 4.854785e-01 5.378561e-01 4.773758e+02 -3.697465e-01 8.740564e-01 -3.151394e-01 -1.931625e+02 -6.231100e-01 1.832930e-02 7.819194e-01 3.721738e+02
6.846644e-01 4.849243e-01 5.441351e-01 4.779081e+02 -3.665202e-01 8.743644e-01 -3.180407e-01 -1.934761e+02 -6.299980e-01 1.831462e-02 7.763807e-01 3.729601e+02
6.833160e-01 4.793113e-01 5.507630e-01 4.784271e+02 -3.615601e-01 8.774961e-01 -3.150792e-01 -1.937991e+02 -6.343134e-01 1.616476e-02 7.729070e-01 3.737514e+02
6.839825e-01 4.724369e-01 5.558519e-01 4.790082e+02 -3.556203e-01 8.812314e-01 -3.113927e-01 -1.941256e+02 -6.369475e-01 1.531494e-02 7.707550e-01 3.744969e+02
6.828574e-01 4.680786e-01 5.608994e-01 4.795711e+02 -3.515035e-01 8.835738e-01 -3.094230e-01 -1.944432e+02 -6.404303e-01 1.413368e-02 7.678862e-01 3.752600e+02
6.844179e-01 4.653364e-01 5.612790e-01 4.802017e+02 -3.471880e-01 8.849604e-01 -3.103316e-01 -1.947709e+02 -6.411182e-01 1.752719e-02 7.672419e-01 3.759635e+02
6.855192e-01 4.637583e-01 5.612412e-01 4.807732e+02 -3.434138e-01 8.857027e-01 -3.124062e-01 -1.950875e+02 -6.419738e-01 2.142243e-02 7.664272e-01 3.767206e+02
6.873986e-01 4.584660e-01 5.632869e-01 4.813104e+02 -3.377184e-01 8.884008e-01 -3.109505e-01 -1.953934e+02 -6.429848e-01 2.351461e-02 7.655179e-01 3.775066e+02
6.886051e-01 4.554453e-01 5.642630e-01 4.818662e+02 -3.370022e-01 8.900085e-01 -3.071064e-01 -1.957083e+02 -6.420690e-01 2.131716e-02 7.663504e-01 3.782760e+02
6.924065e-01 4.542003e-01 5.606027e-01 4.824656e+02 -3.364615e-01 8.905962e-01 -3.059937e-01 -1.959893e+02 -6.382530e-01 2.325084e-02 7.694755e-01 3.790255e+02
6.946808e-01 4.561323e-01 5.562030e-01 4.830510e+02 -3.387611e-01 8.895761e-01 -3.064233e-01 -1.962859e+02 -6.345545e-01 2.444648e-02 7.724914e-01 3.797800e+02
6.983147e-01 4.534170e-01 5.538679e-01 4.836039e+02 -3.376717e-01 8.909477e-01 -3.036280e-01 -1.966107e+02 -6.311375e-01 2.500239e-02 7.752680e-01 3.805474e+02
7.039506e-01 4.473305e-01 5.516783e-01 4.842044e+02 -3.338291e-01 8.939832e-01 -2.989183e-01 -1.969158e+02 -6.269064e-01 2.625745e-02 7.786520e-01 3.812865e+02
7.057640e-01 4.457136e-01 5.506692e-01 4.847199e+02 -3.324856e-01 8.947594e-01 -2.980921e-01 -1.972043e+02 -6.255802e-01 2.729305e-02 7.796823e-01 3.820933e+02
7.108298e-01 4.457997e-01 5.440438e-01 4.852618e+02 -3.293599e-01 8.944130e-01 -3.025680e-01 -1.974998e+02 -6.214846e-01 3.588812e-02 7.826040e-01 3.828801e+02
7.135205e-01 4.473272e-01 5.392466e-01 4.858004e+02 -3.274326e-01 8.933333e-01 -3.078042e-01 -1.978010e+02 -6.194161e-01 4.305771e-02 7.838812e-01 3.836670e+02
7.135620e-01 4.465969e-01 5.397967e-01 4.862507e+02 -3.281968e-01 8.937987e-01 -3.056317e-01 -1.981019e+02 -6.189637e-01 4.092767e-02 7.843525e-01 3.845076e+02
7.130806e-01 4.454397e-01 5.413867e-01 4.867835e+02 -3.321498e-01 8.946984e-01 -2.986490e-01 -1.984137e+02 -6.174079e-01 3.313933e-02 7.859448e-01 3.852944e+02
7.131021e-01 4.442060e-01 5.423710e-01 4.873211e+02 -3.356282e-01 8.955381e-01 -2.921732e-01 -1.987153e+02 -6.154990e-01 2.631429e-02 7.876982e-01 3.860818e+02
7.132361e-01 4.452162e-01 5.413657e-01 4.878379e+02 -3.372302e-01 8.950583e-01 -2.917985e-01 -1.990115e+02 -6.144673e-01 2.555633e-02 7.885283e-01 3.868851e+02
7.149804e-01 4.461111e-01 5.383195e-01 4.883582e+02 -3.358129e-01 8.944641e-01 -2.952349e-01 -1.992710e+02 -6.132150e-01 3.031255e-02 7.893342e-01 3.876986e+02
7.152709e-01 4.479793e-01 5.363788e-01 4.888847e+02 -3.377877e-01 8.935266e-01 -2.958202e-01 -1.995610e+02 -6.117900e-01 3.040940e-02 7.904355e-01 3.884978e+02
7.150064e-01 4.469835e-01 5.375608e-01 4.893612e+02 -3.383372e-01 8.941061e-01 -2.934318e-01 -1.998886e+02 -6.117956e-01 2.792872e-02 7.905227e-01 3.893137e+02
7.183970e-01 4.495974e-01 5.308182e-01 4.899721e+02 -3.405539e-01 8.926829e-01 -2.951953e-01 -2.002244e+02 -6.065713e-01 3.129518e-02 7.944129e-01 3.900307e+02
7.174349e-01 4.525947e-01 5.295707e-01 4.904653e+02 -3.420671e-01 8.911140e-01 -2.981709e-01 -2.005338e+02 -6.068585e-01 3.276948e-02 7.941341e-01 3.908437e+02
7.173770e-01 4.524513e-01 5.297717e-01 4.909553e+02 -3.411966e-01 8.911489e-01 -2.990627e-01 -2.008389e+02 -6.074168e-01 3.378438e-02 7.936646e-01 3.916603e+02
7.171130e-01 4.495972e-01 5.325516e-01 4.914521e+02 -3.405572e-01 8.927193e-01 -2.950815e-01 -2.011500e+02 -6.080869e-01 3.024251e-02 7.932942e-01 3.924705e+02
7.216400e-01 4.440343e-01 5.311019e-01 4.920703e+02 -3.389776e-01 8.955746e-01 -2.881670e-01 -2.014626e+02 -6.035975e-01 2.792118e-02 7.968001e-01 3.931916e+02
7.208607e-01 4.409968e-01 5.346790e-01 4.925290e+02 -3.376481e-01 8.971678e-01 -2.847519e-01 -2.017113e+02 -6.052715e-01 2.473307e-02 7.956348e-01 3.940447e+02
7.226084e-01 4.385566e-01 5.343269e-01 4.930345e+02 -3.339783e-01 8.982696e-01 -2.856051e-01 -2.019916e+02 -6.052236e-01 2.792708e-02 7.955655e-01 3.948607e+02
7.217668e-01 4.419865e-01 5.326356e-01 4.935455e+02 -3.342173e-01 8.964504e-01 -2.909907e-01 -2.022955e+02 -6.060953e-01 3.201138e-02 7.947476e-01 3.956648e+02
7.208451e-01 4.459369e-01 5.305871e-01 4.940568e+02 -3.358634e-01 8.943902e-01 -2.954013e-01 -2.025962e+02 -6.062823e-01 3.473384e-02 7.944906e-01 3.964699e+02
7.200966e-01 4.514748e-01 5.269074e-01 4.946128e+02 -3.401206e-01 8.915508e-01 -2.990905e-01 -2.028926e+02 -6.047965e-01 3.616199e-02 7.955586e-01 3.972464e+02
7.205035e-01 4.514471e-01 5.263746e-01 4.951087e+02 -3.381167e-01 8.914269e-01 -3.017202e-01 -2.032124e+02 -6.054352e-01 3.941436e-02 7.949180e-01 3.980537e+02
7.204843e-01 4.508421e-01 5.269192e-01 4.955811e+02 -3.347670e-01 8.915475e-01 -3.050806e-01 -2.035157e+02 -6.073166e-01 4.341062e-02 7.932730e-01 3.988813e+02
7.205704e-01 4.459899e-01 5.309155e-01 4.960871e+02 -3.291348e-01 8.939323e-01 -3.042292e-01 -2.038220e+02 -6.102856e-01 4.447578e-02 7.909320e-01 3.996876e+02
7.206312e-01 4.400896e-01 5.357349e-01 4.965979e+02 -3.263101e-01 8.970661e-01 -2.979835e-01 -2.041399e+02 -6.117290e-01 3.992054e-02 7.900595e-01 4.004864e+02
7.207410e-01 4.359364e-01 5.389730e-01 4.971255e+02 -3.243161e-01 8.992235e-01 -2.936258e-01 -2.044635e+02 -6.126594e-01 3.683052e-02 7.894885e-01 4.012718e+02
7.208554e-01 4.369388e-01 5.380074e-01 4.976229e+02 -3.243378e-01 8.986729e-01 -2.952830e-01 -2.047761e+02 -6.125133e-01 3.836019e-02 7.895289e-01 4.020811e+02
7.216212e-01 4.400132e-01 5.344635e-01 4.981985e+02 -3.253817e-01 8.970095e-01 -2.991666e-01 -2.050878e+02 -6.110561e-01 4.198029e-02 7.904733e-01 4.028371e+02
7.237423e-01 4.439979e-01 5.282641e-01 4.987689e+02 -3.294544e-01 8.949621e-01 -3.008366e-01 -2.053997e+02 -6.063472e-01 4.368920e-02 7.939990e-01 4.035969e+02
7.239240e-01 4.452114e-01 5.269922e-01 4.992546e+02 -3.316088e-01 8.944169e-01 -3.000900e-01 -2.057051e+02 -6.049542e-01 4.248714e-02 7.951259e-01 4.044160e+02
7.266290e-01 4.435078e-01 5.247010e-01 4.997483e+02 -3.325949e-01 8.953451e-01 -2.962056e-01 -2.060302e+02 -6.011580e-01 4.071869e-02 7.980922e-01 4.052225e+02
7.277236e-01 4.450665e-01 5.218564e-01 5.002344e+02 -3.368145e-01 8.947028e-01 -2.933649e-01 -2.063434e+02 -5.974733e-01 3.771978e-02 8.010012e-01 4.060384e+02
7.305545e-01 4.431291e-01 5.195447e-01 5.007385e+02 -3.369683e-01 8.956986e-01 -2.901316e-01 -2.066661e+02 -5.939212e-01 3.688683e-02 8.036771e-01 4.068394e+02
7.351873e-01 4.391721e-01 5.163599e-01 5.012092e+02 -3.359343e-01 8.976733e-01 -2.851856e-01 -2.069527e+02 -5.887681e-01 3.620185e-02 8.074909e-01 4.076739e+02
7.373072e-01 4.386810e-01 5.137480e-01 5.017011e+02 -3.400186e-01 8.981096e-01 -2.789022e-01 -2.072462e+02 -5.837512e-01 3.095277e-02 8.113424e-01 4.084936e+02
7.388185e-01 4.398957e-01 5.105281e-01 5.021691e+02 -3.446864e-01 8.976449e-01 -2.746361e-01 -2.075352e+02 -5.790842e-01 2.693419e-02 8.148227e-01 4.093288e+02
7.409362e-01 4.418441e-01 5.057542e-01 5.026260e+02 -3.488081e-01 8.967315e-01 -2.724070e-01 -2.078187e+02 -5.738872e-01 2.542503e-02 8.185396e-01 4.101719e+02
7.439523e-01 4.440455e-01 4.993582e-01 5.031352e+02 -3.516544e-01 8.955938e-01 -2.724904e-01 -2.081219e+02 -5.682202e-01 2.711834e-02 8.224296e-01 4.109774e+02
7.472833e-01 4.453931e-01 4.931457e-01 5.035917e+02 -3.523690e-01 8.947939e-01 -2.741898e-01 -2.083732e+02 -5.633859e-01 3.112817e-02 8.256072e-01 4.118309e+02
7.510791e-01 4.470781e-01 4.857996e-01 5.040480e+02 -3.539868e-01 8.938179e-01 -2.752870e-01 -2.086233e+02 -5.572912e-01 3.479572e-02 8.295877e-01 4.126848e+02
7.552964e-01 4.487809e-01 4.776222e-01 5.045364e+02 -3.562609e-01 8.928353e-01 -2.755418e-01 -2.088915e+02 -5.500959e-01 3.795767e-02 8.342384e-01 4.135152e+02
7.576416e-01 4.514867e-01 4.713162e-01 5.049241e+02 -3.615040e-01 8.915357e-01 -2.729082e-01 -2.091825e+02 -5.434096e-01 3.638392e-02 8.386788e-01 4.143898e+02
7.642923e-01 4.498111e-01 4.620901e-01 5.054544e+02 -3.641171e-01 8.924219e-01 -2.664618e-01 -2.095131e+02 -5.322367e-01 3.539976e-02 8.458551e-01 4.151706e+02
7.670366e-01 4.506482e-01 4.566958e-01 5.058840e+02 -3.681421e-01 8.920982e-01 -2.619773e-01 -2.097715e+02 -5.254771e-01 3.281723e-02 8.501746e-01 4.160358e+02
7.702483e-01 4.522581e-01 4.496444e-01 5.063501e+02 -3.737161e-01 8.914007e-01 -2.564004e-01 -2.100578e+02 -5.167725e-01 2.945261e-02 8.556160e-01 4.168729e+02
7.712965e-01 4.553804e-01 4.446688e-01 5.068087e+02 -3.803856e-01 8.899485e-01 -2.515918e-01 -2.103329e+02 -5.103023e-01 2.490624e-02 8.596344e-01 4.177180e+02
7.694834e-01 4.602491e-01 4.427935e-01 5.072077e+02 -3.883930e-01 8.875954e-01 -2.476393e-01 -2.105651e+02 -5.069972e-01 1.857645e-02 8.617475e-01 4.186050e+02
7.638513e-01 4.659090e-01 4.466095e-01 5.075071e+02 -3.952911e-01 8.847505e-01 -2.469039e-01 -2.107569e+02 -5.101727e-01 1.205709e-02 8.599875e-01 4.195396e+02
7.547440e-01 4.727050e-01 4.548752e-01 5.079071e+02 -4.046173e-01 8.812206e-01 -2.444076e-01 -2.110814e+02 -5.163781e-01 4.148018e-04 8.563606e-01 4.203968e+02
7.475293e-01 4.758233e-01 4.634567e-01 5.083665e+02 -4.071532e-01 8.795289e-01 -2.462826e-01 -2.113812e+02 -5.248106e-01 -4.594403e-03 8.512066e-01 4.212329e+02
7.374073e-01 4.780820e-01 4.771458e-01 5.087922e+02 -4.054883e-01 8.782900e-01 -2.533495e-01 -2.116756e+02 -5.401942e-01 -6.655276e-03 8.415141e-01 4.220885e+02
7.269532e-01 4.823680e-01 4.887332e-01 5.094160e+02 -4.038718e-01 8.759507e-01 -2.638141e-01 -2.119966e+02 -5.553617e-01 -5.605028e-03 8.315900e-01 4.228012e+02
6.504241e-01 4.720031e-01 5.951147e-01 5.086768e+02 -3.680751e-01 8.812101e-01 -2.966302e-01 -2.118252e+02 -6.644315e-01 -2.611142e-02 7.468929e-01 4.234525e+02
6.265720e-01 4.726703e-01 6.196696e-01 5.093417e+02 -3.587055e-01 8.807757e-01 -3.091352e-01 -2.121356e+02 -6.919089e-01 -2.858338e-02 7.214188e-01 4.241319e+02
5.979263e-01 4.727709e-01 6.472802e-01 5.100057e+02 -3.449122e-01 8.807035e-01 -3.246491e-01 -2.124384e+02 -7.235466e-01 -2.913860e-02 6.896603e-01 4.248156e+02
5.666052e-01 4.696500e-01 6.770431e-01 5.107284e+02 -3.249330e-01 8.824324e-01 -3.401934e-01 -2.128378e+02 -7.572166e-01 -2.723829e-02 6.525956e-01 4.253796e+02
5.264563e-01 4.713763e-01 7.075649e-01 5.114717e+02 -3.064199e-01 8.814978e-01 -3.592610e-01 -2.132199e+02 -7.930641e-01 -2.767679e-02 6.085092e-01 4.259287e+02
4.973975e-01 4.745272e-01 7.262367e-01 5.123518e+02 -2.963371e-01 8.797209e-01 -3.718542e-01 -2.136948e+02 -8.153404e-01 -3.025157e-02 5.781910e-01 4.259321e+02
4.688247e-01 4.706188e-01 7.474766e-01 5.132085e+02 -2.744805e-01 8.819668e-01 -3.831384e-01 -2.141902e+02 -8.395617e-01 -2.554300e-02 5.426635e-01 4.257888e+02
4.186603e-01 4.646888e-01 7.802486e-01 5.139956e+02 -2.351171e-01 8.853381e-01 -4.011189e-01 -2.145903e+02 -8.771793e-01 -1.551725e-02 4.799122e-01 4.262582e+02
3.579632e-01 4.621273e-01 8.113573e-01 5.148048e+02 -1.967743e-01 8.867580e-01 -4.182585e-01 -2.150209e+02 -9.127662e-01 -9.933122e-03 4.083615e-01 4.266580e+02
2.989992e-01 4.621750e-01 8.348615e-01 5.156794e+02 -1.613507e-01 8.867735e-01 -4.331267e-01 -2.154480e+02 -9.405134e-01 -5.200976e-03 3.397168e-01 4.268874e+02
2.340965e-01 4.616943e-01 8.555917e-01 5.165412e+02 -1.291257e-01 8.870138e-01 -4.433205e-01 -2.158985e+02 -9.636002e-01 -6.699122e-03 2.672635e-01 4.271207e+02
1.710501e-01 4.577828e-01 8.724545e-01 5.174257e+02 -9.407981e-02 8.890474e-01 -4.480443e-01 -2.163404e+02 -9.807603e-01 -5.442310e-03 1.951398e-01 4.272703e+02
1.129798e-01 4.545719e-01 8.835157e-01 5.183341e+02 -5.807833e-02 8.907100e-01 -4.508466e-01 -2.167556e+02 -9.918984e-01 -3.765783e-04 1.270330e-01 4.272207e+02
5.315426e-02 4.475020e-01 8.927018e-01 5.191754e+02 -2.297822e-02 8.942770e-01 -4.469234e-01 -2.172877e+02 -9.983219e-01 3.243183e-03 5.781744e-02 4.271255e+02
-4.126653e-03 4.412430e-01 8.973782e-01 5.200074e+02 1.098211e-02 8.973517e-01 -4.411795e-01 -2.177905e+02 -9.999312e-01 8.034507e-03 -8.548836e-03 4.268912e+02
-6.402673e-02 4.400784e-01 8.956738e-01 5.208742e+02 4.594201e-02 8.978636e-01 -4.378701e-01 -2.182654e+02 -9.968901e-01 1.311366e-02 -7.770535e-02 4.267390e+02
-1.191121e-01 4.415666e-01 8.892869e-01 5.217044e+02 7.897656e-02 8.970390e-01 -4.348377e-01 -2.187087e+02 -9.897348e-01 1.843839e-02 -1.417216e-01 4.264012e+02
-1.789690e-01 4.414591e-01 8.792519e-01 5.225536e+02 1.106052e-01 8.970432e-01 -4.278785e-01 -2.191466e+02 -9.776178e-01 2.067287e-02 -2.093706e-01 4.261060e+02
-2.347432e-01 4.376160e-01 8.679792e-01 5.233190e+02 1.369532e-01 8.989125e-01 -4.161732e-01 -2.195298e+02 -9.623614e-01 2.117869e-02 -2.709465e-01 4.255889e+02
-2.917273e-01 4.311856e-01 8.537998e-01 5.240202e+02 1.560585e-01 9.021233e-01 -4.022677e-01 -2.199614e+02 -9.436848e-01 1.589028e-02 -3.304642e-01 4.250214e+02
-3.488234e-01 4.301538e-01 8.326403e-01 5.248178e+02 1.750158e-01 9.027144e-01 -3.930346e-01 -2.203636e+02 -9.207018e-01 8.625529e-03 -3.901716e-01 4.245718e+02
-3.939939e-01 4.352567e-01 8.095186e-01 5.255179e+02 2.052753e-01 9.001840e-01 -3.840973e-01 -2.207318e+02 -8.958967e-01 1.484220e-02 -4.440145e-01 4.239601e+02
-4.316725e-01 4.423566e-01 7.861167e-01 5.262512e+02 2.361779e-01 8.965214e-01 -3.747925e-01 -2.210860e+02 -8.705624e-01 2.387577e-02 -4.914785e-01 4.233797e+02
-4.673089e-01 4.455306e-01 7.636261e-01 5.269523e+02 2.567853e-01 8.949026e-01 -3.649803e-01 -2.214517e+02 -8.459809e-01 2.552950e-02 -5.326017e-01 4.227675e+02
-5.024640e-01 4.468431e-01 7.401765e-01 5.277271e+02 2.680007e-01 8.944216e-01 -3.580301e-01 -2.217864e+02 -8.220131e-01 1.847063e-02 -5.691689e-01 4.222312e+02
-5.337922e-01 4.464596e-01 7.181502e-01 5.283718e+02 2.731958e-01 8.947710e-01 -3.531981e-01 -2.221204e+02 -8.002687e-01 7.661266e-03 -5.995926e-01 4.215436e+02
-5.594008e-01 4.468005e-01 6.981691e-01 5.290948e+02 2.832164e-01 8.946228e-01 -3.455988e-01 -2.225082e+02 -7.790117e-01 4.404633e-03 -6.269940e-01 4.209719e+02
-5.777739e-01 4.469868e-01 6.829203e-01 5.297888e+02 2.940920e-01 8.945182e-01 -3.366706e-01 -2.228592e+02 -7.613719e-01 6.321954e-03 -6.482845e-01 4.203432e+02
-5.895518e-01 4.480653e-01 6.720611e-01 5.303623e+02 3.038079e-01 8.939457e-01 -3.294873e-01 -2.232747e+02 -7.484179e-01 9.927645e-03 -6.631531e-01 4.196373e+02
-5.978503e-01 4.485538e-01 6.643603e-01 5.309023e+02 3.090354e-01 8.936902e-01 -3.252923e-01 -2.236729e+02 -7.396433e-01 1.083475e-02 -6.729119e-01 4.188957e+02
-5.999494e-01 4.490133e-01 6.621539e-01 5.312976e+02 3.116443e-01 8.934407e-01 -3.234835e-01 -2.238854e+02 -7.368436e-01 1.228279e-02 -6.759516e-01 4.180021e+02
-6.010105e-01 4.479402e-01 6.619184e-01 5.319791e+02 3.109934e-01 8.939835e-01 -3.226090e-01 -2.242037e+02 -7.362536e-01 1.196086e-02 -6.766000e-01 4.173431e+02
-6.006408e-01 4.457393e-01 6.637372e-01 5.326524e+02 3.083513e-01 8.950926e-01 -3.220695e-01 -2.245250e+02 -7.376653e-01 1.121617e-02 -6.750734e-01 4.166772e+02
-5.987977e-01 4.434720e-01 6.669137e-01 5.332859e+02 3.062577e-01 8.962072e-01 -3.209656e-01 -2.248572e+02 -7.400321e-01 1.205402e-02 -6.724635e-01 4.159783e+02
-5.985218e-01 4.427448e-01 6.676441e-01 5.339960e+02 3.047318e-01 8.965790e-01 -3.213794e-01 -2.252133e+02 -7.408847e-01 1.109981e-02 -6.715405e-01 4.153710e+02
-5.973459e-01 4.436801e-01 6.680762e-01 5.347138e+02 3.043708e-01 8.961248e-01 -3.229842e-01 -2.255507e+02 -7.419813e-01 1.040957e-02 -6.703398e-01 4.147620e+02
-5.941608e-01 4.443132e-01 6.704913e-01 5.353313e+02 3.034909e-01 8.958091e-01 -3.246835e-01 -2.258382e+02 -7.448934e-01 1.057380e-02 -6.670997e-01 4.140299e+02
-5.923145e-01 4.445251e-01 6.719829e-01 5.360314e+02 3.023661e-01 8.957096e-01 -3.260046e-01 -2.261472e+02 -7.468188e-01 1.008762e-02 -6.649511e-01 4.133860e+02
-5.904479e-01 4.456645e-01 6.728702e-01 5.367171e+02 3.008301e-01 8.951624e-01 -3.289157e-01 -2.264779e+02 -7.489142e-01 8.212046e-03 -6.626161e-01 4.127377e+02
-5.890571e-01 4.462232e-01 6.737185e-01 5.373617e+02 2.973743e-01 8.949111e-01 -3.327201e-01 -2.268342e+02 -7.513856e-01 4.355441e-03 -6.598490e-01 4.120612e+02
-5.880029e-01 4.499193e-01 6.721795e-01 5.380171e+02 2.955766e-01 8.930689e-01 -3.392086e-01 -2.271830e+02 -7.529191e-01 -7.751005e-04 -6.581127e-01 4.113913e+02
-5.867131e-01 4.526880e-01 6.714471e-01 5.387319e+02 2.946648e-01 8.916609e-01 -3.436764e-01 -2.275188e+02 -7.542814e-01 -3.787607e-03 -6.565404e-01 4.107779e+02
-5.846486e-01 4.499789e-01 6.750592e-01 5.394062e+02 2.930095e-01 8.930372e-01 -3.415113e-01 -2.278641e+02 -7.565259e-01 -1.865374e-03 -6.539610e-01 4.101251e+02
-5.840051e-01 4.456554e-01 6.784757e-01 5.401069e+02 2.909235e-01 8.952046e-01 -3.375978e-01 -2.282051e+02 -7.578269e-01 2.257037e-04 -6.524556e-01 4.094985e+02
-5.858265e-01 4.393079e-01 6.810403e-01 5.407944e+02 2.869471e-01 8.983364e-01 -3.326456e-01 -2.285581e+02 -7.579371e-01 5.499733e-04 -6.523274e-01 4.088638e+02
-5.841463e-01 4.395229e-01 6.823436e-01 5.414956e+02 2.866148e-01 8.982309e-01 -3.332164e-01 -2.288899e+02 -7.593583e-01 9.226676e-04 -6.506721e-01 4.082328e+02
-5.881033e-01 4.366730e-01 6.807725e-01 5.422356e+02 2.826465e-01 8.996141e-01 -3.328745e-01 -2.292439e+02 -7.577899e-01 -3.346592e-03 -6.524901e-01 4.076609e+02
-5.844326e-01 4.375066e-01 6.833934e-01 5.429150e+02 2.848243e-01 8.992150e-01 -3.320955e-01 -2.295621e+02 -7.598116e-01 5.595698e-04 -6.501431e-01 4.069996e+02
-5.853995e-01 4.340164e-01 6.847899e-01 5.436212e+02 2.832668e-01 9.009038e-01 -3.288348e-01 -2.299162e+02 -7.596495e-01 1.478478e-03 -6.503310e-01 4.063867e+02
-5.829490e-01 4.333501e-01 6.872977e-01 5.442539e+02 2.845772e-01 9.012115e-01 -3.268541e-01 -2.302556e+02 -7.610428e-01 5.049990e-03 -6.486820e-01 4.056905e+02
-5.839631e-01 4.358574e-01 6.848470e-01 5.449521e+02 2.846525e-01 9.000131e-01 -3.300749e-01 -2.305973e+02 -7.602369e-01 2.191894e-03 -6.496423e-01 4.050615e+02
-5.855465e-01 4.406754e-01 6.803973e-01 5.456619e+02 2.822030e-01 8.976450e-01 -3.385186e-01 -2.309477e+02 -7.599321e-01 -6.208253e-03 -6.499728e-01 4.044503e+02
-5.888054e-01 4.434357e-01 6.757758e-01 5.463344e+02 2.786294e-01 8.961803e-01 -3.452918e-01 -2.313260e+02 -7.587317e-01 -1.501869e-02 -6.512301e-01 4.038144e+02
-5.886100e-01 4.459199e-01 6.743098e-01 5.469949e+02 2.789820e-01 8.949137e-01 -3.482794e-01 -2.316436e+02 -7.587538e-01 -1.688046e-02 -6.511588e-01 4.031339e+02
-5.928357e-01 4.404476e-01 6.742045e-01 5.476796e+02 2.753655e-01 8.975891e-01 -3.442493e-01 -2.319938e+02 -7.567825e-01 -1.843067e-02 -6.534069e-01 4.024947e+02
-5.953797e-01 4.336041e-01 6.763952e-01 5.483583e+02 2.746699e-01 9.009924e-01 -3.358113e-01 -2.323461e+02 -7.550360e-01 -1.414979e-02 -6.555306e-01 4.018504e+02
-5.977536e-01 4.293596e-01 6.770088e-01 5.490237e+02 2.769693e-01 9.030920e-01 -3.281963e-01 -2.326954e+02 -7.523155e-01 -8.669836e-03 -6.587460e-01 4.011907e+02
-5.979816e-01 4.305057e-01 6.760790e-01 5.496993e+02 2.797842e-01 9.025642e-01 -3.272594e-01 -2.330158e+02 -7.510917e-01 -6.538821e-03 -6.601655e-01 4.005267e+02
-5.971135e-01 4.339449e-01 6.746461e-01 5.503889e+02 2.837268e-01 9.009274e-01 -3.283733e-01 -2.333418e+02 -7.503030e-01 -4.660908e-03 -6.610776e-01 3.998800e+02
-5.948288e-01 4.384561e-01 6.737469e-01 5.510468e+02 2.896588e-01 8.987524e-01 -3.291534e-01 -2.336904e+02 -7.498510e-01 -6.332291e-04 -6.616065e-01 3.992125e+02
-5.937660e-01 4.404201e-01 6.734033e-01 5.517270e+02 2.929472e-01 8.977896e-01 -3.288705e-01 -2.340205e+02 -7.494157e-01 1.999538e-03 -6.620968e-01 3.985579e+02
-5.959897e-01 4.373449e-01 6.734432e-01 5.523913e+02 2.882412e-01 8.992918e-01 -3.289244e-01 -2.343577e+02 -7.494754e-01 -1.921446e-03 -6.620294e-01 3.978908e+02
-5.964129e-01 4.360030e-01 6.739385e-01 5.530569e+02 2.854363e-01 8.999353e-01 -3.296096e-01 -2.346825e+02 -7.502118e-01 -4.216872e-03 -6.611841e-01 3.972189e+02
-5.963285e-01 4.349250e-01 6.747092e-01 5.537338e+02 2.856979e-01 9.004623e-01 -3.279395e-01 -2.350258e+02 -7.501793e-01 -2.796700e-03 -6.612286e-01 3.965678e+02
-5.963393e-01 4.330323e-01 6.759160e-01 5.544189e+02 2.856667e-01 9.013779e-01 -3.254420e-01 -2.353611e+02 -7.501826e-01 -9.871501e-04 -6.612300e-01 3.959212e+02
-5.933055e-01 4.360095e-01 6.766715e-01 5.551094e+02 2.896715e-01 8.999381e-01 -3.258861e-01 -2.356972e+02 -7.510519e-01 2.662365e-03 -6.602378e-01 3.952806e+02
-5.929869e-01 4.385077e-01 6.753351e-01 5.557958e+02 2.881135e-01 8.987262e-01 -3.305779e-01 -2.359977e+02 -7.519024e-01 -1.455174e-03 -6.592729e-01 3.946184e+02
-5.908841e-01 4.431555e-01 6.741434e-01 5.564687e+02 2.880725e-01 8.964319e-01 -3.367849e-01 -2.362971e+02 -7.535717e-01 -4.798658e-03 -6.573482e-01 3.939419e+02
-5.904568e-01 4.433787e-01 6.743709e-01 5.571416e+02 2.880606e-01 8.963217e-01 -3.370884e-01 -2.366425e+02 -7.539111e-01 -4.776415e-03 -6.569591e-01 3.932878e+02
-5.858947e-01 4.483496e-01 6.750629e-01 5.578109e+02 2.928984e-01 8.938575e-01 -3.394544e-01 -2.369334e+02 -7.556043e-01 -1.159661e-03 -6.550273e-01 3.926041e+02
-5.882590e-01 4.437204e-01 6.760648e-01 5.585055e+02 2.882878e-01 8.961583e-01 -3.373283e-01 -2.372903e+02 -7.555405e-01 -3.535153e-03 -6.550924e-01 3.919795e+02
-5.886291e-01 4.410211e-01 6.775074e-01 5.591803e+02 2.890077e-01 8.974967e-01 -3.331279e-01 -2.376475e+02 -7.549770e-01 -2.839245e-04 -6.557512e-01 3.913337e+02
-5.883455e-01 4.377249e-01 6.798871e-01 5.598421e+02 2.909027e-01 8.990932e-01 -3.271194e-01 -2.379820e+02 -7.544702e-01 5.321762e-03 -6.563128e-01 3.906628e+02
-5.894430e-01 4.353752e-01 6.804450e-01 5.605449e+02 2.916664e-01 9.002146e-01 -3.233331e-01 -2.383722e+02 -7.533178e-01 7.876468e-03 -6.576096e-01 3.900680e+02
-5.928784e-01 4.336018e-01 6.785903e-01 5.612492e+02 2.897691e-01 9.010886e-01 -3.226037e-01 -2.387533e+02 -7.513515e-01 5.369696e-03 -6.598804e-01 3.894691e+02
-5.918392e-01 4.368410e-01 6.774188e-01 5.618685e+02 2.912694e-01 8.995269e-01 -3.255971e-01 -2.390725e+02 -7.515906e-01 4.610265e-03 -6.596137e-01 3.887517e+02
-5.945457e-01 4.384664e-01 6.739900e-01 5.625739e+02 2.929023e-01 8.987411e-01 -3.263015e-01 -2.394546e+02 -7.488148e-01 3.412037e-03 -6.627705e-01 3.881547e+02
-5.940605e-01 4.412305e-01 6.726127e-01 5.632461e+02 2.937550e-01 8.973916e-01 -3.292359e-01 -2.397560e+02 -7.488659e-01 1.997292e-03 -6.627185e-01 3.874784e+02
-5.891038e-01 4.434179e-01 6.755274e-01 5.638310e+02 2.946260e-01 8.963070e-01 -3.314051e-01 -2.399989e+02 -7.524309e-01 3.795932e-03 -6.586603e-01 3.867045e+02
-5.856857e-01 4.480020e-01 6.754750e-01 5.645676e+02 3.011016e-01 8.939870e-01 -3.318510e-01 -2.403091e+02 -7.525358e-01 9.026255e-03 -6.584895e-01 3.861036e+02
-5.856665e-01 4.482264e-01 6.753428e-01 5.652462e+02 3.011340e-01 8.938762e-01 -3.321199e-01 -2.406636e+02 -7.525378e-01 8.857181e-03 -6.584895e-01 3.854603e+02
-5.861072e-01 4.478993e-01 6.751774e-01 5.658097e+02 2.931419e-01 8.940838e-01 -3.386472e-01 -2.409934e+02 -7.553451e-01 -5.607614e-04 -6.553270e-01 3.847028e+02
-5.841205e-01 4.528101e-01 6.736218e-01 5.664668e+02 2.923293e-01 8.915924e-01 -3.458417e-01 -2.412991e+02 -7.571967e-01 -5.093817e-03 -6.531671e-01 3.840138e+02
-5.850956e-01 4.557555e-01 6.707832e-01 5.671322e+02 2.877859e-01 8.899966e-01 -3.536740e-01 -2.416558e+02 -7.581836e-01 -1.389116e-02 -6.518931e-01 3.833581e+02
-5.857977e-01 4.567028e-01 6.695249e-01 5.678153e+02 2.880429e-01 8.894937e-01 -3.547284e-01 -2.420234e+02 -7.575436e-01 -1.494720e-02 -6.526134e-01 3.827270e+02
-5.852092e-01 4.524077e-01 6.729468e-01 5.684817e+02 2.889765e-01 8.917626e-01 -3.482126e-01 -2.424100e+02 -7.576429e-01 -9.311414e-03 -6.526029e-01 3.820895e+02
-5.877790e-01 4.405930e-01 6.785231e-01 5.691518e+02 2.838685e-01 8.976903e-01 -3.370028e-01 -2.428115e+02 -7.575847e-01 -5.471864e-03 -6.527140e-01 3.814651e+02
-5.875631e-01 4.356906e-01 6.818675e-01 5.698337e+02 2.861728e-01 9.000941e-01 -3.285359e-01 -2.431767e+02 -7.568849e-01 2.096364e-03 -6.535448e-01 3.808314e+02
-5.863635e-01 4.358146e-01 6.828202e-01 5.704476e+02 2.837203e-01 9.000364e-01 -3.308130e-01 -2.435360e+02 -7.587362e-01 -2.467274e-04 -6.513979e-01 3.801285e+02
-5.853986e-01 4.388940e-01 6.816748e-01 5.711169e+02 2.878649e-01 8.985360e-01 -3.313109e-01 -2.438976e+02 -7.579197e-01 2.281357e-03 -6.523439e-01 3.794794e+02
-5.857439e-01 4.416584e-01 6.795895e-01 5.717988e+02 2.871939e-01 8.971823e-01 -3.355349e-01 -2.442477e+02 -7.579074e-01 -1.363534e-03 -6.523607e-01 3.788373e+02
-5.845817e-01 4.448493e-01 6.785082e-01 5.724633e+02 2.842970e-01 8.955768e-01 -3.422241e-01 -2.445724e+02 -7.598944e-01 -7.160125e-03 -6.500071e-01 3.781642e+02
-5.836987e-01 4.467670e-01 6.780082e-01 5.730802e+02 2.817387e-01 8.945767e-01 -3.469233e-01 -2.449103e+02 -7.615242e-01 -1.147758e-02 -6.480348e-01 3.774534e+02
-5.835667e-01 4.479291e-01 6.773547e-01 5.738128e+02 2.819414e-01 8.939849e-01 -3.482816e-01 -2.452851e+02 -7.615503e-01 -1.227121e-02 -6.479896e-01 3.768852e+02
-5.809754e-01 4.479858e-01 6.795412e-01 5.744321e+02 2.791000e-01 8.939296e-01 -3.507036e-01 -2.455961e+02 -7.645723e-01 -1.409024e-02 -6.443840e-01 3.761643e+02
-5.821576e-01 4.435696e-01 6.814239e-01 5.751453e+02 2.759560e-01 8.961258e-01 -3.475727e-01 -2.459857e+02 -7.648142e-01 -1.429909e-02 -6.440922e-01 3.755816e+02
-5.800618e-01 4.380654e-01 6.867511e-01 5.758620e+02 2.750156e-01 8.988981e-01 -3.410990e-01 -2.463702e+02 -7.667429e-01 -8.991233e-03 -6.418913e-01 3.749997e+02
-5.769077e-01 4.345885e-01 6.915998e-01 5.765987e+02 2.751879e-01 9.006214e-01 -3.363819e-01 -2.467415e+02 -7.690573e-01 -3.741394e-03 -6.391689e-01 3.744346e+02
-5.744011e-01 4.308799e-01 6.959927e-01 5.773276e+02 2.719100e-01 9.024051e-01 -3.342605e-01 -2.471305e+02 -7.720935e-01 -2.752228e-03 -6.355030e-01 3.738713e+02
-5.665087e-01 4.308325e-01 7.024609e-01 5.780283e+02 2.741892e-01 9.024215e-01 -3.323487e-01 -2.475033e+02 -7.771024e-01 4.328769e-03 -6.293593e-01 3.732629e+02
-5.567665e-01 4.325210e-01 7.091803e-01 5.787205e+02 2.735926e-01 9.015930e-01 -3.350779e-01 -2.478390e+02 -7.843201e-01 7.466325e-03 -6.203113e-01 3.726240e+02
-5.496448e-01 4.329787e-01 7.144368e-01 5.794260e+02 2.668216e-01 9.013985e-01 -3.410089e-01 -2.481627e+02 -7.916418e-01 3.193381e-03 -6.109771e-01 3.719936e+02
-5.418014e-01 4.374034e-01 7.177252e-01 5.801719e+02 2.621059e-01 8.992639e-01 -3.501783e-01 -2.484971e+02 -7.985936e-01 -1.607093e-03 -6.018685e-01 3.714176e+02
-5.382710e-01 4.387418e-01 7.195623e-01 5.809410e+02 2.573273e-01 8.985922e-01 -3.554079e-01 -2.488915e+02 -8.025254e-01 -6.142761e-03 -5.965864e-01 3.709146e+02
-5.343819e-01 4.347600e-01 7.248584e-01 5.816506e+02 2.501554e-01 9.005039e-01 -3.556896e-01 -2.492882e+02 -8.073774e-01 -8.746841e-03 -5.899706e-01 3.703323e+02
-5.292235e-01 4.284283e-01 7.323740e-01 5.823804e+02 2.429531e-01 9.035322e-01 -3.529921e-01 -2.496472e+02 -8.129553e-01 -8.879170e-03 -5.822584e-01 3.697504e+02
-5.224804e-01 4.246214e-01 7.393990e-01 5.831192e+02 2.395210e-01 9.053503e-01 -3.506715e-01 -2.500388e+02 -8.183178e-01 -6.117398e-03 -5.747335e-01 3.692020e+02
-5.162998e-01 4.258377e-01 7.430321e-01 5.838756e+02 2.352081e-01 9.047590e-01 -3.550891e-01 -2.503925e+02 -8.234753e-01 -8.565331e-03 -5.672874e-01 3.686518e+02
-5.110413e-01 4.304669e-01 7.439994e-01 5.846330e+02 2.307766e-01 9.024955e-01 -3.636536e-01 -2.507796e+02 -8.279970e-01 -1.414438e-02 -5.605541e-01 3.681259e+02
-5.052005e-01 4.321739e-01 7.469927e-01 5.853828e+02 2.277648e-01 9.016557e-01 -3.676142e-01 -2.511556e+02 -8.324035e-01 -1.558022e-02 -5.539509e-01 3.675814e+02
-4.982581e-01 4.312075e-01 7.521961e-01 5.861005e+02 2.254655e-01 9.021492e-01 -3.678209e-01 -2.515229e+02 -8.372002e-01 -1.367549e-02 -5.467255e-01 3.669899e+02
-4.940563e-01 4.254484e-01 7.582230e-01 5.868761e+02 2.221752e-01 9.049173e-01 -3.629916e-01 -2.519042e+02 -8.405633e-01 -1.087994e-02 -5.416041e-01 3.664868e+02
-4.872372e-01 4.192478e-01 7.660491e-01 5.876232e+02 2.206151e-01 9.078596e-01 -3.565388e-01 -2.522994e+02 -8.449432e-01 -4.716949e-03 -5.348353e-01 3.659523e+02
-4.753620e-01 4.249476e-01 7.703574e-01 5.883994e+02 2.210836e-01 9.052153e-01 -3.629151e-01 -2.526126e+02 -8.515592e-01 -2.202673e-03 -5.242539e-01 3.654052e+02
-4.697411e-01 4.294297e-01 7.713193e-01 5.891877e+02 2.168585e-01 9.030741e-01 -3.707149e-01 -2.530130e+02 -8.557545e-01 -6.872910e-03 -5.173365e-01 3.649380e+02
-4.581778e-01 4.342609e-01 7.755582e-01 5.898880e+02 2.120056e-01 9.007394e-01 -3.791071e-01 -2.533717e+02 -8.632072e-01 -9.275763e-03 -5.047646e-01 3.643207e+02
-4.467132e-01 4.345073e-01 7.820810e-01 5.906892e+02 2.154386e-01 9.006683e-01 -3.773364e-01 -2.537391e+02 -8.683510e-01 -7.068203e-05 -4.959501e-01 3.638484e+02
-4.350946e-01 4.315608e-01 7.902202e-01 5.914922e+02 2.172060e-01 9.020355e-01 -3.730327e-01 -2.541237e+02 -8.737930e-01 9.336038e-03 -4.862084e-01 3.633932e+02
-4.236355e-01 4.296224e-01 7.974695e-01 5.922699e+02 2.192877e-01 9.028257e-01 -3.698901e-01 -2.545662e+02 -8.788890e-01 1.817673e-02 -4.766799e-01 3.629467e+02
-4.159809e-01 4.332760e-01 7.995197e-01 5.931051e+02 2.146043e-01 9.011383e-01 -3.766891e-01 -2.549526e+02 -8.836882e-01 1.488485e-02 -4.678392e-01 3.625553e+02
-4.047325e-01 4.409253e-01 8.011095e-01 5.938757e+02 2.112775e-01 8.974562e-01 -3.872133e-01 -2.553204e+02 -8.896929e-01 1.253861e-02 -4.563873e-01 3.620349e+02
-3.905327e-01 4.505094e-01 8.028234e-01 5.946253e+02 2.114659e-01 8.926569e-01 -3.980527e-01 -2.556763e+02 -8.959723e-01 1.431717e-02 -4.438791e-01 3.614768e+02
-3.845739e-01 4.511861e-01 8.053161e-01 5.954280e+02 2.073129e-01 8.923387e-01 -4.009402e-01 -2.561181e+02 -8.995134e-01 1.276126e-02 -4.367068e-01 3.610762e+02
-3.775396e-01 4.481833e-01 8.103059e-01 5.962311e+02 2.013294e-01 8.938625e-01 -4.005950e-01 -2.565446e+02 -9.038420e-01 1.189791e-02 -4.277009e-01 3.606602e+02
-3.682772e-01 4.460022e-01 8.157536e-01 5.970386e+02 1.988209e-01 8.949052e-01 -3.995183e-01 -2.569239e+02 -9.082082e-01 1.505540e-02 -4.182478e-01 3.602084e+02
-3.609297e-01 4.410728e-01 8.216961e-01 5.978512e+02 1.961507e-01 8.972820e-01 -3.954870e-01 -2.573293e+02 -9.117317e-01 1.843327e-02 -4.103724e-01 3.597896e+02
-3.570505e-01 4.344970e-01 8.268780e-01 5.986596e+02 1.913473e-01 9.004776e-01 -3.905462e-01 -2.577528e+02 -9.142763e-01 1.877615e-02 -4.046558e-01 3.593807e+02
-3.553234e-01 4.318105e-01 8.290265e-01 5.994916e+02 1.847168e-01 9.018501e-01 -3.905715e-01 -2.581808e+02 -9.163105e-01 1.435594e-02 -4.002111e-01 3.590280e+02
-3.487955e-01 4.374323e-01 8.288514e-01 6.003148e+02 1.836113e-01 8.991481e-01 -3.972650e-01 -2.585859e+02 -9.190368e-01 1.362221e-02 -3.939363e-01 3.586301e+02
-3.375025e-01 4.437265e-01 8.301800e-01 6.011402e+02 1.844668e-01 8.960044e-01 -4.039159e-01 -2.589909e+02 -9.230732e-01 1.681800e-02 -3.842565e-01 3.582368e+02
-3.328765e-01 4.428721e-01 8.325008e-01 6.019585e+02 1.784889e-01 8.964817e-01 -4.055395e-01 -2.594254e+02 -9.259238e-01 1.359759e-02 -3.774654e-01 3.578604e+02
-3.255513e-01 4.396842e-01 8.370747e-01 6.028025e+02 1.751820e-01 8.980228e-01 -4.035670e-01 -2.598173e+02 -9.291542e-01 1.525869e-02 -3.693773e-01 3.574943e+02
-3.164210e-01 4.353016e-01 8.428465e-01 6.036008e+02 1.740772e-01 9.000555e-01 -3.994961e-01 -2.602567e+02 -9.325100e-01 2.031141e-02 -3.605725e-01 3.570824e+02
-3.108901e-01 4.390964e-01 8.429364e-01 6.044568e+02 1.728016e-01 8.982171e-01 -4.041605e-01 -2.606901e+02 -9.346053e-01 2.001129e-02 -3.551233e-01 3.568006e+02
-3.043685e-01 4.454024e-01 8.420074e-01 6.052938e+02 1.672952e-01 8.952025e-01 -4.130675e-01 -2.610788e+02 -9.377484e-01 1.513905e-02 -3.469852e-01 3.564154e+02
-2.959979e-01 4.509249e-01 8.420522e-01 6.061146e+02 1.655106e-01 8.924336e-01 -4.197243e-01 -2.614885e+02 -9.407399e-01 1.513105e-02 -3.387913e-01 3.560174e+02
-2.866321e-01 4.520524e-01 8.446838e-01 6.069683e+02 1.608444e-01 8.918703e-01 -4.227250e-01 -2.618791e+02 -9.444422e-01 1.469614e-02 -3.283487e-01 3.556730e+02
-2.768133e-01 4.484126e-01 8.498827e-01 6.077920e+02 1.557827e-01 8.936849e-01 -4.207838e-01 -2.623116e+02 -9.482121e-01 1.591845e-02 -3.172388e-01 3.553063e+02
-2.683712e-01 4.483263e-01 8.526315e-01 6.086538e+02 1.513113e-01 8.937325e-01 -4.223116e-01 -2.627404e+02 -9.513579e-01 1.567652e-02 -3.076889e-01 3.550354e+02
-2.593303e-01 4.480140e-01 8.555882e-01 6.095062e+02 1.457284e-01 8.939048e-01 -4.239073e-01 -2.631721e+02 -9.547309e-01 1.475149e-02 -2.971050e-01 3.547404e+02
-2.517969e-01 4.472907e-01 8.582129e-01 6.103403e+02 1.394291e-01 8.942999e-01 -4.251908e-01 -2.636348e+02 -9.576836e-01 1.259810e-02 -2.875473e-01 3.544402e+02
-2.436806e-01 4.455277e-01 8.614666e-01 6.111919e+02 1.346874e-01 8.951809e-01 -4.248652e-01 -2.640715e+02 -9.604577e-01 1.249728e-02 -2.781452e-01 3.541502e+02
-2.367623e-01 4.443335e-01 8.640089e-01 6.120528e+02 1.278826e-01 8.958087e-01 -4.256439e-01 -2.645067e+02 -9.631146e-01 9.715231e-03 -2.689163e-01 3.538866e+02
-2.302341e-01 4.445873e-01 8.656410e-01 6.129256e+02 1.232067e-01 8.956972e-01 -4.272547e-01 -2.649362e+02 -9.653043e-01 8.284117e-03 -2.609962e-01 3.536545e+02
-2.238158e-01 4.485021e-01 8.653048e-01 6.138048e+02 1.184054e-01 8.937641e-01 -4.326268e-01 -2.653730e+02 -9.674124e-01 5.628000e-03 -2.531436e-01 3.534641e+02
-2.170531e-01 4.527106e-01 8.648359e-01 6.146708e+02 1.152480e-01 8.916454e-01 -4.378200e-01 -2.658430e+02 -9.693327e-01 4.640465e-03 -2.457084e-01 3.532937e+02
-2.114922e-01 4.545545e-01 8.652464e-01 6.155264e+02 1.091963e-01 8.907182e-01 -4.412452e-01 -2.663136e+02 -9.712606e-01 1.161758e-03 -2.380156e-01 3.530784e+02
-2.031566e-01 4.523120e-01 8.684131e-01 6.164011e+02 1.057458e-01 8.918563e-01 -4.397842e-01 -2.667287e+02 -9.734193e-01 2.486019e-03 -2.290166e-01 3.528282e+02
-1.935837e-01 4.442259e-01 8.747506e-01 6.172395e+02 9.855610e-02 8.959117e-01 -4.331616e-01 -2.671608e+02 -9.761209e-01 2.358997e-03 -2.172151e-01 3.524959e+02
-1.849470e-01 4.354938e-01 8.809879e-01 6.181153e+02 9.533287e-02 9.001756e-01 -4.249654e-01 -2.675969e+02 -9.781136e-01 5.391023e-03 -2.080017e-01 3.522891e+02
-1.766866e-01 4.314770e-01 8.846522e-01 6.189897e+02 9.388559e-02 9.020827e-01 -4.212272e-01 -2.680522e+02 -9.797792e-01 8.630900e-03 -1.998954e-01 3.521213e+02
-1.687918e-01 4.325781e-01 8.856554e-01 6.198771e+02 8.960113e-02 9.015618e-01 -4.232706e-01 -2.684843e+02 -9.815707e-01 7.911100e-03 -1.909357e-01 3.519602e+02
-1.582480e-01 4.357208e-01 8.860615e-01 6.207460e+02 8.634410e-02 9.000378e-01 -4.271728e-01 -2.689424e+02 -9.836169e-01 8.906936e-03 -1.800511e-01 3.517730e+02
-1.476834e-01 4.382946e-01 8.866157e-01 6.216182e+02 8.042226e-02 8.987987e-01 -4.309213e-01 -2.693641e+02 -9.857595e-01 7.663728e-03 -1.679863e-01 3.515249e+02
-1.385383e-01 4.379837e-01 8.882440e-01 6.224537e+02 7.347443e-02 8.989664e-01 -4.318111e-01 -2.698515e+02 -9.876278e-01 5.440854e-03 -1.567219e-01 3.512712e+02
-1.336763e-01 4.362308e-01 8.898502e-01 6.233319e+02 6.938965e-02 8.998251e-01 -4.306969e-01 -2.703130e+02 -9.885928e-01 4.172432e-03 -1.505552e-01 3.511459e+02
-1.284697e-01 4.353611e-01 8.910422e-01 6.242292e+02 6.769801e-02 9.002416e-01 -4.300953e-01 -2.707423e+02 -9.894001e-01 5.067584e-03 -1.451268e-01 3.510433e+02
-1.189578e-01 4.350756e-01 8.925011e-01 6.250741e+02 6.158577e-02 9.003862e-01 -4.307109e-01 -2.711622e+02 -9.909875e-01 3.728969e-03 -1.339024e-01 3.507117e+02
-1.114802e-01 4.330688e-01 8.944404e-01 6.258906e+02 5.465335e-02 9.013603e-01 -4.296075e-01 -2.716389e+02 -9.922627e-01 9.914338e-04 -1.241525e-01 3.503860e+02
-1.140769e-01 4.321064e-01 8.945784e-01 6.267683e+02 5.298086e-02 9.018214e-01 -4.288488e-01 -2.721158e+02 -9.920582e-01 -1.526216e-03 -1.257704e-01 3.503402e+02
-1.169189e-01 4.348128e-01 8.928985e-01 6.276592e+02 5.170726e-02 9.005105e-01 -4.317489e-01 -2.725653e+02 -9.917945e-01 -4.310254e-03 -1.277696e-01 3.502750e+02
-1.157571e-01 4.355526e-01 8.926893e-01 6.284680e+02 4.607237e-02 9.001181e-01 -4.332029e-01 -2.730598e+02 -9.922085e-01 -9.017994e-03 -1.242620e-01 3.499566e+02
-1.205567e-01 4.380745e-01 8.908181e-01 6.293591e+02 4.802406e-02 8.988861e-01 -4.355428e-01 -2.734882e+02 -9.915441e-01 -9.726892e-03 -1.294048e-01 3.498071e+02
-1.256947e-01 4.358448e-01 8.912015e-01 6.301972e+02 4.839643e-02 8.999505e-01 -4.332977e-01 -2.739717e+02 -9.908878e-01 -1.133225e-02 -1.342123e-01 3.495545e+02
-1.423284e-01 4.324664e-01 8.903457e-01 6.311092e+02 5.491856e-02 9.015677e-01 -4.291382e-01 -2.743780e+02 -9.882948e-01 -1.218205e-02 -1.520691e-01 3.496114e+02
-1.487096e-01 4.235972e-01 8.935608e-01 6.319227e+02 5.868299e-02 9.057958e-01 -4.196311e-01 -2.748432e+02 -9.871382e-01 -9.966340e-03 -1.595585e-01 3.492624e+02
-1.590949e-01 4.191646e-01 8.938623e-01 6.328135e+02 6.767404e-02 9.078947e-01 -4.136998e-01 -2.752536e+02 -9.849411e-01 -5.326242e-03 -1.728079e-01 3.490672e+02
-1.696085e-01 4.151721e-01 8.937925e-01 6.336635e+02 7.581148e-02 9.097417e-01 -4.081944e-01 -2.757187e+02 -9.825913e-01 -1.473513e-03 -1.857747e-01 3.488199e+02
-1.822966e-01 4.154562e-01 8.911588e-01 6.345253e+02 8.821117e-02 9.096016e-01 -4.060095e-01 -2.761789e+02 -9.792787e-01 4.595981e-03 -2.024652e-01 3.486068e+02
-1.959690e-01 4.168557e-01 8.875964e-01 6.353620e+02 9.676497e-02 9.089500e-01 -4.055199e-01 -2.766367e+02 -9.758241e-01 6.418888e-03 -2.184631e-01 3.483061e+02
-2.127522e-01 4.231329e-01 8.807355e-01 6.362233e+02 1.103616e-01 9.060095e-01 -4.086161e-01 -2.770907e+02 -9.708536e-01 1.026541e-02 -2.394532e-01 3.480781e+02
-2.309608e-01 4.299955e-01 8.727892e-01 6.370839e+02 1.166625e-01 9.028096e-01 -4.139139e-01 -2.774470e+02 -9.659436e-01 6.223848e-03 -2.586780e-01 3.477141e+02
-2.553339e-01 4.329473e-01 8.645005e-01 6.379381e+02 1.232020e-01 9.014191e-01 -4.150481e-01 -2.778734e+02 -9.589713e-01 5.322999e-04 -2.835028e-01 3.474165e+02
-2.848867e-01 4.331439e-01 8.551175e-01 6.388239e+02 1.312177e-01 9.013086e-01 -4.128253e-01 -2.782559e+02 -9.495375e-01 -5.401905e-03 -3.136069e-01 3.471538e+02
-3.127048e-01 4.285572e-01 8.476759e-01 6.395890e+02 1.444204e-01 9.035069e-01 -4.035073e-01 -2.787855e+02 -9.388069e-01 -3.756978e-03 -3.444234e-01 3.467876e+02
-3.404503e-01 4.268022e-01 8.378147e-01 6.403578e+02 1.590339e-01 9.043436e-01 -3.960693e-01 -2.792020e+02 -9.267156e-01 -1.600977e-03 -3.757600e-01 3.463023e+02
-3.743775e-01 4.251361e-01 8.240757e-01 6.411772e+02 1.765601e-01 9.051292e-01 -3.867398e-01 -2.796578e+02 -9.103120e-01 7.122275e-04 -4.139221e-01 3.459546e+02
-4.084306e-01 4.268006e-01 8.068617e-01 6.420330e+02 1.993828e-01 9.043208e-01 -3.774261e-01 -2.800614e+02 -8.907474e-01 6.721992e-03 -4.544489e-01 3.456311e+02
-4.397746e-01 4.275456e-01 7.898121e-01 6.427943e+02 2.173177e-01 9.039422e-01 -3.683226e-01 -2.804344e+02 -8.714192e-01 9.661186e-03 -4.904440e-01 3.451008e+02
-4.713641e-01 4.262912e-01 7.720697e-01 6.434529e+02 2.290950e-01 9.045558e-01 -3.595751e-01 -2.808440e+02 -8.516639e-01 7.386513e-03 -5.240363e-01 3.444695e+02
-5.054704e-01 4.266417e-01 7.499843e-01 6.441584e+02 2.383028e-01 9.044207e-01 -3.538856e-01 -2.811770e+02 -8.292837e-01 -1.553354e-04 -5.588278e-01 3.438439e+02
-5.466701e-01 4.270422e-01 7.202686e-01 6.449866e+02 2.520989e-01 9.042055e-01 -3.447588e-01 -2.815759e+02 -7.984973e-01 -6.890372e-03 -6.019589e-01 3.434501e+02
-6.017672e-01 4.185103e-01 6.802392e-01 6.456292e+02 2.808382e-01 9.082019e-01 -3.103211e-01 -2.823176e+02 -7.476671e-01 4.296048e-03 -6.640598e-01 3.436421e+02
-6.340910e-01 4.195390e-01 6.495503e-01 6.461699e+02 2.952836e-01 9.077329e-01 -2.980411e-01 -2.826085e+02 -7.146581e-01 2.816373e-03 -6.994683e-01 3.428528e+02
-6.681597e-01 4.242707e-01 6.111931e-01 6.468634e+02 3.157243e-01 9.055283e-01 -2.834372e-01 -2.829012e+02 -6.737068e-01 3.587197e-03 -7.389901e-01 3.421945e+02
-6.981050e-01 4.271666e-01 5.746113e-01 6.474504e+02 3.326403e-01 9.041640e-01 -2.680260e-01 -2.830728e+02 -6.340346e-01 4.028599e-03 -7.732942e-01 3.414033e+02
-7.323112e-01 4.225341e-01 5.340273e-01 6.480868e+02 3.436417e-01 9.063405e-01 -2.458808e-01 -2.833192e+02 -5.879036e-01 3.452782e-03 -8.089236e-01 3.406723e+02
-7.621494e-01 4.143466e-01 4.974386e-01 6.484774e+02 3.498204e-01 9.101069e-01 -2.221064e-01 -2.835579e+02 -5.447513e-01 4.735931e-03 -8.385843e-01 3.397832e+02
-7.885843e-01 4.103636e-01 4.579701e-01 6.488251e+02 3.587410e-01 9.118946e-01 -1.993816e-01 -2.837224e+02 -4.994394e-01 7.063479e-03 -8.663200e-01 3.388602e+02
-8.142716e-01 4.056831e-01 4.151902e-01 6.491383e+02 3.659838e-01 9.139672e-01 -1.752710e-01 -2.839258e+02 -4.505747e-01 9.234663e-03 -8.926909e-01 3.379325e+02
-8.379142e-01 4.027652e-01 3.683477e-01 6.494320e+02 3.739488e-01 9.152249e-01 -1.500857e-01 -2.841574e+02 -3.975703e-01 1.198427e-02 -9.174935e-01 3.370051e+02
-8.601829e-01 3.986704e-01 3.180366e-01 6.496909e+02 3.787742e-01 9.170034e-01 -1.250392e-01 -2.843407e+02 -3.414900e-01 1.290749e-02 -9.397968e-01 3.360568e+02
-8.797382e-01 3.946342e-01 2.651878e-01 6.498907e+02 3.816488e-01 9.187569e-01 -1.011430e-01 -2.844714e+02 -2.835576e-01 1.222929e-02 -9.588772e-01 3.350857e+02
-8.946814e-01 3.936432e-01 2.111637e-01 6.500683e+02 3.856192e-01 9.192077e-01 -7.971826e-02 -2.844687e+02 -2.254839e-01 1.010632e-02 -9.741945e-01 3.341016e+02
-9.068199e-01 3.911141e-01 1.571858e-01 6.502593e+02 3.870847e-01 9.202946e-01 -5.677364e-02 -2.844739e+02 -1.668622e-01 9.360757e-03 -9.859358e-01 3.331200e+02
-9.150104e-01 3.892108e-01 1.061648e-01 6.504102e+02 3.877358e-01 9.211039e-01 -3.505143e-02 -2.844365e+02 -1.114312e-01 9.091470e-03 -9.937306e-01 3.321322e+02
-9.174872e-01 3.923983e-01 6.512140e-02 6.504217e+02 3.921748e-01 9.197388e-01 -1.671716e-02 -2.844366e+02 -6.645447e-02 1.020119e-02 -9.977373e-01 3.311322e+02
-9.191373e-01 3.929627e-01 2.769290e-02 6.504899e+02 3.931126e-01 9.194903e-01 -3.411964e-05 -2.844639e+02 -2.547676e-02 1.085507e-02 -9.996165e-01 3.301349e+02
-9.188182e-01 3.946787e-01 -1.332976e-03 6.504599e+02 3.946361e-01 9.187596e-01 1.196610e-02 -2.844115e+02 5.947451e-03 1.046863e-02 -9.999275e-01 3.291368e+02
-9.174826e-01 3.970639e-01 -2.378810e-02 6.503640e+02 3.966129e-01 9.177326e-01 2.156712e-02 -2.843631e+02 3.039464e-02 1.035279e-02 -9.994844e-01 3.281425e+02
-9.153620e-01 4.004735e-01 -4.163544e-02 6.502655e+02 3.995317e-01 9.162521e-01 2.926637e-02 -2.843253e+02 4.986897e-02 1.015464e-02 -9.987041e-01 3.271481e+02
-9.132808e-01 4.032464e-01 -5.753818e-02 6.501842e+02 4.018362e-01 9.150506e-01 3.478581e-02 -2.842477e+02 6.667760e-02 8.648285e-03 -9.977371e-01 3.261545e+02
-9.113832e-01 4.051841e-01 -7.215654e-02 6.501457e+02 4.032103e-01 9.141998e-01 4.074535e-02 -2.842475e+02 8.247486e-02 8.040366e-03 -9.965607e-01 3.251552e+02
-9.098440e-01 4.065925e-01 -8.286398e-02 6.499648e+02 4.040754e-01 9.135719e-01 4.592964e-02 -2.842326e+02 9.437685e-02 8.305513e-03 -9.955019e-01 3.241718e+02
-9.092562e-01 4.054786e-01 -9.402308e-02 6.498985e+02 4.024178e-01 9.140700e-01 5.035896e-02 -2.841553e+02 1.063632e-01 7.952636e-03 -9.942955e-01 3.231770e+02
-9.060850e-01 4.110173e-01 -1.003734e-01 6.497816e+02 4.074189e-01 9.115837e-01 5.499977e-02 -2.840882e+02 1.141046e-01 8.940447e-03 -9.934285e-01 3.221861e+02
-9.066397e-01 4.083278e-01 -1.061737e-01 6.496983e+02 4.039658e-01 9.127539e-01 6.076165e-02 -2.840414e+02 1.217211e-01 1.219839e-02 -9.924894e-01 3.211907e+02
-9.068561e-01 4.069990e-01 -1.093793e-01 6.496283e+02 4.021126e-01 9.133128e-01 6.453825e-02 -2.839880e+02 1.261645e-01 1.454413e-02 -9.919027e-01 3.201946e+02
-9.061842e-01 4.077766e-01 -1.120198e-01 6.495134e+02 4.029733e-01 9.129956e-01 6.365169e-02 -2.839158e+02 1.282292e-01 1.253919e-02 -9.916653e-01 3.192038e+02
-9.065684e-01 4.055627e-01 -1.168444e-01 6.494408e+02 4.011959e-01 9.140378e-01 5.980615e-02 -2.838407e+02 1.310553e-01 7.340883e-03 -9.913479e-01 3.182093e+02
-9.065829e-01 4.046837e-01 -1.197438e-01 6.493171e+02 4.006137e-01 9.144477e-01 5.739411e-02 -2.837609e+02 1.327259e-01 4.061513e-03 -9.911445e-01 3.172202e+02
-9.053516e-01 4.071691e-01 -1.206311e-01 6.491920e+02 4.028338e-01 9.133376e-01 5.949257e-02 -2.836914e+02 1.344005e-01 5.267398e-03 -9.909131e-01 3.162305e+02
-9.044337e-01 4.091689e-01 -1.207497e-01 6.490544e+02 4.042335e-01 9.124135e-01 6.400673e-02 -2.836230e+02 1.363632e-01 9.078769e-03 -9.906173e-01 3.152424e+02
-9.046860e-01 4.084549e-01 -1.212758e-01 6.489243e+02 4.029806e-01 9.126933e-01 6.780522e-02 -2.835623e+02 1.383830e-01 1.247063e-02 -9.903003e-01 3.142527e+02
-9.033660e-01 4.110001e-01 -1.225105e-01 6.488127e+02 4.054376e-01 9.115537e-01 6.848478e-02 -2.834838e+02 1.398221e-01 1.219646e-02 -9.901015e-01 3.132621e+02
-9.020236e-01 4.140744e-01 -1.220487e-01 6.486591e+02 4.085698e-01 9.101672e-01 6.831150e-02 -2.834007e+02 1.393708e-01 1.175317e-02 -9.901705e-01 3.122775e+02
-8.998046e-01 4.187846e-01 -1.223569e-01 6.484989e+02 4.135059e-01 9.080340e-01 6.698550e-02 -2.833234e+02 1.391567e-01 9.678538e-03 -9.902231e-01 3.112934e+02
-8.976465e-01 4.232794e-01 -1.227406e-01 6.483532e+02 4.184179e-01 9.059770e-01 6.428187e-02 -2.832596e+02 1.384094e-01 6.345522e-03 -9.903548e-01 3.103061e+02
-8.977505e-01 4.233380e-01 -1.217742e-01 6.482476e+02 4.188526e-01 9.059616e-01 6.161284e-02 -2.832118e+02 1.364058e-01 4.307511e-03 -9.906437e-01 3.093129e+02
-8.957869e-01 4.282082e-01 -1.191789e-01 6.480880e+02 4.240767e-01 9.036762e-01 5.939967e-02 -2.831441e+02 1.331346e-01 2.668452e-03 -9.910944e-01 3.083280e+02
-8.951843e-01 4.297767e-01 -1.180557e-01 6.479864e+02 4.257295e-01 9.029319e-01 5.889374e-02 -2.830995e+02 1.319074e-01 2.460953e-03 -9.912590e-01 3.073342e+02
-8.956685e-01 4.292295e-01 -1.163618e-01 6.478909e+02 4.251093e-01 9.031876e-01 5.945018e-02 -2.830712e+02 1.306143e-01 3.781185e-03 -9.914261e-01 3.063392e+02
-8.956237e-01 4.301134e-01 -1.134048e-01 6.477796e+02 4.259036e-01 9.027568e-01 6.030124e-02 -2.830168e+02 1.283134e-01 5.707698e-03 -9.917173e-01 3.053469e+02
-8.953352e-01 4.309545e-01 -1.124857e-01 6.476653e+02 4.268826e-01 9.023593e-01 5.932139e-02 -2.829575e+02 1.270673e-01 5.094360e-03 -9.918810e-01 3.043552e+02
-8.945363e-01 4.331691e-01 -1.103151e-01 6.475319e+02 4.291720e-01 9.012965e-01 5.895722e-02 -2.829232e+02 1.249651e-01 5.395220e-03 -9.921465e-01 3.033647e+02
-8.934014e-01 4.361754e-01 -1.076338e-01 6.473820e+02 4.323596e-01 8.998473e-01 5.779351e-02 -2.828494e+02 1.220620e-01 5.096313e-03 -9.925094e-01 3.023788e+02
-8.930853e-01 4.373379e-01 -1.055188e-01 6.472696e+02 4.335423e-01 8.992781e-01 5.779168e-02 -2.828069e+02 1.201652e-01 5.866056e-03 -9.927366e-01 3.013860e+02
-8.923517e-01 4.391528e-01 -1.041789e-01 6.471536e+02 4.356487e-01 8.984028e-01 5.552208e-02 -2.827625e+02 1.179773e-01 4.159805e-03 -9.930076e-01 3.003938e+02
-8.940458e-01 4.354224e-01 -1.053068e-01 6.470691e+02 4.321504e-01 9.002237e-01 5.332324e-02 -2.827294e+02 1.180178e-01 2.165028e-03 -9.930091e-01 2.993979e+02
-8.942024e-01 4.348087e-01 -1.065056e-01 6.469947e+02 4.316658e-01 9.005226e-01 5.218889e-02 -2.826901e+02 1.186029e-01 6.925829e-04 -9.929415e-01 2.984014e+02
-8.941766e-01 4.351722e-01 -1.052298e-01 6.468954e+02 4.318837e-01 9.003442e-01 5.344918e-02 -2.826529e+02 1.180027e-01 2.345962e-03 -9.930105e-01 2.974071e+02
-8.951704e-01 4.335231e-01 -1.035743e-01 6.467735e+02 4.300738e-01 9.011314e-01 5.476109e-02 -2.825827e+02 1.170743e-01 4.475909e-03 -9.931131e-01 2.964170e+02
-8.954476e-01 4.331063e-01 -1.029198e-01 6.466615e+02 4.294955e-01 9.013224e-01 5.613823e-02 -2.825483e+02 1.170778e-01 6.065247e-03 -9.931042e-01 2.954239e+02
-8.946986e-01 4.346997e-01 -1.027161e-01 6.465366e+02 4.311013e-01 9.005559e-01 5.613160e-02 -2.824988e+02 1.169020e-01 5.939816e-03 -9.931257e-01 2.944330e+02
-8.946460e-01 4.345555e-01 -1.037787e-01 6.464179e+02 4.310987e-01 9.006345e-01 5.487575e-02 -2.824352e+02 1.173133e-01 4.355501e-03 -9.930854e-01 2.934421e+02
-8.969577e-01 4.295038e-01 -1.048498e-01 6.463201e+02 4.261106e-01 9.030572e-01 5.401307e-02 -2.823725e+02 1.178842e-01 3.769819e-03 -9.930202e-01 2.924489e+02
-8.956454e-01 4.327065e-01 -1.028805e-01 6.461757e+02 4.294441e-01 9.015284e-01 5.314459e-02 -2.823029e+02 1.157457e-01 3.417267e-03 -9.932730e-01 2.914618e+02
-8.976570e-01 4.282292e-01 -1.040751e-01 6.460694e+02 4.249457e-01 9.036638e-01 5.303632e-02 -2.822103e+02 1.167606e-01 3.382152e-03 -9.931543e-01 2.904718e+02
-8.969220e-01 4.300594e-01 -1.028587e-01 6.459203e+02 4.268418e-01 9.027946e-01 5.261140e-02 -2.821358e+02 1.154863e-01 3.283951e-03 -9.933036e-01 2.894858e+02
-8.964630e-01 4.309925e-01 -1.029537e-01 6.458198e+02 4.277187e-01 9.023483e-01 5.314384e-02 -2.821035e+02 1.158047e-01 3.606257e-03 -9.932655e-01 2.884914e+02
-8.988990e-01 4.254152e-01 -1.048928e-01 6.456742e+02 4.224274e-01 9.049978e-01 5.033971e-02 -2.819984e+02 1.163430e-01 9.407178e-04 -9.932086e-01 2.875076e+02
-8.994575e-01 4.241808e-01 -1.051042e-01 6.455807e+02 4.213222e-01 9.055775e-01 4.916223e-02 -2.819665e+02 1.160337e-01 -6.339671e-05 -9.932453e-01 2.865125e+02
-9.009883e-01 4.207265e-01 -1.058740e-01 6.455245e+02 4.175331e-01 9.071842e-01 5.179783e-02 -2.819594e+02 1.178400e-01 2.463333e-03 -9.930295e-01 2.855141e+02
-9.003781e-01 4.232897e-01 -1.007232e-01 6.453646e+02 4.199344e-01 9.059753e-01 5.351535e-02 -2.818822e+02 1.139052e-01 5.886933e-03 -9.934742e-01 2.845300e+02
-9.001713e-01 4.240317e-01 -9.944242e-02 6.452686e+02 4.204291e-01 9.056082e-01 5.579565e-02 -2.818576e+02 1.137150e-01 8.417156e-03 -9.934778e-01 2.835349e+02
-9.013127e-01 4.221749e-01 -9.697281e-02 6.451674e+02 4.186419e-01 9.064674e-01 5.527925e-02 -2.818212e+02 1.112402e-01 9.227008e-03 -9.937507e-01 2.825407e+02
-9.011549e-01 4.233382e-01 -9.329872e-02 6.450513e+02 4.199461e-01 9.059185e-01 5.437817e-02 -2.817810e+02 1.075414e-01 9.822722e-03 -9.941521e-01 2.815483e+02
-9.023450e-01 4.214751e-01 -9.017898e-02 6.449032e+02 4.186303e-01 9.068146e-01 4.935557e-02 -2.817009e+02 1.025778e-01 6.784094e-03 -9.947019e-01 2.805626e+02
-9.044520e-01 4.167744e-01 -9.091613e-02 6.448666e+02 4.142512e-01 9.090016e-01 4.595783e-02 -2.816693e+02 1.017970e-01 3.904537e-03 -9.947975e-01 2.795637e+02
-9.038114e-01 4.189562e-01 -8.718165e-02 6.447486e+02 4.166137e-01 9.079984e-01 4.440581e-02 -2.816212e+02 9.776489e-02 3.813411e-03 -9.952022e-01 2.785719e+02
-9.050146e-01 4.166899e-01 -8.554552e-02 6.446707e+02 4.143644e-01 9.090373e-01 4.419648e-02 -2.815897e+02 9.618030e-02 4.551446e-03 -9.953535e-01 2.775754e+02
-9.051728e-01 4.162450e-01 -8.603655e-02 6.446413e+02 4.142129e-01 9.092511e-01 4.111047e-02 -2.815642e+02 9.534086e-02 1.574632e-03 -9.954434e-01 2.765762e+02
-9.053701e-01 4.159578e-01 -8.534692e-02 6.445593e+02 4.141713e-01 9.093838e-01 3.851314e-02 -2.815580e+02 9.363294e-02 -4.795974e-04 -9.956067e-01 2.755796e+02
-9.049607e-01 4.172680e-01 -8.326807e-02 6.444226e+02 4.154154e-01 9.087830e-01 3.928829e-02 -2.815381e+02 9.206635e-02 9.635191e-04 -9.957524e-01 2.745892e+02
-9.075713e-01 4.112615e-01 -8.472454e-02 6.443953e+02 4.092093e-01 9.115136e-01 4.111875e-02 -2.815509e+02 9.413812e-02 2.648122e-03 -9.955556e-01 2.735896e+02
-9.093544e-01 4.070105e-01 -8.612244e-02 6.443262e+02 4.050882e-01 9.134229e-01 3.952498e-02 -2.815168e+02 9.475329e-02 1.055032e-03 -9.955002e-01 2.725926e+02
-9.107341e-01 4.034279e-01 -8.837104e-02 6.442448e+02 4.015555e-01 9.150114e-01 3.882324e-02 -2.815034e+02 9.652289e-02 -1.282302e-04 -9.953308e-01 2.715960e+02
-9.123007e-01 3.999526e-01 -8.800797e-02 6.441371e+02 3.979459e-01 9.165346e-01 4.004335e-02 -2.814439e+02 9.667779e-02 1.509167e-03 -9.953146e-01 2.706036e+02
-9.118177e-01 4.013595e-01 -8.659704e-02 6.440279e+02 3.991702e-01 9.159129e-01 4.203226e-02 -2.813979e+02 9.618539e-02 3.758804e-03 -9.953563e-01 2.696106e+02
-9.107213e-01 4.043174e-01 -8.434593e-02 6.439106e+02 4.020540e-01 9.146034e-01 4.304814e-02 -2.813395e+02 9.454819e-02 5.293236e-03 -9.955062e-01 2.686193e+02
-9.110368e-01 4.037520e-01 -8.364371e-02 6.438539e+02 4.012560e-01 9.148343e-01 4.551680e-02 -2.813286e+02 9.489763e-02 7.904937e-03 -9.954557e-01 2.676209e+02
-9.094164e-01 4.076942e-01 -8.214209e-02 6.437304e+02 4.052826e-01 9.130872e-01 4.491893e-02 -2.812756e+02 9.331608e-02 7.559257e-03 -9.956078e-01 2.666300e+02
-9.083256e-01 4.099745e-01 -8.285828e-02 6.436488e+02 4.076631e-01 9.120766e-01 4.389804e-02 -2.812459e+02 9.357017e-02 6.095450e-03 -9.955940e-01 2.656338e+02
-9.100335e-01 4.060043e-01 -8.366375e-02 6.435735e+02 4.036757e-01 9.138506e-01 4.385249e-02 -2.812350e+02 9.426046e-02 6.134219e-03 -9.955287e-01 2.646367e+02
-9.085746e-01 4.096945e-01 -8.150203e-02 6.434909e+02 4.075092e-01 9.122062e-01 4.261647e-02 -2.812025e+02 9.180639e-02 5.507414e-03 -9.957616e-01 2.636406e+02
-9.080587e-01 4.111108e-01 -8.010773e-02 6.433809e+02 4.090904e-01 9.115747e-01 4.094661e-02 -2.811587e+02 8.985778e-02 4.410621e-03 -9.959448e-01 2.626477e+02
-9.075933e-01 4.125420e-01 -7.799693e-02 6.432873e+02 4.106167e-01 9.109284e-01 4.004294e-02 -2.811259e+02 8.756901e-02 4.315863e-03 -9.961491e-01 2.616526e+02
-9.081743e-01 4.115383e-01 -7.652187e-02 6.432385e+02 4.096672e-01 9.113814e-01 3.945451e-02 -2.811252e+02 8.597765e-02 4.483066e-03 -9.962870e-01 2.606538e+02
-9.075385e-01 4.132739e-01 -7.468946e-02 6.431759e+02 4.116239e-01 9.106023e-01 3.700169e-02 -2.810999e+02 8.330424e-02 2.836492e-03 -9.965201e-01 2.596561e+02
-9.072572e-01 4.139797e-01 -7.419720e-02 6.431094e+02 4.125951e-01 9.102861e-01 3.383005e-02 -2.810667e+02 8.154564e-02 7.915046e-05 -9.966696e-01 2.586588e+02
-9.076626e-01 4.130778e-01 -7.426480e-02 6.430468e+02 4.118824e-01 9.106935e-01 3.146916e-02 -2.810491e+02 8.063168e-02 -2.024977e-03 -9.967419e-01 2.576609e+02
-9.076280e-01 4.131738e-01 -7.415422e-02 6.430052e+02 4.122112e-01 9.106404e-01 2.856592e-02 -2.810184e+02 7.933052e-02 -4.639969e-03 -9.968376e-01 2.566623e+02
-9.088683e-01 4.105654e-01 -7.344699e-02 6.429402e+02 4.095790e-01 9.118225e-01 2.871999e-02 -2.809909e+02 7.876205e-02 -3.979654e-03 -9.968855e-01 2.556648e+02
-9.083066e-01 4.122959e-01 -7.064907e-02 6.428384e+02 4.111669e-01 9.110490e-01 3.051875e-02 -2.809725e+02 7.694752e-02 -1.328176e-03 -9.970343e-01 2.546701e+02
-9.092104e-01 4.104653e-01 -6.967588e-02 6.427877e+02 4.092098e-01 9.118760e-01 3.208598e-02 -2.809645e+02 7.670594e-02 6.608543e-04 -9.970535e-01 2.536715e+02
-9.091449e-01 4.107135e-01 -6.906451e-02 6.427456e+02 4.093344e-01 9.117613e-01 3.371385e-02 -2.809855e+02 7.681708e-02 2.380299e-03 -9.970424e-01 2.526726e+02
-9.078843e-01 4.135157e-01 -6.892661e-02 6.426677e+02 4.120040e-01 9.104888e-01 3.553664e-02 -2.809757e+02 7.745187e-02 3.865110e-03 -9.969886e-01 2.516757e+02
-9.091036e-01 4.107914e-01 -6.914585e-02 6.426187e+02 4.090594e-01 9.117064e-01 3.823456e-02 -2.809693e+02 7.874714e-02 6.474415e-03 -9.968736e-01 2.506769e+02
-9.082185e-01 4.130691e-01 -6.717971e-02 6.424302e+02 4.111463e-01 9.106495e-01 4.094254e-02 -2.809288e+02 7.808927e-02 9.564079e-03 -9.969005e-01 2.496956e+02
-9.070093e-01 4.154316e-01 -6.892555e-02 6.423803e+02 4.133909e-01 9.095709e-01 4.229424e-02 -2.809139e+02 8.026304e-02 9.868071e-03 -9.967249e-01 2.486970e+02
-9.063848e-01 4.165115e-01 -7.060294e-02 6.423053e+02 4.143077e-01 9.090671e-01 4.411499e-02 -2.809112e+02 8.255721e-02 1.073381e-02 -9.965285e-01 2.476998e+02
-9.060629e-01 4.164613e-01 -7.490000e-02 6.421947e+02 4.141737e-01 9.091051e-01 4.458850e-02 -2.808597e+02 8.666135e-02 9.378375e-03 -9.961937e-01 2.467073e+02
-9.052948e-01 4.174649e-01 -7.851327e-02 6.420542e+02 4.149915e-01 9.086448e-01 4.633257e-02 -2.808414e+02 9.068289e-02 9.362302e-03 -9.958358e-01 2.457174e+02
-9.040288e-01 4.194687e-01 -8.232864e-02 6.418353e+02 4.168901e-01 9.077316e-01 4.718102e-02 -2.807632e+02 9.452327e-02 8.331003e-03 -9.954878e-01 2.447448e+02
-9.029301e-01 4.200956e-01 -9.075757e-02 6.417959e+02 4.172080e-01 9.074530e-01 4.966389e-02 -2.807536e+02 1.032218e-01 6.978244e-03 -9.946339e-01 2.437456e+02
-9.009385e-01 4.220393e-01 -1.009586e-01 6.417787e+02 4.184815e-01 9.065467e-01 5.519393e-02 -2.807564e+02 1.148177e-01 7.477031e-03 -9.933584e-01 2.427457e+02
-8.986673e-01 4.236074e-01 -1.138148e-01 6.417251e+02 4.192644e-01 9.058187e-01 6.090859e-02 -2.807211e+02 1.288969e-01 7.018081e-03 -9.916332e-01 2.417478e+02
-8.970714e-01 4.231826e-01 -1.271984e-01 6.415388e+02 4.180377e-01 9.060239e-01 6.606933e-02 -2.806817e+02 1.432042e-01 6.095194e-03 -9.896744e-01 2.407661e+02
-8.951084e-01 4.218534e-01 -1.442939e-01 6.413453e+02 4.155947e-01 9.066503e-01 7.256874e-02 -2.806251e+02 1.614375e-01 4.989116e-03 -9.868703e-01 2.397866e+02
-8.912525e-01 4.218739e-01 -1.664073e-01 6.411436e+02 4.141030e-01 9.066496e-01 8.065476e-02 -2.805571e+02 1.848993e-01 2.973982e-03 -9.827530e-01 2.388096e+02
-8.863627e-01 4.209541e-01 -1.927662e-01 6.410440e+02 4.111726e-01 9.070817e-01 9.022176e-02 -2.804923e+02 2.128339e-01 7.090374e-04 -9.770881e-01 2.378166e+02
-8.798484e-01 4.190767e-01 -2.241462e-01 6.408719e+02 4.061417e-01 9.079508e-01 1.033160e-01 -2.804266e+02 2.468111e-01 -1.327066e-04 -9.690636e-01 2.368337e+02
-8.691194e-01 4.204389e-01 -2.605045e-01 6.406284e+02 4.028111e-01 9.073208e-01 1.204663e-01 -2.804153e+02 2.870099e-01 -2.345416e-04 -9.579276e-01 2.358639e+02
-8.544880e-01 4.243102e-01 -2.996851e-01 6.401734e+02 4.010887e-01 9.055149e-01 1.384578e-01 -2.802458e+02 3.301184e-01 -1.889777e-03 -9.439377e-01 2.349897e+02
-8.388408e-01 4.187475e-01 -3.478456e-01 6.398547e+02 3.880097e-01 9.080982e-01 1.574994e-01 -2.799781e+02 3.818305e-01 -2.850558e-03 -9.242280e-01 2.340804e+02
-8.174722e-01 4.190263e-01 -3.951660e-01 6.394944e+02 3.773268e-01 9.079741e-01 1.822294e-01 -2.798385e+02 4.351594e-01 -1.392588e-04 -9.003534e-01 2.331581e+02
-7.908192e-01 4.213980e-01 -4.438792e-01 6.390598e+02 3.657044e-01 9.068699e-01 2.093973e-01 -2.796725e+02 4.907803e-01 3.266865e-03 -8.712772e-01 2.322729e+02
-7.592577e-01 4.253536e-01 -4.925466e-01 6.384147e+02 3.527283e-01 9.050015e-01 2.378130e-01 -2.794668e+02 5.469100e-01 6.826209e-03 -8.371636e-01 2.315370e+02
-7.200121e-01 4.287676e-01 -5.456564e-01 6.378027e+02 3.372298e-01 9.033899e-01 2.648824e-01 -2.792412e+02 6.065135e-01 6.706969e-03 -7.950449e-01 2.307790e+02
-6.734248e-01 4.310520e-01 -6.005774e-01 6.372955e+02 3.170272e-01 9.023049e-01 2.921295e-01 -2.791139e+02 6.678270e-01 6.327863e-03 -7.442897e-01 2.299266e+02
-6.272377e-01 4.299431e-01 -6.494011e-01 6.366073e+02 2.941685e-01 9.028382e-01 3.136051e-01 -2.787602e+02 7.211364e-01 5.671570e-03 -6.927699e-01 2.292931e+02
-5.798803e-01 4.318747e-01 -6.908134e-01 6.357673e+02 2.737600e-01 9.019219e-01 3.340544e-01 -2.784063e+02 7.673294e-01 4.594491e-03 -6.412367e-01 2.288819e+02
-5.288425e-01 4.343278e-01 -7.291673e-01 6.349355e+02 2.517234e-01 9.007475e-01 3.539622e-01 -2.780855e+02 8.105313e-01 3.641763e-03 -5.856840e-01 2.284289e+02
-4.646256e-01 4.323308e-01 -7.727957e-01 6.343440e+02 2.262274e-01 9.017077e-01 3.684349e-01 -2.776499e+02 8.561216e-01 -3.643305e-03 -5.167615e-01 2.277504e+02
-4.071548e-01 4.348739e-01 -8.031871e-01 6.334858e+02 2.015751e-01 9.004775e-01 3.853671e-01 -2.772956e+02 8.908380e-01 -4.998463e-03 -4.542935e-01 2.273790e+02
-3.537966e-01 4.380123e-01 -8.264219e-01 6.325606e+02 1.773593e-01 8.989558e-01 4.005273e-01 -2.769488e+02 9.183527e-01 -4.868448e-03 -3.957331e-01 2.272251e+02
-2.934678e-01 4.411278e-01 -8.481055e-01 6.317016e+02 1.514467e-01 8.974182e-01 4.143723e-01 -2.765296e+02 9.438965e-01 -6.837790e-03 -3.301707e-01 2.269310e+02
-2.355780e-01 4.427131e-01 -8.651637e-01 6.308543e+02 1.233331e-01 8.966396e-01 4.252369e-01 -2.760891e+02 9.639979e-01 -6.526869e-03 -2.658297e-01 2.266345e+02
-1.858759e-01 4.463915e-01 -8.753198e-01 6.299553e+02 1.014848e-01 8.948018e-01 4.347764e-01 -2.756513e+02 9.773183e-01 -8.017253e-03 -2.116241e-01 2.266248e+02
-1.410557e-01 4.484419e-01 -8.826115e-01 6.290532e+02 8.061271e-02 8.937675e-01 4.412269e-01 -2.752252e+02 9.867142e-01 -8.912123e-03 -1.622211e-01 2.266937e+02
-9.453970e-02 4.492445e-01 -8.883927e-01 6.281614e+02 5.806065e-02 8.933588e-01 4.455772e-01 -2.747739e+02 9.938265e-01 -9.455923e-03 -1.105413e-01 2.266623e+02
-4.291079e-02 4.512578e-01 -8.913614e-01 6.273028e+02 2.728145e-02 8.923797e-01 4.504599e-01 -2.744038e+02 9.987064e-01 -4.988036e-03 -5.060368e-02 2.263076e+02
1.626167e-03 4.526871e-01 -8.916680e-01 6.264165e+02 3.394327e-03 8.916615e-01 4.526900e-01 -2.739561e+02 9.999929e-01 -3.762762e-03 -8.657732e-05 2.261887e+02
7.050797e-02 4.631011e-01 -8.834965e-01 6.257351e+02 -3.409816e-02 8.863021e-01 4.618505e-01 -2.738250e+02 9.969283e-01 -2.438541e-03 7.828226e-02 2.254687e+02
9.993285e-02 4.642450e-01 -8.800511e-01 6.248638e+02 -5.154699e-02 8.857065e-01 4.613750e-01 -2.733746e+02 9.936581e-01 -7.425342e-04 1.124416e-01 2.256638e+02
1.283471e-01 4.667767e-01 -8.750123e-01 6.239828e+02 -7.135781e-02 8.843693e-01 4.613014e-01 -2.729570e+02 9.891588e-01 3.232275e-03 1.468144e-01 2.258861e+02
1.825140e-01 4.624344e-01 -8.676653e-01 6.232512e+02 -1.032977e-01 8.866231e-01 4.508094e-01 -2.724393e+02 9.777618e-01 7.348782e-03 2.095895e-01 2.254426e+02
2.131080e-01 4.620020e-01 -8.608944e-01 6.224153e+02 -1.207216e-01 8.868345e-01 4.460392e-01 -2.720070e+02 9.695418e-01 8.874018e-03 2.447651e-01 2.257809e+02
2.449335e-01 4.607013e-01 -8.530896e-01 6.215507e+02 -1.364738e-01 8.875133e-01 4.401080e-01 -2.715731e+02 9.598867e-01 8.627219e-03 2.802554e-01 2.260343e+02
2.727907e-01 4.613630e-01 -8.442330e-01 6.206886e+02 -1.553619e-01 8.871219e-01 4.346003e-01 -2.711255e+02 9.494461e-01 1.260668e-02 3.136768e-01 2.262719e+02
2.996322e-01 4.608655e-01 -8.353583e-01 6.198611e+02 -1.677815e-01 8.873955e-01 4.293933e-01 -2.707262e+02 9.391858e-01 1.149764e-02 3.432170e-01 2.266666e+02
3.266211e-01 4.591567e-01 -8.261318e-01 6.190455e+02 -1.785028e-01 8.883070e-01 4.231399e-01 -2.703255e+02 9.281462e-01 9.260471e-03 3.721006e-01 2.270840e+02
3.591804e-01 4.531171e-01 -8.158887e-01 6.182119e+02 -1.881677e-01 8.914343e-01 4.122351e-01 -2.698298e+02 9.141019e-01 5.457108e-03 4.054478e-01 2.273275e+02
3.853088e-01 4.513863e-01 -8.048525e-01 6.173803e+02 -2.007784e-01 8.923097e-01 4.043160e-01 -2.693965e+02 9.006804e-01 5.810488e-03 4.344434e-01 2.276750e+02
4.148050e-01 4.457414e-01 -7.932537e-01 6.165210e+02 -2.054821e-01 8.951611e-01 3.955549e-01 -2.690157e+02 8.864051e-01 -1.078697e-03 4.629091e-01 2.280164e+02
4.344569e-01 4.465976e-01 -7.821750e-01 6.157944e+02 -2.147842e-01 8.947324e-01 3.915631e-01 -2.686454e+02 8.747085e-01 -2.118520e-03 4.846448e-01 2.285952e+02
4.581863e-01 4.418264e-01 -7.712683e-01 6.150231e+02 -2.185332e-01 8.970698e-01 3.840690e-01 -2.682133e+02 8.615733e-01 -7.427439e-03 5.075788e-01 2.290626e+02
4.772287e-01 4.403586e-01 -7.604848e-01 6.143289e+02 -2.202067e-01 8.977023e-01 3.816276e-01 -2.678522e+02 8.507419e-01 -1.465979e-02 5.253792e-01 2.296852e+02
4.954161e-01 4.405655e-01 -7.486420e-01 6.135798e+02 -2.224797e-01 8.974471e-01 3.809087e-01 -2.675119e+02 8.396819e-01 -2.215063e-02 5.426267e-01 2.302536e+02
5.122710e-01 4.375135e-01 -7.390266e-01 6.128241e+02 -2.249359e-01 8.988219e-01 3.761956e-01 -2.671295e+02 8.288439e-01 -2.648044e-02 5.588528e-01 2.307853e+02
5.249156e-01 4.369651e-01 -7.304280e-01 6.120665e+02 -2.312496e-01 8.990971e-01 3.716827e-01 -2.667859e+02 8.191381e-01 -2.619089e-02 5.729981e-01 2.313402e+02
5.356284e-01 4.354389e-01 -7.235297e-01 6.113761e+02 -2.391501e-01 8.999435e-01 3.645667e-01 -2.664415e+02 8.098824e-01 -2.224008e-02 5.861705e-01 2.319764e+02
5.433395e-01 4.373058e-01 -7.166211e-01 6.107681e+02 -2.509781e-01 8.991896e-01 3.584244e-01 -2.661005e+02 8.011193e-01 -1.488996e-02 5.983194e-01 2.326934e+02
5.528806e-01 4.410730e-01 -7.069496e-01 6.101205e+02 -2.642223e-01 8.974307e-01 3.532771e-01 -2.656877e+02 7.902592e-01 -8.528228e-03 6.127133e-01 2.333339e+02
5.653662e-01 4.397725e-01 -6.978261e-01 6.094369e+02 -2.643384e-01 8.979936e-01 3.517566e-01 -2.653829e+02 7.813362e-01 -1.440900e-02 6.239440e-01 2.339971e+02
5.770214e-01 4.389834e-01 -6.887234e-01 6.087225e+02 -2.695081e-01 8.983781e-01 3.468172e-01 -2.649952e+02 7.709810e-01 -1.450443e-02 6.366930e-01 2.345796e+02
5.895426e-01 4.307912e-01 -6.832704e-01 6.080062e+02 -2.660473e-01 9.022669e-01 3.393129e-01 -2.646551e+02 7.626653e-01 -1.825716e-02 6.465357e-01 2.351889e+02
5.979886e-01 4.243026e-01 -6.799831e-01 6.073054e+02 -2.666668e-01 9.053743e-01 3.304332e-01 -2.642935e+02 7.558429e-01 -1.626640e-02 6.545509e-01 2.358038e+02
6.048916e-01 4.200604e-01 -6.765023e-01 6.066491e+02 -2.693121e-01 9.074035e-01 3.226296e-01 -2.639456e+02 7.493845e-01 -1.296567e-02 6.620081e-01 2.364733e+02
6.122432e-01 4.162680e-01 -6.722197e-01 6.059573e+02 -2.671415e-01 9.090990e-01 3.196473e-01 -2.636389e+02 7.441732e-01 -1.612408e-02 6.677921e-01 2.371269e+02
6.157722e-01 4.186390e-01 -6.675073e-01 6.052561e+02 -2.707230e-01 9.080087e-01 3.197331e-01 -2.632857e+02 7.399552e-01 -1.617321e-02 6.724617e-01 2.377463e+02
6.184186e-01 4.185567e-01 -6.651081e-01 6.046028e+02 -2.689055e-01 9.079729e-01 3.213643e-01 -2.629812e+02 7.384093e-01 -1.988643e-02 6.740595e-01 2.384395e+02
6.188376e-01 4.203743e-01 -6.635703e-01 6.040017e+02 -2.743231e-01 9.072216e-01 3.188979e-01 -2.626528e+02 7.360617e-01 -1.531336e-02 6.767412e-01 2.391681e+02
6.247264e-01 4.219308e-01 -6.570322e-01 6.032481e+02 -2.731953e-01 9.063649e-01 3.222840e-01 -2.624404e+02 7.314925e-01 -2.184117e-02 6.814996e-01 2.397901e+02
6.262981e-01 4.235818e-01 -6.544686e-01 6.025579e+02 -2.769718e-01 9.056408e-01 3.210941e-01 -2.621062e+02 7.287230e-01 -1.983126e-02 6.845213e-01 2.404319e+02
6.304654e-01 4.213541e-01 -6.519004e-01 6.018579e+02 -2.759147e-01 9.066448e-01 3.191651e-01 -2.617720e+02 7.255236e-01 -2.135363e-02 6.878659e-01 2.410631e+02
6.341630e-01 4.208353e-01 -6.486408e-01 6.011740e+02 -2.780551e-01 9.069080e-01 3.165490e-01 -2.614399e+02 7.214725e-01 -2.038576e-02 6.921429e-01 2.417126e+02
6.352075e-01 4.230475e-01 -6.461751e-01 6.005068e+02 -2.816188e-01 9.059101e-01 3.162559e-01 -2.611630e+02 7.191678e-01 -1.891306e-02 6.945790e-01 2.424042e+02
6.357511e-01 4.262174e-01 -6.435521e-01 5.998504e+02 -2.866884e-01 9.044743e-01 3.158101e-01 -2.608401e+02 7.166801e-01 -1.627765e-02 6.972121e-01 2.430860e+02
6.366306e-01 4.275302e-01 -6.418095e-01 5.992002e+02 -2.873454e-01 9.038332e-01 3.170459e-01 -2.605494e+02 7.156355e-01 -1.742008e-02 6.982567e-01 2.437879e+02
6.394154e-01 4.265190e-01 -6.397105e-01 5.985287e+02 -2.883219e-01 9.043223e-01 3.147567e-01 -2.602142e+02 7.127542e-01 -1.681772e-02 7.012123e-01 2.444487e+02
6.396459e-01 4.287906e-01 -6.379591e-01 5.978880e+02 -2.919876e-01 9.032826e-01 3.143626e-01 -2.599067e+02 7.110530e-01 -1.480458e-02 7.029825e-01 2.451523e+02
6.385398e-01 4.312910e-01 -6.373813e-01 5.972746e+02 -2.946224e-01 9.021115e-01 3.152657e-01 -2.596152e+02 7.109603e-01 -1.352287e-02 7.031021e-01 2.458863e+02
6.406549e-01 4.308842e-01 -6.355314e-01 5.966399e+02 -2.956396e-01 9.023120e-01 3.137360e-01 -2.593093e+02 7.086315e-01 -1.310826e-02 7.054570e-01 2.465959e+02
6.451913e-01 4.299010e-01 -6.315959e-01 5.959738e+02 -2.958351e-01 9.027576e-01 3.122664e-01 -2.589976e+02 7.044216e-01 -1.462329e-02 7.096312e-01 2.472735e+02
6.464124e-01 4.315976e-01 -6.291856e-01 5.953224e+02 -2.979947e-01 9.019490e-01 3.125493e-01 -2.586832e+02 7.023889e-01 -1.454180e-02 7.116448e-01 2.479640e+02
6.432992e-01 4.360141e-01 -6.293313e-01 5.947470e+02 -2.997813e-01 8.998107e-01 3.169731e-01 -2.584214e+02 7.044837e-01 -1.524681e-02 7.095563e-01 2.487389e+02
6.447281e-01 4.362319e-01 -6.277160e-01 5.941135e+02 -3.012332e-01 8.997165e-01 3.158618e-01 -2.581148e+02 7.025555e-01 -1.455612e-02 7.114801e-01 2.494493e+02
6.451731e-01 4.365560e-01 -6.270331e-01 5.934912e+02 -3.046299e-01 8.996116e-01 3.128891e-01 -2.578108e+02 7.006799e-01 -1.085460e-02 7.133932e-01 2.501707e+02
6.461840e-01 4.378778e-01 -6.250675e-01 5.928569e+02 -3.078541e-01 8.989908e-01 3.115147e-01 -2.575116e+02 6.983353e-01 -8.866197e-03 7.157159e-01 2.508835e+02
6.477586e-01 4.406382e-01 -6.214876e-01 5.922270e+02 -3.118657e-01 8.976502e-01 3.113904e-01 -2.572073e+02 6.950889e-01 -7.885153e-03 7.188805e-01 2.515980e+02
6.501535e-01 4.395525e-01 -6.197532e-01 5.915920e+02 -3.119993e-01 8.981813e-01 3.097206e-01 -2.568950e+02 6.927892e-01 -8.003361e-03 7.210958e-01 2.523046e+02
6.520341e-01 4.402917e-01 -6.172476e-01 5.909336e+02 -3.141237e-01 8.978249e-01 3.086047e-01 -2.565857e+02 6.900564e-01 -7.328707e-03 7.237185e-01 2.529909e+02
6.524815e-01 4.449529e-01 -6.134206e-01 5.902725e+02 -3.194060e-01 8.955323e-01 3.098414e-01 -2.562869e+02 6.872028e-01 -6.235533e-03 7.264389e-01 2.536791e+02
6.527160e-01 4.488465e-01 -6.103267e-01 5.896516e+02 -3.231760e-01 8.935880e-01 3.115409e-01 -2.560078e+02 6.852147e-01 -6.104747e-03 7.283156e-01 2.544116e+02
6.549983e-01 4.486231e-01 -6.080415e-01 5.890012e+02 -3.249383e-01 8.937067e-01 3.093596e-01 -2.556275e+02 6.821967e-01 -5.054068e-03 7.311513e-01 2.550691e+02
6.548352e-01 4.504843e-01 -6.068400e-01 5.884122e+02 -3.272005e-01 8.927744e-01 3.096672e-01 -2.553329e+02 6.812714e-01 -4.222679e-03 7.320188e-01 2.558216e+02
6.556100e-01 4.503439e-01 -6.061072e-01 5.878279e+02 -3.272022e-01 8.928435e-01 3.094660e-01 -2.550130e+02 6.805250e-01 -4.569452e-03 7.327107e-01 2.565675e+02
6.574964e-01 4.506698e-01 -6.038172e-01 5.871888e+02 -3.263666e-01 8.926606e-01 3.108728e-01 -2.547017e+02 6.791048e-01 -7.332021e-03 7.340047e-01 2.572707e+02
6.612783e-01 4.490187e-01 -6.009103e-01 5.865300e+02 -3.232668e-01 8.934421e-01 3.118650e-01 -2.544035e+02 6.769118e-01 -1.197521e-02 7.359667e-01 2.579614e+02
6.618245e-01 4.498773e-01 -5.996656e-01 5.859480e+02 -3.241557e-01 8.930066e-01 3.121895e-01 -2.541289e+02 6.759523e-01 -1.222960e-02 7.368439e-01 2.587268e+02
6.592684e-01 4.514870e-01 -6.012692e-01 5.854396e+02 -3.291224e-01 8.922582e-01 3.091177e-01 -2.538002e+02 6.760500e-01 -5.900397e-03 7.368321e-01 2.595228e+02
6.617684e-01 4.494804e-01 -6.000250e-01 5.847981e+02 -3.277982e-01 8.932637e-01 3.076172e-01 -2.535315e+02 6.742484e-01 -6.884236e-03 7.384725e-01 2.602413e+02
6.618211e-01 4.511644e-01 -5.987015e-01 5.841656e+02 -3.317277e-01 8.924328e-01 3.058110e-01 -2.532101e+02 6.722719e-01 -3.786279e-03 7.402946e-01 2.609461e+02
6.641479e-01 4.499091e-01 -5.970673e-01 5.834930e+02 -3.313334e-01 8.930638e-01 3.043931e-01 -2.528671e+02 6.701684e-01 -4.333732e-03 7.421964e-01 2.616018e+02
6.644863e-01 4.494622e-01 -5.970274e-01 5.828886e+02 -3.288352e-01 8.932692e-01 3.064924e-01 -2.525692e+02 6.710629e-01 -7.336371e-03 7.413641e-01 2.623406e+02
6.658794e-01 4.494025e-01 -5.955183e-01 5.822632e+02 -3.276200e-01 8.932752e-01 3.077735e-01 -2.522663e+02 6.702759e-01 -9.836355e-03 7.420468e-01 2.630597e+02
6.649568e-01 4.492704e-01 -5.966478e-01 5.816924e+02 -3.271013e-01 8.933429e-01 3.081286e-01 -2.519646e+02 6.714441e-01 -9.727990e-03 7.409913e-01 2.638234e+02
6.640004e-01 4.495699e-01 -5.974867e-01 5.810881e+02 -3.263535e-01 8.931842e-01 3.093790e-01 -2.516780e+02 6.727532e-01 -1.043592e-02 7.397934e-01 2.645669e+02
6.622536e-01 4.511864e-01 -5.982064e-01 5.805374e+02 -3.290816e-01 8.923972e-01 3.087597e-01 -2.513902e+02 6.731459e-01 -7.618485e-03 7.394704e-01 2.653504e+02
6.606270e-01 4.523935e-01 -5.990927e-01 5.799517e+02 -3.302606e-01 8.917952e-01 3.092397e-01 -2.511087e+02 6.741661e-01 -6.435368e-03 7.385518e-01 2.661104e+02
6.573969e-01 4.534064e-01 -6.018736e-01 5.794748e+02 -3.301421e-01 8.912861e-01 3.108301e-01 -2.509034e+02 6.773740e-01 -5.634985e-03 7.356173e-01 2.669651e+02
6.575987e-01 4.510969e-01 -6.033868e-01 5.789185e+02 -3.275370e-01 8.924522e-01 3.102396e-01 -2.506088e+02 6.784420e-01 -6.381644e-03 7.346263e-01 2.677421e+02
6.593333e-01 4.471599e-01 -6.044234e-01 5.783400e+02 -3.228963e-01 8.944100e-01 3.094653e-01 -2.503030e+02 6.789828e-01 -8.874693e-03 7.341006e-01 2.684982e+02
6.591614e-01 4.454207e-01 -6.058933e-01 5.777634e+02 -3.211844e-01 8.952771e-01 3.087386e-01 -2.500055e+02 6.799609e-01 -8.905088e-03 7.331943e-01 2.692592e+02
6.579937e-01 4.474235e-01 -6.056867e-01 5.771823e+02 -3.244648e-01 8.943005e-01 3.081383e-01 -2.497010e+02 6.795343e-01 -6.229070e-03 7.336173e-01 2.700139e+02
6.617081e-01 4.444979e-01 -6.037913e-01 5.765132e+02 -3.224919e-01 8.957462e-01 3.060027e-01 -2.494115e+02 6.768614e-01 -7.766655e-03 7.360695e-01 2.706984e+02
6.604120e-01 4.434456e-01 -6.059802e-01 5.759835e+02 -3.227896e-01 8.962860e-01 3.041023e-01 -2.491200e+02 6.779844e-01 -5.228629e-03 7.350577e-01 2.714949e+02
6.601341e-01 4.433048e-01 -6.063859e-01 5.754092e+02 -3.261777e-01 8.963709e-01 3.002122e-01 -2.488188e+02 6.766322e-01 -3.907847e-04 7.363211e-01 2.722561e+02
6.599711e-01 4.393025e-01 -6.094682e-01 5.749028e+02 -3.247836e-01 8.983351e-01 2.958203e-01 -2.485258e+02 6.774613e-01 2.712454e-03 7.355534e-01 2.730671e+02
6.623121e-01 4.358173e-01 -6.094308e-01 5.743287e+02 -3.208893e-01 9.000351e-01 2.949014e-01 -2.482957e+02 6.770323e-01 2.430881e-04 7.359533e-01 2.738529e+02
6.596588e-01 4.378428e-01 -6.108551e-01 5.738486e+02 -3.235542e-01 8.990464e-01 2.950055e-01 -2.480315e+02 6.783531e-01 3.041703e-03 7.347298e-01 2.746894e+02
6.616551e-01 4.369225e-01 -6.093532e-01 5.732878e+02 -3.215110e-01 8.994991e-01 2.958580e-01 -2.477910e+02 6.773797e-01 1.577835e-04 7.356336e-01 2.754816e+02
6.633075e-01 4.374400e-01 -6.071815e-01 5.726753e+02 -3.199925e-01 8.992406e-01 2.982804e-01 -2.475296e+02 6.764820e-01 -3.558109e-03 7.364505e-01 2.762277e+02
6.719033e-01 4.359844e-01 -5.987183e-01 5.719608e+02 -3.224824e-01 8.999450e-01 2.934351e-01 -2.471930e+02 6.667466e-01 -4.083918e-03 7.452733e-01 2.768409e+02
6.720315e-01 4.384329e-01 -5.967832e-01 5.714036e+02 -3.256143e-01 8.987589e-01 2.936115e-01 -2.469397e+02 6.650932e-01 -2.995039e-03 7.467543e-01 2.776317e+02
6.747357e-01 4.387902e-01 -5.934602e-01 5.707706e+02 -3.271956e-01 8.985842e-01 2.923859e-01 -2.466482e+02 6.615700e-01 -3.105659e-03 7.498770e-01 2.783489e+02
6.772579e-01 4.366212e-01 -5.921854e-01 5.701799e+02 -3.265147e-01 8.996405e-01 2.898881e-01 -2.463472e+02 6.593253e-01 -2.971782e-03 7.518519e-01 2.790976e+02
6.789913e-01 4.364742e-01 -5.903059e-01 5.696319e+02 -3.271192e-01 8.997114e-01 2.889853e-01 -2.460849e+02 6.572396e-01 -3.118158e-03 7.536753e-01 2.798919e+02
6.811632e-01 4.332579e-01 -5.901731e-01 5.690150e+02 -3.240448e-01 9.012579e-01 2.876269e-01 -2.458045e+02 6.565148e-01 -4.678352e-03 7.542987e-01 2.806273e+02
6.844056e-01 4.284418e-01 -5.899378e-01 5.683501e+02 -3.207996e-01 9.035547e-01 2.840361e-01 -2.454609e+02 6.547340e-01 -5.144084e-03 7.558419e-01 2.812905e+02
6.886915e-01 4.258882e-01 -5.867906e-01 5.676205e+02 -3.205129e-01 9.047614e-01 2.804965e-01 -2.451027e+02 6.503657e-01 -5.101643e-03 7.596041e-01 2.818730e+02
6.877081e-01 4.253537e-01 -5.883297e-01 5.669645e+02 -3.162480e-01 9.049755e-01 2.846165e-01 -2.448559e+02 6.534867e-01 -9.674996e-03 7.568762e-01 2.825863e+02
6.921731e-01 4.236470e-01 -5.843112e-01 5.662148e+02 -3.145041e-01 9.057355e-01 2.841308e-01 -2.444808e+02 6.496026e-01 -1.289942e-02 7.601645e-01 2.831314e+02
6.882634e-01 4.227200e-01 -5.895773e-01 5.656220e+02 -3.102418e-01 9.061366e-01 2.875178e-01 -2.442072e+02 6.557771e-01 -1.497650e-02 7.548060e-01 2.838890e+02
6.832427e-01 4.193863e-01 -5.977412e-01 5.650554e+02 -3.050253e-01 9.076907e-01 2.881963e-01 -2.438852e+02 6.634297e-01 -1.458187e-02 7.480965e-01 2.846474e+02
6.829530e-01 4.190381e-01 -5.983162e-01 5.642630e+02 -3.056843e-01 9.078748e-01 2.869154e-01 -2.435255e+02 6.634247e-01 -1.305385e-02 7.481292e-01 2.851401e+02
6.870865e-01 4.180982e-01 -5.942272e-01 5.633653e+02 -3.047049e-01 9.082619e-01 2.867321e-01 -2.431316e+02 6.595961e-01 -1.594583e-02 7.514511e-01 2.853374e+02
6.791114e-01 4.187822e-01 -6.028509e-01 5.626927e+02 -3.011116e-01 9.079378e-01 2.915147e-01 -2.428254e+02 6.694323e-01 -1.644557e-02 7.426910e-01 2.860111e+02
6.661075e-01 4.211900e-01 -6.155484e-01 5.621306e+02 -2.947553e-01 9.067652e-01 3.014901e-01 -2.426303e+02 6.851424e-01 -1.938870e-02 7.281510e-01 2.868148e+02
6.508832e-01 4.216431e-01 -6.313225e-01 5.616055e+02 -2.851883e-01 9.064794e-01 3.113883e-01 -2.423927e+02 7.035756e-01 -2.263163e-02 7.102599e-01 2.876320e+02
6.375348e-01 4.198559e-01 -6.459647e-01 5.608189e+02 -2.744564e-01 9.072197e-01 3.187884e-01 -2.420241e+02 7.198771e-01 -2.594955e-02 6.936163e-01 2.881274e+02
6.140835e-01 4.196738e-01 -6.684125e-01 5.601348e+02 -2.614094e-01 9.072554e-01 3.294734e-01 -2.416973e+02 7.446923e-01 -2.759481e-02 6.668373e-01 2.887795e+02
5.898137e-01 4.193290e-01 -6.901326e-01 5.593126e+02 -2.487654e-01 9.073990e-01 3.387371e-01 -2.412974e+02 7.682679e-01 -2.811064e-02 6.395110e-01 2.891845e+02
5.565774e-01 4.194843e-01 -7.171155e-01 5.585149e+02 -2.332660e-01 9.073500e-01 3.497184e-01 -2.409149e+02 7.973761e-01 -2.736671e-02 6.028619e-01 2.896507e+02
5.160260e-01 4.216831e-01 -7.455874e-01 5.577080e+02 -2.162767e-01 9.063696e-01 3.629304e-01 -2.405315e+02 8.288194e-01 -2.602838e-02 5.589105e-01 2.901000e+02
4.663339e-01 4.220267e-01 -7.774485e-01 5.569359e+02 -1.920743e-01 9.062006e-01 3.767067e-01 -2.401623e+02 8.635046e-01 -2.634329e-02 5.036526e-01 2.906173e+02
4.121799e-01 4.235755e-01 -8.066545e-01 5.561036e+02 -1.658220e-01 9.054497e-01 3.907222e-01 -2.397943e+02 8.958855e-01 -2.728678e-02 4.434463e-01 2.910319e+02
3.579710e-01 4.246159e-01 -8.315997e-01 5.552201e+02 -1.351791e-01 9.048031e-01 4.038043e-01 -2.394240e+02 9.238957e-01 -3.213529e-02 3.812925e-01 2.913189e+02
2.581177e-01 4.325625e-01 -8.638663e-01 5.548322e+02 -8.581226e-02 9.008973e-01 4.254648e-01 -2.393215e+02 9.622949e-01 -3.568967e-02 2.696567e-01 2.922349e+02
1.929049e-01 4.367891e-01 -8.786370e-01 5.539278e+02 -5.734403e-02 8.989439e-01 4.342942e-01 -2.389198e+02 9.795404e-01 -3.339291e-02 1.984579e-01 2.923782e+02
1.262424e-01 4.380063e-01 -8.900637e-01 5.530187e+02 -3.032436e-02 8.985267e-01 4.378700e-01 -2.385033e+02 9.915358e-01 -2.828715e-02 1.267144e-01 2.923895e+02
6.068657e-02 4.386414e-01 -8.966108e-01 5.521356e+02 -7.338404e-04 8.982858e-01 4.394111e-01 -2.380425e+02 9.981566e-01 -2.600838e-02 5.483577e-02 2.923012e+02
-6.658491e-03 4.426225e-01 -8.966833e-01 5.512340e+02 3.083993e-02 8.963675e-01 4.422377e-01 -2.376108e+02 9.995022e-01 -2.470902e-02 -1.961890e-02 2.923291e+02
-7.272936e-02 4.503076e-01 -8.899064e-01 5.503300e+02 6.279868e-02 8.925665e-01 4.465213e-01 -2.372015e+02 9.953727e-01 -2.340975e-02 -9.319452e-02 2.922053e+02
-1.381707e-01 4.579069e-01 -8.781971e-01 5.494457e+02 8.936140e-02 8.888492e-01 4.494014e-01 -2.368229e+02 9.863688e-01 -1.638281e-02 -1.637321e-01 2.919321e+02
-1.997788e-01 4.590270e-01 -8.656689e-01 5.486217e+02 1.096539e-01 8.884029e-01 4.457760e-01 -2.363757e+02 9.736860e-01 -5.867404e-03 -2.278182e-01 2.915842e+02
-2.551226e-01 4.602296e-01 -8.503536e-01 5.478105e+02 1.310202e-01 8.877992e-01 4.411873e-01 -2.359874e+02 9.579907e-01 1.143378e-03 -2.867970e-01 2.911471e+02
-3.051500e-01 4.596630e-01 -8.340224e-01 5.469981e+02 1.531007e-01 8.880816e-01 4.334411e-01 -2.356007e+02 9.399168e-01 4.575124e-03 -3.413729e-01 2.907105e+02
-3.489366e-01 4.569180e-01 -8.182110e-01 5.462080e+02 1.750867e-01 8.894997e-01 4.220603e-01 -2.351729e+02 9.206454e-01 4.014431e-03 -3.903792e-01 2.902716e+02
-3.889849e-01 4.530313e-01 -8.021554e-01 5.454056e+02 1.924583e-01 8.914797e-01 4.101510e-01 -2.348174e+02 9.009165e-01 5.161083e-03 -4.339618e-01 2.897923e+02
-4.228790e-01 4.475609e-01 -7.879484e-01 5.446494e+02 2.025359e-01 8.942058e-01 3.992182e-01 -2.344299e+02 8.832625e-01 9.233128e-03 -4.687880e-01 2.892650e+02
-4.538774e-01 4.417036e-01 -7.738819e-01 5.439069e+02 2.054211e-01 8.969659e-01 3.914771e-01 -2.340189e+02 8.670626e-01 1.871091e-02 -4.978478e-01 2.887360e+02
-4.766720e-01 4.412611e-01 -7.603108e-01 5.431718e+02 2.124050e-01 8.970787e-01 3.874711e-01 -2.336567e+02 8.530346e-01 2.320281e-02 -5.213383e-01 2.881629e+02
-4.958134e-01 4.411593e-01 -7.480292e-01 5.424677e+02 2.174157e-01 8.969855e-01 3.848993e-01 -2.333017e+02 8.407732e-01 2.820493e-02 -5.406523e-01 2.875479e+02
-5.084879e-01 4.482874e-01 -7.351724e-01 5.417164e+02 2.319092e-01 8.935399e-01 3.844536e-01 -2.329537e+02 8.292516e-01 2.499677e-02 -5.583162e-01 2.869872e+02
-5.236960e-01 4.459464e-01 -7.258611e-01 5.410095e+02 2.329760e-01 8.945339e-01 3.814856e-01 -2.325566e+02 8.194295e-01 3.067423e-02 -5.723587e-01 2.864019e+02
-5.357287e-01 4.443040e-01 -7.180451e-01 5.402946e+02 2.382398e-01 8.953563e-01 3.762696e-01 -2.322064e+02 8.100843e-01 3.051155e-02 -5.855189e-01 2.857967e+02
-5.476081e-01 4.394235e-01 -7.120620e-01 5.395957e+02 2.393553e-01 8.977052e-01 3.699114e-01 -2.318496e+02 8.017695e-01 3.213064e-02 -5.967690e-01 2.851768e+02
-5.533244e-01 4.412584e-01 -7.064865e-01 5.388641e+02 2.480437e-01 8.969661e-01 3.659592e-01 -2.314933e+02 7.951770e-01 2.725461e-02 -6.057646e-01 2.845956e+02
-6.321333e-01 4.145439e-01 -6.546455e-01 5.383705e+02 2.817683e-01 9.099958e-01 3.041617e-01 -2.309256e+02 7.218131e-01 7.812332e-03 -6.920440e-01 2.852544e+02
-6.357047e-01 4.166366e-01 -6.498412e-01 5.376975e+02 2.876433e-01 9.090610e-01 3.014457e-01 -2.306193e+02 7.163385e-01 4.707931e-03 -6.977370e-01 2.845812e+02
-6.389378e-01 4.144477e-01 -6.480675e-01 5.370358e+02 2.876493e-01 9.100632e-01 2.984004e-01 -2.302889e+02 7.134538e-01 4.243179e-03 -7.006894e-01 2.839082e+02
-6.403898e-01 4.126509e-01 -6.477809e-01 5.363962e+02 2.868766e-01 9.108799e-01 2.966474e-01 -2.299979e+02 7.124624e-01 4.136776e-03 -7.016980e-01 2.831966e+02
-6.445403e-01 4.105689e-01 -6.449814e-01 5.356759e+02 2.886408e-01 9.118273e-01 2.919887e-01 -2.296451e+02 7.079931e-01 2.030545e-03 -7.062164e-01 2.825994e+02
-6.462784e-01 4.122915e-01 -6.421370e-01 5.350479e+02 2.939154e-01 9.110500e-01 2.891393e-01 -2.293405e+02 7.042286e-01 -1.869483e-03 -7.099708e-01 2.818833e+02
-6.500983e-01 4.133565e-01 -6.375803e-01 5.343715e+02 2.994354e-01 9.105519e-01 2.850152e-01 -2.290174e+02 6.983629e-01 -5.626188e-03 -7.157218e-01 2.812214e+02
-6.539910e-01 4.135801e-01 -6.334408e-01 5.337341e+02 2.996466e-01 9.104615e-01 2.850820e-01 -2.287293e+02 6.946277e-01 -3.367287e-03 -7.193615e-01 2.805068e+02
-6.584061e-01 4.100358e-01 -6.311672e-01 5.331442e+02 2.981585e-01 9.120650e-01 2.814943e-01 -2.283799e+02 6.910882e-01 -2.850263e-03 -7.227648e-01 2.797788e+02
-6.599354e-01 4.113524e-01 -6.287085e-01 5.326588e+02 3.020449e-01 9.114593e-01 2.793041e-01 -2.281908e+02 6.879347e-01 -5.575584e-03 -7.257512e-01 2.789252e+02
-6.642496e-01 4.116279e-01 -6.239671e-01 5.319569e+02 3.061942e-01 9.113148e-01 2.752279e-01 -2.279073e+02 6.819220e-01 -8.235130e-03 -7.313786e-01 2.782718e+02
-6.680091e-01 4.077170e-01 -6.225196e-01 5.313265e+02 3.036150e-01 9.130802e-01 2.722175e-01 -2.276213e+02 6.793980e-01 -7.162539e-03 -7.337350e-01 2.775501e+02
-6.695898e-01 4.086404e-01 -6.202116e-01 5.307082e+02 3.073470e-01 9.126388e-01 2.694963e-01 -2.273335e+02 6.761563e-01 -1.016822e-02 -7.366880e-01 2.768187e+02
-6.706284e-01 4.134288e-01 -6.159012e-01 5.300493e+02 3.125724e-01 9.104712e-01 2.708147e-01 -2.270544e+02 6.727229e-01 -1.089769e-02 -7.398143e-01 2.761203e+02
-6.699164e-01 4.185028e-01 -6.132433e-01 5.294511e+02 3.158609e-01 9.081641e-01 2.747177e-01 -2.268477e+02 6.718957e-01 -9.661663e-03 -7.405827e-01 2.753460e+02
-6.698356e-01 4.231161e-01 -6.101582e-01 5.288729e+02 3.194759e-01 9.060307e-01 2.775670e-01 -2.266167e+02 6.702652e-01 -9.006543e-03 -7.420670e-01 2.745635e+02
-6.722620e-01 4.218823e-01 -6.083413e-01 5.282650e+02 3.196963e-01 9.066027e-01 2.754374e-01 -2.262906e+02 6.677261e-01 -9.318416e-03 -7.443488e-01 2.738396e+02
-6.755653e-01 4.194189e-01 -6.063822e-01 5.276567e+02 3.170359e-01 9.077682e-01 2.746728e-01 -2.260099e+02 6.656574e-01 -6.685544e-03 -7.462275e-01 2.730971e+02
-6.798266e-01 4.168441e-01 -6.033878e-01 5.270568e+02 3.110321e-01 9.089775e-01 2.775230e-01 -2.257484e+02 6.641497e-01 9.945359e-04 -7.475990e-01 2.723410e+02
-6.844107e-01 4.147832e-01 -5.996140e-01 5.264176e+02 3.073458e-01 9.098978e-01 2.786118e-01 -2.254450e+02 6.611509e-01 6.396030e-03 -7.502257e-01 2.716343e+02
-6.847060e-01 4.144661e-01 -5.994961e-01 5.258489e+02 3.064528e-01 9.100345e-01 2.791484e-01 -2.252086e+02 6.612597e-01 7.417303e-03 -7.501204e-01 2.708465e+02
-6.844647e-01 4.114036e-01 -6.018763e-01 5.252598e+02 3.074031e-01 9.114508e-01 2.734243e-01 -2.249338e+02 6.610684e-01 2.130660e-03 -7.503226e-01 2.700866e+02
-6.833867e-01 4.116506e-01 -6.029315e-01 5.246395e+02 3.115033e-01 9.113335e-01 2.691412e-01 -2.246620e+02 6.602638e-01 -3.887649e-03 -7.510237e-01 2.693508e+02
-6.813817e-01 4.148653e-01 -6.029973e-01 5.240380e+02 3.156877e-01 9.098568e-01 2.692618e-01 -2.244069e+02 6.603485e-01 -6.888782e-03 -7.509277e-01 2.685938e+02
-6.810760e-01 4.185950e-01 -6.007609e-01 5.233972e+02 3.190619e-01 9.081455e-01 2.710559e-01 -2.241389e+02 6.590409e-01 -7.070205e-03 -7.520738e-01 2.678744e+02
-6.819488e-01 4.152099e-01 -6.021184e-01 5.228005e+02 3.149576e-01 9.097113e-01 2.706049e-01 -2.238762e+02 6.601118e-01 -5.103075e-03 -7.511501e-01 2.671161e+02
-6.839500e-01 4.108223e-01 -6.028578e-01 5.222135e+02 3.072962e-01 9.117146e-01 2.726637e-01 -2.236149e+02 6.616506e-01 1.232443e-03 -7.498113e-01 2.663498e+02
-6.848627e-01 4.093814e-01 -6.028017e-01 5.216387e+02 3.036444e-01 9.123494e-01 2.746246e-01 -2.233810e+02 6.623920e-01 5.042847e-03 -7.491405e-01 2.655657e+02
-6.873678e-01 4.060853e-01 -6.021795e-01 5.210268e+02 3.008573e-01 9.138131e-01 2.728197e-01 -2.230829e+02 6.610676e-01 6.357354e-03 -7.502994e-01 2.648331e+02
-6.858524e-01 4.077519e-01 -6.027809e-01 5.204160e+02 3.061087e-01 9.130927e-01 2.693681e-01 -2.228222e+02 6.602302e-01 2.302857e-04 -7.510632e-01 2.640855e+02
-6.845951e-01 4.081642e-01 -6.039301e-01 5.198386e+02 3.083000e-01 9.129034e-01 2.675042e-01 -2.225698e+02 6.605155e-01 -3.059633e-03 -7.508062e-01 2.633090e+02
-6.852662e-01 4.084787e-01 -6.029556e-01 5.192450e+02 3.099777e-01 9.127564e-01 2.660632e-01 -2.223355e+02 6.590327e-01 -4.578740e-03 -7.521003e-01 2.625391e+02
-6.863081e-01 4.099157e-01 -6.007914e-01 5.186346e+02 3.136738e-01 9.120944e-01 2.639934e-01 -2.220865e+02 6.561935e-01 -7.271702e-03 -7.545576e-01 2.617871e+02
-6.887450e-01 4.085619e-01 -5.989220e-01 5.180402e+02 3.090446e-01 9.127300e-01 2.672365e-01 -2.218258e+02 6.558367e-01 -1.035859e-03 -7.549021e-01 2.610264e+02
-6.910335e-01 4.064010e-01 -5.977549e-01 5.174319e+02 3.030977e-01 9.136754e-01 2.707933e-01 -2.215574e+02 6.562047e-01 5.949114e-03 -7.545595e-01 2.602795e+02
-6.927171e-01 4.008832e-01 -5.995296e-01 5.168257e+02 2.984953e-01 9.161064e-01 2.676746e-01 -2.212764e+02 6.565391e-01 6.465988e-03 -7.542643e-01 2.595355e+02
-6.929932e-01 3.961560e-01 -6.023461e-01 5.162378e+02 2.961423e-01 9.181745e-01 2.631640e-01 -2.210046e+02 6.573128e-01 3.990737e-03 -7.536073e-01 2.587736e+02
-6.930864e-01 3.959381e-01 -6.023821e-01 5.156243e+02 2.958606e-01 9.182677e-01 2.631556e-01 -2.207349e+02 6.573414e-01 4.168406e-03 -7.535814e-01 2.580314e+02
-6.905680e-01 4.030618e-01 -6.005473e-01 5.150071e+02 3.004144e-01 9.151580e-01 2.687693e-01 -2.204711e+02 6.579263e-01 5.190433e-03 -7.530644e-01 2.572901e+02
-6.909355e-01 4.049003e-01 -5.988855e-01 5.144012e+02 2.984596e-01 9.143012e-01 2.738161e-01 -2.201972e+02 6.584299e-01 1.044609e-02 -7.525695e-01 2.565432e+02
-6.916934e-01 4.037707e-01 -5.987733e-01 5.137794e+02 2.970096e-01 9.147877e-01 2.737679e-01 -2.199210e+02 6.582899e-01 1.152207e-02 -7.526763e-01 2.558103e+02
-6.918684e-01 4.012089e-01 -6.002912e-01 5.131565e+02 2.967358e-01 9.159443e-01 2.701737e-01 -2.196674e+02 6.582294e-01 8.796772e-03 -7.527660e-01 2.550702e+02
-6.922073e-01 3.956119e-01 -6.036061e-01 5.125732e+02 2.927016e-01 9.183861e-01 2.662570e-01 -2.194041e+02 6.596779e-01 7.628530e-03 -7.515098e-01 2.543018e+02
-6.935217e-01 3.910836e-01 -6.050465e-01 5.119726e+02 2.871802e-01 9.202953e-01 2.656766e-01 -2.191330e+02 6.607232e-01 1.049513e-02 -7.505563e-01 2.535496e+02
-6.934920e-01 3.951430e-01 -6.024374e-01 5.113661e+02 2.889781e-01 9.185273e-01 2.698132e-01 -2.188842e+02 6.599700e-01 1.302207e-02 -7.511791e-01 2.527945e+02
-6.945838e-01 3.949997e-01 -6.012725e-01 5.107517e+02 2.860678e-01 9.185131e-01 2.729449e-01 -2.185983e+02 6.600898e-01 1.757836e-02 -7.509810e-01 2.520592e+02
-6.948869e-01 3.924017e-01 -6.026218e-01 5.101436e+02 2.852600e-01 9.196608e-01 2.699089e-01 -2.183279e+02 6.601204e-01 1.565223e-02 -7.509968e-01 2.513128e+02
-6.945730e-01 3.907307e-01 -6.040677e-01 5.095459e+02 2.860750e-01 9.204236e-01 2.664235e-01 -2.180807e+02 6.600980e-01 1.224193e-02 -7.510797e-01 2.505501e+02
-6.885776e-01 3.982734e-01 -6.060026e-01 5.089776e+02 2.967969e-01 9.172618e-01 2.655983e-01 -2.179100e+02 6.616437e-01 3.025299e-03 -7.498122e-01 2.497452e+02
-6.886271e-01 4.012127e-01 -6.040042e-01 5.083658e+02 2.976182e-01 9.159680e-01 2.691208e-01 -2.176302e+02 6.612232e-01 5.561279e-03 -7.501686e-01 2.490053e+02
-6.868968e-01 4.085387e-01 -6.010565e-01 5.077208e+02 3.026923e-01 9.127172e-01 2.744532e-01 -2.173772e+02 6.607194e-01 6.585831e-03 -7.506041e-01 2.482842e+02
-6.854489e-01 4.111266e-01 -6.009448e-01 5.071029e+02 3.067622e-01 9.115723e-01 2.737386e-01 -2.170836e+02 6.603459e-01 3.286661e-03 -7.509544e-01 2.475549e+02
-6.824342e-01 4.154249e-01 -6.014198e-01 5.064743e+02 3.148181e-01 9.096171e-01 2.710835e-01 -2.168099e+02 6.596765e-01 -4.341165e-03 -7.515371e-01 2.468269e+02
-6.782735e-01 4.222983e-01 -6.013395e-01 5.058755e+02 3.230042e-01 9.064060e-01 2.722066e-01 -2.166072e+02 6.600101e-01 -9.604625e-03 -7.511953e-01 2.460520e+02
-6.785727e-01 4.213663e-01 -6.016557e-01 5.052797e+02 3.213568e-01 9.068524e-01 2.726694e-01 -2.163145e+02 6.605066e-01 -8.320148e-03 -7.507742e-01 2.453042e+02
-6.779717e-01 4.246343e-01 -6.000334e-01 5.046417e+02 3.253828e-01 9.053082e-01 2.730258e-01 -2.160566e+02 6.591513e-01 -1.013680e-02 -7.519421e-01 2.445786e+02
-6.782486e-01 4.228360e-01 -6.009897e-01 5.040327e+02 3.252056e-01 9.061271e-01 2.705087e-01 -2.157882e+02 6.589539e-01 -1.197304e-02 -7.520880e-01 2.438323e+02
-6.757425e-01 4.240522e-01 -6.029526e-01 5.034908e+02 3.302573e-01 9.054398e-01 2.666626e-01 -2.155783e+02 6.590161e-01 -1.893424e-02 -7.518905e-01 2.430184e+02
-6.752484e-01 4.242849e-01 -6.033423e-01 5.028879e+02 3.323328e-01 9.052664e-01 2.646652e-01 -2.153371e+02 6.584789e-01 -2.179564e-02 -7.522835e-01 2.422579e+02
-6.781126e-01 4.189638e-01 -6.038481e-01 5.023015e+02 3.250044e-01 9.078509e-01 2.649128e-01 -2.150340e+02 6.591930e-01 -1.661259e-02 -7.517903e-01 2.415068e+02
-6.797630e-01 4.200019e-01 -6.012659e-01 5.016688e+02 3.236309e-01 9.074383e-01 2.679904e-01 -2.147583e+02 6.581681e-01 -1.241825e-02 -7.527686e-01 2.407831e+02
-6.796344e-01 4.222621e-01 -5.998265e-01 5.010717e+02 3.236216e-01 9.064224e-01 2.714176e-01 -2.145156e+02 6.583056e-01 -9.652116e-03 -7.526889e-01 2.400185e+02
-6.772375e-01 4.267803e-01 -5.993396e-01 5.005013e+02 3.270760e-01 9.042975e-01 2.743490e-01 -2.142851e+02 6.590680e-01 -1.023019e-02 -7.520137e-01 2.392302e+02
-6.754894e-01 4.291862e-01 -5.995943e-01 4.998942e+02 3.295853e-01 9.031396e-01 2.751588e-01 -2.140112e+02 6.596117e-01 -1.175068e-02 -7.515147e-01 2.384843e+02
-6.735181e-01 4.298084e-01 -6.013635e-01 4.992753e+02 3.329269e-01 9.027643e-01 2.723534e-01 -2.137400e+02 6.599493e-01 -1.677515e-02 -7.511228e-01 2.377470e+02
-6.743557e-01 4.236289e-01 -6.047999e-01 4.986934e+02 3.282433e-01 9.056660e-01 2.683757e-01 -2.134699e+02 6.614384e-01 -1.754085e-02 -7.497943e-01 2.369799e+02
-6.726216e-01 4.262673e-01 -6.048771e-01 4.980878e+02 3.316654e-01 9.043760e-01 2.685184e-01 -2.132273e+02 6.614970e-01 -2.000550e-02 -7.496810e-01 2.362221e+02
-6.731514e-01 4.284529e-01 -6.027398e-01 4.974480e+02 3.335955e-01 9.033514e-01 2.695744e-01 -2.129620e+02 6.599858e-01 -1.960692e-02 -7.510222e-01 2.355008e+02
-6.734410e-01 4.299671e-01 -6.013364e-01 4.967817e+02 3.395846e-01 9.024772e-01 2.649853e-01 -2.126905e+02 6.566273e-01 -2.575263e-02 -7.537754e-01 2.348063e+02
-6.747096e-01 4.261265e-01 -6.026468e-01 4.961930e+02 3.375710e-01 9.042598e-01 2.614576e-01 -2.124448e+02 6.563633e-01 -2.702811e-02 -7.539607e-01 2.340362e+02
-6.746246e-01 4.273092e-01 -6.019041e-01 4.955780e+02 3.414751e-01 9.035746e-01 2.587425e-01 -2.121822e+02 6.544283e-01 -3.098120e-02 -7.554891e-01 2.332926e+02
-6.725911e-01 4.313083e-01 -6.013272e-01 4.950210e+02 3.454006e-01 9.016160e-01 2.603592e-01 -2.119683e+02 6.544613e-01 -3.258347e-02 -7.553931e-01 2.324902e+02
-6.709857e-01 4.357110e-01 -5.999450e-01 4.944932e+02 3.492996e-01 8.994677e-01 2.625789e-01 -2.117737e+02 6.540397e-01 -3.337385e-02 -7.557237e-01 2.316634e+02
-6.705165e-01 4.388016e-01 -5.982146e-01 4.938986e+02 3.504996e-01 8.980349e-01 2.658635e-01 -2.115276e+02 6.538789e-01 -3.140816e-02 -7.559470e-01 2.308979e+02
-6.730018e-01 4.343419e-01 -5.986782e-01 4.932841e+02 3.461297e-01 9.002643e-01 2.640426e-01 -2.112472e+02 6.536534e-01 -2.951919e-02 -7.562181e-01 2.301606e+02
-6.739997e-01 4.297589e-01 -6.008592e-01 4.926767e+02 3.468132e-01 9.022397e-01 2.562891e-01 -2.110133e+02 6.522615e-01 -3.564712e-02 -7.571553e-01 2.294014e+02
-6.768109e-01 4.226123e-01 -6.027652e-01 4.920631e+02 3.449542e-01 9.054082e-01 2.474725e-01 -2.107674e+02 6.503335e-01 -4.043429e-02 -7.585720e-01 2.286510e+02
-6.782010e-01 4.229867e-01 -6.009374e-01 4.914433e+02 3.465519e-01 9.051899e-01 2.460346e-01 -2.105109e+02 6.480318e-01 -4.139511e-02 -7.604875e-01 2.279093e+02
-6.792772e-01 4.257368e-01 -5.977714e-01 4.908389e+02 3.478424e-01 9.040025e-01 2.485662e-01 -2.102604e+02 6.462106e-01 -3.908485e-02 -7.621576e-01 2.271531e+02
-6.792108e-01 4.310000e-01 -5.940638e-01 4.902088e+02 3.501969e-01 9.016462e-01 2.537640e-01 -2.100102e+02 6.450076e-01 -3.568002e-02 -7.633427e-01 2.264180e+02
-6.801999e-01 4.320232e-01 -5.921858e-01 4.896292e+02 3.464135e-01 9.014126e-01 2.597171e-01 -2.097690e+02 6.460076e-01 -2.848165e-02 -7.627995e-01 2.256396e+02
-6.801427e-01 4.336527e-01 -5.910595e-01 4.890280e+02 3.466065e-01 9.006849e-01 2.619746e-01 -2.095197e+02 6.459643e-01 -2.668499e-02 -7.629011e-01 2.248804e+02
-6.810172e-01 4.320559e-01 -5.912218e-01 4.884188e+02 3.451872e-01 9.014654e-01 2.611626e-01 -2.092459e+02 6.458029e-01 -2.622596e-02 -7.630536e-01 2.241361e+02
-6.807626e-01 4.311046e-01 -5.922087e-01 4.878326e+02 3.424138e-01 9.019896e-01 2.629973e-01 -2.090249e+02 6.475454e-01 -2.374171e-02 -7.616569e-01 2.233566e+02
-6.799798e-01 4.322782e-01 -5.922526e-01 4.872156e+02 3.440316e-01 9.013945e-01 2.629261e-01 -2.087654e+02 6.475104e-01 -2.496919e-02 -7.616474e-01 2.226138e+02
-6.730704e-01 4.337668e-01 -5.990181e-01 4.868059e+02 3.466055e-01 9.004966e-01 2.626225e-01 -2.087031e+02 6.533306e-01 -3.085948e-02 -7.564435e-01 2.217037e+02
-6.737710e-01 4.269806e-01 -6.030922e-01 4.862041e+02 3.446137e-01 9.035346e-01 2.546893e-01 -2.084552e+02 6.536621e-01 -3.623157e-02 -7.559188e-01 2.209444e+02
-6.751878e-01 4.245454e-01 -6.032269e-01 4.855897e+02 3.447663e-01 9.045802e-01 2.507406e-01 -2.081922e+02 6.521179e-01 -3.867532e-02 -7.571304e-01 2.202006e+02
-6.745899e-01 4.293570e-01 -6.004840e-01 4.849800e+02 3.463238e-01 9.024514e-01 2.562055e-01 -2.079860e+02 6.519113e-01 -3.512826e-02 -7.574811e-01 2.194352e+02
-6.783403e-01 4.290053e-01 -5.964972e-01 4.843753e+02 3.389067e-01 9.030079e-01 2.640434e-01 -2.077396e+02 6.519178e-01 -2.304561e-02 -7.579394e-01 2.186778e+02
-6.789036e-01 4.315632e-01 -5.940060e-01 4.837661e+02 3.355747e-01 9.019608e-01 2.717653e-01 -2.074435e+02 6.530540e-01 -1.483096e-02 -7.571661e-01 2.179422e+02
-6.765910e-01 4.373556e-01 -5.924058e-01 4.831613e+02 3.389746e-01 8.991858e-01 2.766968e-01 -2.071708e+02 6.536978e-01 -1.359994e-02 -7.566335e-01 2.171940e+02
-6.765361e-01 4.362230e-01 -5.933029e-01 4.825868e+02 3.364703e-01 8.997633e-01 2.778735e-01 -2.069132e+02 6.550470e-01 -1.163737e-02 -7.554985e-01 2.164170e+02
-6.716738e-01 4.372220e-01 -5.980730e-01 4.820014e+02 3.437465e-01 8.990485e-01 2.712014e-01 -2.067114e+02 6.562718e-01 -2.342659e-02 -7.541608e-01 2.156318e+02
-6.675824e-01 4.316469e-01 -6.066421e-01 4.814092e+02 3.499912e-01 9.010915e-01 2.560082e-01 -2.064534e+02 6.571453e-01 -4.141279e-02 -7.526255e-01 2.148684e+02
-6.661371e-01 4.313956e-01 -6.084071e-01 4.807836e+02 3.543347e-01 9.008577e-01 2.508034e-01 -2.062132e+02 6.562837e-01 -4.851036e-02 -7.529532e-01 2.141262e+02
-6.655440e-01 4.368552e-01 -6.051519e-01 4.801775e+02 3.555263e-01 8.984693e-01 2.575925e-01 -2.059809e+02 6.562410e-01 -4.370828e-02 -7.532844e-01 2.133655e+02
-6.672151e-01 4.411902e-01 -6.001460e-01 4.795767e+02 3.516727e-01 8.968421e-01 2.683291e-01 -2.057156e+02 6.566204e-01 -3.202182e-02 -7.535412e-01 2.126114e+02
-6.691331e-01 4.444698e-01 -5.955733e-01 4.789563e+02 3.502279e-01 8.954527e-01 2.747816e-01 -2.054214e+02 6.554398e-01 -2.472094e-02 -7.548427e-01 2.118843e+02
-6.696448e-01 4.475471e-01 -5.926867e-01 4.783679e+02 3.482554e-01 8.940833e-01 2.816614e-01 -2.051750e+02 6.559680e-01 -1.779328e-02 -7.545789e-01 2.111143e+02
-6.744454e-01 4.424285e-01 -5.910841e-01 4.777720e+02 3.395120e-01 8.967561e-01 2.838312e-01 -2.048627e+02 6.556333e-01 -9.251544e-03 -7.550228e-01 2.103744e+02
-6.777686e-01 4.381294e-01 -5.904848e-01 4.771385e+02 3.385703e-01 8.988410e-01 2.783076e-01 -2.045514e+02 6.526867e-01 -1.129247e-02 -7.575438e-01 2.096660e+02
-6.772802e-01 4.344646e-01 -5.937441e-01 4.765334e+02 3.386230e-01 9.005402e-01 2.726936e-01 -2.043098e+02 6.531662e-01 -1.636539e-02 -7.570377e-01 2.089075e+02
-6.766194e-01 4.283416e-01 -5.989238e-01 4.759672e+02 3.369641e-01 9.033428e-01 2.653809e-01 -2.040480e+02 6.547072e-01 -2.225395e-02 -7.555550e-01 2.081258e+02
-6.775973e-01 4.248716e-01 -6.002883e-01 4.753329e+02 3.384215e-01 9.048188e-01 2.584063e-01 -2.037561e+02 6.529416e-01 -2.805502e-02 -7.568885e-01 2.074100e+02
-6.747134e-01 4.222895e-01 -6.053374e-01 4.747480e+02 3.374945e-01 9.059062e-01 2.557955e-01 -2.035316e+02 6.563987e-01 -3.170940e-02 -7.537475e-01 2.066306e+02
-6.722999e-01 4.216088e-01 -6.084890e-01 4.741706e+02 3.342837e-01 9.062965e-01 2.586138e-01 -2.033266e+02 6.605053e-01 -2.954185e-02 -7.502400e-01 2.058403e+02
-6.701848e-01 4.269611e-01 -6.070886e-01 4.735477e+02 3.366571e-01 9.038538e-01 2.640271e-01 -2.030887e+02 6.614487e-01 -2.743374e-02 -7.494885e-01 2.050950e+02
-6.709263e-01 4.315291e-01 -6.030261e-01 4.729343e+02 3.359444e-01 9.018694e-01 2.716117e-01 -2.028084e+02 6.610592e-01 -2.035178e-02 -7.500577e-01 2.043567e+02
-6.715068e-01 4.336509e-01 -6.008539e-01 4.723521e+02 3.324562e-01 9.009929e-01 2.787197e-01 -2.025387e+02 6.622322e-01 -1.259543e-02 -7.491928e-01 2.035896e+02
-6.737968e-01 4.291111e-01 -6.015493e-01 4.717953e+02 3.228486e-01 9.032440e-01 2.826995e-01 -2.023054e+02 6.646553e-01 -3.727359e-03 -7.471408e-01 2.027925e+02
-6.768430e-01 4.252681e-01 -6.008583e-01 4.711794e+02 3.199323e-01 9.050637e-01 2.801838e-01 -2.020486e+02 6.629682e-01 -2.593537e-03 -7.486430e-01 2.020476e+02
-6.792535e-01 4.172583e-01 -6.037467e-01 4.705925e+02 3.148009e-01 9.087791e-01 2.738996e-01 -2.018000e+02 6.629593e-01 -4.012744e-03 -7.486447e-01 2.012771e+02
-6.789499e-01 4.110512e-01 -6.083289e-01 4.700176e+02 3.136590e-01 9.115541e-01 2.658704e-01 -2.015541e+02 6.638111e-01 -1.029513e-02 -7.478295e-01 2.004967e+02
-6.776006e-01 4.125130e-01 -6.088436e-01 4.694003e+02 3.201471e-01 9.107696e-01 2.607769e-01 -2.013003e+02 6.620901e-01 -1.821691e-02 -7.492028e-01 1.997521e+02
-6.766879e-01 4.109336e-01 -6.109231e-01 4.688072e+02 3.203577e-01 9.114239e-01 2.582199e-01 -2.010438e+02 6.629211e-01 -2.097967e-02 -7.483952e-01 1.989888e+02
-6.757200e-01 4.162730e-01 -6.083743e-01 4.682058e+02 3.236380e-01 9.090306e-01 2.625295e-01 -2.008057e+02 6.623148e-01 -1.949664e-02 -7.489719e-01 1.982262e+02
-6.774675e-01 4.218329e-01 -6.025734e-01 4.675643e+02 3.274803e-01 9.065173e-01 2.664265e-01 -2.005627e+02 6.586307e-01 -1.683561e-02 -7.522780e-01 1.974986e+02
-6.759321e-01 4.240942e-01 -6.027105e-01 4.669491e+02 3.324194e-01 9.053571e-01 2.642460e-01 -2.003123e+02 6.577334e-01 -2.174032e-02 -7.529370e-01 1.967511e+02
-6.779664e-01 4.206584e-01 -6.028333e-01 4.663093e+02 3.354435e-01 9.067553e-01 2.554849e-01 -2.000266e+02 6.540942e-01 -2.900630e-02 -7.558567e-01 1.960376e+02
-6.782460e-01 4.182542e-01 -6.041901e-01 4.657053e+02 3.356067e-01 9.077633e-01 2.516624e-01 -1.997696e+02 6.537205e-01 -3.208128e-02 -7.560558e-01 1.952831e+02
-6.828197e-01 4.142665e-01 -6.017812e-01 4.650846e+02 3.306085e-01 9.097409e-01 2.511365e-01 -1.995484e+02 6.515024e-01 -2.747307e-02 -7.581490e-01 1.945310e+02
-6.884679e-01 4.135146e-01 -5.958336e-01 4.644246e+02 3.302680e-01 9.101642e-01 2.500485e-01 -1.992910e+02 6.457051e-01 -2.463443e-02 -7.631894e-01 1.938252e+02
-6.928075e-01 4.134335e-01 -5.908388e-01 4.637747e+02 3.323214e-01 9.101891e-01 2.472213e-01 -1.990512e+02 6.399846e-01 -2.507157e-02 -7.679786e-01 1.931040e+02
-6.951851e-01 4.111975e-01 -5.896052e-01 4.631810e+02 3.280708e-01 9.113155e-01 2.487439e-01 -1.988139e+02 6.395992e-01 -2.050917e-02 -7.684349e-01 1.923351e+02
-7.028648e-01 4.092239e-01 -5.818220e-01 4.625450e+02 3.240624e-01 9.123459e-01 2.502169e-01 -1.985594e+02 6.332177e-01 -1.267799e-02 -7.738699e-01 1.916065e+02
-7.073814e-01 4.131361e-01 -5.735242e-01 4.618994e+02 3.259349e-01 9.106402e-01 2.539702e-01 -1.982785e+02 6.271985e-01 -7.277781e-03 -7.788255e-01 1.908964e+02
-7.082020e-01 4.151293e-01 -5.710670e-01 4.613161e+02 3.255937e-01 9.097556e-01 2.575531e-01 -1.980475e+02 6.264492e-01 -3.536232e-03 -7.794542e-01 1.901178e+02
-7.119875e-01 4.128315e-01 -5.680176e-01 4.607087e+02 3.273141e-01 9.107825e-01 2.516756e-01 -1.977776e+02 6.212401e-01 -6.730262e-03 -7.835914e-01 1.893705e+02
-7.157500e-01 4.097751e-01 -5.654965e-01 4.601055e+02 3.281794e-01 9.121338e-01 2.455813e-01 -1.975196e+02 6.164416e-01 -9.809474e-03 -7.873395e-01 1.886159e+02
-7.145810e-01 4.101622e-01 -5.666931e-01 4.595569e+02 3.320170e-01 9.118775e-01 2.413382e-01 -1.972983e+02 6.157424e-01 -1.569608e-02 -7.877911e-01 1.878096e+02
-7.173826e-01 4.127764e-01 -5.612288e-01 4.589467e+02 3.335283e-01 9.107467e-01 2.435145e-01 -1.970644e+02 6.116543e-01 -1.249259e-02 -7.910265e-01 1.870526e+02
-7.149012e-01 4.173065e-01 -5.610450e-01 4.584314e+02 3.329077e-01 9.087402e-01 2.517214e-01 -1.969029e+02 6.148892e-01 -6.820284e-03 -7.885841e-01 1.862110e+02
-7.174350e-01 4.169681e-01 -5.580543e-01 4.578531e+02 3.286789e-01 9.089209e-01 2.565796e-01 -1.966855e+02 6.142127e-01 6.585002e-04 -7.891402e-01 1.854247e+02
-7.177173e-01 4.124237e-01 -5.610603e-01 4.573673e+02 3.226513e-01 9.109860e-01 2.569061e-01 -1.964596e+02 6.170722e-01 3.359130e-03 -7.868994e-01 1.845803e+02
-7.144480e-01 4.111050e-01 -5.661773e-01 4.568323e+02 3.179459e-01 9.115667e-01 2.606847e-01 -1.962705e+02 6.232771e-01 6.231886e-03 -7.819762e-01 1.837569e+02
-7.146845e-01 4.070942e-01 -5.687710e-01 4.562236e+02 3.147253e-01 9.133692e-01 2.582726e-01 -1.959660e+02 6.246391e-01 5.576790e-03 -7.808936e-01 1.830243e+02
-7.155768e-01 4.025217e-01 -5.708994e-01 4.555749e+02 3.113424e-01 9.153976e-01 2.551727e-01 -1.956937e+02 6.253125e-01 4.850485e-03 -7.803594e-01 1.823136e+02
-7.101466e-01 3.963603e-01 -5.818851e-01 4.550336e+02 3.039892e-01 9.180874e-01 2.543740e-01 -1.954273e+02 6.350452e-01 3.756073e-03 -7.724659e-01 1.815161e+02
-7.013257e-01 3.941944e-01 -5.939302e-01 4.544373e+02 2.970153e-01 9.190112e-01 2.592302e-01 -1.951918e+02 6.480156e-01 5.398465e-03 -7.616080e-01 1.807487e+02
-6.906525e-01 3.949559e-01 -6.058127e-01 4.537908e+02 2.937113e-01 9.186892e-01 2.640905e-01 -1.948762e+02 6.608577e-01 4.460707e-03 -7.504980e-01 1.800540e+02
-6.748126e-01 3.977491e-01 -6.216299e-01 4.531302e+02 2.899148e-01 9.174873e-01 2.723351e-01 -1.946144e+02 6.786585e-01 3.555400e-03 -7.344453e-01 1.793504e+02
-6.551588e-01 4.017678e-01 -6.398044e-01 4.524257e+02 2.884423e-01 9.157406e-01 2.796787e-01 -1.943144e+02 6.982607e-01 -1.312677e-03 -7.158423e-01 1.787073e+02
-6.350644e-01 4.014065e-01 -6.599743e-01 4.517065e+02 2.827987e-01 9.158823e-01 2.849288e-01 -1.939747e+02 7.188310e-01 -5.691681e-03 -6.951615e-01 1.781012e+02
-6.101276e-01 4.007910e-01 -6.834551e-01 4.509943e+02 2.745156e-01 9.161217e-01 2.921681e-01 -1.936310e+02 7.432264e-01 -9.359269e-03 -6.689745e-01 1.774891e+02
-5.842771e-01 4.006365e-01 -7.057695e-01 4.502460e+02 2.635246e-01 9.161870e-01 3.019208e-01 -1.933216e+02 7.675774e-01 -9.582215e-03 -6.408847e-01 1.769024e+02
-5.519314e-01 4.032472e-01 -7.299064e-01 4.494993e+02 2.570917e-01 9.149519e-01 3.110739e-01 -1.929996e+02 7.932689e-01 -1.596146e-02 -6.086622e-01 1.763202e+02
-5.179475e-01 4.043781e-01 -7.537962e-01 4.487086e+02 2.511410e-01 9.142595e-01 3.178959e-01 -1.926148e+02 8.177155e-01 -2.465571e-02 -5.750944e-01 1.758441e+02
-4.826605e-01 4.057410e-01 -7.761528e-01 4.479036e+02 2.433933e-01 9.134455e-01 3.261548e-01 -1.922417e+02 8.413076e-01 -3.148841e-02 -5.396387e-01 1.753829e+02
-4.469601e-01 4.066163e-01 -7.967998e-01 4.470730e+02 2.330938e-01 9.128914e-01 3.351067e-01 -1.918744e+02 8.636515e-01 -3.594979e-02 -5.028058e-01 1.749643e+02
-4.114423e-01 4.090947e-01 -8.144672e-01 4.461872e+02 2.208071e-01 9.117287e-01 3.464031e-01 -1.915792e+02 8.842847e-01 -3.731524e-02 -4.654547e-01 1.746061e+02
-3.727672e-01 4.125122e-01 -8.311909e-01 4.453136e+02 2.111230e-01 9.099632e-01 3.569231e-01 -1.911782e+02 9.035882e-01 -4.243431e-02 -4.262953e-01 1.743304e+02
-3.242730e-01 4.163140e-01 -8.494290e-01 4.445027e+02 1.938521e-01 9.081395e-01 3.710848e-01 -1.909192e+02 9.258879e-01 -4.433081e-02 -3.751884e-01 1.738057e+02
-2.766026e-01 4.173282e-01 -8.656374e-01 4.436020e+02 1.783992e-01 9.074235e-01 3.804685e-01 -1.905414e+02 9.442800e-01 -4.919045e-02 -3.254467e-01 1.735911e+02
-2.327331e-01 4.211520e-01 -8.766221e-01 4.426525e+02 1.596483e-01 9.056898e-01 3.927321e-01 -1.902425e+02 9.593475e-01 -4.854948e-02 -2.780202e-01 1.734960e+02
-1.849694e-01 4.238247e-01 -8.866560e-01 4.417333e+02 1.407440e-01 9.043485e-01 4.029205e-01 -1.898616e+02 9.726137e-01 -5.026354e-02 -2.269276e-01 1.733962e+02
-1.380058e-01 4.251082e-01 -8.945599e-01 4.408063e+02 1.167641e-01 9.038870e-01 4.115271e-01 -1.894925e+02 9.835246e-01 -4.765932e-02 -1.743790e-01 1.733295e+02
-6.553591e-02 4.135283e-01 -9.081296e-01 4.401520e+02 8.807489e-02 9.089313e-01 4.075374e-01 -1.889545e+02 9.939557e-01 -5.327508e-02 -9.598910e-02 1.727980e+02
8.846472e-02 3.871540e-01 -9.177613e-01 4.396766e+02 1.175885e-02 9.209036e-01 3.896130e-01 -1.885718e+02 9.960099e-01 -4.525882e-02 7.691500e-02 1.720058e+02
1.371942e-01 3.846242e-01 -9.128209e-01 4.387702e+02 -1.181640e-02 9.221047e-01 3.867600e-01 -1.882535e+02 9.904737e-01 -4.227495e-02 1.310522e-01 1.722835e+02
1.894616e-01 3.804436e-01 -9.051889e-01 4.378659e+02 -3.637029e-02 9.239725e-01 3.807257e-01 -1.878840e+02 9.812143e-01 -3.921093e-02 1.888942e-01 1.724972e+02
2.432767e-01 3.703312e-01 -8.964771e-01 4.370169e+02 -5.123929e-02 9.278604e-01 3.693908e-01 -1.874518e+02 9.686026e-01 -4.392932e-02 2.447023e-01 1.728012e+02
2.944180e-01 3.652926e-01 -8.831078e-01 4.360990e+02 -6.741633e-02 9.297020e-01 3.620901e-01 -1.871087e+02 9.532959e-01 -4.706997e-02 2.983477e-01 1.730004e+02
3.400520e-01 3.670208e-01 -8.658293e-01 4.352368e+02 -8.672493e-02 9.290123e-01 3.597428e-01 -1.868269e+02 9.363992e-01 -4.724223e-02 3.477423e-01 1.734213e+02
3.816215e-01 3.684754e-01 -8.476974e-01 4.344361e+02 -1.032378e-01 9.283585e-01 3.570608e-01 -1.864784e+02 9.185352e-01 -4.874763e-02 3.923222e-01 1.739087e+02
4.224985e-01 3.690391e-01 -8.278316e-01 4.336157e+02 -1.192090e-01 9.280461e-01 3.528733e-01 -1.861291e+02 8.984899e-01 -5.040345e-02 4.360909e-01 1.743614e+02
4.610320e-01 3.671556e-01 -8.078653e-01 4.328728e+02 -1.319033e-01 9.286306e-01 3.467661e-01 -1.857690e+02 8.775255e-01 -5.331015e-02 4.765574e-01 1.749257e+02
4.971267e-01 3.674269e-01 -7.860423e-01 4.321314e+02 -1.457963e-01 9.284070e-01 3.417659e-01 -1.854648e+02 8.553412e-01 -5.529889e-02 5.151054e-01 1.755238e+02
5.271376e-01 3.672899e-01 -7.663054e-01 4.313859e+02 -1.621525e-01 9.286753e-01 3.335699e-01 -1.851605e+02 8.341657e-01 -5.157890e-02 5.490966e-01 1.761168e+02
5.537441e-01 3.654299e-01 -7.482168e-01 4.305735e+02 -1.752765e-01 9.295783e-01 3.242875e-01 -1.848476e+02 8.140305e-01 -4.842747e-02 5.787998e-01 1.766088e+02
5.784866e-01 3.602798e-01 -7.318140e-01 4.298433e+02 -1.829145e-01 9.316179e-01 3.140546e-01 -1.845192e+02 7.949185e-01 -4.781700e-02 6.048289e-01 1.772079e+02
6.001847e-01 3.524901e-01 -7.180036e-01 4.291815e+02 -1.841853e-01 9.344422e-01 3.047846e-01 -1.841777e+02 7.783663e-01 -5.068131e-02 6.257613e-01 1.778753e+02
6.192444e-01 3.506263e-01 -7.025650e-01 4.284709e+02 -1.890553e-01 9.350174e-01 3.000011e-01 -1.838524e+02 7.620987e-01 -5.295036e-02 6.452920e-01 1.784992e+02
6.361637e-01 3.470447e-01 -6.890977e-01 4.277770e+02 -1.887256e-01 9.359915e-01 2.971575e-01 -1.835742e+02 7.481165e-01 -5.899045e-02 6.609401e-01 1.791634e+02
6.448021e-01 3.461242e-01 -6.814897e-01 4.272269e+02 -1.927218e-01 9.364096e-01 2.932496e-01 -1.832993e+02 7.396544e-01 -5.775004e-02 6.705046e-01 1.799519e+02
6.555332e-01 3.438953e-01 -6.723186e-01 4.265651e+02 -1.926995e-01 9.369945e-01 2.913903e-01 -1.830291e+02 7.301665e-01 -6.146053e-02 6.804994e-01 1.806512e+02
6.650646e-01 3.425833e-01 -6.635705e-01 4.259106e+02 -1.930207e-01 9.372320e-01 2.904120e-01 -1.827205e+02 7.214098e-01 -6.505987e-02 6.894455e-01 1.813414e+02
6.730885e-01 3.397566e-01 -6.568998e-01 4.252532e+02 -1.887571e-01 9.377321e-01 2.915977e-01 -1.824614e+02 7.150683e-01 -7.227651e-02 6.953082e-01 1.820490e+02
6.768165e-01 3.426121e-01 -6.515645e-01 4.246316e+02 -1.922379e-01 9.366416e-01 2.928260e-01 -1.822026e+02 7.106082e-01 -7.293406e-02 6.997975e-01 1.827884e+02
6.826081e-01 3.415459e-01 -6.460592e-01 4.239574e+02 -1.935806e-01 9.369907e-01 2.908179e-01 -1.819456e+02 7.046791e-01 -7.345009e-02 7.057141e-01 1.834808e+02
6.899547e-01 3.376766e-01 -6.402632e-01 4.232792e+02 -1.945349e-01 9.384808e-01 2.853244e-01 -1.816686e+02 6.972221e-01 -7.230742e-02 7.131991e-01 1.841614e+02
6.950907e-01 3.324458e-01 -6.374392e-01 4.226661e+02 -1.944593e-01 9.405497e-01 2.784814e-01 -1.813609e+02 6.921232e-01 -6.961382e-02 7.184145e-01 1.848891e+02
6.985295e-01 3.248800e-01 -6.375810e-01 4.220803e+02 -1.920256e-01 9.434209e-01 2.703391e-01 -1.810994e+02 6.893350e-01 -6.640800e-02 7.213926e-01 1.856561e+02
7.037427e-01 3.185206e-01 -6.350518e-01 4.214262e+02 -1.893909e-01 9.456287e-01 2.644189e-01 -1.808216e+02 6.847461e-01 -6.580982e-02 7.258043e-01 1.863598e+02
7.070176e-01 3.138644e-01 -6.337312e-01 4.207662e+02 -1.840307e-01 9.469000e-01 2.636533e-01 -1.805773e+02 6.828315e-01 -6.978153e-02 7.272357e-01 1.870702e+02
7.064411e-01 3.161841e-01 -6.332208e-01 4.201656e+02 -1.835225e-01 9.458996e-01 2.675696e-01 -1.803346e+02 6.835646e-01 -7.281192e-02 7.262492e-01 1.878320e+02
7.046428e-01 3.244864e-01 -6.310206e-01 4.195350e+02 -1.879626e-01 9.429005e-01 2.749702e-01 -1.801229e+02 6.842138e-01 -7.514750e-02 7.253994e-01 1.885787e+02
7.046118e-01 3.294119e-01 -6.284982e-01 4.189208e+02 -1.851384e-01 9.403814e-01 2.853185e-01 -1.798758e+02 6.850153e-01 -8.467965e-02 7.235906e-01 1.893281e+02
7.035992e-01 3.330556e-01 -6.277119e-01 4.183056e+02 -1.837659e-01 9.385912e-01 2.920217e-01 -1.795966e+02 6.864243e-01 -9.011414e-02 7.215962e-01 1.900654e+02
7.050467e-01 3.317317e-01 -6.267880e-01 4.176244e+02 -1.828225e-01 9.389936e-01 2.913194e-01 -1.793488e+02 6.851898e-01 -9.080285e-02 7.226824e-01 1.907543e+02
7.065830e-01 3.220463e-01 -6.301005e-01 4.169909e+02 -1.765367e-01 9.425068e-01 2.837531e-01 -1.790866e+02 6.852556e-01 -8.925929e-02 7.228122e-01 1.914823e+02
7.051751e-01 3.155504e-01 -6.349457e-01 4.164002e+02 -1.722145e-01 9.449187e-01 2.783357e-01 -1.788105e+02 6.878010e-01 -8.692853e-02 7.206755e-01 1.922404e+02
7.070978e-01 3.133287e-01 -6.339067e-01 4.157235e+02 -1.688827e-01 9.453563e-01 2.788908e-01 -1.785883e+02 6.866522e-01 -9.014720e-02 7.213752e-01 1.929424e+02
7.081721e-01 3.140710e-01 -6.323383e-01 4.150685e+02 -1.658779e-01 9.445552e-01 2.833724e-01 -1.783414e+02 6.862775e-01 -9.578548e-02 7.210051e-01 1.936565e+02
7.071286e-01 3.156881e-01 -6.327007e-01 4.144184e+02 -1.657464e-01 9.438752e-01 2.857057e-01 -1.780641e+02 6.873844e-01 -9.716281e-02 7.197653e-01 1.943639e+02
7.057951e-01 3.190908e-01 -6.324827e-01 4.137635e+02 -1.651044e-01 9.423188e-01 2.911628e-01 -1.777669e+02 6.889077e-01 -1.010756e-01 7.177673e-01 1.950588e+02
7.040675e-01 3.202582e-01 -6.338167e-01 4.131207e+02 -1.605388e-01 9.412078e-01 2.972459e-01 -1.774743e+02 6.917486e-01 -1.075290e-01 7.140878e-01 1.957667e+02
7.023010e-01 3.243301e-01 -6.337060e-01 4.124587e+02 -1.606682e-01 9.394326e-01 3.027410e-01 -1.772056e+02 6.935121e-01 -1.107989e-01 7.118739e-01 1.964664e+02
7.003517e-01 3.210687e-01 -6.375127e-01 4.117940e+02 -1.614565e-01 9.412355e-01 2.966606e-01 -1.768992e+02 6.952980e-01 -1.048362e-01 7.110345e-01 1.971478e+02
6.975260e-01 3.157744e-01 -6.432293e-01 4.111668e+02 -1.573318e-01 9.432501e-01 2.924480e-01 -1.766252e+02 6.990738e-01 -1.027897e-01 7.076229e-01 1.978769e+02
6.964282e-01 3.135295e-01 -6.455130e-01 4.104954e+02 -1.560425e-01 9.441494e-01 2.902285e-01 -1.763340e+02 7.004559e-01 -1.013958e-01 7.064562e-01 1.985583e+02
6.961374e-01 3.156948e-01 -6.447709e-01 4.098371e+02 -1.551902e-01 9.430627e-01 2.941918e-01 -1.760384e+02 7.009342e-01 -1.047358e-01 7.054939e-01 1.992507e+02
6.959931e-01 3.202512e-01 -6.426763e-01 4.091343e+02 -1.555877e-01 9.410291e-01 3.004276e-01 -1.757304e+02 7.009894e-01 -1.091031e-01 7.047768e-01 1.998919e+02
6.974529e-01 3.192353e-01 -6.415982e-01 4.084697e+02 -1.498094e-01 9.404666e-01 3.050898e-01 -1.754585e+02 7.007971e-01 -1.166683e-01 7.037556e-01 2.005879e+02
6.945731e-01 3.167872e-01 -6.459211e-01 4.078664e+02 -1.476990e-01 9.414989e-01 3.029272e-01 -1.751668e+02 7.040974e-01 -1.150032e-01 7.007290e-01 2.013302e+02
6.930068e-01 3.125447e-01 -6.496594e-01 4.072481e+02 -1.443230e-01 9.430426e-01 2.997357e-01 -1.749058e+02 7.063373e-01 -1.139581e-01 6.986424e-01 2.020715e+02
6.940965e-01 3.083772e-01 -6.504871e-01 4.065713e+02 -1.436810e-01 9.447659e-01 2.945728e-01 -1.746330e+02 7.053976e-01 -1.109994e-01 7.000667e-01 2.027552e+02
6.950477e-01 3.041712e-01 -6.514511e-01 4.059170e+02 -1.435209e-01 9.465599e-01 2.888358e-01 -1.743453e+02 7.044930e-01 -1.072578e-01 7.015592e-01 2.034546e+02
6.973554e-01 3.009697e-01 -6.504712e-01 4.052236e+02 -1.454520e-01 9.481024e-01 2.827464e-01 -1.740129e+02 7.018114e-01 -1.025624e-01 7.049409e-01 2.040939e+02
7.013555e-01 3.025957e-01 -6.453962e-01 4.044924e+02 -1.452759e-01 9.470993e-01 2.861779e-01 -1.737010e+02 6.978505e-01 -1.069519e-01 7.082132e-01 2.047006e+02
7.060539e-01 3.024943e-01 -6.403008e-01 4.037772e+02 -1.423197e-01 9.463420e-01 2.901413e-01 -1.733530e+02 6.937096e-01 -1.137279e-01 7.112193e-01 2.053066e+02
7.083592e-01 3.028631e-01 -6.375745e-01 4.030799e+02 -1.431930e-01 9.461458e-01 2.903512e-01 -1.730226e+02 6.911751e-01 -1.143767e-01 7.135790e-01 2.059428e+02
7.108899e-01 2.995443e-01 -6.363244e-01 4.023795e+02 -1.419055e-01 9.472479e-01 2.873747e-01 -1.727060e+02 6.888384e-01 -1.139938e-01 7.158960e-01 2.065825e+02
7.122850e-01 2.966995e-01 -6.360970e-01 4.017600e+02 -1.379065e-01 9.477564e-01 2.876450e-01 -1.724918e+02 6.882091e-01 -1.171633e-01 7.159895e-01 2.073377e+02
7.131364e-01 2.948471e-01 -6.360044e-01 4.011418e+02 -1.365275e-01 9.482917e-01 2.865363e-01 -1.722458e+02 6.876021e-01 -1.175074e-01 7.165161e-01 2.080842e+02
7.130768e-01 2.931311e-01 -6.368639e-01 4.005618e+02 -1.314247e-01 9.481826e-01 2.892704e-01 -1.720962e+02 6.886574e-01 -1.225723e-01 7.146517e-01 2.088850e+02
7.129987e-01 2.925780e-01 -6.372056e-01 3.999146e+02 -1.289340e-01 9.479928e-01 2.910082e-01 -1.718131e+02 6.892089e-01 -1.253310e-01 7.136408e-01 2.095929e+02
7.150629e-01 2.939435e-01 -6.342573e-01 3.992263e+02 -1.254427e-01 9.465269e-01 2.972390e-01 -1.715539e+02 6.877130e-01 -1.329817e-01 7.136993e-01 2.102703e+02
7.165199e-01 2.927340e-01 -6.331714e-01 3.985449e+02 -1.245152e-01 9.467811e-01 2.968190e-01 -1.711924e+02 6.863638e-01 -1.338373e-01 7.148373e-01 2.109067e+02
7.184758e-01 2.911248e-01 -6.316952e-01 3.978414e+02 -1.258337e-01 9.476107e-01 2.935981e-01 -1.708531e+02 6.840748e-01 -1.314546e-01 7.174687e-01 2.115312e+02
7.141780e-01 2.947028e-01 -6.349016e-01 3.972918e+02 -1.263213e-01 9.464202e-01 2.972064e-01 -1.706584e+02 6.884713e-01 -1.320567e-01 7.131397e-01 2.123436e+02
6.536669e-01 3.094233e-01 -6.906351e-01 3.976036e+02 -1.026510e-01 9.404117e-01 3.241736e-01 -1.707767e+02 7.497882e-01 -1.410072e-01 6.464787e-01 2.132864e+02
6.528783e-01 3.128136e-01 -6.898533e-01 3.968959e+02 -1.044353e-01 9.392185e-01 3.270504e-01 -1.704771e+02 7.502288e-01 -1.414791e-01 6.458641e-01 2.139263e+02
6.518768e-01 3.119329e-01 -6.911979e-01 3.961963e+02 -1.051195e-01 9.398506e-01 3.250088e-01 -1.701567e+02 7.510037e-01 -1.392073e-01 6.454570e-01 2.145650e+02
6.484386e-01 3.119570e-01 -6.944136e-01 3.955452e+02 -1.035682e-01 9.398509e-01 3.255056e-01 -1.698957e+02 7.541890e-01 -1.391513e-01 6.417444e-01 2.152777e+02
6.458432e-01 3.127642e-01 -6.964662e-01 3.948732e+02 -1.037489e-01 9.397292e-01 3.257992e-01 -1.696057e+02 7.563880e-01 -1.381576e-01 6.393667e-01 2.159591e+02
6.462020e-01 3.132075e-01 -6.959340e-01 3.941376e+02 -1.054841e-01 9.398068e-01 3.250172e-01 -1.693035e+02 7.558413e-01 -1.366168e-01 6.403435e-01 2.165653e+02
6.470765e-01 3.119615e-01 -6.956810e-01 3.934152e+02 -1.053855e-01 9.402963e-01 3.236308e-01 -1.689954e+02 7.551066e-01 -1.360992e-01 6.413198e-01 2.171844e+02
6.469140e-01 3.123603e-01 -6.956532e-01 3.927389e+02 -1.053619e-01 9.401200e-01 3.241502e-01 -1.686938e+02 7.552491e-01 -1.364020e-01 6.410876e-01 2.178564e+02
6.480264e-01 3.147696e-01 -6.935286e-01 3.920299e+02 -1.056843e-01 9.389536e-01 3.274094e-01 -1.683932e+02 7.542497e-01 -1.388749e-01 6.417329e-01 2.184944e+02
6.484593e-01 3.169536e-01 -6.921279e-01 3.913286e+02 -1.065243e-01 9.380352e-01 3.297613e-01 -1.681147e+02 7.537594e-01 -1.401083e-01 6.420409e-01 2.191506e+02
6.583360e-01 3.175599e-01 -6.824584e-01 3.904454e+02 -1.098174e-01 9.374707e-01 3.302860e-01 -1.678197e+02 7.446703e-01 -1.424934e-01 6.520443e-01 2.195152e+02
6.653220e-01 3.159252e-01 -6.764155e-01 3.896620e+02 -1.112858e-01 9.378935e-01 3.285899e-01 -1.674388e+02 7.382155e-01 -1.433426e-01 6.591592e-01 2.200062e+02
6.691005e-01 3.152207e-01 -6.730085e-01 3.889606e+02 -1.110396e-01 9.378277e-01 3.288608e-01 -1.670999e+02 7.348297e-01 -1.453103e-01 6.625030e-01 2.206333e+02
6.732655e-01 3.168040e-01 -6.680934e-01 3.882238e+02 -1.143096e-01 9.372939e-01 3.292620e-01 -1.667544e+02 7.305114e-01 -1.453113e-01 6.672613e-01 2.212145e+02
6.714082e-01 3.179932e-01 -6.693963e-01 3.877095e+02 -1.126140e-01 9.365504e-01 3.319509e-01 -1.665277e+02 7.324815e-01 -1.474912e-01 6.646181e-01 2.220416e+02
6.816031e-01 3.193988e-01 -6.583324e-01 3.868080e+02 -1.177776e-01 9.358606e-01 3.321045e-01 -1.663117e+02 7.221812e-01 -1.488267e-01 6.755035e-01 2.224167e+02
6.897757e-01 3.188850e-01 -6.500168e-01 3.860141e+02 -1.196539e-01 9.356467e-01 3.320366e-01 -1.661334e+02 7.140675e-01 -1.512537e-01 6.835421e-01 2.229980e+02
6.963598e-01 3.151087e-01 -6.448174e-01 3.853079e+02 -1.201851e-01 9.369712e-01 3.280862e-01 -1.657926e+02 7.075581e-01 -1.509686e-01 6.903405e-01 2.236186e+02
6.992694e-01 3.177295e-01 -6.403674e-01 3.847035e+02 -1.208128e-01 9.354369e-01 3.322080e-01 -1.657435e+02 7.045755e-01 -1.549383e-01 6.925081e-01 2.244137e+02
7.036503e-01 3.171283e-01 -6.358505e-01 3.841538e+02 -1.225154e-01 9.356225e-01 3.310596e-01 -1.654529e+02 6.999044e-01 -1.550487e-01 6.972042e-01 2.251969e+02
7.114865e-01 3.109373e-01 -6.301627e-01 3.836933e+02 -1.293161e-01 9.393943e-01 3.175150e-01 -1.647991e+02 6.906985e-01 -1.444174e-01 7.085755e-01 2.257973e+02
7.264184e-01 3.145782e-01 -6.110293e-01 3.828672e+02 -1.416348e-01 9.385295e-01 3.148046e-01 -1.645287e+02 6.724997e-01 -1.421369e-01 7.263203e-01 2.262917e+02
7.394424e-01 3.136000e-01 -5.957180e-01 3.822669e+02 -1.504780e-01 9.394819e-01 3.077828e-01 -1.641335e+02 6.561869e-01 -1.379452e-01 7.418826e-01 2.269871e+02
7.500822e-01 3.123736e-01 -5.829231e-01 3.818731e+02 -1.552261e-01 9.399542e-01 3.039587e-01 -1.638629e+02 6.428697e-01 -1.375092e-01 7.535315e-01 2.278656e+02
7.735571e-01 3.112677e-01 -5.520162e-01 3.810316e+02 -1.646766e-01 9.398718e-01 2.992033e-01 -1.636299e+02 6.119568e-01 -1.405467e-01 7.783030e-01 2.283529e+02
7.933368e-01 3.085549e-01 -5.247957e-01 3.804193e+02 -1.761838e-01 9.415190e-01 2.872303e-01 -1.632241e+02 5.827314e-01 -1.354099e-01 8.013041e-01 2.290315e+02
8.136862e-01 3.196918e-01 -4.855017e-01 3.796732e+02 -1.924176e-01 9.362357e-01 2.940037e-01 -1.633968e+02 5.485346e-01 -1.458077e-01 8.233164e-01 2.296746e+02
8.338451e-01 3.206266e-01 -4.493339e-01 3.790234e+02 -2.083024e-01 9.365994e-01 2.817654e-01 -1.630900e+02 5.111873e-01 -1.413513e-01 8.477661e-01 2.303700e+02
8.559424e-01 3.216672e-01 -4.048367e-01 3.783444e+02 -2.269782e-01 9.372161e-01 2.647770e-01 -1.626718e+02 4.645896e-01 -1.347448e-01 8.752145e-01 2.309733e+02
8.694459e-01 3.247475e-01 -3.722941e-01 3.780893e+02 -2.407049e-01 9.365542e-01 2.548086e-01 -1.624374e+02 4.314221e-01 -1.319293e-01 8.924515e-01 2.319114e+02
8.873229e-01 3.227914e-01 -3.293385e-01 3.776518e+02 -2.541172e-01 9.382133e-01 2.349050e-01 -1.620381e+02 3.848150e-01 -1.247460e-01 9.145249e-01 2.327171e+02
8.987344e-01 3.263228e-01 -2.928992e-01 3.774811e+02 -2.677431e-01 9.373765e-01 2.227979e-01 -1.619409e+02 3.472608e-01 -1.218144e-01 9.298232e-01 2.336976e+02
9.096785e-01 3.288348e-01 -2.536782e-01 3.772755e+02 -2.833315e-01 9.379688e-01 1.998445e-01 -1.616131e+02 3.036581e-01 -1.099192e-01 9.464193e-01 2.346197e+02
9.199387e-01 3.318519e-01 -2.087754e-01 3.770796e+02 -2.958270e-01 9.369896e-01 1.858409e-01 -1.615212e+02 2.572920e-01 -1.092008e-01 9.601437e-01 2.355960e+02
9.291534e-01 3.308488e-01 -1.649638e-01 3.769642e+02 -3.024425e-01 9.368747e-01 1.754834e-01 -1.614280e+02 2.126088e-01 -1.131589e-01 9.705630e-01 2.365850e+02
9.371374e-01 3.265446e-01 -1.230530e-01 3.770197e+02 -3.053041e-01 9.380119e-01 1.640826e-01 -1.613113e+02 1.690054e-01 -1.161994e-01 9.787415e-01 2.375766e+02
9.413939e-01 3.289526e-01 -7.461734e-02 3.770148e+02 -3.152336e-01 9.366995e-01 1.523874e-01 -1.612128e+02 1.200222e-01 -1.199346e-01 9.855000e-01 2.385717e+02
9.441935e-01 3.284763e-01 -2.453436e-02 3.769798e+02 -3.223927e-01 9.368376e-01 1.356400e-01 -1.610204e+02 6.753924e-02 -1.201607e-01 9.904544e-01 2.395524e+02
9.435319e-01 3.302864e-01 2.566065e-02 3.769987e+02 -3.309091e-01 9.359665e-01 1.202740e-01 -1.609414e+02 1.570737e-02 -1.219737e-01 9.924090e-01 2.405491e+02
9.402301e-01 3.315376e-01 7.778295e-02 3.770901e+02 -3.382393e-01 9.356960e-01 1.003352e-01 -1.608660e+02 -3.951630e-02 -1.206474e-01 9.919086e-01 2.415420e+02
9.325619e-01 3.365306e-01 1.306732e-01 3.771809e+02 -3.481555e-01 9.341026e-01 7.899453e-02 -1.608039e+02 -9.547807e-02 -1.191619e-01 9.882734e-01 2.425360e+02
9.233603e-01 3.412713e-01 1.758968e-01 3.774794e+02 -3.555954e-01 9.329221e-01 5.664231e-02 -1.608491e+02 -1.447676e-01 -1.148494e-01 9.827777e-01 2.434893e+02
9.130237e-01 3.434097e-01 2.201307e-01 3.778129e+02 -3.580503e-01 9.332463e-01 2.917626e-02 -1.607895e+02 -1.954168e-01 -1.054565e-01 9.750340e-01 2.444302e+02
9.030460e-01 3.382517e-01 2.647523e-01 3.781801e+02 -3.523672e-01 9.358410e-01 6.247555e-03 -1.608188e+02 -2.456528e-01 -9.893186e-02 9.642962e-01 2.453598e+02
8.901122e-01 3.311944e-01 3.130663e-01 3.784312e+02 -3.447935e-01 9.385937e-01 -1.262379e-02 -1.608770e+02 -2.980230e-01 -9.670663e-02 9.496474e-01 2.463261e+02
8.766562e-01 3.257064e-01 3.541034e-01 3.788450e+02 -3.377147e-01 9.407935e-01 -2.926478e-02 -1.609591e+02 -3.426699e-01 -9.393079e-02 9.347483e-01 2.472327e+02
8.582943e-01 3.281226e-01 3.945458e-01 3.792282e+02 -3.402728e-01 9.394305e-01 -4.104534e-02 -1.611068e+02 -3.841163e-01 -9.902422e-02 9.179591e-01 2.481445e+02
8.407624e-01 3.282357e-01 4.305576e-01 3.796451e+02 -3.378538e-01 9.395017e-01 -5.649241e-02 -1.611030e+02 -4.230524e-01 -9.796883e-02 9.007934e-01 2.490535e+02
8.203041e-01 3.314401e-01 4.660994e-01 3.801012e+02 -3.396874e-01 9.379913e-01 -6.917189e-02 -1.612129e+02 -4.601235e-01 -1.015861e-01 8.820241e-01 2.499366e+02
8.045452e-01 3.260780e-01 4.963669e-01 3.806606e+02 -3.306849e-01 9.402025e-01 -8.165013e-02 -1.612934e+02 -4.933097e-01 -9.844980e-02 8.642645e-01 2.507615e+02
7.871117e-01 3.223680e-01 5.258650e-01 3.811999e+02 -3.223861e-01 9.418464e-01 -9.482890e-02 -1.613810e+02 -5.258539e-01 -9.489065e-02 8.452653e-01 2.515991e+02
7.647374e-01 3.290624e-01 5.539806e-01 3.817497e+02 -3.267261e-01 9.390680e-01 -1.067769e-01 -1.616170e+02 -5.553618e-01 -9.934364e-02 8.256538e-01 2.524004e+02
7.439729e-01 3.354307e-01 5.779191e-01 3.823736e+02 -3.299223e-01 9.364985e-01 -1.188352e-01 -1.618561e+02 -5.810814e-01 -1.022582e-01 8.073956e-01 2.531444e+02
7.258245e-01 3.369251e-01 5.997168e-01 3.830434e+02 -3.253647e-01 9.362967e-01 -1.322360e-01 -1.620838e+02 -6.060665e-01 -9.914652e-02 7.892106e-01 2.538511e+02
7.086464e-01 3.378398e-01 6.194228e-01 3.836931e+02 -3.164732e-01 9.368416e-01 -1.489044e-01 -1.622135e+02 -6.306069e-01 -9.051014e-02 7.708066e-01 2.546002e+02
6.914281e-01 3.407831e-01 6.370197e-01 3.843250e+02 -3.110249e-01 9.362705e-01 -1.632819e-01 -1.624195e+02 -6.520665e-01 -8.523125e-02 7.533558e-01 2.553473e+02
6.767848e-01 3.392724e-01 6.533426e-01 3.850011e+02 -3.030900e-01 9.371822e-01 -1.727017e-01 -1.625910e+02 -6.708940e-01 -8.113972e-02 7.371008e-01 2.560639e+02
6.630876e-01 3.388982e-01 6.674300e-01 3.856936e+02 -3.001650e-01 9.371960e-01 -1.776641e-01 -1.627831e+02 -6.857228e-01 -8.253228e-02 7.231685e-01 2.567593e+02
6.451838e-01 3.336979e-01 6.873017e-01 3.859369e+02 -2.925285e-01 9.389204e-01 -1.812612e-01 -1.627800e+02 -7.058080e-01 -8.410853e-02 7.033923e-01 2.577293e+02
6.367962e-01 3.273547e-01 6.980899e-01 3.865536e+02 -2.863922e-01 9.410452e-01 -1.800371e-01 -1.628936e+02 -7.158702e-01 -8.528053e-02 6.930059e-01 2.585082e+02
6.307013e-01 3.226864e-01 7.057545e-01 3.872410e+02 -2.829457e-01 9.424632e-01 -1.780589e-01 -1.630791e+02 -7.226048e-01 -8.738820e-02 6.857154e-01 2.592104e+02
6.255568e-01 3.254535e-01 7.090548e-01 3.880536e+02 -2.885141e-01 9.409101e-01 -1.773354e-01 -1.633288e+02 -7.248712e-01 -9.363888e-02 6.824907e-01 2.597369e+02
6.140255e-01 3.199278e-01 7.215392e-01 3.882968e+02 -2.825334e-01 9.426832e-01 -1.775481e-01 -1.634975e+02 -7.369855e-01 -9.483985e-02 6.692218e-01 2.606921e+02
6.155132e-01 3.158687e-01 7.220599e-01 3.890603e+02 -2.766649e-01 9.444649e-01 -1.773205e-01 -1.637174e+02 -7.379702e-01 -9.062556e-02 6.687204e-01 2.612994e+02
6.189396e-01 3.130134e-01 7.203724e-01 3.896673e+02 -2.695439e-01 9.461092e-01 -1.795091e-01 -1.638201e+02 -7.377397e-01 -8.306672e-02 6.699552e-01 2.620874e+02
6.247783e-01 3.144411e-01 7.146880e-01 3.903154e+02 -2.710324e-01 9.457491e-01 -1.791652e-01 -1.640348e+02 -7.322524e-01 -8.176510e-02 6.761072e-01 2.628181e+02
6.327339e-01 3.151374e-01 7.073445e-01 3.910007e+02 -2.741722e-01 9.454450e-01 -1.759638e-01 -1.642038e+02 -7.242081e-01 -8.259594e-02 6.846171e-01 2.635264e+02
6.430303e-01 3.152365e-01 6.979527e-01 3.916563e+02 -2.762857e-01 9.454708e-01 -1.724856e-01 -1.643541e+02 -7.142676e-01 -8.192084e-02 6.950617e-01 2.642664e+02
6.567916e-01 3.175310e-01 6.839582e-01 3.923169e+02 -2.814268e-01 9.447024e-01 -1.683341e-01 -1.645915e+02 -6.995883e-01 -8.192375e-02 7.098343e-01 2.649787e+02
6.728800e-01 3.152306e-01 6.692251e-01 3.929230e+02 -2.846640e-01 9.453373e-01 -1.590713e-01 -1.648465e+02 -6.827876e-01 -8.346845e-02 7.258334e-01 2.657321e+02
6.892591e-01 3.138787e-01 6.529946e-01 3.935313e+02 -2.904632e-01 9.453972e-01 -1.478353e-01 -1.649630e+02 -6.637417e-01 -8.777405e-02 7.427939e-01 2.665171e+02
7.089293e-01 3.136256e-01 6.317105e-01 3.941873e+02 -2.983360e-01 9.449594e-01 -1.343406e-01 -1.650925e+02 -6.390735e-01 -9.322396e-02 7.634752e-01 2.672607e+02
7.322013e-01 3.152047e-01 6.037609e-01 3.948069e+02 -3.052584e-01 9.443183e-01 -1.228019e-01 -1.652272e+02 -6.088502e-01 -9.438739e-02 7.876500e-01 2.680340e+02
7.555881e-01 3.186832e-01 5.723003e-01 3.953954e+02 -3.124739e-01 9.432197e-01 -1.126799e-01 -1.653221e+02 -5.757140e-01 -9.368927e-02 8.122658e-01 2.688369e+02
7.789050e-01 3.239435e-01 5.369987e-01 3.959190e+02 -3.233641e-01 9.411139e-01 -9.869260e-02 -1.654704e+02 -5.373477e-01 -9.677392e-02 8.377901e-01 2.696758e+02
8.018647e-01 3.286701e-01 4.989879e-01 3.963386e+02 -3.319271e-01 9.394333e-01 -8.537884e-02 -1.654901e+02 -4.968273e-01 -9.716533e-02 8.623929e-01 2.705834e+02
8.226966e-01 3.385679e-01 4.566642e-01 3.966825e+02 -3.461566e-01 9.355612e-01 -7.000571e-02 -1.655128e+02 -4.509390e-01 -1.004839e-01 8.868805e-01 2.715221e+02
8.432314e-01 3.491702e-01 4.087065e-01 3.970083e+02 -3.616784e-01 9.310048e-01 -4.918091e-02 -1.655644e+02 -3.976803e-01 -1.063494e-01 9.113398e-01 2.724661e+02
8.609436e-01 3.606631e-01 3.587455e-01 3.973095e+02 -3.774561e-01 9.256954e-01 -2.479690e-02 -1.655693e+02 -3.410324e-01 -1.140619e-01 9.331060e-01 2.734196e+02
8.770521e-01 3.693353e-01 3.071986e-01 3.975023e+02 -3.883144e-01 9.215267e-01 7.148839e-04 -1.655852e+02 -2.828277e-01 -1.199166e-01 9.516452e-01 2.744008e+02
8.921993e-01 3.746279e-01 2.522584e-01 3.976509e+02 -3.935765e-01 9.188838e-01 2.738905e-02 -1.655336e+02 -2.215354e-01 -1.237194e-01 9.672722e-01 2.753883e+02
9.059421e-01 3.745318e-01 1.974713e-01 3.977776e+02 -3.924489e-01 9.178385e-01 5.963553e-02 -1.654681e+02 -1.589113e-01 -1.315237e-01 9.784931e-01 2.763781e+02
9.161129e-01 3.752357e-01 1.411927e-01 3.978532e+02 -3.896281e-01 9.162675e-01 9.297240e-02 -1.653691e+02 -9.448371e-02 -1.401859e-01 9.856068e-01 2.773703e+02
9.227302e-01 3.766433e-01 8.190726e-02 3.979220e+02 -3.844583e-01 9.145507e-01 1.256533e-01 -1.652422e+02 -2.758186e-02 -1.474341e-01 9.886872e-01 2.783598e+02
9.231577e-01 3.834911e-01 2.672994e-02 3.977984e+02 -3.828648e-01 9.109426e-01 1.536166e-01 -1.650627e+02 3.456116e-02 -1.520463e-01 9.877689e-01 2.793358e+02
9.218188e-01 3.860778e-01 -3.455459e-02 3.977462e+02 -3.743823e-01 9.098894e-01 1.787152e-01 -1.649233e+02 1.004388e-01 -1.518064e-01 9.832939e-01 2.803247e+02
9.190608e-01 3.812678e-01 -9.981019e-02 3.975872e+02 -3.567810e-01 9.124658e-01 2.002836e-01 -1.647743e+02 1.674351e-01 -1.484624e-01 9.746407e-01 2.813006e+02
9.133044e-01 3.729216e-01 -1.637211e-01 3.973636e+02 -3.352495e-01 9.166274e-01 2.177201e-01 -1.644960e+02 2.312637e-01 -1.439573e-01 9.621816e-01 2.822347e+02
9.061504e-01 3.586154e-01 -2.242462e-01 3.970812e+02 -3.051746e-01 9.214497e-01 2.404139e-01 -1.643927e+02 2.928478e-01 -1.494169e-01 9.444124e-01 2.831885e+02
8.909554e-01 3.565206e-01 -2.812323e-01 3.967334e+02 -2.868293e-01 9.219887e-01 2.601264e-01 -1.641257e+02 3.520334e-01 -1.510954e-01 9.237113e-01 2.840872e+02
8.731702e-01 3.579511e-01 -3.308244e-01 3.963239e+02 -2.717455e-01 9.209655e-01 2.792433e-01 -1.638706e+02 4.046333e-01 -1.539269e-01 9.014313e-01 2.849631e+02
8.524241e-01 3.641309e-01 -3.752090e-01 3.958964e+02 -2.633081e-01 9.189453e-01 2.936127e-01 -1.635424e+02 4.517100e-01 -1.514869e-01 8.792097e-01 2.858055e+02
8.318294e-01 3.683258e-01 -4.152059e-01 3.953803e+02 -2.538224e-01 9.177110e-01 3.055827e-01 -1.632094e+02 4.935930e-01 -1.488041e-01 8.568683e-01 2.865946e+02
8.162429e-01 3.644176e-01 -4.482716e-01 3.947787e+02 -2.388126e-01 9.193880e-01 3.125607e-01 -1.628760e+02 5.260381e-01 -1.480725e-01 8.374714e-01 2.873205e+02
7.988760e-01 3.622709e-01 -4.801634e-01 3.942084e+02 -2.270042e-01 9.208355e-01 3.170664e-01 -1.625362e+02 5.570154e-01 -1.442976e-01 8.178704e-01 2.880684e+02
7.851459e-01 3.633956e-01 -5.014873e-01 3.934919e+02 -2.209906e-01 9.208374e-01 3.212812e-01 -1.622324e+02 5.785404e-01 -1.414287e-01 8.032988e-01 2.886964e+02
7.730354e-01 3.624098e-01 -5.206490e-01 3.927024e+02 -2.129456e-01 9.213684e-01 3.251682e-01 -1.619818e+02 5.975537e-01 -1.404967e-01 7.894240e-01 2.892566e+02
7.612582e-01 3.653385e-01 -5.357366e-01 3.920435e+02 -2.113741e-01 9.208627e-01 3.276169e-01 -1.616498e+02 6.130310e-01 -1.361602e-01 7.782374e-01 2.899316e+02
7.506906e-01 3.677931e-01 -5.488096e-01 3.915485e+02 -2.092750e-01 9.203107e-01 3.305029e-01 -1.614020e+02 6.266320e-01 -1.332532e-01 7.678385e-01 2.907643e+02
7.443792e-01 3.666073e-01 -5.581207e-01 3.908884e+02 -2.039408e-01 9.206928e-01 3.327657e-01 -1.611020e+02 6.358520e-01 -1.338803e-01 7.601107e-01 2.914531e+02
7.390089e-01 3.637261e-01 -5.670706e-01 3.903151e+02 -1.980502e-01 9.218305e-01 3.331736e-01 -1.607578e+02 6.439270e-01 -1.339099e-01 7.532770e-01 2.921966e+02
7.365415e-01 3.635181e-01 -5.704044e-01 3.896511e+02 -1.971762e-01 9.220703e-01 3.330283e-01 -1.604055e+02 6.470148e-01 -1.328190e-01 7.508202e-01 2.928562e+02
7.342927e-01 3.650827e-01 -5.723014e-01 3.889946e+02 -1.978248e-01 9.215578e-01 3.340608e-01 -1.600518e+02 6.493686e-01 -1.320830e-01 7.489156e-01 2.935224e+02
7.332570e-01 3.653234e-01 -5.734745e-01 3.884152e+02 -1.977101e-01 9.215167e-01 3.342421e-01 -1.597198e+02 6.505728e-01 -1.317036e-01 7.479367e-01 2.942668e+02
7.332604e-01 3.651588e-01 -5.735750e-01 3.878388e+02 -1.963344e-01 9.213321e-01 3.355591e-01 -1.593923e+02 6.509854e-01 -1.334397e-01 7.472696e-01 2.950155e+02
7.338262e-01 3.640968e-01 -5.735264e-01 3.873407e+02 -1.949856e-01 9.216078e-01 3.355885e-01 -1.591072e+02 6.507531e-01 -1.344342e-01 7.472936e-01 2.958344e+02
7.373029e-01 3.607401e-01 -5.711839e-01 3.866746e+02 -1.939411e-01 9.229303e-01 3.325454e-01 -1.587268e+02 6.471254e-01 -1.344107e-01 7.504415e-01 2.964759e+02
7.396852e-01 3.559780e-01 -5.710915e-01 3.860401e+02 -1.905357e-01 9.246932e-01 3.296038e-01 -1.583570e+02 6.454161e-01 -1.349898e-01 7.518084e-01 2.971546e+02
7.163685e-01 3.598404e-01 -5.977718e-01 3.862917e+02 -1.757996e-01 9.221956e-01 3.444558e-01 -1.585158e+02 6.752116e-01 -1.416693e-01 7.238916e-01 2.981093e+02
7.163288e-01 3.601087e-01 -5.976577e-01 3.857535e+02 -1.766641e-01 9.222267e-01 3.439297e-01 -1.581786e+02 6.750280e-01 -1.407821e-01 7.242358e-01 2.988817e+02
7.168917e-01 3.591617e-01 -5.975526e-01 3.851274e+02 -1.761095e-01 9.225879e-01 3.432448e-01 -1.577876e+02 6.745752e-01 -1.408346e-01 7.246474e-01 2.995563e+02
7.145765e-01 3.583580e-01 -6.007994e-01 3.846702e+02 -1.734045e-01 9.227612e-01 3.441550e-01 -1.574703e+02 6.777251e-01 -1.417438e-01 7.215244e-01 3.003872e+02
7.163507e-01 3.554050e-01 -6.004406e-01 3.840804e+02 -1.711031e-01 9.237530e-01 3.426427e-01 -1.571135e+02 6.764358e-01 -1.427151e-01 7.225420e-01 3.011116e+02
6.301561e-01 3.331276e-01 -7.013768e-01 3.848070e+02 -1.262576e-01 9.352301e-01 3.307622e-01 -1.570205e+02 7.661347e-01 -1.198777e-01 6.314008e-01 3.017923e+02
5.606284e-01 3.354150e-01 -7.570948e-01 3.853183e+02 -9.475937e-02 9.342716e-01 3.437402e-01 -1.571234e+02 8.226278e-01 -1.209687e-01 5.555629e-01 3.026456e+02
5.629180e-01 3.332882e-01 -7.563348e-01 3.844777e+02 -8.907527e-02 9.342254e-01 3.453818e-01 -1.568120e+02 8.216988e-01 -1.270509e-01 5.555800e-01 3.030887e+02
5.546613e-01 3.362662e-01 -7.611017e-01 3.838921e+02 -9.248691e-02 9.339492e-01 3.452319e-01 -1.564182e+02 8.269202e-01 -1.210948e-01 5.491257e-01 3.037972e+02
5.520752e-01 3.369771e-01 -7.626660e-01 3.831422e+02 -8.876417e-02 9.332482e-01 3.480931e-01 -1.560978e+02 8.290561e-01 -1.244761e-01 5.451346e-01 3.043761e+02
5.487099e-01 3.369803e-01 -7.650894e-01 3.823752e+02 -9.177240e-02 9.339131e-01 3.455202e-01 -1.557212e+02 8.309605e-01 -1.193763e-01 5.433728e-01 3.048956e+02
5.430336e-01 3.336153e-01 -7.705941e-01 3.816594e+02 -8.943987e-02 9.354490e-01 3.419585e-01 -1.554157e+02 8.349341e-01 -1.167731e-01 5.378188e-01 3.055235e+02
5.396878e-01 3.311464e-01 -7.740020e-01 3.809037e+02 -8.759897e-02 9.364878e-01 3.395837e-01 -1.550922e+02 8.372953e-01 -1.154674e-01 5.344191e-01 3.060930e+02
5.395183e-01 3.340444e-01 -7.728741e-01 3.800994e+02 -8.826920e-02 9.353129e-01 3.426343e-01 -1.547421e+02 8.373342e-01 -1.166365e-01 5.341043e-01 3.065730e+02
5.365540e-01 3.396953e-01 -7.724745e-01 3.793520e+02 -8.948991e-02 9.331427e-01 3.481901e-01 -1.543723e+02 8.391075e-01 -1.176941e-01 5.310808e-01 3.071249e+02
5.344468e-01 3.431024e-01 -7.724295e-01 3.786131e+02 -8.582929e-02 9.312062e-01 3.542433e-01 -1.540445e+02 8.408329e-01 -1.230271e-01 5.271285e-01 3.077137e+02
5.339164e-01 3.414772e-01 -7.735158e-01 3.778248e+02 -8.223012e-02 9.314552e-01 3.544423e-01 -1.536777e+02 8.415293e-01 -1.256363e-01 5.253989e-01 3.082078e+02
5.351543e-01 3.400021e-01 -7.733101e-01 3.769888e+02 -8.025476e-02 9.317485e-01 3.541242e-01 -1.533607e+02 8.409335e-01 -1.274493e-01 5.259160e-01 3.086555e+02
5.337387e-01 3.371516e-01 -7.755333e-01 3.762214e+02 -7.773461e-02 9.327640e-01 3.520067e-01 -1.530176e+02 8.420691e-01 -1.275938e-01 5.240606e-01 3.091972e+02
5.354222e-01 3.354486e-01 -7.751112e-01 3.754042e+02 -7.732781e-02 9.333581e-01 3.505183e-01 -1.526567e+02 8.410372e-01 -1.277376e-01 5.256801e-01 3.096465e+02
5.352822e-01 3.365692e-01 -7.747220e-01 3.746150e+02 -7.898540e-02 9.331112e-01 3.508059e-01 -1.523191e+02 8.409722e-01 -1.265884e-01 5.260619e-01 3.101595e+02
5.346123e-01 3.361316e-01 -7.753743e-01 3.738205e+02 -7.947828e-02 9.334282e-01 3.498499e-01 -1.519898e+02 8.413518e-01 -1.254087e-01 5.257374e-01 3.106698e+02
5.340335e-01 3.379800e-01 -7.749695e-01 3.730563e+02 -8.283777e-02 9.331277e-01 3.498723e-01 -1.516653e+02 8.413953e-01 -1.226468e-01 5.263190e-01 3.112272e+02
5.323585e-01 3.385788e-01 -7.758601e-01 3.723091e+02 -8.430877e-02 9.331793e-01 3.493829e-01 -1.513261e+02 8.423102e-01 -1.205851e-01 5.253311e-01 3.117987e+02
5.316272e-01 3.387240e-01 -7.762980e-01 3.715613e+02 -8.195636e-02 9.328216e-01 3.508947e-01 -1.510369e+02 8.430040e-01 -1.229226e-01 5.236739e-01 3.123964e+02
5.318399e-01 3.379864e-01 -7.764738e-01 3.707969e+02 -7.919016e-02 9.327335e-01 3.517630e-01 -1.507033e+02 8.431342e-01 -1.255925e-01 5.228300e-01 3.129481e+02
5.339127e-01 3.369708e-01 -7.754921e-01 3.699944e+02 -7.626521e-02 9.326100e-01 3.527352e-01 -1.503374e+02 8.420931e-01 -1.291868e-01 5.236315e-01 3.134193e+02
5.372896e-01 3.309830e-01 -7.757385e-01 3.692182e+02 -6.738322e-02 9.336835e-01 3.517024e-01 -1.499482e+02 8.407017e-01 -1.366943e-01 5.239611e-01 3.139154e+02
5.380714e-01 3.292353e-01 -7.759402e-01 3.684404e+02 -6.349392e-02 9.337773e-01 3.521769e-01 -1.496063e+02 8.405044e-01 -1.402288e-01 5.233433e-01 3.144427e+02
5.362722e-01 3.250458e-01 -7.789463e-01 3.677148e+02 -5.609543e-02 9.345579e-01 3.513615e-01 -1.492300e+02 8.421790e-01 -1.447301e-01 5.194110e-01 3.150188e+02
5.354494e-01 3.237335e-01 -7.800580e-01 3.668859e+02 -5.204926e-02 9.345118e-01 3.521059e-01 -1.488622e+02 8.429619e-01 -1.479335e-01 5.172339e-01 3.154403e+02
5.345791e-01 3.292912e-01 -7.783268e-01 3.660431e+02 -5.473491e-02 9.325243e-01 3.569348e-01 -1.485236e+02 8.433441e-01 -1.482082e-01 5.165317e-01 3.158588e+02
5.317859e-01 3.324837e-01 -7.788828e-01 3.652737e+02 -5.576866e-02 9.314619e-01 3.595393e-01 -1.481785e+02 8.450406e-01 -1.477607e-01 5.138805e-01 3.163963e+02
5.296687e-01 3.331147e-01 -7.800549e-01 3.644586e+02 -5.698020e-02 9.315507e-01 3.591190e-01 -1.478437e+02 8.462885e-01 -1.457664e-01 5.123942e-01 3.168692e+02
5.291903e-01 3.308534e-01 -7.813409e-01 3.636125e+02 -5.764514e-02 9.327372e-01 3.559189e-01 -1.475081e+02 8.465428e-01 -1.433084e-01 5.126676e-01 3.172832e+02
5.294691e-01 3.302568e-01 -7.814045e-01 3.627842e+02 -6.078422e-02 9.335115e-01 3.533576e-01 -1.471643e+02 8.461488e-01 -1.395948e-01 5.143399e-01 3.177255e+02
5.317119e-01 3.264283e-01 -7.814902e-01 3.619189e+02 -5.790688e-02 9.345909e-01 3.509796e-01 -1.467973e+02 8.449433e-01 -1.413664e-01 5.158356e-01 3.180670e+02
5.373258e-01 3.282235e-01 -7.768850e-01 3.609943e+02 -5.934602e-02 9.335937e-01 3.533847e-01 -1.465062e+02 8.412842e-01 -1.437777e-01 5.211228e-01 3.183127e+02
5.377057e-01 3.347381e-01 -7.738366e-01 3.601396e+02 -6.302396e-02 9.312009e-01 3.590164e-01 -1.462180e+02 8.407738e-01 -1.442749e-01 5.218085e-01 3.187444e+02
5.412261e-01 3.382196e-01 -7.698583e-01 3.592347e+02 -6.804703e-02 9.301558e-01 3.608042e-01 -1.458896e+02 8.381193e-01 -1.428901e-01 5.264394e-01 3.190151e+02
5.385092e-01 3.417471e-01 -7.702056e-01 3.584840e+02 -7.311406e-02 9.295646e-01 3.613364e-01 -1.455461e+02 8.394416e-01 -1.382702e-01 5.255656e-01 3.195796e+02
5.342597e-01 3.428104e-01 -7.726886e-01 3.577732e+02 -7.728776e-02 9.300587e-01 3.591900e-01 -1.451809e+02 8.417798e-01 -1.321814e-01 5.233879e-01 3.201807e+02
5.355741e-01 3.443070e-01 -7.711116e-01 3.569068e+02 -7.861050e-02 9.294727e-01 3.604176e-01 -1.448924e+02 8.408215e-01 -1.324129e-01 5.248676e-01 3.205883e+02
5.331167e-01 3.467247e-01 -7.717309e-01 3.561645e+02 -8.382349e-02 9.293250e-01 3.596230e-01 -1.445368e+02 8.418790e-01 -1.270319e-01 5.245023e-01 3.211562e+02
5.319242e-01 3.494758e-01 -7.713127e-01 3.553856e+02 -8.912639e-02 9.289109e-01 3.594177e-01 -1.441689e+02 8.420886e-01 -1.224386e-01 5.252577e-01 3.216641e+02
5.396389e-01 3.511442e-01 -7.651716e-01 3.544166e+02 -8.926220e-02 9.276074e-01 3.627351e-01 -1.440085e+02 8.371512e-01 -1.274451e-01 5.319170e-01 3.218516e+02
5.366808e-01 3.537234e-01 -7.660636e-01 3.536985e+02 -8.950804e-02 9.266325e-01 3.651581e-01 -1.436524e+02 8.390245e-01 -1.274045e-01 5.289669e-01 3.224496e+02
5.361163e-01 3.546337e-01 -7.660380e-01 3.528764e+02 -8.775296e-02 9.259699e-01 3.672589e-01 -1.433309e+02 8.395705e-01 -1.296714e-01 5.275477e-01 3.229196e+02
5.357231e-01 3.531753e-01 -7.669863e-01 3.520580e+02 -8.629774e-02 9.264718e-01 3.663368e-01 -1.430082e+02 8.399723e-01 -1.300659e-01 5.268106e-01 3.233949e+02
5.357117e-01 3.509811e-01 -7.680009e-01 3.512913e+02 -8.395811e-02 9.271546e-01 3.651511e-01 -1.426617e+02 8.402167e-01 -1.311358e-01 5.261552e-01 3.239354e+02
5.400806e-01 3.502670e-01 -7.652620e-01 3.503855e+02 -8.122263e-02 9.267280e-01 3.668488e-01 -1.424198e+02 8.376848e-01 -1.359713e-01 5.289574e-01 3.242833e+02
5.399557e-01 3.521671e-01 -7.644777e-01 3.496421e+02 -8.460014e-02 9.263694e-01 3.669911e-01 -1.420553e+02 8.374310e-01 -1.334840e-01 5.299918e-01 3.248441e+02
5.399557e-01 3.521671e-01 -7.644777e-01 3.488636e+02 -8.460014e-02 9.263694e-01 3.669911e-01 -1.416708e+02 8.374310e-01 -1.334840e-01 5.299918e-01 3.253402e+02
5.291821e-01 3.566012e-01 -7.699363e-01 3.483774e+02 -8.287784e-02 9.247837e-01 3.713574e-01 -1.415562e+02 8.444511e-01 -1.327050e-01 5.189333e-01 3.262065e+02
5.206089e-01 3.571669e-01 -7.754987e-01 3.479941e+02 -7.946873e-02 9.246237e-01 3.724994e-01 -1.412770e+02 8.500889e-01 -1.322986e-01 5.097509e-01 3.270868e+02
5.148251e-01 3.566503e-01 -7.795869e-01 3.474884e+02 -7.771220e-02 9.250272e-01 3.718675e-01 -1.408733e+02 8.537657e-01 -1.308633e-01 5.039433e-01 3.278493e+02
5.237562e-01 3.560222e-01 -7.739042e-01 3.465844e+02 -8.034308e-02 9.250740e-01 3.711915e-01 -1.404827e+02 8.480710e-01 -1.322360e-01 5.131171e-01 3.280228e+02
5.252816e-01 3.566291e-01 -7.725897e-01 3.458504e+02 -8.215284e-02 9.249503e-01 3.711036e-01 -1.400871e+02 8.469534e-01 -1.314635e-01 5.151575e-01 3.285749e+02
5.291939e-01 3.600273e-01 -7.683321e-01 3.450533e+02 -8.353930e-02 9.232249e-01 3.750692e-01 -1.398409e+02 8.443785e-01 -1.342984e-01 5.186415e-01 3.291263e+02
5.389529e-01 3.587109e-01 -7.621393e-01 3.441812e+02 -8.761475e-02 9.237575e-01 3.728212e-01 -1.394073e+02 8.377669e-01 -1.341584e-01 5.292902e-01 3.293528e+02
5.440794e-01 3.587872e-01 -7.584519e-01 3.434134e+02 -8.957766e-02 9.236316e-01 3.726668e-01 -1.390995e+02 8.342382e-01 -1.348200e-01 5.346682e-01 3.299148e+02
5.439424e-01 3.542183e-01 -7.606945e-01 3.430733e+02 -8.608187e-02 9.253080e-01 3.693170e-01 -1.387825e+02 8.346955e-01 -1.354052e-01 5.338060e-01 3.308001e+02
5.507041e-01 3.507141e-01 -7.574461e-01 3.423788e+02 -8.686579e-02 9.265994e-01 3.658796e-01 -1.383779e+02 8.301683e-01 -1.356952e-01 5.407471e-01 3.313951e+02
5.577589e-01 3.505396e-01 -7.523477e-01 3.415816e+02 -9.065960e-02 9.267461e-01 3.645854e-01 -1.380742e+02 8.250369e-01 -1.351432e-01 5.486807e-01 3.319168e+02
5.576855e-01 3.475337e-01 -7.537952e-01 3.414059e+02 -8.872516e-02 9.278855e-01 3.621550e-01 -1.377763e+02 8.252967e-01 -1.350880e-01 5.483033e-01 3.328551e+02
5.683107e-01 3.460937e-01 -7.464865e-01 3.404837e+02 -9.235528e-02 9.283340e-01 3.600924e-01 -1.374238e+02 8.176145e-01 -1.357024e-01 5.595457e-01 3.330144e+02
5.619690e-01 3.423339e-01 -7.529929e-01 3.405874e+02 -8.790827e-02 9.298995e-01 3.571540e-01 -1.373720e+02 8.224737e-01 -1.345152e-01 5.526687e-01 3.340077e+02
5.711027e-01 3.368886e-01 -7.485638e-01 3.397046e+02 -8.929045e-02 9.319894e-01 3.513161e-01 -1.370513e+02 8.160079e-01 -1.337980e-01 5.623426e-01 3.343508e+02
5.802650e-01 3.351210e-01 -7.422846e-01 3.389171e+02 -9.017847e-02 9.322521e-01 3.503910e-01 -1.368961e+02 8.094198e-01 -1.363815e-01 5.711739e-01 3.349472e+02
5.863809e-01 3.338769e-01 -7.380269e-01 3.383536e+02 -9.136357e-02 9.325509e-01 3.492872e-01 -1.365733e+02 8.048665e-01 -1.373866e-01 5.773342e-01 3.357077e+02
5.937647e-01 3.326276e-01 -7.326679e-01 3.377842e+02 -9.495649e-02 9.331589e-01 3.466954e-01 -1.362346e+02 7.990161e-01 -1.362839e-01 5.856620e-01 3.364568e+02
6.022181e-01 3.300293e-01 -7.269210e-01 3.371668e+02 -9.842428e-02 9.342967e-01 3.426403e-01 -1.359531e+02 7.922412e-01 -1.347975e-01 5.951332e-01 3.371913e+02
6.099201e-01 3.273901e-01 -7.216739e-01 3.366379e+02 -1.016586e-01 9.354719e-01 3.384639e-01 -1.356909e+02 7.859154e-01 -1.330716e-01 6.038452e-01 3.379984e+02
6.206305e-01 3.239247e-01 -7.140663e-01 3.361262e+02 -1.048374e-01 9.367828e-01 3.338371e-01 -1.353985e+02 7.770630e-01 -1.323286e-01 6.153553e-01 3.388064e+02
6.320461e-01 3.224405e-01 -7.046629e-01 3.355931e+02 -1.104456e-01 9.375227e-01 3.299288e-01 -1.350495e+02 7.670199e-01 -1.307033e-01 6.281697e-01 3.395771e+02
6.424901e-01 3.206013e-01 -6.960038e-01 3.353323e+02 -1.146223e-01 9.382619e-01 3.263837e-01 -1.347588e+02 7.576729e-01 -1.299207e-01 6.395720e-01 3.404976e+02
6.544689e-01 3.198901e-01 -6.850845e-01 3.349648e+02 -1.167534e-01 9.379796e-01 3.264399e-01 -1.345416e+02 7.470201e-01 -1.336588e-01 6.512268e-01 3.414020e+02
6.673631e-01 3.207683e-01 -6.721118e-01 3.345849e+02 -1.189521e-01 9.368129e-01 3.289864e-01 -1.343992e+02 7.351713e-01 -1.396043e-01 6.633504e-01 3.423159e+02
6.833808e-01 3.232852e-01 -6.545818e-01 3.338287e+02 -1.272120e-01 9.356245e-01 3.292778e-01 -1.341026e+02 7.188934e-01 -1.417514e-01 6.805136e-01 3.428993e+02
6.957280e-01 3.237190e-01 -6.412243e-01 3.334170e+02 -1.350801e-01 9.357268e-01 3.258354e-01 -1.338586e+02 7.054898e-01 -1.400761e-01 6.947394e-01 3.437773e+02
7.133254e-01 3.198345e-01 -6.235967e-01 3.328670e+02 -1.440018e-01 9.376965e-01 3.162100e-01 -1.335111e+02 6.858793e-01 -1.357616e-01 7.149394e-01 3.445367e+02
7.337726e-01 3.141748e-01 -6.023885e-01 3.322309e+02 -1.499416e-01 9.396787e-01 3.074434e-01 -1.332910e+02 6.626426e-01 -1.352705e-01 7.366184e-01 3.452763e+02
7.545799e-01 3.100631e-01 -5.783339e-01 3.317046e+02 -1.557167e-01 9.407606e-01 3.012005e-01 -1.330304e+02 6.374649e-01 -1.372236e-01 7.581610e-01 3.460856e+02
7.761013e-01 3.067752e-01 -5.509589e-01 3.312839e+02 -1.600050e-01 9.408998e-01 2.985061e-01 -1.327585e+02 6.099714e-01 -1.435148e-01 7.793192e-01 3.469511e+02
7.982185e-01 3.088909e-01 -5.171399e-01 3.307876e+02 -1.717376e-01 9.395796e-01 2.961356e-01 -1.324313e+02 5.773677e-01 -1.475686e-01 8.030380e-01 3.477553e+02
8.200159e-01 3.137750e-01 -4.786639e-01 3.303095e+02 -1.869464e-01 9.372962e-01 2.941545e-01 -1.321530e+02 5.409482e-01 -1.517269e-01 8.272569e-01 3.485884e+02
8.390733e-01 3.171289e-01 -4.420241e-01 3.300091e+02 -2.005315e-01 9.356003e-01 2.905844e-01 -1.319196e+02 5.057105e-01 -1.551818e-01 8.486315e-01 3.495132e+02
8.610197e-01 3.205511e-01 -3.948317e-01 3.294837e+02 -2.193692e-01 9.345066e-01 2.803117e-01 -1.315302e+02 4.588270e-01 -1.547400e-01 8.749476e-01 3.502697e+02
8.794305e-01 3.226939e-01 -3.499582e-01 3.292587e+02 -2.338570e-01 9.332066e-01 2.728301e-01 -1.313262e+02 4.146239e-01 -1.580949e-01 8.961546e-01 3.512224e+02
8.962412e-01 3.223132e-01 -3.047391e-01 3.291866e+02 -2.453040e-01 9.325545e-01 2.648924e-01 -1.311834e+02 3.695642e-01 -1.626537e-01 9.148585e-01 3.522096e+02
9.133323e-01 3.199569e-01 -2.518961e-01 3.290145e+02 -2.574447e-01 9.329642e-01 2.515951e-01 -1.309817e+02 3.155096e-01 -1.649406e-01 9.344775e-01 3.531738e+02
9.272917e-01 3.200938e-01 -1.940877e-01 3.287570e+02 -2.730290e-01 9.330307e-01 2.343263e-01 -1.308074e+02 2.560962e-01 -1.642973e-01 9.525866e-01 3.541242e+02
9.376400e-01 3.198771e-01 -1.360507e-01 3.286923e+02 -2.878110e-01 9.338882e-01 2.121734e-01 -1.306404e+02 1.949256e-01 -1.597854e-01 9.677152e-01 3.551080e+02
9.464772e-01 3.154221e-01 -6.848225e-02 3.283864e+02 -2.990214e-01 9.367527e-01 1.818809e-01 -1.302777e+02 1.215202e-01 -1.516684e-01 9.809330e-01 3.559883e+02
9.479053e-01 3.184435e-01 -8.319482e-03 3.285435e+02 -3.130117e-01 9.359506e-01 1.613076e-01 -1.302204e+02 5.915399e-02 -1.503003e-01 9.868691e-01 3.569742e+02
9.458123e-01 3.197692e-01 5.645096e-02 3.286227e+02 -3.246311e-01 9.350959e-01 1.421627e-01 -1.300975e+02 -7.327824e-03 -1.527849e-01 9.882323e-01 3.579634e+02
9.375095e-01 3.170227e-01 1.434310e-01 3.281521e+02 -3.328887e-01 9.371605e-01 1.044764e-01 -1.296022e+02 -1.012965e-01 -1.456942e-01 9.841302e-01 3.586936e+02
9.271765e-01 3.144244e-01 2.036690e-01 3.283767e+02 -3.366807e-01 9.377790e-01 8.495059e-02 -1.295688e+02 -1.642859e-01 -1.473356e-01 9.753473e-01 3.596675e+02
9.141926e-01 3.130010e-01 2.574534e-01 3.287990e+02 -3.391998e-01 9.385765e-01 6.338454e-02 -1.295441e+02 -2.218003e-01 -1.452738e-01 9.642096e-01 3.605736e+02
8.973098e-01 3.148039e-01 3.094086e-01 3.291262e+02 -3.429135e-01 9.385329e-01 3.957797e-02 -1.294907e+02 -2.779308e-01 -1.416141e-01 9.501052e-01 3.615171e+02
8.770991e-01 3.175372e-01 3.603710e-01 3.294459e+02 -3.460033e-01 9.381048e-01 1.552842e-02 -1.294340e+02 -3.331349e-01 -1.383095e-01 9.326798e-01 3.624629e+02
8.575437e-01 3.150460e-01 4.066506e-01 3.298642e+02 -3.434772e-01 9.391553e-01 -3.271574e-03 -1.294078e+02 -3.829388e-01 -1.368697e-01 9.135779e-01 3.633708e+02
8.369654e-01 3.141898e-01 4.480777e-01 3.303439e+02 -3.426534e-01 9.392783e-01 -1.857398e-02 -1.294451e+02 -4.267054e-01 -1.379896e-01 8.938016e-01 3.642475e+02
8.184210e-01 3.115792e-01 4.828100e-01 3.307963e+02 -3.388626e-01 9.402781e-01 -3.239139e-02 -1.294492e+02 -4.640682e-01 -1.370965e-01 8.751259e-01 3.651393e+02
8.034468e-01 3.068745e-01 5.101972e-01 3.313527e+02 -3.325535e-01 9.421053e-01 -4.296202e-02 -1.295374e+02 -4.938435e-01 -1.351501e-01 8.589837e-01 3.659655e+02
7.112925e-01 2.972032e-01 6.369719e-01 3.305102e+02 -3.129221e-01 9.453462e-01 -9.165363e-02 -1.292347e+02 -6.293987e-01 -1.341300e-01 7.654191e-01 3.664112e+02
7.088385e-01 2.951472e-01 6.406529e-01 3.314547e+02 -3.095179e-01 9.462864e-01 -9.349159e-02 -1.294693e+02 -6.338349e-01 -1.320231e-01 7.621176e-01 3.666412e+02
7.009925e-01 2.940128e-01 6.497430e-01 3.321168e+02 -3.068154e-01 9.467717e-01 -9.740412e-02 -1.295997e+02 -6.437964e-01 -1.310716e-01 7.538876e-01 3.673792e+02
6.954767e-01 2.942767e-01 6.555253e-01 3.326555e+02 -3.058423e-01 9.467594e-01 -1.005348e-01 -1.296802e+02 -6.502097e-01 -1.305677e-01 7.484513e-01 3.682179e+02
6.938490e-01 2.927233e-01 6.579412e-01 3.333041e+02 -3.034904e-01 9.474173e-01 -1.014599e-01 -1.298156e+02 -6.530445e-01 -1.292810e-01 7.462033e-01 3.689668e+02
6.924681e-01 2.905245e-01 6.603662e-01 3.338703e+02 -3.002898e-01 9.483430e-01 -1.023307e-01 -1.298869e+02 -6.559832e-01 -1.274404e-01 7.439388e-01 3.697880e+02
6.917310e-01 2.896038e-01 6.615421e-01 3.344781e+02 -2.990119e-01 9.487110e-01 -1.026609e-01 -1.299383e+02 -6.573432e-01 -1.267953e-01 7.428478e-01 3.705804e+02
6.995122e-01 2.922751e-01 6.521180e-01 3.353338e+02 -3.019519e-01 9.479607e-01 -1.009730e-01 -1.300526e+02 -6.476942e-01 -1.262764e-01 7.513631e-01 3.710852e+02
7.003114e-01 2.903861e-01 6.521041e-01 3.360870e+02 -3.017757e-01 9.483078e-01 -9.820276e-02 -1.301673e+02 -6.469121e-01 -1.280167e-01 7.517422e-01 3.717328e+02
6.715989e-01 2.923670e-01 6.807911e-01 3.356651e+02 -2.984141e-01 9.477670e-01 -1.126354e-01 -1.298452e+02 -6.781622e-01 -1.275119e-01 7.237657e-01 3.725803e+02
6.726075e-01 2.917761e-01 6.800485e-01 3.362587e+02 -2.963669e-01 9.482778e-01 -1.137363e-01 -1.299078e+02 -6.780604e-01 -1.250440e-01 7.242915e-01 3.733826e+02
6.713836e-01 2.942351e-01 6.801984e-01 3.368348e+02 -2.963367e-01 9.478273e-01 -1.175076e-01 -1.300062e+02 -6.792854e-01 -1.226750e-01 7.235483e-01 3.741941e+02
6.892535e-01 2.987601e-01 6.600546e-01 3.377598e+02 -2.962021e-01 9.476064e-01 -1.196092e-01 -1.301824e+02 -6.612064e-01 -1.130685e-01 7.416344e-01 3.745306e+02
6.885173e-01 3.028242e-01 6.589700e-01 3.383497e+02 -2.983068e-01 9.464773e-01 -1.232633e-01 -1.303081e+02 -6.610272e-01 -1.117063e-01 7.420005e-01 3.753282e+02
6.890590e-01 3.034620e-01 6.581098e-01 3.389639e+02 -2.996224e-01 9.461519e-01 -1.225687e-01 -1.303988e+02 -6.598668e-01 -1.127274e-01 7.428784e-01 3.761122e+02
6.965008e-01 3.007002e-01 6.515106e-01 3.397513e+02 -3.019879e-01 9.464715e-01 -1.139956e-01 -1.305208e+02 -6.509147e-01 -1.173503e-01 7.500259e-01 3.767165e+02
7.105654e-01 2.934885e-01 6.395008e-01 3.405573e+02 -3.028177e-01 9.479372e-01 -9.857213e-02 -1.307226e+02 -6.351364e-01 -1.236102e-01 7.624449e-01 3.772729e+02
7.350460e-01 2.850026e-01 6.152080e-01 3.414322e+02 -3.008894e-01 9.502377e-01 -8.070880e-02 -1.310150e+02 -6.075961e-01 -1.257849e-01 7.842227e-01 3.776590e+02
7.384861e-01 2.857277e-01 6.107356e-01 3.421043e+02 -2.969905e-01 9.510168e-01 -8.581194e-02 -1.311373e+02 -6.053386e-01 -1.180117e-01 7.871711e-01 3.783893e+02
7.406986e-01 2.889534e-01 6.065241e-01 3.427507e+02 -2.947153e-01 9.510324e-01 -9.316822e-02 -1.312335e+02 -6.037453e-01 -1.097424e-01 7.895874e-01 3.791462e+02
7.459559e-01 2.897810e-01 5.996472e-01 3.433811e+02 -2.930875e-01 9.513402e-01 -9.513927e-02 -1.313429e+02 -5.980381e-01 -1.047794e-01 7.945891e-01 3.799147e+02
7.497803e-01 2.898535e-01 5.948230e-01 3.440385e+02 -2.954305e-01 9.510174e-01 -9.103172e-02 -1.314779e+02 -5.920729e-01 -1.074751e-01 7.986857e-01 3.806561e+02
7.554509e-01 2.875454e-01 5.887373e-01 3.447288e+02 -2.991698e-01 9.507987e-01 -8.049375e-02 -1.316361e+02 -5.829162e-01 -1.153233e-01 8.043066e-01 3.813621e+02
7.584578e-01 2.775381e-01 5.896732e-01 3.453045e+02 -2.940060e-01 9.532017e-01 -7.047734e-02 -1.316830e+02 -5.816376e-01 -1.199134e-01 8.045611e-01 3.821784e+02
7.555669e-01 2.753758e-01 5.943793e-01 3.458684e+02 -2.946549e-01 9.532466e-01 -6.707751e-02 -1.317523e+02 -5.850616e-01 -1.244553e-01 8.013824e-01 3.830013e+02
7.578089e-01 2.701769e-01 5.939109e-01 3.464017e+02 -2.868284e-01 9.555160e-01 -6.869261e-02 -1.317725e+02 -5.860505e-01 -1.182946e-01 8.015929e-01 3.838470e+02
7.567070e-01 2.727367e-01 5.941458e-01 3.469659e+02 -2.864809e-01 9.552521e-01 -7.363540e-02 -1.318483e+02 -5.876421e-01 -1.144910e-01 8.009797e-01 3.846691e+02
7.590969e-01 2.728839e-01 5.910213e-01 3.475922e+02 -2.840491e-01 9.557562e-01 -7.646034e-02 -1.319414e+02 -5.857371e-01 -1.098382e-01 8.030240e-01 3.854432e+02
7.605100e-01 2.737306e-01 5.888090e-01 3.482320e+02 -2.846062e-01 9.555763e-01 -7.663703e-02 -1.320582e+02 -5.836298e-01 -1.092955e-01 8.046308e-01 3.862028e+02
7.620531e-01 2.691638e-01 5.889193e-01 3.488308e+02 -2.806771e-01 9.569321e-01 -7.417087e-02 -1.321172e+02 -5.835199e-01 -1.087740e-01 8.047812e-01 3.870015e+02
7.599032e-01 2.685087e-01 5.919883e-01 3.493799e+02 -2.828387e-01 9.565510e-01 -7.079907e-02 -1.321931e+02 -5.852771e-01 -1.136368e-01 8.028309e-01 3.878338e+02
7.637208e-01 2.617919e-01 5.900809e-01 3.499703e+02 -2.738330e-01 9.591444e-01 -7.111615e-02 -1.322286e+02 -5.845905e-01 -1.072708e-01 8.042058e-01 3.886402e+02
7.651502e-01 2.649525e-01 5.868094e-01 3.506112e+02 -2.748836e-01 9.585951e-01 -7.439367e-02 -1.323705e+02 -5.822234e-01 -1.043820e-01 8.063004e-01 3.893945e+02
7.676834e-01 2.644420e-01 5.837230e-01 3.512292e+02 -2.726629e-01 9.591103e-01 -7.590980e-02 -1.324612e+02 -5.799285e-01 -1.008849e-01 8.083967e-01 3.901754e+02
7.683147e-01 2.652207e-01 5.825380e-01 3.518040e+02 -2.733432e-01 9.589048e-01 -7.605999e-02 -1.325323e+02 -5.787712e-01 -1.007948e-01 8.092369e-01 3.909906e+02
7.684354e-01 2.673020e-01 5.814264e-01 3.524625e+02 -2.779597e-01 9.578165e-01 -7.297941e-02 -1.326943e+02 -5.764073e-01 -1.055331e-01 8.103193e-01 3.917256e+02
7.692934e-01 2.678488e-01 5.800385e-01 3.531102e+02 -2.842072e-01 9.565716e-01 -6.478510e-02 -1.328865e+02 -5.722010e-01 -1.150124e-01 8.120087e-01 3.924628e+02
7.705454e-01 2.640815e-01 5.801041e-01 3.537203e+02 -2.825594e-01 9.573406e-01 -6.049094e-02 -1.329313e+02 -5.713317e-01 -1.173029e-01 8.122931e-01 3.932539e+02
7.722106e-01 2.626596e-01 5.785332e-01 3.543585e+02 -2.827736e-01 9.574758e-01 -5.726455e-02 -1.330304e+02 -5.689726e-01 -1.193736e-01 8.136462e-01 3.940174e+02
7.703064e-01 2.611939e-01 5.817266e-01 3.549087e+02 -2.803199e-01 9.580924e-01 -5.898931e-02 -1.330776e+02 -5.727555e-01 -1.176297e-01 8.112425e-01 3.948511e+02
7.694207e-01 2.671398e-01 5.801967e-01 3.555250e+02 -2.844369e-01 9.566062e-01 -6.324746e-02 -1.332012e+02 -5.719156e-01 -1.163654e-01 8.120170e-01 3.956289e+02
7.677894e-01 2.687119e-01 5.816299e-01 3.560828e+02 -2.828397e-01 9.567087e-01 -6.863070e-02 -1.332881e+02 -5.748923e-01 -1.118141e-01 8.105532e-01 3.964543e+02
7.758797e-01 2.696519e-01 5.703496e-01 3.568440e+02 -2.855506e-01 9.562478e-01 -6.364721e-02 -1.335036e+02 -5.625581e-01 -1.134811e-01 8.189325e-01 3.970659e+02
7.767999e-01 2.666828e-01 5.704930e-01 3.574643e+02 -2.834947e-01 9.570094e-01 -6.134920e-02 -1.335914e+02 -5.623279e-01 -1.140757e-01 8.190080e-01 3.978453e+02
7.771674e-01 2.642398e-01 5.711288e-01 3.580244e+02 -2.834068e-01 9.572892e-01 -5.725390e-02 -1.336455e+02 -5.618642e-01 -1.173659e-01 8.188613e-01 3.986720e+02
7.788102e-01 2.614258e-01 5.701852e-01 3.586410e+02 -2.822096e-01 9.578487e-01 -5.369948e-02 -1.337129e+02 -5.601896e-01 -1.190900e-01 8.197592e-01 3.994564e+02
7.802684e-01 2.554819e-01 5.708855e-01 3.591992e+02 -2.785577e-01 9.591925e-01 -4.853257e-02 -1.337318e+02 -5.599883e-01 -1.211561e-01 8.195940e-01 4.002859e+02
7.816036e-01 2.524428e-01 5.704107e-01 3.597975e+02 -2.790104e-01 9.593576e-01 -4.226322e-02 -1.338070e+02 -5.578969e-01 -1.261174e-01 8.202716e-01 4.010836e+02
7.789480e-01 2.575449e-01 5.717610e-01 3.602948e+02 -2.824746e-01 9.581349e-01 -4.674981e-02 -1.337983e+02 -5.598644e-01 -1.250923e-01 8.190872e-01 4.019511e+02
7.751367e-01 2.627780e-01 5.745528e-01 3.607468e+02 -2.840819e-01 9.572470e-01 -5.454869e-02 -1.337858e+02 -5.643231e-01 -1.209374e-01 8.166477e-01 4.028431e+02
7.727172e-01 2.691083e-01 5.748816e-01 3.612937e+02 -2.881246e-01 9.557052e-01 -6.009814e-02 -1.338499e+02 -5.655903e-01 -1.191987e-01 8.160266e-01 4.036778e+02
7.723069e-01 2.737098e-01 5.732582e-01 3.618470e+02 -2.917207e-01 9.544463e-01 -6.270015e-02 -1.339096e+02 -5.643058e-01 -1.188076e-01 8.169723e-01 4.045087e+02
7.802896e-01 2.734148e-01 5.624878e-01 3.625751e+02 -2.933057e-01 9.543180e-01 -5.699909e-02 -1.340734e+02 -5.523766e-01 -1.205051e-01 8.248385e-01 4.051743e+02
7.769555e-01 2.717331e-01 5.678919e-01 3.630636e+02 -2.926504e-01 9.545569e-01 -5.636341e-02 -1.341031e+02 -5.574010e-01 -1.224020e-01 8.211711e-01 4.060463e+02
7.769269e-01 2.711104e-01 5.682286e-01 3.636426e+02 -2.950690e-01 9.540729e-01 -5.176095e-02 -1.342139e+02 -5.561644e-01 -1.274521e-01 8.212412e-01 4.068541e+02
7.764945e-01 2.701533e-01 5.692745e-01 3.641255e+02 -2.946772e-01 9.542403e-01 -5.089977e-02 -1.342343e+02 -5.569754e-01 -1.282288e-01 8.205704e-01 4.077295e+02
7.781264e-01 2.708259e-01 5.667209e-01 3.647422e+02 -2.963905e-01 9.538163e-01 -4.885810e-02 -1.343492e+02 -5.537797e-01 -1.299529e-01 8.224599e-01 4.085083e+02
7.822170e-01 2.663575e-01 5.631965e-01 3.653560e+02 -2.916767e-01 9.553749e-01 -4.672759e-02 -1.344057e+02 -5.505100e-01 -1.277202e-01 8.250008e-01 4.092958e+02
7.827661e-01 2.675104e-01 5.618856e-01 3.659616e+02 -2.932305e-01 9.549280e-01 -4.613444e-02 -1.345036e+02 -5.489017e-01 -1.286495e-01 8.259275e-01 4.100855e+02
7.833866e-01 2.655651e-01 5.619436e-01 3.664120e+02 -2.909751e-01 9.556254e-01 -4.597402e-02 -1.344835e+02 -5.492167e-01 -1.274961e-01 8.258970e-01 4.109781e+02
7.837648e-01 2.629577e-01 5.626420e-01 3.669467e+02 -2.886176e-01 9.563895e-01 -4.493373e-02 -1.345302e+02 -5.499206e-01 -1.271709e-01 8.254786e-01 4.118219e+02
7.824578e-01 2.682208e-01 5.619764e-01 3.674774e+02 -2.927863e-01 9.549657e-01 -4.813154e-02 -1.345913e+02 -5.495781e-01 -1.268781e-01 8.257517e-01 4.126672e+02
7.828169e-01 2.697240e-01 5.607555e-01 3.680052e+02 -2.906558e-01 9.553167e-01 -5.375172e-02 -1.346011e+02 -5.501972e-01 -1.209091e-01 8.262349e-01 4.135165e+02
7.827731e-01 2.687869e-01 5.612664e-01 3.685239e+02 -2.895032e-01 9.556582e-01 -5.390150e-02 -1.346311e+02 -5.508668e-01 -1.202957e-01 8.258781e-01 4.143710e+02
7.826450e-01 2.664120e-01 5.625758e-01 3.690495e+02 -2.886218e-01 9.560716e-01 -5.122950e-02 -1.346687e+02 -5.515109e-01 -1.222771e-01 8.251570e-01 4.152208e+02
7.818140e-01 2.633785e-01 5.651537e-01 3.695687e+02 -2.869033e-01 9.567075e-01 -4.896218e-02 -1.347162e+02 -5.535823e-01 -1.238651e-01 8.235314e-01 4.160742e+02
7.842420e-01 2.633769e-01 5.617803e-01 3.702104e+02 -2.871268e-01 9.567042e-01 -4.769990e-02 -1.347465e+02 -5.500206e-01 -1.238939e-01 8.259102e-01 4.168405e+02
7.837000e-01 2.621551e-01 5.631066e-01 3.707225e+02 -2.851476e-01 9.572409e-01 -4.879264e-02 -1.347528e+02 -5.518199e-01 -1.223297e-01 8.249426e-01 4.176994e+02
7.938699e-01 2.586046e-01 5.503583e-01 3.714777e+02 -2.821105e-01 9.583996e-01 -4.340360e-02 -1.349453e+02 -5.386876e-01 -1.208051e-01 8.337996e-01 4.183261e+02
8.008561e-01 2.567867e-01 5.410084e-01 3.721489e+02 -2.776195e-01 9.596583e-01 -4.453584e-02 -1.350001e+02 -5.306194e-01 -1.145277e-01 8.398372e-01 4.190653e+02
8.095406e-01 2.508981e-01 5.307486e-01 3.728281e+02 -2.718671e-01 9.615091e-01 -3.985573e-02 -1.351344e+02 -5.203194e-01 -1.120282e-01 8.465917e-01 4.197868e+02
8.094535e-01 2.462765e-01 5.330413e-01 3.732508e+02 -2.669890e-01 9.628922e-01 -3.943886e-02 -1.351317e+02 -5.229742e-01 -1.103922e-01 8.451696e-01 4.206931e+02
8.217115e-01 2.401746e-01 5.168233e-01 3.740046e+02 -2.643300e-01 9.640335e-01 -2.773355e-02 -1.353091e+02 -5.048958e-01 -1.138229e-01 8.556428e-01 4.213259e+02
8.216051e-01 2.368679e-01 5.185159e-01 3.744275e+02 -2.618196e-01 9.647702e-01 -2.586380e-02 -1.352913e+02 -5.063750e-01 -1.145078e-01 8.546767e-01 4.222319e+02
8.209974e-01 2.357534e-01 5.199842e-01 3.749238e+02 -2.592142e-01 9.654014e-01 -2.842876e-02 -1.353293e+02 -5.086957e-01 -1.114474e-01 8.537026e-01 4.230992e+02
8.459962e-01 2.314434e-01 4.803379e-01 3.758037e+02 -2.545343e-01 9.669038e-01 -1.758857e-02 -1.355343e+02 -4.685113e-01 -1.073826e-01 8.769072e-01 4.235279e+02
8.468715e-01 2.316348e-01 4.787003e-01 3.762579e+02 -2.538722e-01 9.670548e-01 -1.881413e-02 -1.355539e+02 -4.672874e-01 -1.055956e-01 8.777767e-01 4.244186e+02
8.480949e-01 2.278869e-01 4.783331e-01 3.767395e+02 -2.507425e-01 9.679122e-01 -1.655963e-02 -1.356121e+02 -4.667582e-01 -1.058943e-01 8.780223e-01 4.252931e+02
8.471806e-01 2.240810e-01 4.817393e-01 3.771812e+02 -2.481593e-01 9.686160e-01 -1.414191e-02 -1.356371e+02 -4.697893e-01 -1.075673e-01 8.762005e-01 4.261899e+02
8.457387e-01 2.218342e-01 4.852996e-01 3.775945e+02 -2.472981e-01 9.688663e-01 -1.190628e-02 -1.356475e+02 -4.728316e-01 -1.099441e-01 8.742669e-01 4.271004e+02
8.461842e-01 2.186039e-01 4.859883e-01 3.780813e+02 -2.445372e-01 9.695846e-01 -1.035314e-02 -1.356621e+02 -4.734700e-01 -1.100816e-01 8.739040e-01 4.279738e+02
8.488541e-01 2.151901e-01 4.828456e-01 3.786069e+02 -2.409025e-01 9.705075e-01 -9.014401e-03 -1.357282e+02 -4.705451e-01 -1.086668e-01 8.756591e-01 4.288219e+02
8.503131e-01 2.154793e-01 4.801420e-01 3.791382e+02 -2.401977e-01 9.706700e-01 -1.023876e-02 -1.357753e+02 -4.682657e-01 -1.066229e-01 8.771310e-01 4.296679e+02
8.493186e-01 2.193299e-01 4.801586e-01 3.795512e+02 -2.434369e-01 9.698373e-01 -1.241022e-02 -1.357995e+02 -4.683977e-01 -1.063481e-01 8.770939e-01 4.305782e+02
8.531136e-01 2.217710e-01 4.722445e-01 3.802086e+02 -2.470200e-01 9.689705e-01 -8.794989e-03 -1.360070e+02 -4.595414e-01 -1.091507e-01 8.814237e-01 4.313027e+02
8.513902e-01 2.240925e-01 4.742545e-01 3.805897e+02 -2.493979e-01 9.683511e-01 -9.837167e-03 -1.360169e+02 -4.614493e-01 -1.099028e-01 8.803328e-01 4.322271e+02
8.500346e-01 2.231871e-01 4.771045e-01 3.809432e+02 -2.483392e-01 9.686145e-01 -1.065867e-02 -1.359506e+02 -4.645092e-01 -1.094235e-01 8.787819e-01 4.331602e+02
8.475785e-01 2.248728e-01 4.806693e-01 3.813151e+02 -2.501338e-01 9.681386e-01 -1.185838e-02 -1.359233e+02 -4.680212e-01 -1.101808e-01 8.768217e-01 4.340881e+02
8.600790e-01 2.275384e-01 4.566075e-01 3.822295e+02 -2.529099e-01 9.674729e-01 -5.726305e-03 -1.361402e+02 -4.430583e-01 -1.105555e-01 8.896498e-01 4.344299e+02
8.577077e-01 2.276062e-01 4.610130e-01 3.825584e+02 -2.520560e-01 9.676726e-01 -8.802090e-03 -1.360912e+02 -4.481130e-01 -1.086515e-01 8.873497e-01 4.353730e+02
8.565685e-01 2.248468e-01 4.644721e-01 3.828987e+02 -2.483762e-01 9.686030e-01 -1.084242e-02 -1.360209e+02 -4.523269e-01 -1.060765e-01 8.855214e-01 4.363107e+02
8.553355e-01 2.230331e-01 4.676081e-01 3.832706e+02 -2.458514e-01 9.692258e-01 -1.258328e-02 -1.359871e+02 -4.560244e-01 -1.041992e-01 8.838463e-01 4.372383e+02
8.572193e-01 2.228884e-01 4.642153e-01 3.838819e+02 -2.456552e-01 9.692859e-01 -1.176639e-02 -1.360777e+02 -4.525799e-01 -1.039505e-01 8.856443e-01 4.380245e+02
8.623733e-01 2.241438e-01 4.539514e-01 3.846559e+02 -2.448561e-01 9.694650e-01 -1.353068e-02 -1.360538e+02 -4.431228e-01 -9.948427e-02 8.909237e-01 4.386573e+02
8.624288e-01 2.218862e-01 4.549540e-01 3.851952e+02 -2.435422e-01 9.698242e-01 -1.132601e-02 -1.361455e+02 -4.437384e-01 -1.010326e-01 8.904429e-01 4.394944e+02
8.606770e-01 2.239598e-01 4.572496e-01 3.857183e+02 -2.465378e-01 9.690753e-01 -1.059477e-02 -1.361732e+02 -4.454821e-01 -1.036107e-01 8.892753e-01 4.403463e+02
8.530919e-01 2.174027e-01 4.743103e-01 3.856145e+02 -2.426304e-01 9.700837e-01 -8.249465e-03 -1.362431e+02 -4.619142e-01 -1.080446e-01 8.803191e-01 4.413384e+02
8.529122e-01 2.212609e-01 4.728471e-01 3.862029e+02 -2.453002e-01 9.693832e-01 -1.113919e-02 -1.363058e+02 -4.608347e-01 -1.064887e-01 8.810741e-01 4.421445e+02
8.578882e-01 2.250464e-01 4.619328e-01 3.869624e+02 -2.486825e-01 9.685333e-01 -1.000827e-02 -1.365304e+02 -4.496496e-01 -1.062886e-01 8.868585e-01 4.427551e+02
8.612275e-01 2.268941e-01 4.547595e-01 3.876161e+02 -2.484826e-01 9.685536e-01 -1.266396e-02 -1.365787e+02 -4.433323e-01 -1.020933e-01 8.905242e-01 4.435103e+02
8.616630e-01 2.259735e-01 4.543928e-01 3.880715e+02 -2.473858e-01 9.688339e-01 -1.269303e-02 -1.365577e+02 -4.430994e-01 -1.014732e-01 8.907110e-01 4.444003e+02
8.598111e-01 2.242990e-01 4.587101e-01 3.883794e+02 -2.471471e-01 9.689208e-01 -1.052540e-02 -1.365099e+02 -4.468145e-01 -1.043190e-01 8.885237e-01 4.453505e+02
8.595533e-01 2.239468e-01 4.593647e-01 3.888022e+02 -2.471720e-01 9.689214e-01 -9.859981e-03 -1.365257e+02 -4.472965e-01 -1.050669e-01 8.881930e-01 4.462566e+02
8.607334e-01 2.269456e-01 4.556684e-01 3.891996e+02 -2.481753e-01 9.686192e-01 -1.363077e-02 -1.364964e+02 -4.444626e-01 -1.013532e-01 8.900452e-01 4.471738e+02
8.660388e-01 2.272557e-01 4.453444e-01 3.898058e+02 -2.479175e-01 9.687042e-01 -1.220958e-02 -1.366657e+02 -4.341817e-01 -9.983468e-02 8.952761e-01 4.479508e+02
8.665589e-01 2.297397e-01 4.430524e-01 3.900687e+02 -2.503161e-01 9.680847e-01 -1.239998e-02 -1.366564e+02 -4.317610e-01 -1.001578e-01 8.964100e-01 4.489156e+02
8.678959e-01 2.327696e-01 4.388337e-01 3.904062e+02 -2.547864e-01 9.669555e-01 -9.000525e-03 -1.367258e+02 -4.264277e-01 -1.039974e-01 8.985232e-01 4.498544e+02
8.709649e-01 2.347750e-01 4.316258e-01 3.908469e+02 -2.577584e-01 9.661942e-01 -5.420831e-03 -1.367891e+02 -4.183071e-01 -1.065338e-01 9.020364e-01 4.507498e+02
8.750432e-01 2.369486e-01 4.220837e-01 3.911639e+02 -2.603861e-01 9.655021e-01 -2.192244e-03 -1.367565e+02 -4.080422e-01 -1.079864e-01 9.065542e-01 4.516977e+02
8.817932e-01 2.348054e-01 4.090320e-01 3.916357e+02 -2.589581e-01 9.658811e-01 3.797825e-03 -1.367958e+02 -3.941845e-01 -1.092710e-01 9.125122e-01 4.525785e+02
8.898251e-01 2.363573e-01 3.903158e-01 3.919715e+02 -2.599016e-01 9.656037e-01 7.787250e-03 -1.367598e+02 -3.750498e-01 -1.083730e-01 9.206481e-01 4.535198e+02
9.013250e-01 2.340715e-01 3.644499e-01 3.923191e+02 -2.566340e-01 9.664073e-01 1.399972e-02 -1.367003e+02 -3.489301e-01 -1.061485e-01 9.311178e-01 4.544555e+02
9.148637e-01 2.316435e-01 3.307048e-01 3.925810e+02 -2.544445e-01 9.667172e-01 2.675589e-02 -1.367440e+02 -3.135002e-01 -1.086240e-01 9.433549e-01 4.554196e+02
9.288106e-01 2.297230e-01 2.907545e-01 3.927930e+02 -2.525916e-01 9.666086e-01 4.318935e-02 -1.367284e+02 -2.711242e-01 -1.135569e-01 9.558224e-01 4.563968e+02
9.445339e-01 2.289326e-01 2.354690e-01 3.932980e+02 -2.492900e-01 9.665527e-01 6.025176e-02 -1.367080e+02 -2.137996e-01 -1.156099e-01 9.700124e-01 4.572597e+02
9.571758e-01 2.268538e-01 1.798661e-01 3.933853e+02 -2.441918e-01 9.663652e-01 8.067588e-02 -1.366588e+02 -1.555147e-01 -1.211428e-01 9.803773e-01 4.582546e+02
9.667644e-01 2.271199e-01 1.174016e-01 3.934629e+02 -2.392727e-01 9.655312e-01 1.024602e-01 -1.365785e+02 -9.008415e-02 -1.271459e-01 9.877848e-01 4.592484e+02
9.703550e-01 2.282708e-01 7.939566e-02 3.926733e+02 -2.364944e-01 9.645330e-01 1.172459e-01 -1.362909e+02 -4.981593e-02 -1.325467e-01 9.899241e-01 4.597904e+02
9.724610e-01 2.326224e-01 1.436843e-02 3.925632e+02 -2.322803e-01 9.622835e-01 1.416202e-01 -1.361721e+02 1.911752e-02 -1.410576e-01 9.898168e-01 4.607772e+02
9.703212e-01 2.371321e-01 -4.738268e-02 3.922837e+02 -2.267494e-01 9.603034e-01 1.624869e-01 -1.359683e+02 8.403262e-02 -1.469205e-01 9.855724e-01 4.617155e+02
9.659247e-01 2.393887e-01 -9.840020e-02 3.915400e+02 -2.195855e-01 9.592077e-01 1.780529e-01 -1.357245e+02 1.370101e-01 -1.503784e-01 9.790886e-01 4.623380e+02
9.558113e-01 2.387111e-01 -1.715863e-01 3.913883e+02 -2.033049e-01 9.583208e-01 2.007194e-01 -1.356388e+02 2.123487e-01 -1.569655e-01 9.645050e-01 4.633227e+02
9.379411e-01 2.402368e-01 -2.501056e-01 3.912719e+02 -1.862344e-01 9.573010e-01 2.211144e-01 -1.354736e+02 2.925461e-01 -1.608140e-01 9.426323e-01 4.643021e+02
9.151591e-01 2.453235e-01 -3.198441e-01 3.908410e+02 -1.724282e-01 9.554653e-01 2.394881e-01 -1.353187e+02 3.643520e-01 -1.640196e-01 9.167035e-01 4.651911e+02
8.908276e-01 2.492789e-01 -3.798503e-01 3.900843e+02 -1.579432e-01 9.538113e-01 2.555346e-01 -1.350641e+02 4.260049e-01 -1.676425e-01 8.890533e-01 4.657932e+02
8.593310e-01 2.472924e-01 -4.476569e-01 3.895378e+02 -1.329794e-01 9.532574e-01 2.713240e-01 -1.348040e+02 4.938286e-01 -1.736280e-01 8.520485e-01 4.665892e+02
8.220409e-01 2.398996e-01 -5.164271e-01 3.889479e+02 -1.032592e-01 9.546877e-01 2.791216e-01 -1.345182e+02 5.599878e-01 -1.761236e-01 8.095642e-01 4.673445e+02
7.763641e-01 2.341360e-01 -5.851830e-01 3.883190e+02 -7.252390e-02 9.554605e-01 2.860690e-01 -1.343365e+02 6.260983e-01 -1.796540e-01 7.587657e-01 4.681004e+02
7.300627e-01 2.302553e-01 -6.434213e-01 3.875023e+02 -4.955130e-02 9.568854e-01 2.862080e-01 -1.341211e+02 6.815813e-01 -1.770674e-01 7.099958e-01 4.686358e+02
6.797419e-01 2.270306e-01 -6.974296e-01 3.867027e+02 -2.836722e-02 9.583135e-01 2.843071e-01 -1.338215e+02 7.329026e-01 -1.734713e-01 6.578461e-01 4.691562e+02
6.279930e-01 2.260299e-01 -7.446712e-01 3.859307e+02 -8.525531e-03 9.588324e-01 2.838445e-01 -1.335186e+02 7.781722e-01 -1.719037e-01 6.040671e-01 4.697150e+02
5.755784e-01 2.296133e-01 -7.848486e-01 3.850867e+02 1.087299e-02 9.575361e-01 2.881081e-01 -1.332670e+02 8.176743e-01 -1.743625e-01 5.486405e-01 4.701887e+02
5.260933e-01 2.391322e-01 -8.161138e-01 3.842676e+02 2.407268e-02 9.550799e-01 2.953692e-01 -1.329838e+02 8.500861e-01 -1.750378e-01 4.967045e-01 4.706875e+02
4.794161e-01 2.505713e-01 -8.410554e-01 3.834303e+02 3.321261e-02 9.525049e-01 3.027067e-01 -1.327064e+02 8.769590e-01 -1.730561e-01 4.483240e-01 4.711587e+02
4.466328e-01 2.540143e-01 -8.579021e-01 3.825365e+02 4.156536e-02 9.519266e-01 3.034931e-01 -1.324374e+02 8.937514e-01 -1.712090e-01 4.146034e-01 4.715176e+02
4.191787e-01 2.535038e-01 -8.717942e-01 3.816547e+02 4.446382e-02 9.533432e-01 2.985961e-01 -1.321250e+02 9.068143e-01 -1.639284e-01 3.883494e-01 4.718707e+02
4.009398e-01 2.586747e-01 -8.788257e-01 3.807455e+02 3.851163e-02 9.537001e-01 2.982832e-01 -1.317230e+02 9.152945e-01 -1.534386e-01 3.724144e-01 4.719799e+02
3.868333e-01 2.659239e-01 -8.829748e-01 3.798641e+02 3.715985e-02 9.522449e-01 3.030657e-01 -1.314082e+02 9.214006e-01 -1.500471e-01 3.584784e-01 4.723321e+02
3.785603e-01 2.711512e-01 -8.849684e-01 3.789927e+02 3.612332e-02 9.510699e-01 3.068569e-01 -1.310888e+02 9.248715e-01 -1.481318e-01 3.502424e-01 4.727042e+02
3.766727e-01 2.716264e-01 -8.856279e-01 3.780952e+02 3.473573e-02 9.512300e-01 3.065206e-01 -1.307601e+02 9.256949e-01 -1.462209e-01 3.488673e-01 4.729983e+02
3.747809e-01 2.681076e-01 -8.875008e-01 3.771989e+02 3.044350e-02 9.531980e-01 3.008102e-01 -1.304450e+02 9.266135e-01 -1.397565e-01 3.490782e-01 4.733104e+02
3.769368e-01 2.563935e-01 -8.900455e-01 3.762844e+02 3.302984e-02 9.565923e-01 2.895517e-01 -1.301542e+02 9.256499e-01 -1.385408e-01 3.521062e-01 4.735918e+02
3.785337e-01 2.490472e-01 -8.914526e-01 3.753585e+02 3.617828e-02 9.584038e-01 2.831137e-01 -1.299102e+02 9.248802e-01 -1.394193e-01 3.537780e-01 4.738802e+02
3.806189e-01 2.461193e-01 -8.913779e-01 3.744793e+02 4.240156e-02 9.582722e-01 2.826951e-01 -1.296268e+02 9.237594e-01 -1.453949e-01 3.543006e-01 4.742631e+02
3.818857e-01 2.480893e-01 -8.902893e-01 3.736009e+02 4.215282e-02 9.576201e-01 2.849331e-01 -1.293129e+02 9.232478e-01 -1.463401e-01 3.552437e-01 4.746236e+02
3.810572e-01 2.483042e-01 -8.905843e-01 3.727802e+02 3.827832e-02 9.581980e-01 2.835338e-01 -1.289678e+02 9.237587e-01 -1.421327e-01 3.556236e-01 4.750789e+02
3.835548e-01 2.500718e-01 -8.890162e-01 3.719138e+02 3.224303e-02 9.584278e-01 2.835075e-01 -1.286467e+02 9.229551e-01 -1.374052e-01 3.595465e-01 4.754614e+02
3.871173e-01 2.529163e-01 -8.866643e-01 3.710268e+02 2.471454e-02 9.584513e-01 2.841835e-01 -1.283853e+02 9.216992e-01 -1.319259e-01 3.647824e-01 4.758421e+02
4.037742e-01 2.489822e-01 -8.803262e-01 3.701396e+02 8.899070e-03 9.611393e-01 2.759202e-01 -1.279310e+02 9.148154e-01 -1.192435e-01 3.858676e-01 4.757626e+02
4.126100e-01 2.495116e-01 -8.760690e-01 3.692365e+02 2.678573e-03 9.614173e-01 2.750810e-01 -1.276593e+02 9.109038e-01 -1.158478e-01 3.960221e-01 4.760953e+02
4.187828e-01 2.531499e-01 -8.720872e-01 3.683807e+02 -4.509300e-03 9.609249e-01 2.767723e-01 -1.273750e+02 9.080752e-01 -1.119750e-01 4.035604e-01 4.765274e+02
4.247160e-01 2.597921e-01 -8.672511e-01 3.675373e+02 -1.418682e-02 9.597349e-01 2.805487e-01 -1.270862e+02 9.052155e-01 -1.068500e-01 4.113004e-01 4.769805e+02
4.328732e-01 2.622572e-01 -8.624627e-01 3.666757e+02 -1.779373e-02 9.590448e-01 2.826951e-01 -1.268138e+02 9.012792e-01 -1.070247e-01 4.198114e-01 4.774089e+02
4.416892e-01 2.608450e-01 -8.584116e-01 3.658062e+02 -2.058446e-02 9.594958e-01 2.809699e-01 -1.265338e+02 8.969320e-01 -1.064314e-01 4.291683e-01 4.778158e+02
4.506184e-01 2.578418e-01 -8.546699e-01 3.649316e+02 -2.316418e-02 9.604357e-01 2.775367e-01 -1.262281e+02 8.924161e-01 -1.052654e-01 4.387627e-01 4.781922e+02
4.581383e-01 2.576765e-01 -8.507127e-01 3.640654e+02 -2.329768e-02 9.602125e-01 2.782968e-01 -1.259457e+02 8.885755e-01 -1.076788e-01 4.459134e-01 4.786043e+02
4.630537e-01 2.606561e-01 -8.471361e-01 3.632092e+02 -2.526817e-02 9.592731e-01 2.813478e-01 -1.256596e+02 8.859699e-01 -1.088736e-01 4.507813e-01 4.790344e+02
4.680392e-01 2.635260e-01 -8.435007e-01 3.623317e+02 -2.690721e-02 9.583090e-01 2.844642e-01 -1.253409e+02 8.832980e-01 -1.104441e-01 4.556169e-01 4.793928e+02
4.737695e-01 2.614237e-01 -8.409519e-01 3.614296e+02 -2.165230e-02 9.580922e-01 2.856404e-01 -1.250807e+02 8.803826e-01 -1.171192e-01 4.595753e-01 4.797372e+02
4.744843e-01 2.615170e-01 -8.405198e-01 3.605776e+02 -2.505262e-02 9.584748e-01 2.840747e-01 -1.247652e+02 8.799074e-01 -1.137318e-01 4.613330e-01 4.801550e+02
4.741318e-01 2.619603e-01 -8.405806e-01 3.597339e+02 -3.144525e-02 9.591420e-01 2.811722e-01 -1.244835e+02 8.798922e-01 -1.068804e-01 4.629972e-01 4.806120e+02
4.740146e-01 2.607521e-01 -8.410223e-01 3.588938e+02 -3.602866e-02 9.600898e-01 2.773616e-01 -1.241874e+02 8.797796e-01 -1.011725e-01 4.644911e-01 4.810664e+02
4.745908e-01 2.578071e-01 -8.416051e-01 3.580468e+02 -3.645232e-02 9.610813e-01 2.738501e-01 -1.238994e+02 8.794514e-01 -9.928827e-02 4.655180e-01 4.815132e+02
4.755963e-01 2.567650e-01 -8.413560e-01 3.572077e+02 -3.569120e-02 9.612968e-01 2.731932e-01 -1.236289e+02 8.789393e-01 -9.990068e-02 4.663534e-01 4.819852e+02
4.764591e-01 2.568803e-01 -8.408325e-01 3.563787e+02 -3.375847e-02 9.610045e-01 2.744644e-01 -1.233724e+02 8.785483e-01 -1.023858e-01 4.665512e-01 4.824821e+02
4.785790e-01 2.573432e-01 -8.394860e-01 3.555421e+02 -3.347656e-02 9.607385e-01 2.754284e-01 -1.231167e+02 8.774061e-01 -1.037112e-01 4.684042e-01 4.829666e+02
4.799445e-01 2.604681e-01 -8.377408e-01 3.547017e+02 -3.711488e-02 9.600827e-01 2.772431e-01 -1.228513e+02 8.765134e-01 -1.019687e-01 4.704537e-01 4.834392e+02
4.826887e-01 2.627510e-01 -8.354481e-01 3.538205e+02 -4.083502e-02 9.596490e-01 2.782197e-01 -1.225991e+02 8.748395e-01 -1.001780e-01 4.739412e-01 4.838390e+02
4.865620e-01 2.617298e-01 -8.335196e-01 3.529331e+02 -3.578504e-02 9.592401e-01 2.803175e-01 -1.223730e+02 8.729129e-01 -1.065643e-01 4.760958e-01 4.842408e+02
4.873875e-01 2.618845e-01 -8.329885e-01 3.520868e+02 -3.477827e-02 9.590300e-01 2.811619e-01 -1.221326e+02 8.724929e-01 -1.080649e-01 4.765272e-01 4.847161e+02
4.876512e-01 2.571943e-01 -8.342945e-01 3.512401e+02 -2.873235e-02 9.598320e-01 2.791004e-01 -1.218882e+02 8.725656e-01 -1.121324e-01 4.754530e-01 4.851887e+02
4.898167e-01 2.567085e-01 -8.331749e-01 3.503590e+02 -2.958240e-02 9.600106e-01 2.783964e-01 -1.216245e+02 8.713234e-01 -1.117159e-01 4.778233e-01 4.855813e+02
4.884395e-01 2.605931e-01 -8.327773e-01 3.495384e+02 -3.105054e-02 9.589518e-01 2.818640e-01 -1.213395e+02 8.720451e-01 -1.118153e-01 4.764815e-01 4.860766e+02
4.882613e-01 2.630643e-01 -8.321046e-01 3.486674e+02 -2.942618e-02 9.579063e-01 2.855690e-01 -1.210797e+02 8.722012e-01 -1.149466e-01 4.754496e-01 4.864938e+02
4.871606e-01 2.661377e-01 -8.317723e-01 3.478482e+02 -3.365181e-02 9.574472e-01 2.866397e-01 -1.208179e+02 8.726638e-01 -1.116489e-01 4.753866e-01 4.870040e+02
4.888765e-01 2.612354e-01 -8.323196e-01 3.469687e+02 -2.910907e-02 9.584625e-01 2.837294e-01 -1.205202e+02 8.718672e-01 -1.144806e-01 4.761741e-01 4.873754e+02
4.899531e-01 2.547707e-01 -8.336893e-01 3.460972e+02 -2.456276e-02 9.599961e-01 2.789340e-01 -1.202538e+02 8.714027e-01 -1.161868e-01 4.766109e-01 4.877871e+02
4.900420e-01 2.546330e-01 -8.336791e-01 3.451986e+02 -2.413251e-02 9.599807e-01 2.790244e-01 -1.200343e+02 8.713647e-01 -1.166149e-01 4.765758e-01 4.881669e+02
4.901334e-01 2.573690e-01 -8.327848e-01 3.443198e+02 -2.341475e-02 9.589575e-01 2.825815e-01 -1.197882e+02 8.713329e-01 -1.190032e-01 4.760433e-01 4.885758e+02
4.890250e-01 2.582899e-01 -8.331511e-01 3.434974e+02 -2.261856e-02 9.585868e-01 2.839008e-01 -1.195075e+02 8.719765e-01 -1.199899e-01 4.746151e-01 4.890707e+02
4.855954e-01 2.562820e-01 -8.357731e-01 3.427046e+02 -1.961482e-02 9.590148e-01 2.826764e-01 -1.192681e+02 8.739636e-01 -1.208728e-01 4.707201e-01 4.896311e+02
4.850134e-01 2.576616e-01 -8.356869e-01 3.418586e+02 -2.310426e-02 9.590513e-01 2.822885e-01 -1.190122e+02 8.742015e-01 -1.176058e-01 4.711058e-01 4.900990e+02
4.863885e-01 2.574172e-01 -8.349627e-01 3.409766e+02 -2.192988e-02 9.589118e-01 2.828556e-01 -1.187630e+02 8.734674e-01 -1.192671e-01 4.720488e-01 4.904989e+02
4.902509e-01 2.588032e-01 -8.322710e-01 3.400658e+02 -2.119283e-02 9.581549e-01 2.854645e-01 -1.185463e+02 8.713237e-01 -1.223110e-01 4.752211e-01 4.908502e+02
4.918715e-01 2.596525e-01 -8.310494e-01 3.392038e+02 -2.056060e-02 9.576943e-01 2.870522e-01 -1.182803e+02 8.704250e-01 -1.241059e-01 4.764011e-01 4.912817e+02
4.945146e-01 2.581739e-01 -8.299407e-01 3.383428e+02 -1.833530e-02 9.577527e-01 2.870081e-01 -1.179958e+02 8.689759e-01 -1.267125e-01 4.783564e-01 4.917033e+02
4.990500e-01 2.556562e-01 -8.280030e-01 3.374573e+02 -1.704367e-02 9.582020e-01 2.855843e-01 -1.177253e+02 8.664056e-01 -1.284086e-01 4.825480e-01 4.920811e+02
5.054345e-01 2.536131e-01 -8.247523e-01 3.365544e+02 -1.724831e-02 9.586087e-01 2.842039e-01 -1.174885e+02 8.626926e-01 -1.294209e-01 4.888883e-01 4.924397e+02
5.119121e-01 2.517320e-01 -8.213264e-01 3.356614e+02 -1.938527e-02 9.592421e-01 2.819200e-01 -1.172451e+02 8.588191e-01 -1.283966e-01 4.959275e-01 4.928184e+02
5.127663e-01 2.533481e-01 -8.202960e-01 3.348601e+02 -2.351577e-02 9.592538e-01 2.815655e-01 -1.169930e+02 8.582061e-01 -1.250874e-01 4.978307e-01 4.933610e+02
5.293297e-01 2.533149e-01 -8.097170e-01 3.339014e+02 -2.939128e-02 9.592887e-01 2.808938e-01 -1.167100e+02 8.479070e-01 -1.248868e-01 5.152253e-01 4.933901e+02
5.295998e-01 2.568797e-01 -8.084162e-01 3.331567e+02 -3.120527e-02 9.582977e-01 2.840628e-01 -1.164314e+02 8.476734e-01 -1.252128e-01 5.155303e-01 4.939966e+02
5.334204e-01 2.586864e-01 -8.053223e-01 3.323301e+02 -3.133272e-02 9.574757e-01 2.868074e-01 -1.161405e+02 8.452698e-01 -1.277560e-01 5.188424e-01 4.944784e+02
5.440412e-01 2.664464e-01 -7.956290e-01 3.313739e+02 -3.125732e-02 9.540179e-01 2.981155e-01 -1.161823e+02 8.384761e-01 -1.373179e-01 5.273534e-01 4.947680e+02
5.478313e-01 2.645183e-01 -7.936693e-01 3.305744e+02 -3.052415e-02 9.543854e-01 2.970133e-01 -1.159120e+02 8.360318e-01 -1.384871e-01 5.309164e-01 4.953044e+02
5.501597e-01 2.603495e-01 -7.934371e-01 3.297987e+02 -2.861059e-02 9.554753e-01 2.936807e-01 -1.156533e+02 8.345692e-01 -1.388706e-01 5.331128e-01 4.958800e+02
5.567980e-01 2.540363e-01 -7.908486e-01 3.289208e+02 -2.511698e-02 9.568001e-01 2.896596e-01 -1.153493e+02 8.302681e-01 -1.414181e-01 5.391250e-01 4.962501e+02
5.574944e-01 2.525537e-01 -7.908328e-01 3.281809e+02 -2.346068e-02 9.570156e-01 2.890859e-01 -1.150985e+02 8.298491e-01 -1.426103e-01 5.394560e-01 4.968742e+02
5.665965e-01 2.521080e-01 -7.844807e-01 3.272426e+02 -2.271125e-02 9.564614e-01 2.909740e-01 -1.149565e+02 8.236823e-01 -1.470483e-01 5.476534e-01 4.971896e+02
5.698065e-01 2.458187e-01 -7.841516e-01 3.264591e+02 -2.070381e-02 9.582037e-01 2.853366e-01 -1.145576e+02 8.215181e-01 -1.463517e-01 5.510800e-01 4.976661e+02
5.896743e-01 2.436282e-01 -7.700191e-01 3.254966e+02 -2.517701e-02 9.584992e-01 2.839815e-01 -1.143067e+02 8.072486e-01 -1.480698e-01 5.713362e-01 4.975631e+02
5.877531e-01 2.415839e-01 -7.721292e-01 3.248088e+02 -2.230214e-02 9.588520e-01 2.830291e-01 -1.139995e+02 8.087329e-01 -1.491311e-01 5.689561e-01 4.982207e+02
5.866886e-01 2.394179e-01 -7.736120e-01 3.240087e+02 -1.858450e-02 9.590266e-01 2.827060e-01 -1.137610e+02 8.095993e-01 -1.514832e-01 5.670995e-01 4.987711e+02
5.963403e-01 2.353676e-01 -7.674506e-01 3.230518e+02 -1.601326e-02 9.593464e-01 2.817767e-01 -1.135099e+02 8.025720e-01 -1.557454e-01 5.758659e-01 4.989170e+02
6.048978e-01 2.332215e-01 -7.613845e-01 3.220869e+02 -1.431196e-02 9.591788e-01 2.824379e-01 -1.132654e+02 7.961745e-01 -1.599492e-01 5.835430e-01 4.990126e+02
5.973686e-01 2.330716e-01 -7.673515e-01 3.212873e+02 -6.435986e-03 9.581995e-01 2.860285e-01 -1.130194e+02 8.019410e-01 -1.659258e-01 5.738983e-01 4.995606e+02
5.903943e-01 2.299722e-01 -7.736584e-01 3.204676e+02 3.024547e-04 9.584849e-01 2.851432e-01 -1.126995e+02 8.071149e-01 -1.685809e-01 5.658144e-01 5.000356e+02
5.795327e-01 2.261919e-01 -7.829298e-01 3.196475e+02 5.182523e-03 9.596679e-01 2.810885e-01 -1.124117e+02 8.149325e-01 -1.669575e-01 5.549867e-01 5.005303e+02
5.801947e-01 2.218818e-01 -7.836725e-01 3.186990e+02 5.262008e-03 9.611366e-01 2.760232e-01 -1.121832e+02 8.144608e-01 -1.642709e-01 5.564788e-01 5.007496e+02
5.688205e-01 2.171512e-01 -7.932771e-01 3.179184e+02 8.023039e-03 9.630047e-01 2.693652e-01 -1.118883e+02 8.224226e-01 -1.595850e-01 5.460346e-01 5.013007e+02
5.530420e-01 2.171582e-01 -8.043549e-01 3.172470e+02 8.218754e-03 9.639655e-01 2.659004e-01 -1.116119e+02 8.331128e-01 -1.536649e-01 5.313287e-01 5.019883e+02
5.420965e-01 2.183169e-01 -8.114611e-01 3.165101e+02 8.157518e-03 9.642488e-01 2.648728e-01 -1.113368e+02 8.402766e-01 -1.502062e-01 5.209350e-01 5.026057e+02
5.397485e-01 2.199963e-01 -8.125719e-01 3.156148e+02 7.489508e-03 9.639558e-01 2.659570e-01 -1.110958e+02 8.417930e-01 -1.496357e-01 5.186461e-01 5.029804e+02
5.427181e-01 2.149529e-01 -8.119436e-01 3.147288e+02 6.407562e-03 9.656097e-01 2.599172e-01 -1.107671e+02 8.398905e-01 -1.462643e-01 5.226765e-01 5.033074e+02
5.394935e-01 2.155220e-01 -8.139392e-01 3.139262e+02 4.727920e-03 9.658947e-01 2.588919e-01 -1.105324e+02 8.419765e-01 -1.435187e-01 5.200750e-01 5.038559e+02
5.397374e-01 2.154760e-01 -8.137897e-01 3.131231e+02 1.497075e-03 9.664401e-01 2.568879e-01 -1.102557e+02 8.418321e-01 -1.398703e-01 5.213013e-01 5.043836e+02
5.432086e-01 2.162886e-01 -8.112605e-01 3.122743e+02 2.684244e-04 9.662042e-01 2.577776e-01 -1.100168e+02 8.395977e-01 -1.402448e-01 5.247924e-01 5.048552e+02
5.452240e-01 2.197680e-01 -8.089702e-01 3.114478e+02 9.062591e-04 9.648688e-01 2.627308e-01 -1.097860e+02 8.382899e-01 -1.439803e-01 5.258704e-01 5.053686e+02
5.444564e-01 2.262632e-01 -8.076956e-01 3.106769e+02 2.997743e-04 9.628779e-01 2.699372e-01 -1.094988e+02 8.387891e-01 -1.472112e-01 5.241772e-01 5.059373e+02
5.457596e-01 2.405870e-01 -8.026608e-01 3.098738e+02 -4.427201e-03 9.587102e-01 2.843505e-01 -1.092143e+02 8.379301e-01 -1.516335e-01 5.242904e-01 5.064607e+02
5.506294e-01 2.470303e-01 -7.973602e-01 3.090470e+02 -9.303084e-03 9.569653e-01 2.900532e-01 -1.089532e+02 8.346980e-01 -1.522939e-01 5.292314e-01 5.069590e+02
5.511582e-01 2.439927e-01 -7.979300e-01 3.083195e+02 -1.932227e-02 9.597667e-01 2.801330e-01 -1.086414e+02 8.341770e-01 -1.389798e-01 5.336978e-01 5.075701e+02
5.611536e-01 2.323991e-01 -7.944163e-01 3.074281e+02 -1.846211e-02 9.630497e-01 2.686902e-01 -1.084131e+02 8.275057e-01 -1.361099e-01 5.447094e-01 5.079617e+02
5.630280e-01 2.348779e-01 -7.923584e-01 3.067388e+02 -2.215578e-02 9.627087e-01 2.696313e-01 -1.081123e+02 8.261408e-01 -1.342546e-01 5.472358e-01 5.086207e+02
5.517327e-01 2.371193e-01 -7.996033e-01 3.064326e+02 -1.538956e-02 9.614641e-01 2.744995e-01 -1.077677e+02 8.338790e-01 -1.391448e-01 5.341203e-01 5.095082e+02
5.564327e-01 2.386968e-01 -7.958684e-01 3.056267e+02 -1.526501e-02 9.606225e-01 2.774373e-01 -1.075010e+02 8.307525e-01 -1.422263e-01 5.381654e-01 5.100367e+02
5.601957e-01 2.301982e-01 -7.957321e-01 3.048397e+02 -1.535161e-02 9.633312e-01 2.678756e-01 -1.072414e+02 8.282181e-01 -1.378470e-01 5.431879e-01 5.105964e+02
5.668084e-01 2.223102e-01 -7.932883e-01 3.039322e+02 -1.529045e-02 9.655771e-01 2.596672e-01 -1.070443e+02 8.237077e-01 -1.350518e-01 5.506964e-01 5.109674e+02
5.684142e-01 2.272543e-01 -7.907344e-01 3.031418e+02 -2.518996e-02 9.654522e-01 2.593599e-01 -1.067463e+02 8.223569e-01 -1.275053e-01 5.545012e-01 5.115026e+02
5.735721e-01 2.368158e-01 -7.841769e-01 3.022979e+02 -3.066326e-02 9.628357e-01 2.683414e-01 -1.065688e+02 8.185810e-01 -1.298677e-01 5.595172e-01 5.120088e+02
5.381532e-01 2.283850e-01 -8.113146e-01 3.023085e+02 -2.596815e-02 9.666240e-01 2.548797e-01 -1.062904e+02 8.424469e-01 -1.160960e-01 5.261226e-01 5.129692e+02
5.415492e-01 2.153433e-01 -8.126203e-01 3.014914e+02 -2.251765e-02 9.700041e-01 2.420435e-01 -1.060525e+02 8.403675e-01 -1.127802e-01 5.301539e-01 5.134944e+02
5.461515e-01 2.066969e-01 -8.117851e-01 3.006888e+02 -1.828681e-02 9.717908e-01 2.351346e-01 -1.058177e+02 8.374868e-01 -1.135741e-01 5.345248e-01 5.140427e+02
5.473835e-01 2.075937e-01 -8.107257e-01 2.999701e+02 -1.268651e-02 9.706927e-01 2.399890e-01 -1.055672e+02 8.367858e-01 -1.210807e-01 5.339748e-01 5.146913e+02
5.513399e-01 2.168663e-01 -8.056013e-01 2.992054e+02 -1.244897e-02 9.676547e-01 2.519709e-01 -1.053246e+02 8.341879e-01 -1.288927e-01 5.362064e-01 5.152883e+02
5.488767e-01 2.198966e-01 -8.064613e-01 2.985260e+02 -1.031412e-02 9.664864e-01 2.565107e-01 -1.050796e+02 8.358397e-01 -1.324748e-01 5.327499e-01 5.159800e+02
5.524616e-01 2.186539e-01 -8.043486e-01 2.977214e+02 -1.073226e-02 9.667669e-01 2.554343e-01 -1.048372e+02 8.334693e-01 -1.324851e-01 5.364482e-01 5.165221e+02
5.553136e-01 2.147279e-01 -8.034418e-01 2.968958e+02 -8.772479e-03 9.675508e-01 2.525244e-01 -1.045995e+02 8.315948e-01 -1.331821e-01 5.391778e-01 5.170338e+02
5.566644e-01 2.120055e-01 -8.032300e-01 2.960997e+02 -5.238140e-03 9.677644e-01 2.518027e-01 -1.043699e+02 8.307210e-01 -1.359622e-01 5.398305e-01 5.175938e+02
5.589265e-01 2.096665e-01 -8.022725e-01 2.952908e+02 -2.616271e-03 9.679469e-01 2.511413e-01 -1.041283e+02 8.292131e-01 -1.382706e-01 5.415598e-01 5.181298e+02
5.591669e-01 2.132078e-01 -8.011709e-01 2.944774e+02 -2.069601e-03 9.667222e-01 2.558199e-01 -1.038995e+02 8.290525e-01 -1.413879e-01 5.410004e-01 5.186645e+02
5.243360e-01 2.209362e-01 -8.223496e-01 2.943166e+02 8.792555e-03 9.642966e-01 2.646785e-01 -1.038161e+02 8.514660e-01 -1.460110e-01 5.036729e-01 5.196480e+02
5.252407e-01 2.163660e-01 -8.229872e-01 2.934267e+02 1.356276e-02 9.648837e-01 2.623270e-01 -1.035861e+02 8.508456e-01 -1.489468e-01 5.038616e-01 5.200420e+02
5.219286e-01 2.068770e-01 -8.275219e-01 2.926294e+02 2.279480e-02 9.664142e-01 2.559765e-01 -1.033671e+02 8.526845e-01 -1.524647e-01 4.996835e-01 5.206045e+02
5.189856e-01 1.993444e-01 -8.312134e-01 2.917916e+02 2.970828e-02 9.676322e-01 2.506098e-01 -1.031085e+02 8.542666e-01 -1.547568e-01 4.962650e-01 5.210853e+02
5.152914e-01 2.004641e-01 -8.332400e-01 2.909465e+02 3.391262e-02 9.667273e-01 2.535512e-01 -1.028527e+02 8.563438e-01 -1.589101e-01 4.913481e-01 5.215547e+02
5.077341e-01 2.054150e-01 -8.366664e-01 2.901319e+02 3.692825e-02 9.650766e-01 2.593519e-01 -1.026133e+02 8.607220e-01 -1.625784e-01 4.824167e-01 5.220831e+02
5.020310e-01 2.091003e-01 -8.391912e-01 2.892686e+02 3.298159e-02 9.649972e-01 2.601779e-01 -1.023641e+02 8.642205e-01 -1.582952e-01 4.775621e-01 5.225218e+02
4.936183e-01 2.080363e-01 -8.444299e-01 2.884399e+02 2.665991e-02 9.668917e-01 2.537906e-01 -1.020646e+02 8.692699e-01 -1.477881e-01 4.717292e-01 5.229947e+02
4.884404e-01 2.085328e-01 -8.473135e-01 2.875912e+02 1.956939e-02 9.681626e-01 2.495559e-01 -1.018087e+02 8.723778e-01 -1.384746e-01 4.688089e-01 5.234576e+02
3.284718e-01 1.215053e-01 -9.366657e-01 2.878187e+02 5.003130e-02 9.880604e-01 1.457174e-01 -1.012683e+02 9.431877e-01 -9.472666e-02 3.184709e-01 5.242678e+02
3.276091e-01 1.237698e-01 -9.366714e-01 2.868686e+02 5.242170e-02 9.874742e-01 1.488177e-01 -1.011605e+02 9.433580e-01 -9.785594e-02 3.170173e-01 5.245607e+02
3.278553e-01 1.293859e-01 -9.358259e-01 2.859067e+02 5.901073e-02 9.858381e-01 1.569742e-01 -1.010620e+02 9.428831e-01 -1.066886e-01 3.155771e-01 5.248157e+02
3.244189e-01 1.337479e-01 -9.364101e-01 2.849974e+02 6.060070e-02 9.849807e-01 1.616804e-01 -1.008753e+02 9.439703e-01 -1.091993e-01 3.114412e-01 5.251877e+02
3.242894e-01 1.379341e-01 -9.358475e-01 2.840381e+02 5.297465e-02 9.851114e-01 1.635518e-01 -1.007211e+02 9.444734e-01 -1.026143e-01 3.121542e-01 5.254241e+02
3.232847e-01 1.340202e-01 -9.367633e-01 2.831127e+02 4.854789e-02 9.862679e-01 1.578569e-01 -1.005487e+02 9.450556e-01 -9.651062e-02 3.123389e-01 5.257617e+02
3.224796e-01 1.271835e-01 -9.379932e-01 2.821680e+02 4.615603e-02 9.876409e-01 1.497836e-01 -1.004072e+02 9.454504e-01 -9.159621e-02 3.126238e-01 5.260574e+02
3.177847e-01 1.234483e-01 -9.400922e-01 2.813188e+02 5.214698e-02 9.877119e-01 1.473291e-01 -1.002017e+02 9.467278e-01 -9.584189e-02 3.074423e-01 5.265439e+02
3.164803e-01 1.257777e-01 -9.402235e-01 2.803691e+02 5.967050e-02 9.865680e-01 1.520626e-01 -1.000934e+02 9.467205e-01 -1.042284e-01 3.047241e-01 5.268378e+02
3.133761e-01 1.282642e-01 -9.409271e-01 2.794311e+02 6.735870e-02 9.853383e-01 1.567520e-01 -9.994648e+01 9.472372e-01 -1.125020e-01 3.001418e-01 5.271516e+02
3.102519e-01 1.298974e-01 -9.417380e-01 2.784885e+02 7.249540e-02 9.845034e-01 1.596795e-01 -9.980258e+01 9.478862e-01 -1.178126e-01 2.960271e-01 5.274529e+02
3.084216e-01 1.334696e-01 -9.418397e-01 2.775508e+02 6.849953e-02 9.844210e-01 1.619352e-01 -9.963767e+01 9.487802e-01 -1.144599e-01 2.944741e-01 5.277587e+02
3.091666e-01 1.327100e-01 -9.417028e-01 2.765703e+02 6.698831e-02 9.847169e-01 1.607644e-01 -9.953396e+01 9.486457e-01 -1.127861e-01 2.955515e-01 5.279261e+02
3.064865e-01 1.325727e-01 -9.425977e-01 2.756225e+02 6.628982e-02 9.848767e-01 1.600733e-01 -9.945557e+01 9.495639e-01 -1.115449e-01 2.930632e-01 5.282349e+02
3.024172e-01 1.281075e-01 -9.445276e-01 2.746890e+02 6.455969e-02 9.858986e-01 1.543893e-01 -9.928652e+01 9.509868e-01 -1.076684e-01 2.898821e-01 5.285513e+02
3.008955e-01 1.245539e-01 -9.454884e-01 2.737282e+02 6.623562e-02 9.863106e-01 1.510107e-01 -9.916315e+01 9.513542e-01 -1.080634e-01 2.885265e-01 5.287995e+02
3.007929e-01 1.256490e-01 -9.453761e-01 2.727549e+02 6.685794e-02 9.860658e-01 1.523294e-01 -9.908788e+01 9.513431e-01 -1.090255e-01 2.882009e-01 5.290163e+02
3.007739e-01 1.316682e-01 -9.445626e-01 2.717820e+02 6.712976e-02 9.850442e-01 1.586871e-01 -9.897706e+01 9.513299e-01 -1.111372e-01 2.874367e-01 5.292196e+02
3.008878e-01 1.348948e-01 -9.440709e-01 2.708148e+02 7.318873e-02 9.837595e-01 1.638920e-01 -9.884449e+01 9.508470e-01 -1.184084e-01 2.861284e-01 5.294361e+02
3.009229e-01 1.370958e-01 -9.437426e-01 2.698650e+02 7.092913e-02 9.836541e-01 1.655102e-01 -9.867303e+01 9.510071e-01 -1.167446e-01 2.862799e-01 5.296978e+02
2.992612e-01 1.346102e-01 -9.446284e-01 2.689525e+02 6.881659e-02 9.843758e-01 1.620756e-01 -9.848528e+01 9.516864e-01 -1.135090e-01 2.853221e-01 5.300612e+02
2.975354e-01 1.312352e-01 -9.456479e-01 2.680376e+02 6.540042e-02 9.853787e-01 1.573263e-01 -9.829829e+01 9.524681e-01 -1.086559e-01 2.846022e-01 5.304190e+02
2.997135e-01 1.316074e-01 -9.449081e-01 2.670615e+02 6.655314e-02 9.851422e-01 1.583211e-01 -9.820249e+01 9.517050e-01 -1.103376e-01 2.865015e-01 5.306140e+02
2.975259e-01 1.355493e-01 -9.450422e-01 2.661491e+02 6.365838e-02 9.848501e-01 1.613005e-01 -9.805363e+01 9.525891e-01 -1.081509e-01 2.843895e-01 5.309953e+02
2.999852e-01 1.320159e-01 -9.447649e-01 2.651817e+02 6.711883e-02 9.850025e-01 1.589502e-01 -9.790817e+01 9.515797e-01 -1.110942e-01 2.866254e-01 5.312026e+02
2.989637e-01 1.240103e-01 -9.461724e-01 2.642484e+02 6.819649e-02 9.862083e-01 1.508057e-01 -9.776391e+01 9.518245e-01 -1.096111e-01 2.863834e-01 5.315313e+02
3.010018e-01 1.187222e-01 -9.462045e-01 2.633066e+02 7.071457e-02 9.867096e-01 1.462998e-01 -9.759948e+01 9.509981e-01 -1.109470e-01 2.886060e-01 5.318248e+02
2.996366e-01 1.231952e-01 -9.460660e-01 2.623733e+02 7.247463e-02 9.858234e-01 1.513264e-01 -9.744685e+01 9.512967e-01 -1.139087e-01 2.864603e-01 5.321498e+02
3.010549e-01 1.256897e-01 -9.452873e-01 2.614051e+02 7.424724e-02 9.851771e-01 1.546399e-01 -9.734086e+01 9.507120e-01 -1.167401e-01 2.872602e-01 5.323763e+02
3.010142e-01 1.217009e-01 -9.458220e-01 2.604574e+02 7.254182e-02 9.860271e-01 1.499611e-01 -9.719344e+01 9.508565e-01 -1.137521e-01 2.879798e-01 5.326594e+02
3.048749e-01 1.174027e-01 -9.451285e-01 2.594919e+02 6.309335e-02 9.877033e-01 1.430436e-01 -9.704202e+01 9.503002e-01 -1.032417e-01 2.937186e-01 5.328711e+02
3.062180e-01 1.183216e-01 -9.445795e-01 2.585562e+02 5.452501e-02 9.884367e-01 1.414915e-01 -9.686935e+01 9.503986e-01 -9.483046e-02 2.962257e-01 5.331790e+02
3.085834e-01 1.233135e-01 -9.431702e-01 2.575970e+02 5.087819e-02 9.880018e-01 1.458212e-01 -9.675788e+01 9.498356e-01 -9.298478e-02 2.986070e-01 5.334387e+02
3.176334e-01 1.244505e-01 -9.400112e-01 2.566209e+02 4.890164e-02 9.878804e-01 1.473121e-01 -9.662606e+01 9.469518e-01 -9.275933e-02 3.076980e-01 5.336114e+02
3.214314e-01 1.214483e-01 -9.391124e-01 2.556933e+02 5.196306e-02 9.879847e-01 1.455541e-01 -9.646407e+01 9.455061e-01 -9.558481e-02 3.112585e-01 5.339480e+02
3.281305e-01 1.193705e-01 -9.370598e-01 2.547484e+02 5.492384e-02 9.878945e-01 1.450790e-01 -9.634506e+01 9.430343e-01 -9.907175e-02 3.176020e-01 5.342530e+02
3.322309e-01 1.161050e-01 -9.360247e-01 2.538026e+02 5.942679e-02 9.878462e-01 1.436258e-01 -9.622927e+01 9.413241e-01 -1.033419e-01 3.212933e-01 5.345565e+02
3.345716e-01 1.111722e-01 -9.357898e-01 2.528854e+02 6.502003e-02 9.879274e-01 1.406127e-01 -9.607836e+01 9.401246e-01 -1.078901e-01 3.233040e-01 5.349253e+02
3.379453e-01 1.073431e-01 -9.350243e-01 2.519608e+02 6.954176e-02 9.879110e-01 1.385491e-01 -9.593088e+01 9.385931e-01 -1.118452e-01 3.263950e-01 5.352765e+02
3.439592e-01 1.103743e-01 -9.324750e-01 2.510091e+02 7.425897e-02 9.867596e-01 1.441915e-01 -9.581361e+01 9.360436e-01 -1.188406e-01 3.312087e-01 5.355603e+02
3.484392e-01 1.134996e-01 -9.304343e-01 2.500677e+02 8.010733e-02 9.854042e-01 1.502046e-01 -9.568860e+01 9.339020e-01 -1.268718e-01 3.342613e-01 5.358735e+02
3.493593e-01 1.141988e-01 -9.300036e-01 2.491362e+02 8.130975e-02 9.851059e-01 1.515094e-01 -9.555355e+01 9.334542e-01 -1.285496e-01 3.348704e-01 5.362111e+02
3.508645e-01 1.125313e-01 -9.296402e-01 2.482055e+02 8.576983e-02 9.847183e-01 1.515697e-01 -9.543864e+01 9.324900e-01 -1.329155e-01 3.358509e-01 5.365584e+02
3.497297e-01 1.112555e-01 -9.302211e-01 2.472961e+02 8.607600e-02 9.849079e-01 1.501576e-01 -9.523821e+01 9.328880e-01 -1.325843e-01 3.348751e-01 5.369230e+02
3.520807e-01 1.173829e-01 -9.285798e-01 2.463639e+02 7.930110e-02 9.847961e-01 1.545571e-01 -9.513139e+01 9.326042e-01 -1.280540e-01 3.374191e-01 5.372687e+02
3.559546e-01 1.205776e-01 -9.266916e-01 2.454410e+02 7.026968e-02 9.853798e-01 1.552054e-01 -9.498331e+01 9.318576e-01 -1.203644e-01 3.422775e-01 5.376242e+02
3.676794e-01 1.189036e-01 -9.223198e-01 2.444644e+02 6.279061e-02 9.863547e-01 1.521901e-01 -9.482605e+01 9.278304e-01 -1.138702e-01 3.551963e-01 5.377705e+02
3.679851e-01 1.205444e-01 -9.219848e-01 2.435894e+02 5.922411e-02 9.865091e-01 1.526183e-01 -9.473094e+01 9.279437e-01 -1.107650e-01 3.558815e-01 5.382453e+02
3.703266e-01 1.232379e-01 -9.206903e-01 2.426906e+02 5.362512e-02 9.866709e-01 1.536391e-01 -9.456595e+01 9.273525e-01 -1.062688e-01 3.587818e-01 5.386514e+02
3.707093e-01 1.256074e-01 -9.202159e-01 2.418151e+02 5.168137e-02 9.864873e-01 1.554732e-01 -9.441864e+01 9.273099e-01 -1.051934e-01 3.592085e-01 5.391116e+02
3.713874e-01 1.290776e-01 -9.194620e-01 2.409095e+02 4.849508e-02 9.862411e-01 1.580404e-01 -9.427786e+01 9.272107e-01 -1.032836e-01 3.600179e-01 5.395118e+02
3.762613e-01 1.293443e-01 -9.174407e-01 2.399582e+02 4.880956e-02 9.860653e-01 1.590371e-01 -9.413241e+01 9.252270e-01 -1.046194e-01 3.647049e-01 5.397834e+02
3.728722e-01 1.297984e-01 -9.187593e-01 2.391512e+02 5.118305e-02 9.857828e-01 1.600395e-01 -9.396532e+01 9.264700e-01 -1.066992e-01 3.609275e-01 5.403497e+02
3.727717e-01 1.287817e-01 -9.189432e-01 2.382535e+02 5.204875e-02 9.858615e-01 1.592734e-01 -9.379477e+01 9.264622e-01 -1.072025e-01 3.607984e-01 5.407561e+02
3.721765e-01 1.280568e-01 -9.192856e-01 2.373792e+02 5.090356e-02 9.861299e-01 1.579767e-01 -9.362690e+01 9.267651e-01 -1.055902e-01 3.604958e-01 5.412114e+02
3.709611e-01 1.269030e-01 -9.199367e-01 2.364917e+02 5.319109e-02 9.860890e-01 1.574777e-01 -9.344302e+01 9.271238e-01 -1.073505e-01 3.590505e-01 5.416340e+02
3.732049e-01 1.290998e-01 -9.187227e-01 2.355613e+02 5.296923e-02 9.856904e-01 1.600274e-01 -9.330868e+01 9.262356e-01 -1.083871e-01 3.610262e-01 5.419752e+02
3.763382e-01 1.305901e-01 -9.172327e-01 2.346189e+02 5.206541e-02 9.854708e-01 1.616677e-01 -9.319848e+01 9.250182e-01 -1.085978e-01 3.640711e-01 5.422908e+02
3.760720e-01 1.282232e-01 -9.176757e-01 2.337035e+02 5.376105e-02 9.856911e-01 1.597585e-01 -9.305494e+01 9.250295e-01 -1.094159e-01 3.637974e-01 5.426670e+02
3.750324e-01 1.282033e-01 -9.181038e-01 2.328015e+02 5.415372e-02 9.856695e-01 1.597591e-01 -9.289432e+01 9.254286e-01 -1.096336e-01 3.627153e-01 5.430677e+02
3.750507e-01 1.301992e-01 -9.178154e-01 2.318800e+02 5.248873e-02 9.855165e-01 1.612518e-01 -9.275792e+01 9.255171e-01 -1.086526e-01 3.627846e-01 5.434312e+02
3.750778e-01 1.289713e-01 -9.179777e-01 2.309585e+02 5.213643e-02 9.857719e-01 1.597985e-01 -9.261787e+01 9.255260e-01 -1.077970e-01 3.630170e-01 5.437937e+02
3.778765e-01 1.269847e-01 -9.171064e-01 2.300434e+02 5.270152e-02 9.859936e-01 1.582377e-01 -9.247446e+01 9.243549e-01 -1.081272e-01 3.658915e-01 5.441704e+02
3.768063e-01 1.267198e-01 -9.175833e-01 2.291548e+02 5.352904e-02 9.859639e-01 1.581450e-01 -9.231666e+01 9.247441e-01 -1.087074e-01 3.647342e-01 5.446012e+02
3.838144e-01 1.300908e-01 -9.142007e-01 2.282143e+02 5.155446e-02 9.854635e-01 1.618759e-01 -9.216503e+01 9.219700e-01 -1.092614e-01 3.715283e-01 5.449053e+02
3.852359e-01 1.331006e-01 -9.131690e-01 2.273153e+02 5.186776e-02 9.848565e-01 1.654309e-01 -9.202577e+01 9.213594e-01 -1.110939e-01 3.724984e-01 5.453203e+02
3.939157e-01 1.347227e-01 -9.092196e-01 2.263745e+02 4.775749e-02 9.848636e-01 1.666219e-01 -9.185636e+01 9.179050e-01 -1.090570e-01 3.815192e-01 5.456140e+02
3.991765e-01 1.356635e-01 -9.067820e-01 2.254573e+02 4.452740e-02 9.849576e-01 1.669608e-01 -9.169611e+01 9.157922e-01 -1.070235e-01 3.871312e-01 5.459788e+02
4.036882e-01 1.346350e-01 -9.049360e-01 2.245596e+02 4.257559e-02 9.852768e-01 1.655808e-01 -9.155553e+01 9.139054e-01 -1.053712e-01 3.920125e-01 5.463964e+02
4.115048e-01 1.328693e-01 -9.016704e-01 2.236489e+02 4.016117e-02 9.857119e-01 1.635823e-01 -9.139635e+01 9.105223e-01 -1.035271e-01 4.002890e-01 5.467775e+02
4.172555e-01 1.309394e-01 -8.993068e-01 2.227664e+02 3.911869e-02 9.860609e-01 1.617210e-01 -9.121981e+01 9.079469e-01 -1.026587e-01 4.063172e-01 5.472135e+02
4.207458e-01 1.296301e-01 -8.978692e-01 2.218934e+02 3.986684e-02 9.861398e-01 1.610560e-01 -9.104717e+01 9.063022e-01 -1.035588e-01 4.097462e-01 5.476696e+02
4.233966e-01 1.285344e-01 -8.967799e-01 2.209580e+02 4.196127e-02 9.860393e-01 1.611390e-01 -9.093725e+01 9.049721e-01 -1.058557e-01 4.120922e-01 5.480057e+02
4.226971e-01 1.249614e-01 -8.976145e-01 2.201307e+02 4.472279e-02 9.863653e-01 1.583773e-01 -9.074971e+01 9.051669e-01 -1.070894e-01 4.113451e-01 5.485352e+02
4.231481e-01 1.255842e-01 -8.973150e-01 2.192515e+02 4.596494e-02 9.860972e-01 1.596855e-01 -9.058455e+01 9.048939e-01 -1.088157e-01 4.114927e-01 5.489822e+02
4.235783e-01 1.295585e-01 -8.965467e-01 2.183598e+02 5.262219e-02 9.845288e-01 1.671343e-01 -9.046898e+01 9.043297e-01 -1.179727e-01 4.102074e-01 5.494198e+02
4.262076e-01 1.319563e-01 -8.949495e-01 2.174475e+02 5.424931e-02 9.837952e-01 1.708916e-01 -9.034591e+01 9.029973e-01 -1.213857e-01 4.121424e-01 5.498103e+02
4.286551e-01 1.258300e-01 -8.946628e-01 2.165280e+02 5.273647e-02 9.850806e-01 1.638142e-01 -9.022128e+01 9.019277e-01 -1.174011e-01 4.156240e-01 5.501832e+02
4.303147e-01 1.154589e-01 -8.952645e-01 2.156396e+02 5.407854e-02 9.867074e-01 1.532451e-01 -9.006439e+01 9.010576e-01 -1.143582e-01 4.183508e-01 5.506146e+02
4.335759e-01 1.192872e-01 -8.931867e-01 2.147109e+02 4.965179e-02 9.865311e-01 1.558558e-01 -8.994815e+01 8.997481e-01 -1.119237e-01 4.218132e-01 5.509667e+02
4.386037e-01 1.326948e-01 -8.888301e-01 2.137953e+02 4.327249e-02 9.847733e-01 1.683716e-01 -8.981126e+01 8.976382e-01 -1.123103e-01 4.261832e-01 5.513447e+02
4.434688e-01 1.420967e-01 -8.849542e-01 2.128800e+02 3.690582e-02 9.836204e-01 1.764337e-01 -8.966941e+01 8.955297e-01 -1.109028e-01 4.309608e-01 5.517217e+02
4.475554e-01 1.388447e-01 -8.834118e-01 2.120531e+02 3.345554e-02 9.845820e-01 1.716947e-01 -8.949123e+01 8.936302e-01 -1.063979e-01 4.360098e-01 5.522551e+02
4.548480e-01 1.385491e-01 -8.797258e-01 2.111699e+02 2.927186e-02 9.849647e-01 1.702578e-01 -8.934468e+01 8.900879e-01 -1.031926e-01 4.439536e-01 5.527007e+02
4.641183e-01 1.373860e-01 -8.750539e-01 2.103024e+02 3.017121e-02 9.848731e-01 1.706304e-01 -8.919363e+01 8.852592e-01 -1.055941e-01 4.529525e-01 5.531747e+02
4.751100e-01 1.360348e-01 -8.693474e-01 2.094353e+02 2.841113e-02 9.850907e-01 1.696733e-01 -8.906859e+01 8.794676e-01 -1.053126e-01 4.641616e-01 5.536567e+02
4.857219e-01 1.258567e-01 -8.650054e-01 2.086335e+02 2.778057e-02 9.868578e-01 1.591855e-01 -8.887970e+01 8.736718e-01 -1.013502e-01 4.758420e-01 5.542238e+02
5.004246e-01 1.186552e-01 -8.576107e-01 2.077928e+02 2.733473e-02 9.879050e-01 1.526322e-01 -8.873139e+01 8.653485e-01 -9.982346e-02 4.911286e-01 5.547445e+02
5.157022e-01 1.140965e-01 -8.491367e-01 2.069192e+02 2.980018e-02 9.881047e-01 1.508677e-01 -8.857754e+01 8.562495e-01 -1.031072e-01 5.061677e-01 5.552063e+02
5.291699e-01 1.154500e-01 -8.406251e-01 2.061082e+02 3.483615e-02 9.869092e-01 1.574696e-01 -8.842659e+01 8.478005e-01 -1.126123e-01 5.182208e-01 5.557715e+02
5.445362e-01 1.171138e-01 -8.305207e-01 2.052231e+02 3.794367e-02 9.857501e-01 1.638811e-01 -8.829643e+01 8.378786e-01 -1.207522e-01 5.323329e-01 5.562183e+02
5.554896e-01 1.146840e-01 -8.235769e-01 2.044048e+02 4.194966e-02 9.853171e-01 1.655009e-01 -8.812623e+01 8.304646e-01 -1.264828e-01 5.425225e-01 5.567674e+02
5.659518e-01 1.119847e-01 -8.167974e-01 2.035538e+02 4.553954e-02 9.849731e-01 1.665960e-01 -8.801028e+01 8.231796e-01 -1.314819e-01 5.523475e-01 5.572795e+02
5.719651e-01 1.061040e-01 -8.133867e-01 2.027335e+02 5.198522e-02 9.849167e-01 1.650351e-01 -8.787146e+01 8.186290e-01 -1.366784e-01 5.578222e-01 5.578344e+02
5.752065e-01 1.026550e-01 -8.115414e-01 2.019282e+02 5.588191e-02 9.848454e-01 1.641850e-01 -8.774890e+01 8.160973e-01 -1.397907e-01 5.607529e-01 5.584144e+02
5.792262e-01 9.936738e-02 -8.090878e-01 2.010849e+02 5.908812e-02 9.848137e-01 1.632502e-01 -8.759565e+01 8.130225e-01 -1.423663e-01 5.645584e-01 5.589296e+02
5.796786e-01 1.001361e-01 -8.086689e-01 2.003341e+02 5.885361e-02 9.846832e-01 1.641197e-01 -8.738961e+01 8.127170e-01 -1.427298e-01 5.649064e-01 5.595571e+02
5.773773e-01 1.022391e-01 -8.100510e-01 1.994999e+02 5.754125e-02 9.845669e-01 1.652787e-01 -8.721360e+01 8.144473e-01 -1.420395e-01 5.625836e-01 5.600797e+02
5.725790e-01 1.025470e-01 -8.134110e-01 1.986862e+02 5.901866e-02 9.844170e-01 1.656504e-01 -8.705793e+01 8.177225e-01 -1.428544e-01 5.576043e-01 5.606398e+02
5.655857e-01 1.037538e-01 -8.181369e-01 1.978974e+02 5.903607e-02 9.844155e-01 1.656530e-01 -8.691433e+01 8.225737e-01 -1.419906e-01 5.506461e-01 5.612375e+02
5.586976e-01 1.024263e-01 -8.230224e-01 1.970623e+02 6.172975e-02 9.844567e-01 1.644214e-01 -8.675392e+01 8.270710e-01 -1.426668e-01 5.436909e-01 5.617637e+02
5.513087e-01 1.024406e-01 -8.279883e-01 1.962292e+02 6.290540e-02 9.845042e-01 1.636901e-01 -8.662252e+01 8.319264e-01 -1.423287e-01 5.363217e-01 5.623009e+02
5.431918e-01 9.927673e-02 -8.337186e-01 1.953587e+02 6.748182e-02 9.846102e-01 1.612108e-01 -8.647410e+01 8.368924e-01 -1.438292e-01 5.281328e-01 5.627703e+02
5.311850e-01 9.956449e-02 -8.413854e-01 1.945058e+02 6.869502e-02 9.847406e-01 1.598970e-01 -8.630429e+01 8.444664e-01 -1.427339e-01 5.162399e-01 5.632638e+02
5.268757e-01 1.000025e-01 -8.440388e-01 1.935096e+02 7.168327e-02 9.842878e-01 1.613663e-01 -8.638122e+01 8.469141e-01 -1.455234e-01 5.114288e-01 5.632235e+02
5.094822e-01 1.015844e-01 -8.544639e-01 1.926126e+02 7.205633e-02 9.844826e-01 1.600061e-01 -8.623707e+01 8.574589e-01 -1.430898e-01 4.942565e-01 5.636414e+02
4.920726e-01 1.057402e-01 -8.641086e-01 1.916748e+02 6.895447e-02 9.847432e-01 1.597687e-01 -8.610345e+01 8.678190e-01 -1.382020e-01 4.772739e-01 5.639619e+02
4.731560e-01 1.075201e-01 -8.743928e-01 1.907959e+02 7.041748e-02 9.847330e-01 1.591928e-01 -8.595555e+01 8.781599e-01 -1.368956e-01 4.583611e-01 5.644155e+02
4.525290e-01 1.080668e-01 -8.851774e-01 1.899675e+02 7.159217e-02 9.850231e-01 1.568565e-01 -8.574411e+01 8.888713e-01 -1.343539e-01 4.380147e-01 5.649341e+02
4.332691e-01 1.087362e-01 -8.946811e-01 1.890785e+02 7.359213e-02 9.851121e-01 1.553655e-01 -8.559292e+01 8.982550e-01 -1.331566e-01 4.188165e-01 5.653663e+02
4.151944e-01 1.089802e-01 -9.031815e-01 1.881908e+02 7.714066e-02 9.850057e-01 1.543151e-01 -8.544939e+01 9.064562e-01 -1.337428e-01 4.005621e-01 5.658039e+02
3.976655e-01 1.120363e-01 -9.106646e-01 1.872641e+02 7.648012e-02 9.850156e-01 1.545805e-01 -8.532457e+01 9.143374e-01 -1.311191e-01 3.831382e-01 5.661584e+02
3.814613e-01 1.119744e-01 -9.175778e-01 1.863684e+02 7.678182e-02 9.853678e-01 1.521672e-01 -8.515560e+01 9.211905e-01 -1.284992e-01 3.672820e-01 5.665697e+02
3.702335e-01 1.116315e-01 -9.222069e-01 1.854243e+02 7.428209e-02 9.860164e-01 1.491772e-01 -8.501341e+01 9.259640e-01 -1.237339e-01 3.567641e-01 5.668671e+02
3.624275e-01 1.116894e-01 -9.252955e-01 1.844695e+02 7.225688e-02 9.864383e-01 1.473719e-01 -8.491006e+01 9.292068e-01 -1.202706e-01 3.494420e-01 5.671458e+02
3.577342e-01 1.134265e-01 -9.269092e-01 1.835531e+02 6.641150e-02 9.869922e-01 1.464099e-01 -8.472598e+01 9.314589e-01 -1.139333e-01 3.455480e-01 5.675011e+02
3.537059e-01 1.148607e-01 -9.282775e-01 1.826575e+02 6.533864e-02 9.869732e-01 1.470198e-01 -8.455666e+01 9.330718e-01 -1.126541e-01 3.415934e-01 5.679126e+02
3.554895e-01 1.171868e-01 -9.273050e-01 1.817123e+02 6.234028e-02 9.869274e-01 1.486202e-01 -8.444224e+01 9.325990e-01 -1.106414e-01 3.435368e-01 5.682184e+02
3.562917e-01 1.184149e-01 -9.268410e-01 1.808541e+02 5.756412e-02 9.872711e-01 1.482641e-01 -8.425195e+01 9.325999e-01 -1.061781e-01 3.449400e-01 5.686951e+02
3.572825e-01 1.176483e-01 -9.265571e-01 1.799534e+02 5.675723e-02 9.874668e-01 1.472680e-01 -8.406349e+01 9.322702e-01 -1.052051e-01 3.461273e-01 5.690864e+02
3.530966e-01 1.215337e-01 -9.276596e-01 1.792413e+02 5.422582e-02 9.872017e-01 1.499744e-01 -8.409771e+01 9.340141e-01 -1.032586e-01 3.419874e-01 5.697876e+02
3.545650e-01 1.220916e-01 -9.270260e-01 1.784534e+02 5.061156e-02 9.874790e-01 1.494111e-01 -8.398273e+01 9.336606e-01 -9.989418e-02 3.439463e-01 5.703926e+02
3.615013e-01 1.238416e-01 -9.241104e-01 1.775762e+02 4.763938e-02 9.873916e-01 1.509580e-01 -8.394982e+01 9.311537e-01 -9.859555e-02 3.510436e-01 5.708717e+02
3.670519e-01 1.232304e-01 -9.220017e-01 1.767534e+02 4.606372e-02 9.875620e-01 1.503310e-01 -8.376169e+01 9.290592e-01 -9.765013e-02 3.568101e-01 5.714080e+02
3.766350e-01 1.255762e-01 -9.178108e-01 1.758586e+02 4.416013e-02 9.872091e-01 1.531930e-01 -8.368455e+01 9.253086e-01 -9.822849e-02 3.662721e-01 5.718477e+02
3.823491e-01 1.249100e-01 -9.155363e-01 1.750561e+02 4.204612e-02 9.874426e-01 1.522798e-01 -8.340261e+01 9.230608e-01 -9.671880e-02 3.722958e-01 5.723735e+02
3.909329e-01 1.272074e-01 -9.115864e-01 1.741702e+02 3.612764e-02 9.875196e-01 1.532968e-01 -8.319737e+01 9.197099e-01 -9.286223e-02 3.814582e-01 5.727894e+02
3.983612e-01 1.292158e-01 -9.080813e-01 1.733428e+02 3.272438e-02 9.873947e-01 1.548575e-01 -8.292421e+01 9.166447e-01 -9.140561e-02 3.891113e-01 5.732802e+02
4.076377e-01 1.307417e-01 -9.037356e-01 1.724470e+02 2.872731e-02 9.873710e-01 1.557988e-01 -8.274455e+01 9.126918e-01 -8.947136e-02 3.987338e-01 5.736867e+02
4.178048e-01 1.273361e-01 -8.995691e-01 1.715755e+02 2.962757e-02 9.876934e-01 1.535709e-01 -8.256362e+01 9.080536e-01 -9.081469e-02 4.088904e-01 5.741426e+02
4.309253e-01 1.214299e-01 -8.941801e-01 1.706370e+02 3.247439e-02 9.881761e-01 1.498448e-01 -8.234975e+01 9.018031e-01 -9.360986e-02 4.218867e-01 5.744134e+02
4.461743e-01 1.246275e-01 -8.862260e-01 1.696699e+02 3.282364e-02 9.873112e-01 1.553680e-01 -8.248446e+01 8.943440e-01 -9.841036e-02 4.364221e-01 5.746294e+02
4.507058e-01 1.209094e-01 -8.844463e-01 1.689067e+02 3.067669e-02 9.881016e-01 1.507123e-01 -8.218324e+01 8.921453e-01 -9.505878e-02 4.416340e-01 5.752011e+02
4.641359e-01 1.233443e-01 -8.771340e-01 1.679200e+02 2.731703e-02 9.877927e-01 1.533602e-01 -8.228577e+01 8.853427e-01 -9.514066e-02 4.551006e-01 5.753268e+02
4.700126e-01 1.184456e-01 -8.746764e-01 1.670447e+02 2.724146e-02 9.885367e-01 1.485025e-01 -8.207036e+01 8.822392e-01 -9.362553e-02 4.613981e-01 5.757598e+02
4.751320e-01 1.119344e-01 -8.727659e-01 1.661853e+02 3.096088e-02 9.891348e-01 1.437140e-01 -8.188075e+01 8.793697e-01 -9.530471e-02 4.665040e-01 5.762347e+02
4.772613e-01 1.087490e-01 -8.720065e-01 1.653651e+02 3.605217e-02 9.890545e-01 1.430781e-01 -8.173630e+01 8.780216e-01 -9.972339e-02 4.681169e-01 5.767881e+02
4.762358e-01 1.112815e-01 -8.722476e-01 1.645053e+02 4.041180e-02 9.881417e-01 1.481315e-01 -8.179162e+01 8.783885e-01 -1.057946e-01 4.660914e-01 5.772958e+02
4.765233e-01 1.135765e-01 -8.717947e-01 1.635548e+02 4.155171e-02 9.876025e-01 1.513761e-01 -8.178099e+01 8.781794e-01 -1.083588e-01 4.658963e-01 5.776064e+02
4.670513e-01 1.136140e-01 -8.769007e-01 1.627018e+02 4.118067e-02 9.878400e-01 1.499211e-01 -8.157847e+01 8.832707e-01 -1.061322e-01 4.566933e-01 5.780874e+02
4.566600e-01 1.129470e-01 -8.824424e-01 1.617392e+02 4.243286e-02 9.880139e-01 1.484183e-01 -8.139520e+01 8.886287e-01 -1.052213e-01 4.463938e-01 5.782868e+02
4.372727e-01 1.088218e-01 -8.927208e-01 1.609362e+02 4.233454e-02 9.890610e-01 1.413019e-01 -8.105105e+01 8.983320e-01 -9.958038e-02 4.278825e-01 5.787733e+02
4.224085e-01 1.104010e-01 -8.996570e-01 1.599540e+02 4.709827e-02 9.885403e-01 1.434220e-01 -8.110440e+01 9.051811e-01 -1.029549e-01 4.123681e-01 5.789535e+02
3.940342e-01 1.071415e-01 -9.128295e-01 1.590956e+02 5.377962e-02 9.887927e-01 1.392721e-01 -8.099295e+01 9.175210e-01 -1.039696e-01 3.838561e-01 5.794543e+02
3.673704e-01 1.058282e-01 -9.240343e-01 1.581390e+02 5.831632e-02 9.889296e-01 1.364455e-01 -8.095187e+01 9.282447e-01 -1.040123e-01 3.571320e-01 5.797428e+02
3.387153e-01 1.045888e-01 -9.350578e-01 1.571679e+02 6.052248e-02 9.893225e-01 1.325821e-01 -8.078797e+01 9.389403e-01 -1.014996e-01 3.287687e-01 5.799162e+02
3.050930e-01 1.050393e-01 -9.465120e-01 1.562086e+02 6.184245e-02 9.896155e-01 1.297566e-01 -8.059377e+01 9.503125e-01 -9.812245e-02 2.954289e-01 5.801215e+02
2.687459e-01 1.087172e-01 -9.570560e-01 1.552263e+02 6.117653e-02 9.896772e-01 1.296014e-01 -8.044028e+01 9.612664e-01 -9.337922e-02 2.593207e-01 5.802284e+02
2.277905e-01 1.051149e-01 -9.680198e-01 1.542763e+02 6.554542e-02 9.902457e-01 1.229523e-01 -8.016770e+01 9.715016e-01 -9.145663e-02 2.186787e-01 5.803809e+02
1.799709e-01 1.025104e-01 -9.783159e-01 1.533131e+02 7.378723e-02 9.903462e-01 1.173448e-01 -8.001518e+01 9.809006e-01 -9.330588e-02 1.706696e-01 5.806022e+02
1.283270e-01 9.681060e-02 -9.869954e-01 1.523629e+02 8.018991e-02 9.909523e-01 1.076248e-01 -7.975893e+01 9.884846e-01 -9.295825e-02 1.194027e-01 5.807794e+02
8.080064e-02 9.054306e-02 -9.926093e-01 1.514112e+02 8.027915e-02 9.920389e-01 9.702593e-02 -7.945992e+01 9.934921e-01 -8.752558e-02 7.288866e-02 5.807090e+02
2.260965e-02 8.889163e-02 -9.957847e-01 1.504260e+02 8.279246e-02 9.924514e-01 9.047391e-02 -7.931364e+01 9.963103e-01 -8.448905e-02 1.507942e-02 5.807978e+02
-3.621303e-02 8.397666e-02 -9.958095e-01 1.494368e+02 8.819009e-02 9.928440e-01 8.051950e-02 -7.916707e+01 9.954452e-01 -8.490468e-02 -4.335980e-02 5.808104e+02
-8.917848e-02 7.754860e-02 -9.929922e-01 1.484688e+02 9.131081e-02 9.934026e-01 6.938023e-02 -7.904029e+01 9.918213e-01 -8.448369e-02 -9.567116e-02 5.805939e+02
-1.444170e-01 7.276140e-02 -9.868381e-01 1.475039e+02 9.868979e-02 9.933795e-01 5.880113e-02 -7.894216e+01 9.845832e-01 -8.889897e-02 -1.506417e-01 5.803504e+02
-1.996552e-01 7.049995e-02 -9.773267e-01 1.465611e+02 1.017435e-01 9.935086e-01 5.088235e-02 -7.883798e+01 9.745697e-01 -8.927772e-02 -2.055321e-01 5.800337e+02
-2.552068e-01 7.370932e-02 -9.640728e-01 1.456352e+02 1.102081e-01 9.928093e-01 4.673241e-02 -7.880693e+01 9.605851e-01 -9.432218e-02 -2.614950e-01 5.796573e+02
-3.125126e-01 8.163445e-02 -9.463993e-01 1.447166e+02 1.189785e-01 9.918184e-01 4.626405e-02 -7.885789e+01 9.424330e-01 -9.814309e-02 -3.196685e-01 5.792654e+02
-3.719284e-01 8.523953e-02 -9.243395e-01 1.438127e+02 1.238111e-01 9.914331e-01 4.160853e-02 -7.886180e+01 9.199674e-01 -9.896814e-02 -3.792957e-01 5.788377e+02
-4.361188e-01 7.899269e-02 -8.964154e-01 1.429126e+02 1.235858e-01 9.919587e-01 2.728578e-02 -7.871715e+01 8.913624e-01 -9.888438e-02 -4.423742e-01 5.784268e+02
-4.896311e-01 8.344697e-02 -8.679274e-01 1.420915e+02 1.286670e-01 9.914272e-01 2.273492e-02 -7.873220e+01 8.623840e-01 -1.005419e-01 -4.961705e-01 5.778561e+02
-5.408877e-01 9.027508e-02 -8.362362e-01 1.412911e+02 1.352243e-01 9.906236e-01 1.947712e-02 -7.877081e+01 8.301535e-01 -1.025445e-01 -5.480235e-01 5.772579e+02
-5.891228e-01 9.670524e-02 -8.022359e-01 1.405294e+02 1.412996e-01 9.898446e-01 1.555694e-02 -7.880830e+01 7.955933e-01 -1.041907e-01 -5.968045e-01 5.766110e+02
-6.322287e-01 9.512774e-02 -7.689197e-01 1.398092e+02 1.384297e-01 9.903341e-01 8.699234e-03 -7.877831e+01 7.623149e-01 -1.009414e-01 -6.392861e-01 5.759180e+02
-6.698001e-01 9.303843e-02 -7.366896e-01 1.391473e+02 1.340285e-01 9.909720e-01 3.293352e-03 -7.877906e+01 7.303452e-01 -9.653151e-02 -6.762230e-01 5.751683e+02
-7.016071e-01 9.650336e-02 -7.059990e-01 1.385386e+02 1.351412e-01 9.908257e-01 1.135924e-03 -7.884120e+01 6.996316e-01 -9.461260e-02 -7.082119e-01 5.743773e+02
-7.291917e-01 9.640103e-02 -6.774853e-01 1.379123e+02 1.327845e-01 9.911431e-01 -1.886543e-03 -7.885709e+01 6.713031e-01 -9.133518e-02 -7.355339e-01 5.735980e+02
-7.559354e-01 1.034159e-01 -6.464262e-01 1.372672e+02 1.386468e-01 9.903350e-01 -3.699750e-03 -7.888986e+01 6.397959e-01 -9.242171e-02 -7.629675e-01 5.728346e+02
-7.808316e-01 1.015445e-01 -6.164339e-01 1.365947e+02 1.363587e-01 9.906136e-01 -9.541706e-03 -7.888379e+01 6.096789e-01 -9.150661e-02 -7.873488e-01 5.720945e+02
-8.021148e-01 9.928564e-02 -5.888584e-01 1.359960e+02 1.360199e-01 9.905377e-01 -1.826828e-02 -7.888106e+01 5.814726e-01 -9.474973e-02 -8.080298e-01 5.712936e+02
-8.223518e-01 9.225400e-02 -5.614505e-01 1.353431e+02 1.331729e-01 9.905666e-01 -3.229359e-02 -7.885778e+01 5.531749e-01 -1.013267e-01 -8.268799e-01 5.705364e+02
-8.365527e-01 9.381788e-02 -5.397941e-01 1.348371e+02 1.370993e-01 9.897309e-01 -4.045313e-02 -7.891827e+01 5.304557e-01 -1.078466e-01 -8.408245e-01 5.696760e+02
-8.516966e-01 9.286072e-02 -5.157421e-01 1.342585e+02 1.363548e-01 9.895442e-01 -4.700622e-02 -7.893504e+01 5.059845e-01 -1.103589e-01 -8.554534e-01 5.688606e+02
-8.642029e-01 9.358563e-02 -4.943633e-01 1.337628e+02 1.362531e-01 9.893659e-01 -5.089344e-02 -7.893873e+01 4.843434e-01 -1.113408e-01 -8.677642e-01 5.679921e+02
-8.762464e-01 9.878344e-02 -4.716292e-01 1.332375e+02 1.380557e-01 9.891964e-01 -4.930686e-02 -7.901818e+01 4.616632e-01 -1.083160e-01 -8.804174e-01 5.671449e+02
-8.865596e-01 9.911214e-02 -4.518725e-01 1.327760e+02 1.352695e-01 9.896293e-01 -4.833267e-02 -7.906590e+01 4.423959e-01 -1.039744e-01 -8.907722e-01 5.662590e+02
-8.954582e-01 9.432190e-02 -4.350380e-01 1.323049e+02 1.303034e-01 9.900265e-01 -5.355877e-02 -7.908374e+01 4.256474e-01 -1.046466e-01 -8.988178e-01 5.653771e+02
-9.014278e-01 8.857008e-02 -4.237726e-01 1.318980e+02 1.242306e-01 9.906023e-01 -5.721747e-02 -7.913122e+01 4.147224e-01 -1.042229e-01 -9.039596e-01 5.644649e+02
-9.047424e-01 7.804148e-02 -4.187490e-01 1.315260e+02 1.145777e-01 9.914283e-01 -6.278400e-02 -7.918038e+01 4.102599e-01 -1.047826e-01 -9.059291e-01 5.635380e+02
-9.065838e-01 7.438358e-02 -4.154189e-01 1.310984e+02 1.101557e-01 9.919293e-01 -6.278518e-02 -7.929453e+01 4.073960e-01 -1.026808e-01 -9.074608e-01 5.626412e+02
-9.067465e-01 7.881481e-02 -4.142452e-01 1.307250e+02 1.148410e-01 9.913999e-01 -6.275183e-02 -7.931091e+01 4.057369e-01 -1.044723e-01 -9.079995e-01 5.617137e+02
-9.071140e-01 7.898974e-02 -4.134063e-01 1.302919e+02 1.150859e-01 9.913488e-01 -6.310905e-02 -7.936138e+01 4.048449e-01 -1.048244e-01 -9.083570e-01 5.608138e+02
-9.075986e-01 8.542493e-02 -4.110564e-01 1.298664e+02 1.214617e-01 9.906384e-01 -6.231086e-02 -7.941022e+01 4.018854e-01 -1.064809e-01 -9.094779e-01 5.599101e+02
-9.076512e-01 8.564180e-02 -4.108951e-01 1.294705e+02 1.213738e-01 9.906922e-01 -6.162268e-02 -7.947820e+01 4.017931e-01 -1.058038e-01 -9.095976e-01 5.589943e+02
-9.093288e-01 8.150914e-02 -4.080163e-01 1.289827e+02 1.171221e-01 9.911153e-01 -6.303068e-02 -7.948415e+01 3.992536e-01 -1.051033e-01 -9.107963e-01 5.581215e+02
-9.100336e-01 8.385869e-02 -4.059637e-01 1.285517e+02 1.182787e-01 9.911415e-01 -6.040375e-02 -7.956425e+01 3.973021e-01 -1.029863e-01 -9.118908e-01 5.572226e+02
-9.108045e-01 7.962751e-02 -4.050860e-01 1.281832e+02 1.133866e-01 9.917379e-01 -5.999560e-02 -7.964642e+01 3.969618e-01 -1.005756e-01 -9.123080e-01 5.562967e+02
-9.104932e-01 7.541754e-02 -4.065886e-01 1.278654e+02 1.081760e-01 9.924291e-01 -5.815934e-02 -7.970490e+01 3.991241e-01 -9.693679e-02 -9.117583e-01 5.553503e+02
-9.110925e-01 7.233410e-02 -4.058056e-01 1.275271e+02 1.041902e-01 9.929264e-01 -5.693482e-02 -7.978872e+01 3.988168e-01 -9.415385e-02 -9.121843e-01 5.544130e+02
-9.123230e-01 7.242782e-02 -4.030149e-01 1.271010e+02 1.044978e-01 9.928248e-01 -5.813080e-02 -7.985750e+01 3.959129e-01 -9.514822e-02 -9.133454e-01 5.535109e+02
-9.123630e-01 7.001564e-02 -4.033505e-01 1.267686e+02 1.034079e-01 9.927309e-01 -6.158131e-02 -7.992092e+01 3.961068e-01 -9.789413e-02 -9.129711e-01 5.525699e+02
-9.138846e-01 7.613768e-02 -3.987707e-01 1.262930e+02 1.093254e-01 9.921252e-01 -6.111957e-02 -7.997181e+01 3.909769e-01 -9.945200e-02 -9.150117e-01 5.516918e+02
-9.152652e-01 7.968000e-02 -3.948933e-01 1.258971e+02 1.119295e-01 9.919468e-01 -5.927395e-02 -8.004018e+01 3.869902e-01 -9.845161e-02 -9.168129e-01 5.507760e+02
-9.164423e-01 8.303202e-02 -3.914578e-01 1.254709e+02 1.136909e-01 9.919502e-01 -5.575948e-02 -8.009658e+01 3.836768e-01 -9.560553e-02 -9.185051e-01 5.498731e+02
-9.179930e-01 8.624818e-02 -3.871048e-01 1.250672e+02 1.150678e-01 9.920033e-01 -5.185407e-02 -8.015476e+01 3.795370e-01 -9.214497e-02 -9.205765e-01 5.489601e+02
-9.193527e-01 9.119832e-02 -3.827186e-01 1.247316e+02 1.170158e-01 9.921246e-01 -4.467703e-02 -8.020476e+01 3.756301e-01 -8.585809e-02 -9.227841e-01 5.480194e+02
-9.207978e-01 9.477134e-02 -3.783513e-01 1.243330e+02 1.199324e-01 9.918311e-01 -4.344192e-02 -8.024941e+01 3.711436e-01 -8.537781e-02 -9.246421e-01 5.471034e+02
-9.222152e-01 9.231172e-02 -3.754966e-01 1.239313e+02 1.192428e-01 9.916517e-01 -4.907224e-02 -8.032332e+01 3.678318e-01 -9.003043e-02 -9.255238e-01 5.461906e+02
-9.230610e-01 8.453105e-02 -3.752503e-01 1.235856e+02 1.162363e-01 9.912449e-01 -6.263086e-02 -8.039988e+01 3.666707e-01 -1.014298e-01 -9.248052e-01 5.452554e+02
-9.252219e-01 7.974041e-02 -3.709526e-01 1.231098e+02 1.151090e-01 9.905803e-01 -7.416610e-02 -8.047285e+01 3.615443e-01 -1.113201e-01 -9.256855e-01 5.443789e+02
-9.269265e-01 7.571900e-02 -3.675241e-01 1.227003e+02 1.101667e-01 9.911812e-01 -7.364203e-02 -8.057242e+01 3.587069e-01 -1.087497e-01 -9.270938e-01 5.434720e+02
-9.286644e-01 7.805407e-02 -3.626154e-01 1.222935e+02 1.081190e-01 9.921182e-01 -6.333817e-02 -8.065985e+01 3.548135e-01 -9.802552e-02 -9.297840e-01 5.425627e+02
-9.301791e-01 7.862500e-02 -3.585876e-01 1.219550e+02 1.052113e-01 9.929162e-01 -5.520918e-02 -8.071272e+01 3.517066e-01 -8.908189e-02 -9.318621e-01 5.416232e+02
-9.334416e-01 8.103540e-02 -3.494568e-01 1.214884e+02 1.063262e-01 9.928763e-01 -5.377249e-02 -8.073454e+01 3.426099e-01 -8.734989e-02 -9.354082e-01 5.407390e+02
-9.354322e-01 8.587421e-02 -3.429171e-01 1.211888e+02 1.119538e-01 9.920798e-01 -5.695573e-02 -8.076709e+01 3.353101e-01 -9.166909e-02 -9.376374e-01 5.397855e+02
-9.367552e-01 8.367927e-02 -3.398345e-01 1.208649e+02 1.097194e-01 9.922624e-01 -5.811190e-02 -8.083902e+01 3.323422e-01 -9.172306e-02 -9.386882e-01 5.388421e+02
-9.397260e-01 8.664126e-02 -3.307693e-01 1.204487e+02 1.119788e-01 9.919994e-01 -5.829239e-02 -8.090247e+01 3.230725e-01 -9.181804e-02 -9.419096e-01 5.379350e+02
-9.410951e-01 8.946934e-02 -3.260907e-01 1.201452e+02 1.142238e-01 9.917877e-01 -5.753270e-02 -8.099576e+01 3.182654e-01 -9.139107e-02 -9.435862e-01 5.369868e+02
-9.428753e-01 9.035981e-02 -3.206575e-01 1.198248e+02 1.144252e-01 9.917966e-01 -5.697725e-02 -8.105749e+01 3.128786e-01 -9.041375e-02 -9.454800e-01 5.360415e+02
-9.441478e-01 9.294392e-02 -3.161429e-01 1.195262e+02 1.161314e-01 9.916949e-01 -5.526991e-02 -8.113588e+01 3.083803e-01 -8.889707e-02 -9.471003e-01 5.350904e+02
-9.463986e-01 8.821172e-02 -3.107223e-01 1.192051e+02 1.111421e-01 9.921774e-01 -5.684520e-02 -8.118098e+01 3.032772e-01 -8.833255e-02 -9.487994e-01 5.341444e+02
-9.478443e-01 8.846898e-02 -3.062097e-01 1.189251e+02 1.114858e-01 9.920441e-01 -5.847654e-02 -8.125656e+01 2.986001e-01 -8.956470e-02 -9.501664e-01 5.331874e+02
-9.497633e-01 9.069417e-02 -2.995402e-01 1.186572e+02 1.136969e-01 9.916874e-01 -6.024179e-02 -8.132671e+01 2.915867e-01 -9.127222e-02 -9.521799e-01 5.322265e+02
-9.508816e-01 9.015076e-02 -2.961369e-01 1.184022e+02 1.129417e-01 9.917432e-01 -6.074146e-02 -8.139909e+01 2.882159e-01 -9.120415e-02 -9.532121e-01 5.312623e+02
-9.521880e-01 9.331202e-02 -2.909140e-01 1.180797e+02 1.157369e-01 9.914164e-01 -6.081597e-02 -8.145334e+01 2.827420e-01 -9.157772e-02 -9.548144e-01 5.303173e+02
-9.521090e-01 9.098294e-02 -2.919085e-01 1.179822e+02 1.146766e-01 9.912691e-01 -6.507550e-02 -8.151118e+01 2.834391e-01 -9.543406e-02 -9.542299e-01 5.293237e+02
-9.519334e-01 8.785103e-02 -2.934364e-01 1.178418e+02 1.127420e-01 9.912267e-01 -6.898453e-02 -8.158664e+01 2.848016e-01 -9.875128e-02 -9.534864e-01 5.283365e+02
-9.519334e-01 8.785103e-02 -2.934364e-01 1.177192e+02 1.127420e-01 9.912267e-01 -6.898453e-02 -8.169916e+01 2.848016e-01 -9.875128e-02 -9.534864e-01 5.273504e+02
-9.517516e-01 8.634257e-02 -2.944721e-01 1.175868e+02 1.112689e-01 9.913963e-01 -6.893906e-02 -8.178493e+01 2.859862e-01 -9.837844e-02 -9.531703e-01 5.263630e+02
-9.533527e-01 8.423355e-02 -2.898677e-01 1.172556e+02 1.091226e-01 9.915058e-01 -7.077108e-02 -8.192358e+01 2.814442e-01 -9.910091e-02 -9.544465e-01 5.254297e+02
-9.545961e-01 8.682885e-02 -2.849685e-01 1.169488e+02 1.117379e-01 9.911028e-01 -7.231754e-02 -8.199563e+01 2.761538e-01 -1.008758e-01 -9.558050e-01 5.244806e+02
-9.513623e-01 8.169573e-02 -2.970447e-01 1.171373e+02 1.063311e-01 9.920221e-01 -6.771856e-02 -8.217433e+01 2.891426e-01 -9.600998e-02 -9.524592e-01 5.235149e+02
-9.530481e-01 8.307013e-02 -2.912020e-01 1.168099e+02 1.071079e-01 9.919484e-01 -6.757400e-02 -8.224318e+01 2.832440e-01 -9.559130e-02 -9.542721e-01 5.225725e+02
-9.543692e-01 8.042480e-02 -2.875956e-01 1.165432e+02 1.046526e-01 9.920521e-01 -6.986075e-02 -8.231187e+01 2.796913e-01 -9.677058e-02 -9.552006e-01 5.216112e+02
-9.559717e-01 7.575529e-02 -2.835123e-01 1.162264e+02 1.002584e-01 9.922858e-01 -7.291848e-02 -8.240668e+01 2.758013e-01 -9.813249e-02 -9.561923e-01 5.206675e+02
-9.563925e-01 7.065409e-02 -2.834103e-01 1.160188e+02 9.517858e-02 9.927281e-01 -7.370155e-02 -8.253921e+01 2.761421e-01 -9.746220e-02 -9.561625e-01 5.196983e+02
-9.571101e-01 7.231913e-02 -2.805533e-01 1.157601e+02 9.667574e-02 9.925647e-01 -7.395356e-02 -8.261790e+01 2.731190e-01 -9.790439e-02 -9.569852e-01 5.187355e+02
-9.582193e-01 7.285085e-02 -2.766019e-01 1.154658e+02 9.697359e-02 9.924917e-01 -7.454070e-02 -8.269200e+01 2.690947e-01 -9.824941e-02 -9.580893e-01 5.177827e+02
-9.590542e-01 7.565398e-02 -2.729314e-01 1.152036e+02 9.934201e-02 9.922962e-01 -7.402305e-02 -8.280389e+01 2.652287e-01 -9.810567e-02 -9.591814e-01 5.168242e+02
-9.600228e-01 7.880505e-02 -2.685999e-01 1.149113e+02 1.025724e-01 9.918477e-01 -7.561140e-02 -8.289963e+01 2.604516e-01 -1.001396e-01 -9.602796e-01 5.158727e+02
-9.616550e-01 7.867494e-02 -2.627355e-01 1.146046e+02 1.023884e-01 9.916975e-01 -7.779901e-02 -8.296691e+01 2.544334e-01 -1.017169e-01 -9.617262e-01 5.149233e+02
-9.626324e-01 7.504257e-02 -2.602065e-01 1.143849e+02 9.860492e-02 9.920101e-01 -7.869634e-02 -8.305532e+01 2.522219e-01 -1.014133e-01 -9.623406e-01 5.139517e+02
-9.632244e-01 7.885767e-02 -2.568660e-01 1.141429e+02 1.019017e-01 9.917591e-01 -7.765290e-02 -8.316080e+01 2.486257e-01 -1.009723e-01 -9.633223e-01 5.129872e+02
-9.642885e-01 7.844900e-02 -2.529694e-01 1.138924e+02 1.013333e-01 9.917331e-01 -7.872120e-02 -8.323799e+01 2.447025e-01 -1.015442e-01 -9.642663e-01 5.120221e+02
-9.648748e-01 8.034550e-02 -2.501222e-01 1.136524e+02 1.031194e-01 9.915029e-01 -7.929912e-02 -8.333383e+01 2.416256e-01 -1.023062e-01 -9.649614e-01 5.110561e+02
-9.652075e-01 8.545651e-02 -2.471268e-01 1.134137e+02 1.078339e-01 9.910683e-01 -7.845694e-02 -8.345068e+01 2.382149e-01 -1.023759e-01 -9.658017e-01 5.100921e+02
-9.678575e-01 7.738989e-02 -2.392961e-01 1.130726e+02 9.945573e-02 9.916956e-01 -8.153812e-02 -8.352074e+01 2.309987e-01 -1.027167e-01 -9.675169e-01 5.091546e+02
-9.686560e-01 7.549572e-02 -2.366557e-01 1.128378e+02 9.731518e-02 9.918780e-01 -8.190122e-02 -8.360110e+01 2.285504e-01 -1.023643e-01 -9.681355e-01 5.081859e+02
-9.696426e-01 7.675391e-02 -2.321684e-01 1.126187e+02 9.784609e-02 9.919222e-01 -8.072520e-02 -8.368734e+01 2.240970e-01 -1.009914e-01 -9.693200e-01 5.072140e+02
-9.700633e-01 7.788108e-02 -2.300254e-01 1.124086e+02 9.864800e-02 9.918862e-01 -8.018957e-02 -8.378119e+01 2.219137e-01 -1.004805e-01 -9.698752e-01 5.062409e+02
-9.716646e-01 6.996524e-02 -2.257715e-01 1.121283e+02 9.037281e-02 9.925801e-01 -8.134756e-02 -8.386983e+01 2.184048e-01 -9.944615e-02 -9.707779e-01 5.052851e+02
-9.727225e-01 6.763845e-02 -2.218917e-01 1.119251e+02 8.785534e-02 9.927082e-01 -8.253410e-02 -8.395068e+01 2.146912e-01 -9.977714e-02 -9.715720e-01 5.043093e+02
-9.736842e-01 6.000119e-02 -2.198611e-01 1.117432e+02 8.055360e-02 9.930564e-01 -8.573229e-02 -8.403891e+01 2.131904e-01 -1.011868e-01 -9.717567e-01 5.033299e+02
-9.746924e-01 5.950167e-02 -2.154860e-01 1.114929e+02 8.002230e-02 9.929199e-01 -8.778642e-02 -8.413331e+01 2.087369e-01 -1.028084e-01 -9.725530e-01 5.023664e+02
-9.760094e-01 5.275571e-02 -2.112402e-01 1.112718e+02 7.300573e-02 9.933312e-01 -8.923674e-02 -8.423643e+01 2.051238e-01 -1.025176e-01 -9.733521e-01 5.013966e+02
-9.766590e-01 5.520953e-02 -2.075791e-01 1.110731e+02 7.446615e-02 9.934976e-01 -8.612377e-02 -8.435360e+01 2.014745e-01 -9.957117e-02 -9.744196e-01 5.004236e+02
-9.772450e-01 5.556374e-02 -2.047067e-01 1.108984e+02 7.403400e-02 9.937372e-01 -8.369832e-02 -8.446902e+01 1.987740e-01 -9.694902e-02 -9.752383e-01 4.994457e+02
-9.779464e-01 5.509669e-02 -2.014576e-01 1.107149e+02 7.332105e-02 9.937523e-01 -8.414467e-02 -8.456379e+01 1.955629e-01 -9.706006e-02 -9.758763e-01 4.984673e+02
-9.786302e-01 5.707438e-02 -1.975487e-01 1.105405e+02 7.497558e-02 9.936113e-01 -8.435195e-02 -8.468201e+01 1.914723e-01 -9.736070e-02 -9.766572e-01 4.974897e+02
-9.793937e-01 5.871115e-02 -1.932379e-01 1.103508e+02 7.633729e-02 9.934468e-01 -8.506542e-02 -8.477731e+01 1.869773e-01 -9.806380e-02 -9.774574e-01 4.965125e+02
-9.807823e-01 5.865795e-02 -1.860786e-01 1.101203e+02 7.557523e-02 9.934970e-01 -8.515943e-02 -8.487265e+01 1.798733e-01 -9.758580e-02 -9.788374e-01 4.955441e+02
-9.821157e-01 6.230191e-02 -1.776716e-01 1.099151e+02 7.773031e-02 9.936593e-01 -8.123577e-02 -8.497828e+01 1.714839e-01 -9.359340e-02 -9.807311e-01 4.945711e+02
-9.842950e-01 5.978956e-02 -1.660981e-01 1.096755e+02 7.430673e-02 9.938084e-01 -8.260411e-02 -8.503544e+01 1.601308e-01 -9.364902e-02 -9.826434e-01 4.936020e+02
-9.851578e-01 5.935227e-02 -1.610631e-01 1.095122e+02 7.319951e-02 9.939862e-01 -8.144462e-02 -8.513375e+01 1.552606e-01 -9.202555e-02 -9.835779e-01 4.926203e+02
-9.861483e-01 6.315541e-02 -1.533718e-01 1.093750e+02 7.643390e-02 9.936740e-01 -8.227895e-02 -8.520643e+01 1.472052e-01 -9.286205e-02 -9.847372e-01 4.916324e+02
-9.863122e-01 7.390409e-02 -1.473989e-01 1.093360e+02 8.684923e-02 9.927238e-01 -8.340705e-02 -8.526440e+01 1.401623e-01 -9.506687e-02 -9.855541e-01 4.906349e+02
-9.881143e-01 7.155009e-02 -1.360537e-01 1.090828e+02 8.389287e-02 9.926470e-01 -8.725786e-02 -8.534926e+01 1.288100e-01 -9.763468e-02 -9.868513e-01 4.896712e+02
-9.886425e-01 6.599084e-02 -1.350227e-01 1.089363e+02 7.844178e-02 9.929317e-01 -8.907007e-02 -8.546754e+01 1.281905e-01 -9.864988e-02 -9.868310e-01 4.886891e+02
-9.897939e-01 6.026283e-02 -1.291376e-01 1.088431e+02 7.214381e-02 9.933805e-01 -8.938970e-02 -8.556708e+01 1.228959e-01 -9.779386e-02 -9.875895e-01 4.876984e+02
-9.905538e-01 6.530630e-02 -1.205743e-01 1.086699e+02 7.624473e-02 9.931581e-01 -8.845196e-02 -8.557596e+01 1.139729e-01 -9.680959e-02 -9.887558e-01 4.867136e+02
-9.913119e-01 6.306906e-02 -1.154250e-01 1.085572e+02 7.322981e-02 9.935990e-01 -8.601460e-02 -8.566807e+01 1.092613e-01 -9.371985e-02 -9.895850e-01 4.857242e+02
-9.919064e-01 5.615394e-02 -1.138787e-01 1.084399e+02 6.600303e-02 9.942227e-01 -8.464532e-02 -8.580548e+01 1.084676e-01 -9.147658e-02 -9.898822e-01 4.847407e+02
-9.924074e-01 5.675314e-02 -1.091178e-01 1.083696e+02 6.620551e-02 9.941748e-01 -8.504834e-02 -8.588120e+01 1.036555e-01 -9.162680e-02 -9.903838e-01 4.837460e+02
-9.930172e-01 5.699154e-02 -1.032899e-01 1.082873e+02 6.625656e-02 9.938605e-01 -8.860750e-02 -8.597361e+01 9.760586e-02 -9.483240e-02 -9.906967e-01 4.827537e+02
-9.934790e-01 5.603306e-02 -9.929591e-02 1.081997e+02 6.513446e-02 9.937256e-01 -9.092246e-02 -8.608740e+01 9.357823e-02 -9.679714e-02 -9.908953e-01 4.817641e+02
-9.941600e-01 5.749329e-02 -9.132535e-02 1.080690e+02 6.598923e-02 9.934853e-01 -9.291089e-02 -8.616674e+01 8.538864e-02 -9.839478e-02 -9.914773e-01 4.807758e+02
-9.947287e-01 5.851603e-02 -8.420634e-02 1.079520e+02 6.630428e-02 9.934673e-01 -9.287917e-02 -8.625834e+01 7.822132e-02 -9.797282e-02 -9.921103e-01 4.797869e+02
-9.958593e-01 6.270895e-02 -6.581623e-02 1.075919e+02 6.914871e-02 9.925188e-01 -1.006223e-01 -8.611059e+01 5.901393e-02 -1.047567e-01 -9.927454e-01 4.788658e+02
-9.965153e-01 5.830803e-02 -5.964392e-02 1.074849e+02 6.406993e-02 9.929469e-01 -9.975683e-02 -8.621996e+01 5.340662e-02 -1.032306e-01 -9.932226e-01 4.778776e+02
-9.966933e-01 6.085228e-02 -5.384698e-02 1.074197e+02 6.596833e-02 9.929000e-01 -9.898341e-02 -8.634229e+01 4.744130e-02 -1.022083e-01 -9.936311e-01 4.768872e+02
-9.968496e-01 6.350959e-02 -4.751209e-02 1.073391e+02 6.806009e-02 9.925305e-01 -1.012472e-01 -8.645786e+01 4.072703e-02 -1.041619e-01 -9.937261e-01 4.758972e+02
-9.969511e-01 6.296481e-02 -4.608529e-02 1.073411e+02 6.757146e-02 9.920266e-01 -1.063826e-01 -8.657654e+01 3.901948e-02 -1.091723e-01 -9.932567e-01 4.749043e+02
-9.975439e-01 5.708366e-02 -4.059169e-02 1.072475e+02 6.134242e-02 9.917161e-01 -1.128549e-01 -8.666774e+01 3.381327e-02 -1.150677e-01 -9.927820e-01 4.739128e+02
-9.977157e-01 5.720346e-02 -3.593340e-02 1.071805e+02 6.096041e-02 9.916036e-01 -1.140442e-01 -8.679369e+01 2.910797e-02 -1.159742e-01 -9.928256e-01 4.729231e+02
-9.979734e-01 5.492041e-02 -3.213856e-02 1.071643e+02 5.819655e-02 9.920117e-01 -1.119192e-01 -8.688322e+01 2.573518e-02 -1.135628e-01 -9.931975e-01 4.719272e+02
-9.980622e-01 5.437386e-02 -3.025287e-02 1.072032e+02 5.733857e-02 9.925214e-01 -1.077664e-01 -8.702069e+01 2.416695e-02 -1.092922e-01 -9.937158e-01 4.709375e+02
-9.978990e-01 5.998444e-02 -2.448498e-02 1.071522e+02 6.226066e-02 9.923856e-01 -1.062756e-01 -8.715012e+01 1.792366e-02 -1.075768e-01 -9.940352e-01 4.699472e+02
-9.977063e-01 6.442996e-02 -2.075893e-02 1.071586e+02 6.627878e-02 9.921408e-01 -1.061308e-01 -8.729190e+01 1.375778e-02 -1.072633e-01 -9.941355e-01 4.689573e+02
-9.976402e-01 6.622572e-02 -1.811632e-02 1.071065e+02 6.777063e-02 9.921417e-01 -1.051755e-01 -8.740280e+01 1.100863e-02 -1.061551e-01 -9.942886e-01 4.679649e+02
-9.976858e-01 6.626168e-02 -1.524615e-02 1.071450e+02 6.751216e-02 9.920256e-01 -1.064294e-01 -8.753157e+01 8.072380e-03 -1.072124e-01 -9.942034e-01 4.669739e+02
-9.979992e-01 6.222250e-02 -1.121911e-02 1.071840e+02 6.308066e-02 9.919247e-01 -1.100282e-01 -8.765803e+01 4.282280e-03 -1.105158e-01 -9.938651e-01 4.659827e+02
-9.978147e-01 6.581659e-02 -5.831416e-03 1.071817e+02 6.605331e-02 9.913732e-01 -1.132081e-01 -8.778599e+01 -1.669864e-03 -1.133459e-01 -9.935542e-01 4.649910e+02
-9.978127e-01 6.610338e-02 -4.455343e-04 1.071688e+02 6.572464e-02 9.913287e-01 -1.137875e-01 -8.791176e+01 -7.080068e-03 -1.135679e-01 -9.935050e-01 4.639990e+02
-9.973463e-01 7.272500e-02 3.393692e-03 1.072965e+02 7.191692e-02 9.913764e-01 -1.095486e-01 -8.800722e+01 -1.133134e-02 -1.090138e-01 -9.939757e-01 4.630118e+02
-9.974145e-01 7.137536e-02 8.359957e-03 1.072623e+02 7.010625e-02 9.919885e-01 -1.050900e-01 -8.814224e+01 -1.579382e-02 -1.042322e-01 -9.944276e-01 4.620215e+02
-9.970867e-01 7.536550e-02 1.175197e-02 1.073431e+02 7.379516e-02 9.921120e-01 -1.013311e-01 -8.828007e+01 -1.929615e-02 -1.001687e-01 -9.947833e-01 4.610344e+02
-9.969338e-01 7.647573e-02 1.656790e-02 1.073604e+02 7.442543e-02 9.920950e-01 -1.010367e-01 -8.839519e+01 -2.416378e-02 -9.949380e-02 -9.947447e-01 4.600412e+02
-9.965568e-01 8.042768e-02 2.014647e-02 1.074082e+02 7.797521e-02 9.917224e-01 -1.020129e-01 -8.851806e+01 -2.818437e-02 -1.000908e-01 -9.945790e-01 4.590499e+02
-9.963582e-01 8.171791e-02 2.434113e-02 1.074213e+02 7.872932e-02 9.913101e-01 -1.053849e-01 -8.863022e+01 -3.274144e-02 -1.030847e-01 -9.941336e-01 4.580563e+02
-9.964702e-01 7.899862e-02 2.839745e-02 1.074123e+02 7.545820e-02 9.911315e-01 -1.093822e-01 -8.874090e+01 -3.678665e-02 -1.068533e-01 -9.935940e-01 4.570625e+02
-9.963549e-01 7.846543e-02 3.346821e-02 1.074133e+02 7.436726e-02 9.911640e-01 -1.098335e-01 -8.885613e+01 -4.179062e-02 -1.069442e-01 -9.933864e-01 4.560691e+02
-9.966132e-01 7.174684e-02 4.018011e-02 1.073570e+02 6.698663e-02 9.917413e-01 -1.093712e-01 -8.896548e+01 -4.769531e-02 -1.063092e-01 -9.931886e-01 4.550767e+02
-9.969228e-01 6.736499e-02 4.008695e-02 1.074241e+02 6.281429e-02 9.924220e-01 -1.056079e-01 -8.911195e+01 -4.689745e-02 -1.027649e-01 -9.935995e-01 4.540898e+02
-9.968241e-01 6.802475e-02 4.140423e-02 1.074870e+02 6.333784e-02 9.923937e-01 -1.055604e-01 -8.922570e+01 -4.827001e-02 -1.026027e-01 -9.935506e-01 4.530983e+02
-9.969444e-01 6.567039e-02 4.229861e-02 1.075292e+02 6.081929e-02 9.923715e-01 -1.072369e-01 -8.934156e+01 -4.901822e-02 -1.043367e-01 -9.933333e-01 4.521059e+02
-9.966277e-01 6.855206e-02 4.509797e-02 1.075820e+02 6.333304e-02 9.920846e-01 -1.084303e-01 -8.947690e+01 -5.217412e-02 -1.052084e-01 -9.930806e-01 4.511165e+02
-9.966702e-01 6.689378e-02 4.662431e-02 1.076472e+02 6.152314e-02 9.922022e-01 -1.083957e-01 -8.959120e+01 -5.351175e-02 -1.051663e-01 -9.930139e-01 4.501252e+02
-9.961137e-01 7.333970e-02 4.877358e-02 1.077322e+02 6.788068e-02 9.921039e-01 -1.054613e-01 -8.967512e+01 -5.612296e-02 -1.017407e-01 -9.932266e-01 4.491324e+02
-9.956117e-01 7.719106e-02 5.290469e-02 1.077498e+02 7.157319e-02 9.923171e-01 -1.009157e-01 -8.981009e+01 -6.028802e-02 -9.668626e-02 -9.934874e-01 4.481417e+02
-9.954060e-01 7.547762e-02 5.890687e-02 1.077320e+02 6.905625e-02 9.921427e-01 -1.043267e-01 -8.991782e+01 -6.631836e-02 -9.977957e-02 -9.927970e-01 4.471477e+02
-9.954535e-01 7.152812e-02 6.289726e-02 1.077943e+02 6.442686e-02 9.920095e-01 -1.084726e-01 -9.003294e+01 -7.015353e-02 -1.039272e-01 -9.921077e-01 4.461563e+02
-9.952793e-01 6.993516e-02 6.729141e-02 1.078449e+02 6.221375e-02 9.919050e-01 -1.106972e-01 -9.014565e+01 -7.448831e-02 -1.059882e-01 -9.915735e-01 4.451639e+02
-9.945072e-01 7.650882e-02 7.142767e-02 1.079563e+02 6.840611e-02 9.916070e-01 -1.097098e-01 -9.025790e+01 -7.922194e-02 -1.042211e-01 -9.913939e-01 4.441765e+02
-9.937083e-01 8.232972e-02 7.593153e-02 1.080427e+02 7.390045e-02 9.914188e-01 -1.078305e-01 -9.035691e+01 -8.415761e-02 -1.015407e-01 -9.912653e-01 4.431852e+02
-9.935453e-01 7.843057e-02 8.195316e-02 1.080735e+02 6.958681e-02 9.919604e-01 -1.056990e-01 -9.050012e+01 -8.958433e-02 -9.931392e-02 -9.910153e-01 4.421960e+02
-9.936616e-01 7.223667e-02 8.613080e-02 1.081445e+02 6.315166e-02 9.925804e-01 -1.039039e-01 -9.062799e+01 -9.299742e-02 -9.780598e-02 -9.908509e-01 4.412067e+02
-9.938097e-01 6.837227e-02 8.756468e-02 1.082789e+02 5.913649e-02 9.928132e-01 -1.040427e-01 -9.074547e+01 -9.404900e-02 -9.822040e-02 -9.907106e-01 4.402228e+02
-9.934600e-01 6.941764e-02 9.065594e-02 1.083802e+02 5.991173e-02 9.928057e-01 -1.036702e-01 -9.088191e+01 -9.720027e-02 -9.756087e-02 -9.904716e-01 4.392373e+02
-9.931414e-01 6.923926e-02 9.421310e-02 1.085496e+02 5.939865e-02 9.928520e-01 -1.035215e-01 -9.100657e+01 -1.007074e-01 -9.721534e-02 -9.901551e-01 4.382597e+02
-9.929720e-01 6.404269e-02 9.952411e-02 1.086280e+02 5.340762e-02 9.929227e-01 -1.060765e-01 -9.112835e+01 -1.056132e-01 -1.000156e-01 -9.893648e-01 4.372702e+02
-9.926148e-01 6.413952e-02 1.029662e-01 1.087546e+02 5.333052e-02 9.930940e-01 -1.044994e-01 -9.128968e+01 -1.089577e-01 -9.823642e-02 -9.891804e-01 4.362915e+02
-9.918687e-01 6.790541e-02 1.076351e-01 1.088738e+02 5.709189e-02 9.932930e-01 -1.005463e-01 -9.143965e+01 -1.137409e-01 -9.358359e-02 -9.890931e-01 4.353100e+02
-9.916224e-01 6.266298e-02 1.129532e-01 1.090012e+02 5.146944e-02 9.937127e-01 -9.942832e-02 -9.151207e+01 -1.184735e-01 -9.278171e-02 -9.886130e-01 4.343208e+02
-9.909057e-01 5.917888e-02 1.208461e-01 1.091040e+02 4.694273e-02 9.937065e-01 -1.017047e-01 -9.156749e+01 -1.261043e-01 -9.510696e-02 -9.874474e-01 4.333276e+02
-9.904568e-01 5.624557e-02 1.258246e-01 1.092468e+02 4.348264e-02 9.938360e-01 -1.019769e-01 -9.169096e+01 -1.307847e-01 -9.553251e-02 -9.867973e-01 4.323456e+02
-9.891178e-01 6.182110e-02 1.335073e-01 1.093346e+02 4.817153e-02 9.934982e-01 -1.031542e-01 -9.179238e+01 -1.390164e-01 -9.560040e-02 -9.856648e-01 4.313547e+02
-9.885782e-01 6.162805e-02 1.375326e-01 1.094904e+02 4.777911e-02 9.936548e-01 -1.018204e-01 -9.194181e+01 -1.429349e-01 -9.408620e-02 -9.852499e-01 4.303783e+02
-9.876914e-01 6.242270e-02 1.434193e-01 1.096264e+02 4.775510e-02 9.934791e-01 -1.035310e-01 -9.204079e+01 -1.489467e-01 -9.540768e-02 -9.842318e-01 4.293925e+02
-9.856676e-01 6.869926e-02 1.540770e-01 1.097035e+02 5.276209e-02 9.930458e-01 -1.052437e-01 -9.214582e+01 -1.602356e-01 -9.560588e-02 -9.824378e-01 4.284010e+02
-9.857195e-01 6.782182e-02 1.541340e-01 1.099142e+02 5.182216e-02 9.930625e-01 -1.055523e-01 -9.226756e+01 -1.602235e-01 -9.605738e-02 -9.823958e-01 4.274311e+02
-9.848523e-01 6.875128e-02 1.591830e-01 1.100609e+02 5.223023e-02 9.930209e-01 -1.057424e-01 -9.237446e+01 -1.653419e-01 -9.582652e-02 -9.815698e-01 4.264477e+02
-9.848044e-01 6.442366e-02 1.612757e-01 1.102327e+02 4.795804e-02 9.934217e-01 -1.039870e-01 -9.247887e+01 -1.669140e-01 -9.467238e-02 -9.814157e-01 4.254681e+02
-9.832678e-01 6.478156e-02 1.702578e-01 1.103436e+02 4.745545e-02 9.934512e-01 -1.039360e-01 -9.256630e+01 -1.758759e-01 -9.411724e-02 -9.799029e-01 4.244781e+02
-9.824137e-01 6.892534e-02 1.735296e-01 1.105745e+02 5.156972e-02 9.933836e-01 -1.026136e-01 -9.268928e+01 -1.794542e-01 -9.186017e-02 -9.794682e-01 4.235130e+02
-9.820738e-01 7.076460e-02 1.747093e-01 1.107958e+02 5.334034e-02 9.933026e-01 -1.024932e-01 -9.281882e+01 -1.807921e-01 -9.133680e-02 -9.792711e-01 4.225464e+02
-9.818922e-01 7.287971e-02 1.748607e-01 1.110040e+02 5.579942e-02 9.933522e-01 -1.006870e-01 -9.295171e+01 -1.810363e-01 -8.910670e-02 -9.794314e-01 4.215774e+02
-9.805182e-01 7.638180e-02 1.809693e-01 1.111348e+02 5.901699e-02 9.932883e-01 -9.947497e-02 -9.306383e+01 -1.873528e-01 -8.685675e-02 -9.784451e-01 4.205923e+02
-9.806934e-01 7.501891e-02 1.805898e-01 1.114644e+02 5.777306e-02 9.934151e-01 -9.893838e-02 -9.315724e+01 -1.868229e-01 -8.659499e-02 -9.785696e-01 4.196528e+02
-9.793394e-01 8.120820e-02 1.852015e-01 1.116840e+02 6.321591e-02 9.928684e-01 -1.010749e-01 -9.327042e+01 -1.920888e-01 -8.727895e-02 -9.774888e-01 4.186838e+02
-9.786415e-01 8.295506e-02 1.880938e-01 1.118894e+02 6.405965e-02 9.924691e-01 -1.044102e-01 -9.338659e+01 -1.953386e-01 -9.013088e-02 -9.765855e-01 4.177121e+02
-9.790716e-01 7.717947e-02 1.883138e-01 1.121088e+02 5.763777e-02 9.925726e-01 -1.071336e-01 -9.347068e+01 -1.951836e-01 -9.403743e-02 -9.762481e-01 4.167401e+02
-9.782593e-01 7.631586e-02 1.928332e-01 1.122600e+02 5.717360e-02 9.930410e-01 -1.029603e-01 -9.360576e+01 -1.993488e-01 -8.969693e-02 -9.758148e-01 4.157608e+02
-9.770796e-01 7.687036e-02 1.985102e-01 1.124616e+02 5.713893e-02 9.930090e-01 -1.032877e-01 -9.370637e+01 -2.050622e-01 -8.957766e-02 -9.746411e-01 4.147865e+02
-9.771415e-01 7.626604e-02 1.984390e-01 1.127757e+02 5.607628e-02 9.928421e-01 -1.054515e-01 -9.380749e+01 -2.050609e-01 -9.191327e-02 -9.744239e-01 4.138426e+02
-9.760074e-01 7.684212e-02 2.037275e-01 1.129688e+02 5.566775e-02 9.926228e-01 -1.077081e-01 -9.390041e+01 -2.105010e-01 -9.378287e-02 -9.730848e-01 4.128658e+02
-9.762220e-01 7.525906e-02 2.032896e-01 1.132980e+02 5.365483e-02 9.925072e-01 -1.097751e-01 -9.398630e+01 -2.100280e-01 -9.625740e-02 -9.729454e-01 4.119255e+02
-9.749385e-01 7.875359e-02 2.080693e-01 1.135131e+02 5.592881e-02 9.919744e-01 -1.133968e-01 -9.410035e+01 -2.153298e-01 -9.891780e-02 -9.715186e-01 4.109555e+02
-9.743857e-01 7.805077e-02 2.109040e-01 1.137336e+02 5.408751e-02 9.916463e-01 -1.170991e-01 -9.419477e+01 -2.182818e-01 -1.026924e-01 -9.704676e-01 4.099847e+02
-9.732960e-01 8.229380e-02 2.142958e-01 1.139784e+02 5.837068e-02 9.915708e-01 -1.156727e-01 -9.432006e+01 -2.220086e-01 -1.000752e-01 -9.698954e-01 4.090233e+02
-9.720325e-01 8.510525e-02 2.188833e-01 1.141760e+02 6.105484e-02 9.915573e-01 -1.143963e-01 -9.446469e+01 -2.267711e-01 -9.783303e-02 -9.690220e-01 4.080537e+02
-9.699735e-01 8.915101e-02 2.262819e-01 1.143544e+02 6.431166e-02 9.912958e-01 -1.148763e-01 -9.459520e+01 -2.345536e-01 -9.687438e-02 -9.672642e-01 4.070785e+02
-9.708979e-01 8.901880e-02 2.223352e-01 1.148221e+02 6.357108e-02 9.908437e-01 -1.191115e-01 -9.467930e+01 -2.309026e-01 -1.015110e-01 -9.676670e-01 4.061986e+02
-9.709956e-01 8.979520e-02 2.215949e-01 1.151982e+02 6.579208e-02 9.913650e-01 -1.134322e-01 -9.492155e+01 -2.298671e-01 -9.556296e-02 -9.685189e-01 4.053043e+02
-9.717716e-01 8.095981e-02 2.215975e-01 1.155476e+02 5.658159e-02 9.918408e-01 -1.142380e-01 -9.502522e+01 -2.290381e-01 -9.847494e-02 -9.684236e-01 4.043730e+02
-9.720836e-01 7.812433e-02 2.212467e-01 1.158890e+02 5.432183e-02 9.922558e-01 -1.117032e-01 -9.516830e+01 -2.282601e-01 -9.656630e-02 -9.687994e-01 4.034441e+02
-9.703106e-01 7.199277e-02 2.308989e-01 1.160315e+02 4.791735e-02 9.929696e-01 -1.082375e-01 -9.540218e+01 -2.370679e-01 -9.395992e-02 -9.669386e-01 4.024823e+02
-9.695295e-01 7.149563e-02 2.343094e-01 1.162908e+02 4.670323e-02 9.928661e-01 -1.097072e-01 -9.552278e+01 -2.404815e-01 -9.542137e-02 -9.659521e-01 4.015241e+02
-9.704133e-01 6.782040e-02 2.317292e-01 1.166769e+02 4.240552e-02 9.926952e-01 -1.129513e-01 -9.560585e+01 -2.376969e-01 -9.978280e-02 -9.662006e-01 4.006054e+02
-9.700574e-01 6.628168e-02 2.336564e-01 1.169478e+02 4.060090e-02 9.927586e-01 -1.130571e-01 -9.568133e+01 -2.394580e-01 -1.001852e-01 -9.657240e-01 3.996457e+02
-9.685810e-01 6.463495e-02 2.401522e-01 1.170550e+02 3.872553e-02 9.930561e-01 -1.110850e-01 -9.581726e+01 -2.456646e-01 -9.829485e-02 -9.643584e-01 3.986608e+02
-9.683812e-01 5.948677e-02 2.422791e-01 1.173222e+02 3.334609e-02 9.933051e-01 -1.106030e-01 -9.596424e+01 -2.472364e-01 -9.902681e-02 -9.638816e-01 3.977085e+02
-9.662302e-01 6.228251e-02 2.500403e-01 1.175047e+02 3.589689e-02 9.934224e-01 -1.087352e-01 -9.610400e+01 -2.551680e-01 -9.608752e-02 -9.621104e-01 3.967352e+02
-9.649670e-01 6.236966e-02 2.548503e-01 1.177415e+02 3.628398e-02 9.937243e-01 -1.058088e-01 -9.623136e+01 -2.598502e-01 -9.285503e-02 -9.611742e-01 3.957721e+02
-9.652142e-01 5.756828e-02 2.550439e-01 1.180381e+02 3.112230e-02 9.938210e-01 -1.065420e-01 -9.633931e+01 -2.596014e-01 -9.489829e-02 -9.610418e-01 3.948232e+02
-9.634286e-01 5.857321e-02 2.614852e-01 1.182559e+02 3.122955e-02 9.937113e-01 -1.075296e-01 -9.644677e+01 -2.661392e-01 -9.543106e-02 -9.591991e-01 3.938531e+02
-9.624451e-01 5.755617e-02 2.653049e-01 1.185103e+02 3.000018e-02 9.938307e-01 -1.067736e-01 -9.657323e+01 -2.698136e-01 -9.480454e-02 -9.582342e-01 3.928943e+02
-9.622301e-01 5.550264e-02 2.665197e-01 1.188193e+02 2.844130e-02 9.941344e-01 -1.043450e-01 -9.671010e+01 -2.707478e-01 -9.282374e-02 -9.581646e-01 3.919532e+02
-9.622341e-01 5.758228e-02 2.660636e-01 1.191330e+02 2.955887e-02 9.936943e-01 -1.081570e-01 -9.684683e+01 -2.706139e-01 -9.620777e-02 -9.578686e-01 3.910136e+02
-9.609628e-01 6.144622e-02 2.697683e-01 1.193898e+02 3.220069e-02 9.932393e-01 -1.115295e-01 -9.697489e+01 -2.747976e-01 -9.848901e-02 -9.564446e-01 3.900556e+02
-9.605598e-01 5.849305e-02 2.718520e-01 1.197032e+02 2.858022e-02 9.932157e-01 -1.127202e-01 -9.709659e+01 -2.766010e-01 -1.005049e-01 -9.557147e-01 3.891138e+02
-9.617638e-01 5.132981e-02 2.690273e-01 1.200444e+02 2.232261e-02 9.937037e-01 -1.097938e-01 -9.722674e+01 -2.729691e-01 -9.959032e-02 -9.568540e-01 3.881829e+02
-9.624118e-01 4.839196e-02 2.672486e-01 1.203769e+02 1.997771e-02 9.939463e-01 -1.080351e-01 -9.734647e+01 -2.708587e-01 -9.863526e-02 -9.575524e-01 3.872474e+02
-9.614733e-01 4.763396e-02 2.707398e-01 1.206679e+02 1.871705e-02 9.939308e-01 -1.084027e-01 -9.747162e+01 -2.742602e-01 -9.915885e-02 -9.565296e-01 3.862989e+02
-9.595243e-01 4.948923e-02 2.772434e-01 1.209058e+02 1.973413e-02 9.938343e-01 -1.091053e-01 -9.759724e+01 -2.809336e-01 -9.921801e-02 -9.545848e-01 3.853358e+02
-9.577668e-01 5.505912e-02 2.822255e-01 1.212946e+02 2.486298e-02 9.936780e-01 -1.094802e-01 -9.767650e+01 -2.864691e-01 -9.783952e-02 -9.530807e-01 3.844179e+02
-9.562073e-01 5.409009e-02 2.876488e-01 1.216463e+02 2.384499e-02 9.939050e-01 -1.076300e-01 -9.776503e+01 -2.917173e-01 -9.605765e-02 -9.516690e-01 3.834860e+02
-9.549650e-01 5.382285e-02 2.917961e-01 1.219570e+02 2.404332e-02 9.942132e-01 -1.046994e-01 -9.788661e+01 -2.957427e-01 -9.296849e-02 -9.507329e-01 3.825433e+02
-9.531487e-01 5.701686e-02 2.970802e-01 1.222448e+02 2.786028e-02 9.944482e-01 -1.014720e-01 -9.802170e+01 -3.012165e-01 -8.844117e-02 -9.494455e-01 3.815951e+02
-9.512416e-01 5.731594e-02 3.030748e-01 1.225101e+02 2.666842e-02 9.941869e-01 -1.043130e-01 -9.815734e+01 -3.072918e-01 -9.114433e-02 -9.472404e-01 3.806406e+02
-9.482599e-01 5.773750e-02 3.122012e-01 1.227937e+02 2.486907e-02 9.938119e-01 -1.082567e-01 -9.825009e+01 -3.165197e-01 -9.489136e-02 -9.438278e-01 3.796861e+02
-9.445690e-01 6.201376e-02 3.224029e-01 1.230375e+02 2.878865e-02 9.938611e-01 -1.068235e-01 -9.834548e+01 -3.270483e-01 -9.162059e-02 -9.405557e-01 3.787210e+02
-9.432551e-01 5.744098e-02 3.270633e-01 1.233857e+02 2.404111e-02 9.941536e-01 -1.052648e-01 -9.846622e+01 -3.311977e-01 -9.142863e-02 -9.391214e-01 3.777914e+02
-9.418381e-01 5.262290e-02 3.319215e-01 1.237156e+02 1.781310e-02 9.940931e-01 -1.070585e-01 -9.856798e+01 -3.355946e-01 -9.491921e-02 -9.372122e-01 3.768529e+02
-9.399174e-01 5.886194e-02 3.362893e-01 1.241114e+02 2.373522e-02 9.939079e-01 -1.076282e-01 -9.868266e+01 -3.405757e-01 -9.317969e-02 -9.355884e-01 3.759417e+02
-9.387797e-01 6.030733e-02 3.391987e-01 1.244790e+02 2.376263e-02 9.935496e-01 -1.108803e-01 -9.880846e+01 -3.436977e-01 -9.603190e-02 -9.341573e-01 3.750203e+02
-9.354294e-01 5.388516e-02 3.493826e-01 1.243772e+02 1.467498e-02 9.933817e-01 -1.139185e-01 -9.902279e+01 -3.532088e-01 -1.014355e-01 -9.300292e-01 3.740489e+02
-9.342654e-01 5.414617e-02 3.524435e-01 1.247043e+02 1.442803e-02 9.933345e-01 -1.143606e-01 -9.916327e+01 -3.562864e-01 -1.017581e-01 -9.288193e-01 3.731143e+02
-9.335000e-01 5.243649e-02 3.547228e-01 1.250905e+02 1.227974e-02 9.933446e-01 -1.145243e-01 -9.929413e+01 -3.583672e-01 -1.025525e-01 -9.279310e-01 3.722013e+02
-9.306298e-01 5.071375e-02 3.624312e-01 1.253895e+02 8.979103e-03 9.932178e-01 -1.159215e-01 -9.940972e+01 -3.658519e-01 -1.046257e-01 -9.247734e-01 3.712540e+02
-9.297053e-01 4.580815e-02 3.654444e-01 1.257369e+02 3.380486e-03 9.932547e-01 -1.159036e-01 -9.953186e+01 -3.682887e-01 -1.065208e-01 -9.235891e-01 3.703243e+02
-9.294568e-01 4.214064e-02 3.665164e-01 1.262100e+02 -4.535656e-04 9.933238e-01 -1.153588e-01 -9.971889e+01 -3.689307e-01 -1.073872e-01 -9.232324e-01 3.694634e+02
-9.279115e-01 4.443342e-02 3.701431e-01 1.265929e+02 1.306622e-03 9.932532e-01 -1.159584e-01 -9.986568e+01 -3.727983e-01 -1.071155e-01 -9.217091e-01 3.685514e+02
-9.257905e-01 4.651590e-02 3.751642e-01 1.269565e+02 9.767993e-04 9.926920e-01 -1.206716e-01 -9.999250e+01 -3.780357e-01 -1.113501e-01 -9.190703e-01 3.676285e+02
-9.242338e-01 4.362179e-02 3.793272e-01 1.273066e+02 -2.816686e-03 9.926467e-01 -1.210151e-01 -1.001662e+02 -3.818168e-01 -1.129147e-01 -9.173147e-01 3.667080e+02
-9.227628e-01 4.151610e-02 3.831255e-01 1.277131e+02 -6.001168e-03 9.925115e-01 -1.220041e-01 -1.002887e+02 -3.853216e-01 -1.148800e-01 -9.156036e-01 3.658026e+02
-9.213831e-01 3.461352e-02 3.871113e-01 1.280658e+02 -1.379215e-02 9.924870e-01 -1.215705e-01 -1.004460e+02 -3.884109e-01 -1.173521e-01 -9.139833e-01 3.648802e+02
-9.197801e-01 3.627567e-02 3.907538e-01 1.285102e+02 -1.334303e-02 9.922519e-01 -1.235234e-01 -1.005389e+02 -3.922071e-01 -1.188282e-01 -9.121696e-01 3.639892e+02
-9.185681e-01 3.226448e-02 3.939437e-01 1.289036e+02 -1.783861e-02 9.922634e-01 -1.228623e-01 -1.006566e+02 -3.948600e-01 -1.198848e-01 -9.108860e-01 3.630774e+02
-9.169766e-01 3.088778e-02 3.977435e-01 1.293614e+02 -1.922165e-02 9.924196e-01 -1.213834e-01 -1.008180e+02 -3.984777e-01 -1.189510e-01 -9.094318e-01 3.622031e+02
-9.159521e-01 2.988098e-02 4.001735e-01 1.298374e+02 -2.035634e-02 9.924801e-01 -1.207019e-01 -1.009017e+02 -4.007709e-01 -1.187032e-01 -9.084559e-01 3.613276e+02
-9.135550e-01 3.004977e-02 4.056035e-01 1.302303e+02 -2.116450e-02 9.924033e-01 -1.211933e-01 -1.010347e+02 -4.061641e-01 -1.193011e-01 -9.059790e-01 3.604177e+02
-9.128284e-01 2.913521e-02 4.073025e-01 1.307023e+02 -2.309823e-02 9.921702e-01 -1.227387e-01 -1.011654e+02 -4.076895e-01 -1.214474e-01 -9.050082e-01 3.595459e+02
-9.093759e-01 3.046350e-02 4.148584e-01 1.310306e+02 -2.249915e-02 9.922528e-01 -1.221807e-01 -1.012499e+02 -4.153665e-01 -1.204421e-01 -9.016454e-01 3.586051e+02
-9.068702e-01 3.104343e-02 4.202650e-01 1.314771e+02 -2.164438e-02 9.925355e-01 -1.200203e-01 -1.013624e+02 -4.208538e-01 -1.179393e-01 -8.994290e-01 3.577174e+02
-9.051087e-01 3.181903e-02 4.239880e-01 1.319594e+02 -2.253807e-02 9.922033e-01 -1.225751e-01 -1.014870e+02 -4.245825e-01 -1.204996e-01 -8.973347e-01 3.568503e+02
-9.034404e-01 3.439420e-02 4.273317e-01 1.324417e+02 -2.125495e-02 9.919574e-01 -1.247746e-01 -1.016067e+02 -4.281864e-01 -1.218094e-01 -8.954434e-01 3.559825e+02
-9.012638e-01 3.512116e-02 4.318449e-01 1.328462e+02 -2.160153e-02 9.918273e-01 -1.257461e-01 -1.017581e+02 -4.327319e-01 -1.226589e-01 -8.931394e-01 3.550806e+02
-8.995413e-01 3.767215e-02 4.352082e-01 1.333554e+02 -1.785176e-02 9.922720e-01 -1.227905e-01 -1.018731e+02 -4.364707e-01 -1.182243e-01 -8.919172e-01 3.542277e+02
-8.971829e-01 3.660898e-02 4.401393e-01 1.337902e+02 -1.814801e-02 9.926613e-01 -1.195585e-01 -1.020109e+02 -4.412862e-01 -1.152535e-01 -8.899344e-01 3.533377e+02
-8.962553e-01 3.633706e-02 4.420476e-01 1.343555e+02 -1.804258e-02 9.928267e-01 -1.181935e-01 -1.021061e+02 -4.431715e-01 -1.139072e-01 -8.891705e-01 3.525184e+02
-8.951010e-01 2.891431e-02 4.449248e-01 1.347307e+02 -2.771760e-02 9.923563e-01 -1.202526e-01 -1.022740e+02 -4.450010e-01 -1.199704e-01 -8.874577e-01 3.516068e+02
-8.938202e-01 2.720899e-02 4.475993e-01 1.352155e+02 -3.093263e-02 9.920388e-01 -1.220748e-01 -1.023969e+02 -4.473574e-01 -1.229583e-01 -8.858626e-01 3.507409e+02
-8.914962e-01 2.994347e-02 4.520376e-01 1.356702e+02 -2.888204e-02 9.920268e-01 -1.226733e-01 -1.025084e+02 -4.521066e-01 -1.224186e-01 -8.835232e-01 3.498572e+02
-8.900771e-01 3.056332e-02 4.547841e-01 1.361080e+02 -2.792699e-02 9.922183e-01 -1.213382e-01 -1.026502e+02 -4.549536e-01 -1.207011e-01 -8.822973e-01 3.489694e+02
-8.891143e-01 3.019077e-02 4.566883e-01 1.365616e+02 -2.826164e-02 9.922963e-01 -1.206206e-01 -1.027937e+02 -4.568117e-01 -1.201523e-01 -8.814116e-01 3.480898e+02
-8.885694e-01 3.089683e-02 4.577006e-01 1.370707e+02 -2.734108e-02 9.923889e-01 -1.200700e-01 -1.029258e+02 -4.579267e-01 -1.192046e-01 -8.809616e-01 3.472393e+02
-8.877999e-01 3.153257e-02 4.591481e-01 1.375517e+02 -2.631754e-02 9.925393e-01 -1.190510e-01 -1.030500e+02 -4.594765e-01 -1.177771e-01 -8.803465e-01 3.463714e+02
-8.875439e-01 1.755782e-02 4.603884e-01 1.378938e+02 -4.154078e-02 9.921538e-01 -1.179207e-01 -1.033084e+02 -4.588465e-01 -1.237847e-01 -8.798507e-01 3.454680e+02
-8.873105e-01 1.324017e-02 4.609824e-01 1.383685e+02 -4.589264e-02 9.920911e-01 -1.168298e-01 -1.034322e+02 -4.588834e-01 -1.248200e-01 -8.796852e-01 3.445966e+02
-8.874908e-01 9.185152e-03 4.607339e-01 1.388705e+02 -4.966175e-02 9.920723e-01 -1.154390e-01 -1.036273e+02 -4.581417e-01 -1.253319e-01 -8.799989e-01 3.437540e+02
-9.277543e-01 -1.699613e-03 3.731878e-01 1.397469e+02 -4.000344e-02 9.946809e-01 -9.491947e-02 -1.038614e+02 -3.710414e-01 -1.029907e-01 -9.228874e-01 3.441748e+02
-9.269486e-01 -3.507857e-03 3.751720e-01 1.401246e+02 -4.179731e-02 9.946973e-01 -9.396946e-02 -1.039631e+02 -3.728529e-01 -1.027860e-01 -9.221799e-01 3.432545e+02
-9.263608e-01 -3.502811e-03 3.766210e-01 1.404770e+02 -4.057627e-02 9.950650e-01 -9.054923e-02 -1.040551e+02 -3.744452e-01 -9.916313e-02 -9.219314e-01 3.423231e+02
-9.258279e-01 -3.494615e-03 3.779293e-01 1.408393e+02 -4.010900e-02 9.952189e-01 -8.905404e-02 -1.040986e+02 -3.758111e-01 -9.760707e-02 -9.215416e-01 3.413921e+02
-9.261409e-01 -1.044187e-02 3.770332e-01 1.412248e+02 -4.682318e-02 9.950672e-01 -8.745782e-02 -1.041953e+02 -3.742602e-01 -9.865216e-02 -9.220613e-01 3.404745e+02
-9.263360e-01 -1.078797e-02 3.765438e-01 1.415714e+02 -4.673961e-02 9.951572e-01 -8.647294e-02 -1.043037e+02 -3.737874e-01 -9.770251e-02 -9.223542e-01 3.395428e+02
-9.274588e-01 -6.558097e-03 3.738678e-01 1.419541e+02 -4.283073e-02 9.951286e-01 -8.879501e-02 -1.044019e+02 -3.714642e-01 -9.836675e-02 -9.232217e-01 3.386241e+02
-9.290853e-01 1.135367e-03 3.698639e-01 1.424098e+02 -3.569143e-02 9.950532e-01 -9.271014e-02 -1.044957e+02 -3.681395e-01 -9.933659e-02 -9.244488e-01 3.377389e+02
-9.297606e-01 1.620223e-02 3.678079e-01 1.428455e+02 -1.992039e-02 9.953538e-01 -9.420176e-02 -1.045602e+02 -3.676253e-01 -9.491197e-02 -9.251180e-01 3.368412e+02
-9.295598e-01 2.007842e-02 3.681242e-01 1.431499e+02 -1.494008e-02 9.956441e-01 -9.203050e-02 -1.047005e+02 -3.683685e-01 -9.104766e-02 -9.252108e-01 3.358990e+02
-9.302854e-01 2.397833e-02 3.660522e-01 1.435438e+02 -1.033122e-02 9.957531e-01 -9.148279e-02 -1.048383e+02 -3.666912e-01 -8.888686e-02 -9.260868e-01 3.349902e+02
-9.579586e-01 1.785014e-02 2.863508e-01 1.444456e+02 1.559784e-03 9.983720e-01 -5.701704e-02 -1.052445e+02 -2.869024e-01 -5.417331e-02 -9.564268e-01 3.351372e+02
-9.586943e-01 1.518365e-02 2.840328e-01 1.447723e+02 -1.117414e-03 9.983655e-01 -5.714159e-02 -1.052944e+02 -2.844361e-01 -5.509870e-02 -9.571103e-01 3.341934e+02
-9.591214e-01 1.356681e-02 2.826696e-01 1.450313e+02 -2.174342e-03 9.984674e-01 -5.529945e-02 -1.053355e+02 -2.829867e-01 -5.365350e-02 -9.576220e-01 3.332284e+02
-9.600827e-01 1.108933e-02 2.794962e-01 1.453306e+02 -5.424092e-03 9.982879e-01 -5.824022e-02 -1.053990e+02 -2.796635e-01 -5.743144e-02 -9.583788e-01 3.322763e+02
-9.610291e-01 8.084206e-03 2.763288e-01 1.456646e+02 -9.291818e-03 9.980629e-01 -6.151459e-02 -1.054552e+02 -2.762909e-01 -6.168491e-02 -9.590925e-01 3.313354e+02
-9.609712e-01 6.614285e-03 2.765695e-01 1.459764e+02 -1.165440e-02 9.978588e-01 -6.435876e-02 -1.055219e+02 -2.764030e-01 -6.507016e-02 -9.588364e-01 3.303876e+02
-9.611015e-01 1.083574e-02 2.759827e-01 1.462558e+02 -7.240428e-03 9.978983e-01 -6.439443e-02 -1.056117e+02 -2.761004e-01 -6.388781e-02 -9.590031e-01 3.294316e+02
-9.604758e-01 1.609614e-02 2.778976e-01 1.464938e+02 -2.835566e-03 9.977092e-01 -6.758879e-02 -1.056958e+02 -2.783489e-01 -6.570540e-02 -9.582300e-01 3.284640e+02
-9.600070e-01 1.937091e-02 2.793050e-01 1.467777e+02 1.519582e-04 9.976396e-01 -6.866796e-02 -1.057826e+02 -2.799758e-01 -6.587928e-02 -9.577439e-01 3.275091e+02
-9.599769e-01 2.096732e-02 2.792932e-01 1.470959e+02 1.851840e-03 9.976473e-01 -6.853109e-02 -1.058722e+02 -2.800730e-01 -6.527105e-02 -9.577572e-01 3.265653e+02
-9.596217e-01 2.486731e-02 2.801925e-01 1.473679e+02 6.664580e-03 9.978151e-01 -6.573160e-02 -1.059601e+02 -2.812148e-01 -6.121011e-02 -9.576907e-01 3.256071e+02
-9.592131e-01 2.906069e-02 2.811861e-01 1.476841e+02 1.177619e-02 9.979462e-01 -6.296587e-02 -1.060400e+02 -2.824385e-01 -5.708639e-02 -9.575853e-01 3.246617e+02
-9.592131e-01 2.906069e-02 2.811861e-01 1.479666e+02 1.177619e-02 9.979462e-01 -6.296587e-02 -1.061540e+02 -2.824385e-01 -5.708639e-02 -9.575853e-01 3.237093e+02
-9.594756e-01 2.534166e-02 2.806497e-01 1.483097e+02 7.893318e-03 9.979742e-01 -6.312808e-02 -1.062830e+02 -2.816810e-01 -5.835460e-02 -9.577320e-01 3.227789e+02
-9.594756e-01 2.534166e-02 2.806497e-01 1.486184e+02 7.893318e-03 9.979742e-01 -6.312808e-02 -1.063357e+02 -2.816810e-01 -5.835460e-02 -9.577320e-01 3.218292e+02
-9.594185e-01 2.161825e-02 2.811562e-01 1.489072e+02 4.320367e-03 9.980669e-01 -6.199903e-02 -1.064028e+02 -2.819530e-01 -5.826831e-02 -9.576572e-01 3.208741e+02
-9.594453e-01 1.935413e-02 2.812296e-01 1.492310e+02 2.998413e-03 9.982845e-01 -5.847222e-02 -1.064958e+02 -2.818788e-01 -5.525766e-02 -9.578575e-01 3.199326e+02
-9.593071e-01 1.868355e-02 2.817459e-01 1.495046e+02 2.235542e-03 9.982798e-01 -5.858769e-02 -1.065380e+02 -2.823558e-01 -5.557373e-02 -9.576987e-01 3.189717e+02
-9.593823e-01 1.553026e-02 2.816815e-01 1.498359e+02 -1.220483e-03 9.982457e-01 -5.919424e-02 -1.066416e+02 -2.821067e-01 -5.713369e-02 -9.576803e-01 3.180339e+02
-9.599361e-01 1.099869e-02 2.800030e-01 1.501604e+02 -6.098560e-03 9.981727e-01 -6.011658e-02 -1.067823e+02 -2.801525e-01 -5.941569e-02 -9.581150e-01 3.170985e+02
-9.592028e-01 1.688212e-02 2.822145e-01 1.503746e+02 -8.113300e-04 9.980471e-01 -6.246093e-02 -1.068036e+02 -2.827178e-01 -6.014167e-02 -9.573158e-01 3.161219e+02
-9.586008e-01 1.588897e-02 2.843097e-01 1.504949e+02 -2.244529e-03 9.979894e-01 -6.334160e-02 -1.068742e+02 -2.847445e-01 -6.135745e-02 -9.566378e-01 3.151317e+02
-9.578533e-01 2.414762e-02 2.862410e-01 1.507396e+02 6.212756e-03 9.979689e-01 -6.339995e-02 -1.068360e+02 -2.871906e-01 -5.894950e-02 -9.560578e-01 3.141628e+02
-9.583736e-01 2.106665e-02 2.847390e-01 1.510995e+02 3.564007e-03 9.980792e-01 -6.184801e-02 -1.069308e+02 -2.854950e-01 -5.825868e-02 -9.566078e-01 3.132347e+02
-9.586440e-01 2.094601e-02 2.838360e-01 1.514493e+02 3.010270e-03 9.979786e-01 -6.347994e-02 -1.069842e+02 -2.845919e-01 -6.000024e-02 -9.567693e-01 3.122994e+02
-9.589657e-01 1.751731e-02 2.829806e-01 1.517627e+02 -1.344829e-03 9.977972e-01 -6.632386e-02 -1.070573e+02 -2.835191e-01 -6.398287e-02 -9.568297e-01 3.113526e+02
-9.588316e-01 1.991061e-02 2.832764e-01 1.520857e+02 2.623658e-04 9.976007e-01 -6.923019e-02 -1.071523e+02 -2.839751e-01 -6.630577e-02 -9.565363e-01 3.104110e+02
-9.588085e-01 2.021416e-02 2.833330e-01 1.523745e+02 4.425376e-04 9.975698e-01 -6.967324e-02 -1.072603e+02 -2.840529e-01 -6.667791e-02 -9.564873e-01 3.094597e+02
-9.587640e-01 1.581885e-02 2.837629e-01 1.526747e+02 -4.190688e-03 9.975543e-01 -6.976967e-02 -1.073268e+02 -2.841726e-01 -6.808181e-02 -9.563529e-01 3.085081e+02
-9.594930e-01 1.153208e-02 2.814964e-01 1.530329e+02 -7.949067e-03 9.976560e-01 -6.796576e-02 -1.074015e+02 -2.816204e-01 -6.745031e-02 -9.571522e-01 3.075775e+02
-9.599865e-01 6.127974e-03 2.799791e-01 1.533699e+02 -1.289840e-02 9.977321e-01 -6.606337e-02 -1.074671e+02 -2.797490e-01 -6.703123e-02 -9.577303e-01 3.066383e+02
-9.603787e-01 3.940938e-03 2.786703e-01 1.537063e+02 -1.403661e-02 9.979471e-01 -6.248713e-02 -1.075811e+02 -2.783445e-01 -6.392290e-02 -9.583518e-01 3.057035e+02
-9.607278e-01 -8.635841e-04 2.774913e-01 1.540448e+02 -1.812087e-02 9.980559e-01 -5.963186e-02 -1.076515e+02 -2.769003e-01 -6.231837e-02 -9.588757e-01 3.047651e+02
-9.611474e-01 -4.404571e-03 2.760005e-01 1.543597e+02 -2.100560e-02 9.981405e-01 -5.722126e-02 -1.077496e+02 -2.752352e-01 -6.079562e-02 -9.594527e-01 3.038211e+02
-9.609256e-01 -9.168003e-03 2.766548e-01 1.546420e+02 -2.672168e-02 9.978558e-01 -5.974666e-02 -1.078132e+02 -2.755138e-01 -6.480477e-02 -9.591103e-01 3.028639e+02
-9.607119e-01 -9.633083e-03 2.773804e-01 1.549052e+02 -2.746631e-02 9.977916e-01 -6.047796e-02 -1.079227e+02 -2.761853e-01 -6.572051e-02 -9.588548e-01 3.019054e+02
-9.611759e-01 -1.042929e-02 2.757394e-01 1.552183e+02 -2.859697e-02 9.976696e-01 -6.194885e-02 -1.079919e+02 -2.744507e-01 -6.742905e-02 -9.592341e-01 3.009582e+02
-9.612472e-01 -1.293793e-02 2.753841e-01 1.555283e+02 -3.123089e-02 9.975783e-01 -6.214594e-02 -1.080903e+02 -2.739131e-01 -6.833810e-02 -9.593235e-01 3.000126e+02
-9.609854e-01 -1.464572e-02 2.762111e-01 1.557824e+02 -3.354182e-02 9.973981e-01 -6.381203e-02 -1.081172e+02 -2.745578e-01 -7.058706e-02 -9.589763e-01 2.990458e+02
-9.609535e-01 -1.580912e-02 2.762580e-01 1.560523e+02 -3.446118e-02 9.974314e-01 -6.279306e-02 -1.082065e+02 -2.745557e-01 -6.986139e-02 -9.590300e-01 2.980870e+02
-9.613304e-01 -1.721374e-02 2.748590e-01 1.563782e+02 -3.466123e-02 9.976710e-01 -5.874737e-02 -1.082932e+02 -2.732076e-01 -6.600259e-02 -9.596881e-01 2.971456e+02
-9.612842e-01 -1.796130e-02 2.749730e-01 1.566618e+02 -3.497085e-02 9.977568e-01 -5.708166e-02 -1.083877e+02 -2.733310e-01 -6.448773e-02 -9.597560e-01 2.961913e+02
-9.612848e-01 -1.675112e-02 2.750473e-01 1.569902e+02 -3.425321e-02 9.976729e-01 -5.895333e-02 -1.084495e+02 -2.734197e-01 -6.609219e-02 -9.596215e-01 2.952488e+02
-9.615246e-01 -1.286493e-02 2.744175e-01 1.573205e+02 -3.020437e-02 9.977977e-01 -5.905474e-02 -1.085621e+02 -2.730534e-01 -6.507119e-02 -9.597956e-01 2.943117e+02
-9.616418e-01 -9.375735e-03 2.741480e-01 1.576376e+02 -2.673925e-02 9.978601e-01 -5.966817e-02 -1.086417e+02 -2.730019e-01 -6.470992e-02 -9.598347e-01 2.933666e+02
-9.620371e-01 -1.051195e-02 2.727162e-01 1.579590e+02 -2.789169e-02 9.978128e-01 -5.993001e-02 -1.087327e+02 -2.714898e-01 -6.526140e-02 -9.602261e-01 2.924241e+02
-9.623758e-01 -9.208048e-03 2.715660e-01 1.582717e+02 -2.651925e-02 9.978373e-01 -6.014506e-02 -1.088305e+02 -2.704249e-01 -6.508387e-02 -9.605386e-01 2.914793e+02
-9.621329e-01 -6.731605e-03 2.724976e-01 1.585324e+02 -2.306564e-02 9.981201e-01 -5.678312e-02 -1.089097e+02 -2.716030e-01 -6.091824e-02 -9.604794e-01 2.905171e+02
-9.625518e-01 -8.314797e-03 2.709704e-01 1.588324e+02 -2.257663e-02 9.985161e-01 -4.955788e-02 -1.089877e+02 -2.701562e-01 -5.381962e-02 -9.613111e-01 2.895663e+02
-9.631352e-01 -1.300035e-02 2.687036e-01 1.591395e+02 -2.639048e-02 9.985798e-01 -4.628039e-02 -1.090303e+02 -2.677203e-01 -5.166549e-02 -9.621104e-01 2.886156e+02
-9.625695e-01 -8.885509e-03 2.708894e-01 1.593956e+02 -2.275452e-02 9.985833e-01 -4.810041e-02 -1.090840e+02 -2.700782e-01 -5.246395e-02 -9.614080e-01 2.876505e+02
-9.626825e-01 -1.910081e-03 2.706265e-01 1.596722e+02 -1.606099e-02 9.986158e-01 -5.008450e-02 -1.091740e+02 -2.701563e-01 -5.256200e-02 -9.613807e-01 2.866937e+02
-9.622795e-01 -1.950885e-04 2.720629e-01 1.599279e+02 -1.478430e-02 9.985597e-01 -5.157567e-02 -1.092360e+02 -2.716609e-01 -5.365246e-02 -9.608963e-01 2.857289e+02
-9.619971e-01 9.964903e-04 2.730578e-01 1.602062e+02 -1.308496e-02 9.986763e-01 -4.974356e-02 -1.093051e+02 -2.727459e-01 -5.142611e-02 -9.607107e-01 2.847709e+02
-9.607455e-01 -1.256037e-02 2.771467e-01 1.604079e+02 -2.923370e-02 9.979965e-01 -5.611087e-02 -1.092578e+02 -2.758867e-01 -6.201029e-02 -9.591878e-01 2.837926e+02
-9.599327e-01 -4.414229e-03 2.801960e-01 1.606587e+02 -2.006160e-02 9.983929e-01 -5.300095e-02 -1.093306e+02 -2.795117e-01 -5.649852e-02 -9.584785e-01 2.828273e+02
-9.601517e-01 -6.313757e-03 2.794079e-01 1.609724e+02 -2.201202e-02 9.983475e-01 -5.308210e-02 -1.094220e+02 -2.786110e-01 -5.711721e-02 -9.587041e-01 2.818822e+02
-9.604373e-01 -4.791966e-03 2.784551e-01 1.612767e+02 -2.175737e-02 9.980871e-01 -5.786854e-02 -1.095057e+02 -2.776452e-01 -6.163756e-02 -9.587043e-01 2.809333e+02
-9.604791e-01 -6.657040e-03 2.782727e-01 1.615710e+02 -2.596122e-02 9.974987e-01 -6.574424e-02 -1.095684e+02 -2.771390e-01 -7.037026e-02 -9.582495e-01 2.799797e+02
-9.608705e-01 -1.386312e-02 2.766508e-01 1.618860e+02 -3.403608e-02 9.970875e-01 -6.825037e-02 -1.096310e+02 -2.748989e-01 -7.499587e-02 -9.585438e-01 2.790326e+02
-9.607344e-01 -1.581131e-02 2.770189e-01 1.621310e+02 -3.527945e-02 9.972330e-01 -6.543459e-02 -1.097105e+02 -2.752178e-01 -7.263833e-02 -9.586338e-01 2.780664e+02
-9.609671e-01 -2.070896e-02 2.758864e-01 1.624279e+02 -3.933691e-02 9.972908e-01 -6.215827e-02 -1.097905e+02 -2.738517e-01 -7.058457e-02 -9.591783e-01 2.771148e+02
-9.611019e-01 -1.378590e-02 2.758496e-01 1.626937e+02 -3.221253e-02 9.975325e-01 -6.238050e-02 -1.098688e+02 -2.743090e-01 -6.883983e-02 -9.591745e-01 2.761540e+02
-9.612864e-01 -8.568748e-03 2.754180e-01 1.629947e+02 -2.781289e-02 9.974291e-01 -6.604302e-02 -1.099350e+02 -2.741440e-01 -7.114643e-02 -9.590533e-01 2.752027e+02
-9.620012e-01 -1.312484e-02 2.727295e-01 1.633255e+02 -3.346304e-02 9.969817e-01 -7.005573e-02 -1.100032e+02 -2.709869e-01 -7.652006e-02 -9.595368e-01 2.742614e+02
-9.773631e-01 -2.571011e-02 2.100011e-01 1.641642e+02 -3.245746e-02 9.990596e-01 -2.874649e-02 -1.105455e+02 -2.090645e-01 -3.491186e-02 -9.772785e-01 2.742115e+02
-9.773888e-01 -2.655349e-02 2.097760e-01 1.643681e+02 -3.314885e-02 9.990585e-01 -2.798620e-02 -1.105675e+02 -2.088353e-01 -3.430723e-02 -9.773489e-01 2.732328e+02
-9.773490e-01 -2.891877e-02 2.096487e-01 1.645661e+02 -3.450777e-02 9.991386e-01 -2.304939e-02 -1.106053e+02 -2.088016e-01 -2.976181e-02 -9.775051e-01 2.722533e+02
-9.771656e-01 -3.125668e-02 2.101677e-01 1.647407e+02 -3.599895e-02 9.991754e-01 -1.877560e-02 -1.106404e+02 -2.094075e-01 -2.591269e-02 -9.774850e-01 2.712693e+02
-9.771648e-01 -3.122772e-02 2.101755e-01 1.649604e+02 -3.595975e-02 9.991777e-01 -1.872986e-02 -1.106697e+02 -2.094177e-01 -2.586001e-02 -9.774843e-01 2.702942e+02
-9.768806e-01 -2.981588e-02 2.116963e-01 1.651401e+02 -3.580189e-02 9.990586e-01 -2.449902e-02 -1.106574e+02 -2.107666e-01 -3.151175e-02 -9.770284e-01 2.693105e+02
-9.768874e-01 -2.842313e-02 2.118566e-01 1.653128e+02 -3.489552e-02 9.990296e-01 -2.687404e-02 -1.106513e+02 -2.108872e-01 -3.364575e-02 -9.769312e-01 2.683256e+02
-9.761588e-01 -2.645831e-02 2.154389e-01 1.654770e+02 -3.291217e-02 9.991089e-01 -2.642406e-02 -1.106724e+02 -2.145478e-01 -3.288464e-02 -9.761598e-01 2.673394e+02
-9.762248e-01 -2.761155e-02 2.149948e-01 1.656933e+02 -3.372795e-02 9.991225e-01 -2.483198e-02 -1.107210e+02 -2.141205e-01 -3.149293e-02 -9.762994e-01 2.663643e+02
-9.762419e-01 -2.510893e-02 2.152237e-01 1.659038e+02 -3.064954e-02 9.992782e-01 -2.244435e-02 -1.107678e+02 -2.145048e-01 -2.850762e-02 -9.763068e-01 2.653878e+02
-9.766041e-01 -2.865872e-02 2.131270e-01 1.661621e+02 -3.387630e-02 9.992081e-01 -2.086882e-02 -1.108125e+02 -2.123602e-01 -2.760054e-02 -9.768016e-01 2.644228e+02
-9.769010e-01 -3.034382e-02 2.115272e-01 1.664081e+02 -3.542175e-02 9.991671e-01 -2.025740e-02 -1.108522e+02 -2.107363e-01 -2.728214e-02 -9.771622e-01 2.634543e+02
-9.765162e-01 -2.973953e-02 2.133813e-01 1.666137e+02 -3.497777e-02 9.991713e-01 -2.081476e-02 -1.108932e+02 -2.125855e-01 -2.778955e-02 -9.767472e-01 2.624765e+02
-9.766027e-01 -3.756021e-02 2.117461e-01 1.668737e+02 -4.259495e-02 9.989067e-01 -1.926454e-02 -1.109579e+02 -2.107910e-01 -2.783311e-02 -9.771348e-01 2.615131e+02
-9.766311e-01 -4.398628e-02 2.103733e-01 1.671029e+02 -4.924552e-02 9.985899e-01 -1.982403e-02 -1.109795e+02 -2.092047e-01 -2.972071e-02 -9.774201e-01 2.605400e+02
-9.765163e-01 -4.354850e-02 2.109963e-01 1.673011e+02 -4.857490e-02 9.986446e-01 -1.869563e-02 -1.110012e+02 -2.098961e-01 -2.850571e-02 -9.773081e-01 2.595600e+02
-9.763775e-01 -4.794050e-02 2.106860e-01 1.675356e+02 -5.300234e-02 9.984241e-01 -1.844142e-02 -1.110236e+02 -2.094699e-01 -2.917264e-02 -9.773798e-01 2.585882e+02
-9.763146e-01 -5.044289e-02 2.103931e-01 1.677532e+02 -5.524228e-02 9.983284e-01 -1.699333e-02 -1.110379e+02 -2.091843e-01 -2.821343e-02 -9.774692e-01 2.576122e+02
-9.760451e-01 -5.130664e-02 2.114325e-01 1.679484e+02 -5.613540e-02 9.982802e-01 -1.689559e-02 -1.110527e+02 -2.102020e-01 -2.835971e-02 -9.772466e-01 2.566316e+02
-9.763870e-01 -5.388242e-02 2.092011e-01 1.682265e+02 -5.869465e-02 9.981336e-01 -1.685860e-02 -1.110939e+02 -2.079023e-01 -2.873951e-02 -9.777273e-01 2.556719e+02
-9.763141e-01 -5.284404e-02 2.098054e-01 1.684114e+02 -5.785636e-02 9.981659e-01 -1.782057e-02 -1.111044e+02 -2.084789e-01 -2.953705e-02 -9.775807e-01 2.546892e+02
-9.761625e-01 -4.910559e-02 2.114131e-01 1.685633e+02 -5.405753e-02 9.983809e-01 -1.770400e-02 -1.110978e+02 -2.102015e-01 -2.871045e-02 -9.772364e-01 2.537008e+02
-9.765090e-01 -4.776439e-02 2.101160e-01 1.687750e+02 -5.280524e-02 9.984345e-01 -1.844302e-02 -1.111321e+02 -2.089061e-01 -2.910500e-02 -9.775025e-01 2.527241e+02
-9.767356e-01 -4.457311e-02 2.097638e-01 1.689918e+02 -4.944929e-02 9.986134e-01 -1.805638e-02 -1.111878e+02 -2.086681e-01 -2.800898e-02 -9.775854e-01 2.517495e+02
-9.770558e-01 -3.691172e-02 2.097605e-01 1.691825e+02 -4.192119e-02 9.989309e-01 -1.948451e-02 -1.112273e+02 -2.088170e-01 -2.783086e-02 -9.775586e-01 2.507686e+02
-9.775362e-01 -3.583476e-02 2.076991e-01 1.694334e+02 -4.101312e-02 9.989446e-01 -2.067835e-02 -1.112755e+02 -2.067389e-01 -2.873222e-02 -9.779742e-01 2.498018e+02
-9.779437e-01 -3.487740e-02 2.059362e-01 1.696585e+02 -3.955361e-02 9.990437e-01 -1.863275e-02 -1.113359e+02 -2.050894e-01 -2.636730e-02 -9.783880e-01 2.488293e+02
-9.785433e-01 -3.192053e-02 2.035536e-01 1.698716e+02 -3.633316e-02 9.991780e-01 -1.797697e-02 -1.113531e+02 -2.028124e-01 -2.498699e-02 -9.788988e-01 2.478525e+02
-9.789490e-01 -2.907920e-02 2.020227e-01 1.700947e+02 -3.244920e-02 9.993837e-01 -1.338876e-02 -1.114037e+02 -2.015088e-01 -1.966239e-02 -9.792893e-01 2.468790e+02
-9.792462e-01 -2.712032e-02 2.008516e-01 1.702810e+02 -3.045437e-02 9.994446e-01 -1.352777e-02 -1.114097e+02 -2.003731e-01 -1.936383e-02 -9.795283e-01 2.458965e+02
-9.794548e-01 -2.783617e-02 1.997334e-01 1.704732e+02 -3.202228e-02 9.993294e-01 -1.775803e-02 -1.114132e+02 -1.991051e-01 -2.378911e-02 -9.796894e-01 2.449152e+02
-9.794025e-01 -2.806376e-02 1.999581e-01 1.706381e+02 -3.364072e-02 9.991325e-01 -2.454707e-02 -1.114502e+02 -1.990958e-01 -3.076819e-02 -9.794969e-01 2.439296e+02
-9.797984e-01 -2.516732e-02 1.983978e-01 1.708760e+02 -3.104884e-02 9.991641e-01 -2.658966e-02 -1.115285e+02 -1.975628e-01 -3.221253e-02 -9.797608e-01 2.429614e+02
-9.798899e-01 -2.216710e-02 1.983040e-01 1.710572e+02 -2.778790e-02 9.992858e-01 -2.560620e-02 -1.115654e+02 -1.975947e-01 -3.060170e-02 -9.798060e-01 2.419787e+02
-9.804281e-01 -2.180660e-02 1.956660e-01 1.713421e+02 -2.650703e-02 9.994188e-01 -2.143609e-02 -1.116112e+02 -1.950848e-01 -2.620307e-02 -9.804363e-01 2.410212e+02
-9.800793e-01 -2.584106e-02 1.969185e-01 1.714634e+02 -3.043518e-02 9.993298e-01 -2.033914e-02 -1.116851e+02 -1.962609e-01 -2.592722e-02 -9.802089e-01 2.400313e+02
-9.800754e-01 -2.654662e-02 1.968436e-01 1.716504e+02 -3.099653e-02 9.993281e-01 -1.955948e-02 -1.117241e+02 -1.961921e-01 -2.527123e-02 -9.802398e-01 2.390498e+02
-9.800995e-01 -2.580368e-02 1.968227e-01 1.718507e+02 -2.971617e-02 9.994146e-01 -1.695042e-02 -1.117593e+02 -1.962701e-01 -2.246192e-02 -9.802926e-01 2.380707e+02
-9.801873e-01 -2.457696e-02 1.965422e-01 1.720681e+02 -2.807883e-02 9.994924e-01 -1.505038e-02 -1.117798e+02 -1.960725e-01 -2.027087e-02 -9.803799e-01 2.370948e+02
-9.798292e-01 -2.447162e-02 1.983327e-01 1.722330e+02 -2.776085e-02 9.995191e-01 -1.382041e-02 -1.118352e+02 -1.978991e-01 -1.904753e-02 -9.800373e-01 2.361100e+02
-9.797758e-01 -2.561170e-02 1.984526e-01 1.724491e+02 -2.896517e-02 9.994822e-01 -1.401311e-02 -1.118735e+02 -1.979909e-01 -1.947792e-02 -9.800103e-01 2.351344e+02
-9.794408e-01 -2.791384e-02 1.997913e-01 1.726508e+02 -3.148919e-02 9.993954e-01 -1.473956e-02 -1.119075e+02 -1.992591e-01 -2.072780e-02 -9.797276e-01 2.341556e+02
-9.787726e-01 -2.697198e-02 2.031666e-01 1.728207e+02 -3.060626e-02 9.994224e-01 -1.476703e-02 -1.119091e+02 -2.026509e-01 -2.067174e-02 -9.790328e-01 2.331701e+02
-9.779850e-01 -2.839897e-02 2.067338e-01 1.730131e+02 -3.166564e-02 9.994202e-01 -1.250896e-02 -1.119421e+02 -2.062587e-01 -1.877993e-02 -9.783173e-01 2.321893e+02
-9.769407e-01 -3.151065e-02 2.111728e-01 1.731822e+02 -3.455662e-02 9.993449e-01 -1.074835e-02 -1.119717e+02 -2.106958e-01 -1.779792e-02 -9.773897e-01 2.312042e+02
-9.761001e-01 -3.376845e-02 2.146816e-01 1.733935e+02 -3.758210e-02 9.991995e-01 -1.370620e-02 -1.119959e+02 -2.140470e-01 -2.144681e-02 -9.765879e-01 2.302271e+02
-9.758603e-01 -3.624888e-02 2.153663e-01 1.736513e+02 -4.103186e-02 9.989997e-01 -1.777780e-02 -1.120310e+02 -2.145065e-01 -2.618553e-02 -9.763715e-01 2.292615e+02
-9.762003e-01 -3.551089e-02 2.139437e-01 1.739041e+02 -4.059983e-02 9.989864e-01 -1.943815e-02 -1.120690e+02 -2.130366e-01 -2.766160e-02 -9.766526e-01 2.282947e+02
-9.751622e-01 -2.937341e-02 2.195355e-01 1.740542e+02 -3.448218e-02 9.992156e-01 -1.947455e-02 -1.120698e+02 -2.187913e-01 -2.656091e-02 -9.754101e-01 2.273060e+02
-9.754209e-01 -2.757520e-02 2.186177e-01 1.743173e+02 -3.224769e-02 9.993208e-01 -1.783296e-02 -1.121228e+02 -2.179775e-01 -2.444456e-02 -9.756476e-01 2.263427e+02
-9.727621e-01 -2.032747e-02 2.309127e-01 1.744251e+02 -2.594921e-02 9.994356e-01 -2.133453e-02 -1.120966e+02 -2.303487e-01 -2.674543e-02 -9.727405e-01 2.253489e+02
-9.709213e-01 -1.404666e-02 2.389863e-01 1.745841e+02 -1.909650e-02 9.996404e-01 -1.882784e-02 -1.121362e+02 -2.386358e-01 -2.284416e-02 -9.708404e-01 2.243624e+02
-9.690592e-01 -9.125382e-03 2.466596e-01 1.747402e+02 -1.456319e-02 9.996893e-01 -2.023051e-02 -1.121223e+02 -2.463983e-01 -2.319671e-02 -9.688910e-01 2.233748e+02
-9.697395e-01 -1.251349e-02 2.438210e-01 1.750858e+02 -1.784025e-02 9.996477e-01 -1.965097e-02 -1.121929e+02 -2.434892e-01 -2.340615e-02 -9.696211e-01 2.224391e+02
-9.674231e-01 -1.261622e-02 2.528507e-01 1.752570e+02 -1.905291e-02 9.995533e-01 -2.302402e-02 -1.121927e+02 -2.524472e-01 -2.709151e-02 -9.672313e-01 2.214538e+02
-9.654640e-01 -1.260858e-02 2.602314e-01 1.754740e+02 -1.905104e-02 9.995709e-01 -2.224910e-02 -1.122235e+02 -2.598392e-01 -2.643838e-02 -9.652899e-01 2.204781e+02
-9.634370e-01 -1.442278e-02 2.675464e-01 1.757034e+02 -2.057162e-02 9.995844e-01 -2.019338e-02 -1.122592e+02 -2.671439e-01 -2.495891e-02 -9.633334e-01 2.195055e+02
-9.619983e-01 -1.705968e-02 2.725221e-01 1.759985e+02 -2.248196e-02 9.996063e-01 -1.678633e-02 -1.123063e+02 -2.721284e-01 -2.227525e-02 -9.620031e-01 2.185512e+02
-9.592055e-01 -1.899007e-02 2.820712e-01 1.762147e+02 -2.449535e-02 9.995718e-01 -1.600354e-02 -1.123458e+02 -2.816466e-01 -2.226011e-02 -9.592600e-01 2.175756e+02
-9.368045e-01 -1.836129e-02 3.493712e-01 1.757481e+02 -2.854059e-02 9.993042e-01 -2.401010e-02 -1.122993e+02 -3.486873e-01 -3.246403e-02 -9.366767e-01 2.166923e+02
-9.314112e-01 -2.007366e-02 3.634145e-01 1.760129e+02 -3.269893e-02 9.990553e-01 -2.862146e-02 -1.123094e+02 -3.624967e-01 -3.854161e-02 -9.311878e-01 2.157281e+02
-9.275762e-01 -1.976053e-02 3.731110e-01 1.764156e+02 -3.331774e-02 9.989968e-01 -2.992149e-02 -1.123584e+02 -3.721454e-01 -4.018568e-02 -9.273041e-01 2.148141e+02
-9.217395e-01 -1.965589e-02 3.873111e-01 1.767534e+02 -3.455750e-02 9.989047e-01 -3.154738e-02 -1.123719e+02 -3.862668e-01 -4.246297e-02 -9.214092e-01 2.138730e+02
-9.139583e-01 -1.993472e-02 4.053183e-01 1.771412e+02 -3.490039e-02 9.989534e-01 -2.956600e-02 -1.124234e+02 -4.043047e-01 -4.116785e-02 -9.136974e-01 2.129527e+02
-9.055740e-01 -2.180470e-02 4.236276e-01 1.775245e+02 -3.782021e-02 9.988510e-01 -2.943470e-02 -1.124199e+02 -4.224990e-01 -4.267699e-02 -9.053581e-01 2.120291e+02
-8.959430e-01 -2.493625e-02 4.434685e-01 1.779875e+02 -4.171560e-02 9.987337e-01 -2.811953e-02 -1.124802e+02 -4.422057e-01 -4.369305e-02 -8.958488e-01 2.111447e+02
-8.859084e-01 -2.766077e-02 4.630348e-01 1.785123e+02 -4.452866e-02 9.986817e-01 -2.553589e-02 -1.125443e+02 -4.617180e-01 -4.324077e-02 -8.859722e-01 2.102959e+02
-8.735391e-01 -2.904495e-02 4.858866e-01 1.790481e+02 -4.550995e-02 9.987190e-01 -2.211829e-02 -1.126192e+02 -4.846217e-01 -4.143387e-02 -8.737420e-01 2.094549e+02
-8.617143e-01 -3.163901e-02 5.064064e-01 1.797616e+02 -4.732563e-02 9.987149e-01 -1.813329e-02 -1.126996e+02 -5.051819e-01 -3.959172e-02 -8.621042e-01 2.087589e+02
-8.463104e-01 -3.284684e-02 5.316764e-01 1.803711e+02 -4.734574e-02 9.987852e-01 -1.365916e-02 -1.127629e+02 -5.305819e-01 -3.673251e-02 -8.468374e-01 2.079686e+02
-8.258850e-01 -3.604376e-02 5.626854e-01 1.809564e+02 -5.082823e-02 9.986508e-01 -1.063318e-02 -1.128207e+02 -5.615430e-01 -3.738209e-02 -8.266027e-01 2.071599e+02
-8.018075e-01 -3.956119e-02 5.962715e-01 1.815646e+02 -5.545063e-02 9.984268e-01 -8.321347e-03 -1.128491e+02 -5.950042e-01 -3.973575e-02 -8.027397e-01 2.063666e+02
-7.737015e-01 -4.057136e-02 6.322499e-01 1.821776e+02 -5.692385e-02 9.983628e-01 -5.594513e-03 -1.128435e+02 -6.309878e-01 -4.031858e-02 -7.747443e-01 2.055765e+02
-7.483192e-01 -4.575384e-02 6.617590e-01 1.829810e+02 -6.428367e-02 9.979248e-01 -3.695927e-03 -1.128082e+02 -6.602166e-01 -4.530603e-02 -7.497075e-01 2.049822e+02
-7.163156e-01 -5.172965e-02 6.958563e-01 1.836511e+02 -7.181992e-02 9.974176e-01 2.160354e-04 -1.128248e+02 -6.940705e-01 -4.982159e-02 -7.181810e-01 2.042401e+02
-6.805778e-01 -5.505040e-02 7.306048e-01 1.843420e+02 -7.968488e-02 9.968197e-01 8.808639e-04 -1.127626e+02 -7.283297e-01 -5.761866e-02 -6.828000e-01 2.035198e+02
-6.436758e-01 -5.469464e-02 7.633413e-01 1.851384e+02 -7.866213e-02 9.968883e-01 5.098025e-03 -1.127618e+02 -7.612449e-01 -5.676458e-02 -6.459752e-01 2.029150e+02
-6.030033e-01 -5.733732e-02 7.956754e-01 1.859323e+02 -7.891022e-02 9.968091e-01 1.202907e-02 -1.127919e+02 -7.938263e-01 -5.553336e-02 -6.056037e-01 2.023077e+02
-5.593231e-01 -6.169877e-02 8.266504e-01 1.867491e+02 -8.374554e-02 9.963300e-01 1.769976e-02 -1.127476e+02 -8.247086e-01 -5.932840e-02 -5.624374e-01 2.017326e+02
-5.159986e-01 -6.512265e-02 8.541104e-01 1.876364e+02 -8.400156e-02 9.961468e-01 2.520405e-02 -1.127526e+02 -8.524607e-01 -5.874135e-02 -5.194807e-01 2.012713e+02
-4.684725e-01 -6.436203e-02 8.811305e-01 1.885199e+02 -8.302735e-02 9.961362e-01 2.861927e-02 -1.127471e+02 -8.795680e-01 -5.975059e-02 -4.720063e-01 2.008029e+02
-4.153495e-01 -6.191015e-02 9.075527e-01 1.893339e+02 -8.732392e-02 9.957874e-01 2.796466e-02 -1.126655e+02 -9.054608e-01 -6.763596e-02 -4.190060e-01 2.002279e+02
-3.668018e-01 -6.059178e-02 9.283238e-01 1.902899e+02 -8.645759e-02 9.957783e-01 3.083318e-02 -1.126610e+02 -9.262729e-01 -6.895097e-02 -3.704919e-01 1.999345e+02
-3.166902e-01 -5.749585e-02 9.467849e-01 1.912463e+02 -8.602435e-02 9.957887e-01 3.169744e-02 -1.125765e+02 -9.446201e-01 -7.140828e-02 -3.203025e-01 1.996548e+02
-2.646659e-01 -5.904908e-02 9.625306e-01 1.922044e+02 -8.560837e-02 9.956214e-01 3.753949e-02 -1.125439e+02 -9.605328e-01 -7.246525e-02 -2.685621e-01 1.993703e+02
-2.150299e-01 -6.141692e-02 9.746744e-01 1.931848e+02 -8.862109e-02 9.951301e-01 4.315456e-02 -1.124717e+02 -9.725782e-01 -7.709718e-02 -2.194256e-01 1.991871e+02
-1.682109e-01 -6.426806e-02 9.836538e-01 1.941833e+02 -9.145776e-02 9.945857e-01 4.934247e-02 -1.124175e+02 -9.814991e-01 -8.166283e-02 -1.731780e-01 1.991945e+02
-1.202753e-01 -6.744340e-02 9.904470e-01 1.951817e+02 -9.303696e-02 9.940644e-01 5.639175e-02 -1.123741e+02 -9.883714e-01 -8.536564e-02 -1.258361e-01 1.991574e+02
-7.196972e-02 -6.548611e-02 9.952547e-01 1.961413e+02 -9.329753e-02 9.939093e-01 5.865097e-02 -1.122697e+02 -9.930337e-01 -8.863371e-02 -7.764106e-02 1.988960e+02
-2.894975e-02 -6.322339e-02 9.975794e-01 1.971369e+02 -9.565020e-02 9.935933e-01 6.019499e-02 -1.122176e+02 -9.949939e-01 -9.367604e-02 -3.481160e-02 1.988192e+02
2.913427e-03 -5.668847e-02 9.983877e-01 1.981223e+02 -9.910390e-02 9.934605e-01 5.669791e-02 -1.120675e+02 -9.950728e-01 -9.910929e-02 -2.723674e-03 1.989004e+02
2.493985e-02 -5.013146e-02 9.984312e-01 1.990731e+02 -1.034794e-01 9.932474e-01 5.245600e-02 -1.119230e+02 -9.943189e-01 -1.046253e-01 1.958387e-02 1.991744e+02
4.078035e-02 -4.607489e-02 9.981052e-01 2.000511e+02 -1.049938e-01 9.932081e-01 5.013865e-02 -1.118336e+02 -9.936364e-01 -1.068395e-01 3.566580e-02 1.993625e+02
5.326698e-02 -4.417045e-02 9.976029e-01 2.010424e+02 -1.035790e-01 9.933880e-01 4.951443e-02 -1.117480e+02 -9.931938e-01 -1.059682e-01 4.833965e-02 1.994631e+02
5.888863e-02 -4.237901e-02 9.973646e-01 2.020260e+02 -1.039928e-01 9.934021e-01 4.835082e-02 -1.116097e+02 -9.928331e-01 -1.065661e-01 5.409297e-02 1.995788e+02
6.554683e-02 -4.467994e-02 9.968487e-01 2.030235e+02 -1.026018e-01 9.934003e-01 5.127186e-02 -1.116470e+02 -9.925606e-01 -1.056391e-01 6.053000e-02 1.995183e+02
6.667290e-02 -4.401509e-02 9.968036e-01 2.040165e+02 -9.940526e-02 9.937632e-01 5.052973e-02 -1.115519e+02 -9.928108e-01 -1.024565e-01 6.188174e-02 1.995882e+02
6.636899e-02 -4.438343e-02 9.968075e-01 2.050121e+02 -9.855728e-02 9.938332e-01 5.081309e-02 -1.114973e+02 -9.929157e-01 -1.016151e-01 6.158540e-02 1.996638e+02
6.545349e-02 -4.440761e-02 9.968670e-01 2.060094e+02 -9.751172e-02 9.939432e-01 5.067990e-02 -1.114249e+02 -9.930797e-01 -1.005234e-01 6.072679e-02 1.996753e+02
5.817575e-02 -4.464204e-02 9.973077e-01 2.069733e+02 -9.596477e-02 9.941232e-01 5.009739e-02 -1.113852e+02 -9.936832e-01 -9.862086e-02 5.354980e-02 1.999386e+02
5.505539e-02 -4.449253e-02 9.974915e-01 2.079733e+02 -9.580989e-02 9.941615e-01 4.963211e-02 -1.113796e+02 -9.938759e-01 -9.830207e-02 5.047113e-02 1.999300e+02
4.358113e-02 -4.701429e-02 9.979431e-01 2.089460e+02 -9.517834e-02 9.941533e-01 5.099228e-02 -1.113858e+02 -9.945058e-01 -9.720487e-02 3.885159e-02 2.001619e+02
3.848179e-02 -4.406168e-02 9.982874e-01 2.099204e+02 -8.923528e-02 9.948844e-01 4.735131e-02 -1.111672e+02 -9.952669e-01 -9.090462e-02 3.435308e-02 2.001102e+02
3.349926e-02 -4.650796e-02 9.983561e-01 2.109081e+02 -8.833461e-02 9.948696e-01 4.930956e-02 -1.112964e+02 -9.955274e-01 -8.984122e-02 2.921913e-02 2.000217e+02
2.985928e-02 -4.538831e-02 9.985231e-01 2.119031e+02 -8.380769e-02 9.953373e-01 4.774964e-02 -1.112411e+02 -9.960345e-01 -8.510968e-02 2.591616e-02 1.999382e+02
2.543158e-02 -4.497121e-02 9.986645e-01 2.128988e+02 -8.075384e-02 9.956305e-01 4.689102e-02 -1.112125e+02 -9.964096e-01 -8.183851e-02 2.168885e-02 1.998502e+02
2.131081e-02 -4.406367e-02 9.988014e-01 2.138910e+02 -7.728368e-02 9.959664e-01 4.558755e-02 -1.111469e+02 -9.967814e-01 -7.816255e-02 1.781945e-02 1.997446e+02
1.722763e-02 -4.450157e-02 9.988608e-01 2.148829e+02 -7.558204e-02 9.960926e-01 4.568182e-02 -1.111390e+02 -9.969908e-01 -7.628293e-02 1.379679e-02 1.996177e+02
1.093577e-02 -4.059087e-02 9.991160e-01 2.158680e+02 -7.607108e-02 9.962464e-01 4.130692e-02 -1.109698e+02 -9.970424e-01 -7.645556e-02 7.806929e-03 1.995884e+02
6.408474e-03 -4.191046e-02 9.991008e-01 2.168600e+02 -7.481029e-02 9.963014e-01 4.227288e-02 -1.110362e+02 -9.971772e-01 -7.501393e-02 3.249438e-03 1.994809e+02
2.556193e-03 -4.398885e-02 9.990288e-01 2.178472e+02 -7.111666e-02 9.964945e-01 4.405923e-02 -1.110370e+02 -9.974647e-01 -7.116021e-02 -5.811085e-04 1.993215e+02
-6.408505e-03 -4.640531e-02 9.989021e-01 2.188331e+02 -7.031291e-02 9.964711e-01 4.584128e-02 -1.110451e+02 -9.975044e-01 -6.994194e-02 -9.648783e-03 1.994889e+02
-9.919414e-03 -4.702632e-02 9.988444e-01 2.198195e+02 -7.330403e-02 9.962401e-01 4.617573e-02 -1.109764e+02 -9.972603e-01 -7.276128e-02 -1.332934e-02 1.993397e+02
-1.731433e-02 -5.058801e-02 9.985695e-01 2.208128e+02 -7.425503e-02 9.960263e-01 4.917165e-02 -1.110563e+02 -9.970890e-01 -7.329743e-02 -2.100194e-02 1.994238e+02
-3.022882e-02 -5.133586e-02 9.982238e-01 2.217565e+02 -7.516892e-02 9.959690e-01 4.894358e-02 -1.110440e+02 -9.967125e-01 -7.355590e-02 -3.396583e-02 1.997545e+02
-3.840856e-02 -5.118897e-02 9.979501e-01 2.227374e+02 -7.419322e-02 9.960766e-01 4.823736e-02 -1.109976e+02 -9.965040e-01 -7.218841e-02 -4.205574e-02 1.999431e+02
-5.048470e-02 -5.200550e-02 9.973699e-01 2.236909e+02 -7.289183e-02 9.961719e-01 4.825340e-02 -1.109909e+02 -9.960613e-01 -7.026406e-02 -5.408222e-02 2.002444e+02
-5.461987e-02 -5.062440e-02 9.972231e-01 2.246802e+02 -7.331067e-02 9.962218e-01 4.655820e-02 -1.109053e+02 -9.958123e-01 -7.056409e-02 -5.812481e-02 2.001265e+02
-5.733541e-02 -5.034860e-02 9.970846e-01 2.256677e+02 -7.232110e-02 9.963131e-01 4.615096e-02 -1.109018e+02 -9.957320e-01 -6.946417e-02 -6.076529e-02 1.999688e+02
-5.966424e-02 -4.856113e-02 9.970366e-01 2.266607e+02 -7.313973e-02 9.963440e-01 4.415060e-02 -1.108707e+02 -9.955354e-01 -7.028878e-02 -6.299785e-02 1.998543e+02
-6.026465e-02 -4.515752e-02 9.971605e-01 2.276530e+02 -7.472105e-02 9.963774e-01 4.060620e-02 -1.108094e+02 -9.953818e-01 -7.206175e-02 -6.342055e-02 1.997469e+02
-6.732710e-02 -4.188489e-02 9.968514e-01 2.286061e+02 -7.323076e-02 9.966311e-01 3.692964e-02 -1.108172e+02 -9.950399e-01 -7.051382e-02 -7.016754e-02 2.000495e+02
-6.506466e-02 -3.949835e-02 9.970990e-01 2.295987e+02 -7.047731e-02 9.969030e-01 3.489166e-02 -1.108964e+02 -9.953891e-01 -6.800265e-02 -6.764689e-02 1.999580e+02
-6.036133e-02 -3.606396e-02 9.975249e-01 2.305851e+02 -6.708837e-02 9.972339e-01 3.199385e-02 -1.108226e+02 -9.959195e-01 -6.499113e-02 -6.261384e-02 1.998106e+02
-5.707724e-02 -3.630181e-02 9.977096e-01 2.315832e+02 -6.572969e-02 9.973072e-01 3.252689e-02 -1.108210e+02 -9.962037e-01 -6.372259e-02 -5.930965e-02 1.998719e+02
-5.136339e-02 -3.703267e-02 9.979932e-01 2.325733e+02 -6.666738e-02 9.972103e-01 3.357247e-02 -1.108134e+02 -9.964523e-01 -6.480920e-02 -5.368897e-02 2.000119e+02
-3.899831e-02 -3.488291e-02 9.986302e-01 2.335644e+02 -6.817899e-02 9.971543e-01 3.216885e-02 -1.107551e+02 -9.969106e-01 -6.683107e-02 -4.126561e-02 1.998923e+02
-2.480325e-02 -2.996873e-02 9.992431e-01 2.345555e+02 -6.771418e-02 9.973053e-01 2.822981e-02 -1.106956e+02 -9.973964e-01 -6.696274e-02 -2.676572e-02 1.997729e+02
-6.063930e-03 -2.299872e-02 9.997171e-01 2.355160e+02 -6.809366e-02 9.974244e-01 2.253294e-02 -1.105194e+02 -9.976605e-01 -6.793776e-02 -7.614379e-03 1.995578e+02
1.403991e-02 -2.164863e-02 9.996671e-01 2.365017e+02 -6.678447e-02 9.975128e-01 2.253994e-02 -1.105715e+02 -9.976686e-01 -6.707870e-02 1.255920e-02 1.993972e+02
2.907813e-02 -2.173882e-02 9.993407e-01 2.374302e+02 -6.684050e-02 9.974835e-01 2.364330e-02 -1.105142e+02 -9.973399e-01 -6.748393e-02 2.755193e-02 1.997640e+02
5.291738e-02 -2.306397e-02 9.983325e-01 2.384136e+02 -6.774611e-02 9.973471e-01 2.663214e-02 -1.106276e+02 -9.962983e-01 -6.904245e-02 5.121450e-02 1.996221e+02
8.066734e-02 -2.216357e-02 9.964946e-01 2.393919e+02 -6.748245e-02 9.973374e-01 2.764509e-02 -1.106856e+02 -9.944541e-01 -6.947595e-02 7.895690e-02 1.994233e+02
1.097009e-01 -1.843367e-02 9.937937e-01 2.403768e+02 -6.468054e-02 9.975765e-01 2.564366e-02 -1.106281e+02 -9.918579e-01 -6.709225e-02 1.082427e-01 1.992598e+02
1.421055e-01 -1.761956e-02 9.896947e-01 2.413381e+02 -6.082028e-02 9.977970e-01 2.649670e-02 -1.107493e+02 -9.879812e-01 -6.395883e-02 1.407208e-01 1.990125e+02
1.700519e-01 -1.620621e-02 9.853018e-01 2.423095e+02 -5.877744e-02 9.979178e-01 2.655804e-02 -1.106581e+02 -9.836806e-01 -6.242977e-02 1.687453e-01 1.992320e+02
1.996311e-01 -1.675616e-02 9.797278e-01 2.432803e+02 -5.968496e-02 9.977893e-01 2.922658e-02 -1.105459e+02 -9.780517e-01 -6.430956e-02 1.981897e-01 1.994440e+02
2.299839e-01 -1.715261e-02 9.730433e-01 2.442197e+02 -6.222110e-02 9.975399e-01 3.229072e-02 -1.103164e+02 -9.712033e-01 -6.797017e-02 2.283509e-01 1.996987e+02
2.578534e-01 -2.321982e-02 9.659050e-01 2.451472e+02 -6.245220e-02 9.972200e-01 4.064455e-02 -1.102964e+02 -9.641635e-01 -7.080323e-02 2.556864e-01 2.000719e+02
2.829721e-01 -3.015877e-02 9.586539e-01 2.460176e+02 -5.777092e-02 9.971548e-01 4.842261e-02 -1.103505e+02 -9.573867e-01 -6.908457e-02 2.804247e-01 2.005613e+02
3.132926e-01 -3.169016e-02 9.491277e-01 2.469482e+02 -5.444183e-02 9.972000e-01 5.126565e-02 -1.102779e+02 -9.480948e-01 -6.773340e-02 3.106901e-01 2.009201e+02
3.407486e-01 -2.467891e-02 9.398305e-01 2.477370e+02 -5.774417e-02 9.972187e-01 4.712181e-02 -1.099203e+02 -9.383794e-01 -7.032642e-02 3.383758e-01 2.014200e+02
3.704868e-01 -2.636868e-02 9.284634e-01 2.486100e+02 -5.867882e-02 9.969358e-01 5.172806e-02 -1.098992e+02 -9.269824e-01 -7.364570e-02 3.678042e-01 2.019073e+02
4.021968e-01 -2.864866e-02 9.151049e-01 2.495210e+02 -5.591850e-02 9.968757e-01 5.578529e-02 -1.098452e+02 -9.138440e-01 -7.360796e-02 3.993382e-01 2.023161e+02
4.292753e-01 -2.726568e-02 9.027620e-01 2.502897e+02 -5.412133e-02 9.969714e-01 5.584645e-02 -1.097740e+02 -9.015507e-01 -7.283219e-02 4.264996e-01 2.029517e+02
4.624346e-01 -2.760317e-02 8.862236e-01 2.511844e+02 -4.636323e-02 9.973951e-01 5.525832e-02 -1.097083e+02 -8.854404e-01 -6.664155e-02 4.599502e-01 2.033935e+02
5.062019e-01 -3.948513e-02 8.615106e-01 2.521500e+02 -3.550644e-02 9.971502e-01 6.656452e-02 -1.099557e+02 -8.616838e-01 -6.428426e-02 5.033574e-01 2.034739e+02
5.389674e-01 -4.035675e-02 8.413593e-01 2.529700e+02 -3.360020e-02 9.970266e-01 6.934750e-02 -1.098664e+02 -8.416562e-01 -6.564589e-02 5.360089e-01 2.040391e+02
5.686083e-01 -3.525539e-02 8.218525e-01 2.537154e+02 -3.892095e-02 9.968092e-01 6.968851e-02 -1.097059e+02 -8.216871e-01 -7.161275e-02 5.654219e-01 2.046862e+02
6.172320e-01 -4.312210e-02 7.855986e-01 2.546862e+02 -3.465420e-02 9.960378e-01 8.190052e-02 -1.098583e+02 -7.860176e-01 -7.777592e-02 6.132921e-01 2.048716e+02
6.453121e-01 -5.292396e-02 7.620836e-01 2.553868e+02 -2.402791e-02 9.956975e-01 8.949379e-02 -1.098865e+02 -7.635411e-01 -7.606270e-02 6.412640e-01 2.055845e+02
6.998210e-01 -6.835977e-02 7.110397e-01 2.563551e+02 -1.340931e-02 9.939777e-01 1.087593e-01 -1.101197e+02 -7.141924e-01 -8.564662e-02 6.946898e-01 2.056744e+02
7.706599e-01 -7.889101e-02 6.323445e-01 2.573459e+02 6.052826e-03 9.931687e-01 1.165305e-01 -1.101412e+02 -6.372180e-01 -8.597790e-02 7.658728e-01 2.055406e+02
7.940418e-01 -8.651804e-02 6.016745e-01 2.578768e+02 1.813243e-02 9.927499e-01 1.188232e-01 -1.100825e+02 -6.075926e-01 -8.344073e-02 7.898537e-01 2.063860e+02
8.177165e-01 -8.549947e-02 5.692359e-01 2.584280e+02 2.213249e-02 9.928461e-01 1.173322e-01 -1.099488e+02 -5.751954e-01 -8.334590e-02 8.137590e-01 2.072096e+02
8.819304e-01 -8.078309e-02 4.644059e-01 2.594256e+02 3.061102e-02 9.929412e-01 1.145896e-01 -1.098940e+02 -4.703847e-01 -8.684409e-02 8.781779e-01 2.071689e+02
8.979352e-01 -7.576277e-02 4.335577e-01 2.598372e+02 3.088844e-02 9.934917e-01 1.096367e-01 -1.097182e+02 -4.390424e-01 -8.505477e-02 8.944314e-01 2.080632e+02
9.111774e-01 -7.778998e-02 4.046040e-01 2.601976e+02 3.613137e-02 9.933179e-01 1.096086e-01 -1.096346e+02 -4.104269e-01 -8.525402e-02 9.078995e-01 2.089922e+02
9.207940e-01 -8.172936e-02 3.813905e-01 2.605863e+02 4.262335e-02 9.930290e-01 1.098934e-01 -1.095724e+02 -3.877134e-01 -8.493307e-02 9.178588e-01 2.099115e+02
9.286555e-01 -8.273513e-02 3.615990e-01 2.609173e+02 4.596498e-02 9.929624e-01 1.091464e-01 -1.094847e+02 -3.680844e-01 -8.473854e-02 9.259229e-01 2.108510e+02
9.419058e-01 -8.197484e-02 3.257201e-01 2.615920e+02 4.701978e-02 9.923918e-01 1.137878e-01 -1.096007e+02 -3.325697e-01 -9.186207e-02 9.385940e-01 2.115799e+02
9.486067e-01 -7.980640e-02 3.062290e-01 2.618966e+02 4.667749e-02 9.923800e-01 1.140313e-01 -1.094921e+02 -3.129960e-01 -9.387686e-02 9.451035e-01 2.125262e+02
9.523025e-01 -7.904031e-02 2.947414e-01 2.620589e+02 4.629815e-02 9.921150e-01 1.164656e-01 -1.094025e+02 -3.016229e-01 -9.726449e-02 9.484531e-01 2.135088e+02
9.562126e-01 -8.165149e-02 2.810524e-01 2.622934e+02 4.945970e-02 9.915658e-01 1.197956e-01 -1.092894e+02 -2.884634e-01 -1.006493e-01 9.521862e-01 2.144743e+02
9.606913e-01 -7.788750e-02 2.664692e-01 2.627746e+02 4.669721e-02 9.914980e-01 1.214538e-01 -1.092140e+02 -2.736634e-01 -1.042363e-01 9.561606e-01 2.153477e+02
9.609116e-01 -7.307268e-02 2.670379e-01 2.628230e+02 4.287489e-02 9.921800e-01 1.172203e-01 -1.090632e+02 -2.735152e-01 -1.011892e-01 9.565303e-01 2.163351e+02
9.613803e-01 -7.348043e-02 2.652332e-01 2.630338e+02 4.352757e-02 9.921660e-01 1.170979e-01 -1.089477e+02 -2.717597e-01 -1.010306e-01 9.570473e-01 2.173058e+02
9.622726e-01 -7.355522e-02 2.619561e-01 2.633747e+02 4.434043e-02 9.922886e-01 1.157462e-01 -1.088369e+02 -2.684498e-01 -9.976416e-02 9.581137e-01 2.182393e+02
9.625399e-01 -7.575961e-02 2.603408e-01 2.636217e+02 4.639274e-02 9.920291e-01 1.171575e-01 -1.087138e+02 -2.671415e-01 -1.006909e-01 9.583824e-01 2.192005e+02
9.626714e-01 -7.518521e-02 2.600210e-01 2.638268e+02 4.626034e-02 9.922145e-01 1.156305e-01 -1.085775e+02 -2.666903e-01 -9.928551e-02 9.586546e-01 2.201697e+02
9.624102e-01 -7.678127e-02 2.605210e-01 2.640775e+02 4.834375e-02 9.923190e-01 1.138680e-01 -1.084562e+02 -2.672629e-01 -9.699312e-02 9.587298e-01 2.211301e+02
9.621605e-01 -7.418812e-02 2.621894e-01 2.643749e+02 4.587774e-02 9.925919e-01 1.125018e-01 -1.083631e+02 -2.685934e-01 -9.621609e-02 9.584363e-01 2.220803e+02
9.631973e-01 -6.809403e-02 2.600274e-01 2.646861e+02 4.040434e-02 9.930667e-01 1.103905e-01 -1.082505e+02 -2.657415e-01 -9.582163e-02 9.592704e-01 2.230240e+02
9.659920e-01 -6.794800e-02 2.494845e-01 2.651122e+02 4.041412e-02 9.926726e-01 1.138764e-01 -1.081895e+02 -2.553941e-01 -9.992104e-02 9.616598e-01 2.239266e+02
9.668160e-01 -6.979213e-02 2.457558e-01 2.654256e+02 4.207448e-02 9.923241e-01 1.162867e-01 -1.081210e+02 -2.519853e-01 -1.020878e-01 9.623313e-01 2.248738e+02
9.672055e-01 -7.106897e-02 2.438499e-01 2.656512e+02 4.350667e-02 9.922239e-01 1.166145e-01 -1.079718e+02 -2.502414e-01 -1.021811e-01 9.627763e-01 2.258365e+02
9.320287e-01 -7.387738e-02 3.547741e-01 2.647233e+02 3.334861e-02 9.923304e-01 1.190304e-01 -1.079983e+02 -3.608468e-01 -9.910854e-02 9.273441e-01 2.262083e+02
9.331806e-01 -7.306652e-02 3.519024e-01 2.650939e+02 3.317237e-02 9.924477e-01 1.180978e-01 -1.079168e+02 -3.578737e-01 -9.853314e-02 9.285568e-01 2.271335e+02
9.348797e-01 -7.738758e-02 3.464263e-01 2.655176e+02 3.828610e-02 9.922355e-01 1.183334e-01 -1.077998e+02 -3.528940e-01 -9.736420e-02 9.305837e-01 2.280317e+02
9.569463e-01 -7.989048e-02 2.790544e-01 2.664521e+02 4.394098e-02 9.901695e-01 1.327912e-01 -1.078738e+02 -2.869199e-01 -1.148121e-01 9.510495e-01 2.283801e+02
9.588757e-01 -7.919410e-02 2.725539e-01 2.668265e+02 4.333873e-02 9.898767e-01 1.351510e-01 -1.077459e+02 -2.804980e-01 -1.177809e-01 9.526009e-01 2.292985e+02
9.603769e-01 -7.838803e-02 2.674538e-01 2.671654e+02 4.177248e-02 9.892770e-01 1.399500e-01 -1.076519e+02 -2.755563e-01 -1.232325e-01 9.533533e-01 2.302346e+02
9.619866e-01 -8.214470e-02 2.604497e-01 2.675175e+02 4.619457e-02 9.888927e-01 1.412700e-01 -1.074958e+02 -2.691614e-01 -1.238685e-01 9.550962e-01 2.311575e+02
9.624301e-01 -8.130176e-02 2.590720e-01 2.677634e+02 4.631841e-02 9.892940e-01 1.383906e-01 -1.073677e+02 -2.675497e-01 -1.211914e-01 9.558921e-01 2.321183e+02
9.639798e-01 -7.683929e-02 2.546342e-01 2.681250e+02 4.316579e-02 9.898652e-01 1.352905e-01 -1.073119e+02 -2.624492e-01 -1.194258e-01 9.575270e-01 2.330489e+02
9.648548e-01 -7.624023e-02 2.514807e-01 2.683961e+02 4.359837e-02 9.901686e-01 1.329111e-01 -1.071776e+02 -2.591415e-01 -1.172758e-01 9.586929e-01 2.340021e+02
9.663797e-01 -7.833457e-02 2.448958e-01 2.687895e+02 4.497189e-02 9.892742e-01 1.389752e-01 -1.070888e+02 -2.531557e-01 -1.232894e-01 9.595374e-01 2.349171e+02
9.671685e-01 -8.425248e-02 2.397638e-01 2.691408e+02 4.984693e-02 9.880116e-01 1.461107e-01 -1.069626e+02 -2.491996e-01 -1.293622e-01 9.597734e-01 2.358448e+02
9.681102e-01 -8.870764e-02 2.342936e-01 2.695092e+02 5.457675e-02 9.874286e-01 1.483444e-01 -1.068832e+02 -2.445075e-01 -1.308268e-01 9.607812e-01 2.367711e+02
9.679738e-01 -9.252263e-02 2.333800e-01 2.697039e+02 5.944445e-02 9.876451e-01 1.449946e-01 -1.067510e+02 -2.439119e-01 -1.264779e-01 9.615146e-01 2.377430e+02
9.692827e-01 -8.238043e-02 2.317422e-01 2.699894e+02 4.994599e-02 9.885334e-01 1.425032e-01 -1.067750e+02 -2.408244e-01 -1.265513e-01 9.622829e-01 2.387011e+02
9.502892e-01 -7.776013e-02 3.015025e-01 2.690727e+02 4.021956e-02 9.908566e-01 1.287848e-01 -1.065872e+02 -3.087600e-01 -1.102565e-01 9.447279e-01 2.390538e+02
9.518723e-01 -7.264620e-02 2.977609e-01 2.695451e+02 3.527516e-02 9.910149e-01 1.290163e-01 -1.064481e+02 -3.044581e-01 -1.123035e-01 9.458822e-01 2.399242e+02
9.531211e-01 -7.158203e-02 2.940002e-01 2.699817e+02 3.420031e-02 9.908741e-01 1.303799e-01 -1.063012e+02 -3.006501e-01 -1.142130e-01 9.468711e-01 2.408117e+02
9.542837e-01 -6.906013e-02 2.908148e-01 2.703967e+02 3.151068e-02 9.907649e-01 1.318785e-01 -1.062059e+02 -2.972367e-01 -1.166858e-01 9.476470e-01 2.417165e+02
9.547143e-01 -7.013192e-02 2.891402e-01 2.706886e+02 3.216518e-02 9.904549e-01 1.340317e-01 -1.060796e+02 -2.957802e-01 -1.186617e-01 9.478573e-01 2.426646e+02
9.538857e-01 -6.349791e-02 2.933771e-01 2.709289e+02 2.381953e-02 9.902996e-01 1.368916e-01 -1.059644e+02 -2.992236e-01 -1.235908e-01 9.461451e-01 2.436284e+02
9.541607e-01 -6.103063e-02 2.930060e-01 2.712979e+02 2.098207e-02 9.902201e-01 1.379271e-01 -1.058531e+02 -2.985582e-01 -1.254568e-01 9.461097e-01 2.445512e+02
9.549493e-01 -5.702443e-02 2.912389e-01 2.716852e+02 1.775240e-02 9.905844e-01 1.357472e-01 -1.057518e+02 -2.962376e-01 -1.244615e-01 9.469702e-01 2.454675e+02
9.538813e-01 -5.379374e-02 2.953248e-01 2.719328e+02 1.491197e-02 9.910891e-01 1.323632e-01 -1.056159e+02 -2.998135e-01 -1.218549e-01 9.461835e-01 2.464268e+02
9.531305e-01 -5.824824e-02 2.968998e-01 2.721798e+02 1.900449e-02 9.908815e-01 1.333896e-01 -1.054992e+02 -3.019622e-01 -1.214952e-01 9.455463e-01 2.473888e+02
9.529350e-01 -6.138092e-02 2.968961e-01 2.724637e+02 2.169129e-02 9.905844e-01 1.351739e-01 -1.053618e+02 -3.023977e-01 -1.223719e-01 9.452940e-01 2.483378e+02
9.539516e-01 -5.935933e-02 2.940285e-01 2.728666e+02 1.961883e-02 9.904723e-01 1.363077e-01 -1.052882e+02 -2.993182e-01 -1.242625e-01 9.460272e-01 2.492501e+02
9.555019e-01 -5.294213e-02 2.901951e-01 2.732843e+02 1.442622e-02 9.909722e-01 1.332893e-01 -1.052105e+02 -2.946319e-01 -1.231717e-01 9.476396e-01 2.501553e+02
9.546892e-01 -5.095564e-02 2.932099e-01 2.734822e+02 1.315390e-02 9.914950e-01 1.294785e-01 -1.050899e+02 -2.973138e-01 -1.197548e-01 9.472398e-01 2.511281e+02
9.544541e-01 -5.252238e-02 2.936984e-01 2.737061e+02 1.451161e-02 9.913905e-01 1.301319e-01 -1.049467e+02 -2.980047e-01 -1.199429e-01 9.469989e-01 2.520921e+02
9.611886e-01 -5.333873e-02 2.706871e-01 2.743611e+02 1.675613e-02 9.906084e-01 1.356991e-01 -1.048867e+02 -2.753829e-01 -1.258968e-01 9.530552e-01 2.528454e+02
9.608390e-01 -5.920685e-02 2.707081e-01 2.746121e+02 2.252365e-02 9.903621e-01 1.366587e-01 -1.047418e+02 -2.761902e-01 -1.252097e-01 9.529121e-01 2.538024e+02
9.611091e-01 -6.099015e-02 2.693503e-01 2.749399e+02 2.508737e-02 9.905581e-01 1.347783e-01 -1.046250e+02 -2.750273e-01 -1.227794e-01 9.535645e-01 2.547399e+02
9.605674e-01 -6.093017e-02 2.712890e-01 2.751620e+02 2.460549e-02 9.904939e-01 1.353381e-01 -1.045100e+02 -2.769562e-01 -1.233262e-01 9.529354e-01 2.557082e+02
9.606691e-01 -6.948773e-02 2.688611e-01 2.754216e+02 3.311193e-02 9.899426e-01 1.375403e-01 -1.043672e+02 -2.757144e-01 -1.232283e-01 9.533081e-01 2.566632e+02
9.611298e-01 -6.732156e-02 2.677636e-01 2.757540e+02 2.943740e-02 9.892760e-01 1.430607e-01 -1.042612e+02 -2.745232e-01 -1.296176e-01 9.528044e-01 2.576004e+02
9.619310e-01 -6.488727e-02 2.654776e-01 2.761275e+02 2.699809e-02 9.892157e-01 1.439564e-01 -1.041461e+02 -2.719555e-01 -1.313087e-01 9.533091e-01 2.585209e+02
9.638770e-01 -5.642290e-02 2.603029e-01 2.764951e+02 2.071307e-02 9.902238e-01 1.379411e-01 -1.040597e+02 -2.655411e-01 -1.275665e-01 9.556227e-01 2.594468e+02
9.637799e-01 -5.663398e-02 2.606162e-01 2.767351e+02 2.321026e-02 9.912969e-01 1.295833e-01 -1.039020e+02 -2.656869e-01 -1.188408e-01 9.567065e-01 2.604047e+02
9.641046e-01 -5.223561e-02 2.603339e-01 2.770194e+02 1.934340e-02 9.916702e-01 1.273420e-01 -1.037950e+02 -2.648172e-01 -1.177353e-01 9.570843e-01 2.613575e+02
9.636212e-01 -4.950740e-02 2.626464e-01 2.772721e+02 1.581923e-02 9.915366e-01 1.288601e-01 -1.036856e+02 -2.668031e-01 -1.200175e-01 9.562489e-01 2.623188e+02
9.467329e-01 -4.774159e-02 3.184613e-01 2.764721e+02 9.824241e-03 9.927707e-01 1.196237e-01 -1.034752e+02 -3.218701e-01 -1.101230e-01 9.403577e-01 2.628807e+02
9.458394e-01 -4.780327e-02 3.210960e-01 2.767275e+02 8.334431e-03 9.923486e-01 1.231858e-01 -1.033650e+02 -3.245278e-01 -1.138379e-01 9.390009e-01 2.638413e+02
9.450907e-01 -5.130469e-02 3.227559e-01 2.769464e+02 1.118849e-02 9.921011e-01 1.249405e-01 -1.032405e+02 -3.266165e-01 -1.144690e-01 9.381996e-01 2.648090e+02
9.439772e-01 -5.412575e-02 3.255418e-01 2.771948e+02 1.298794e-02 9.917873e-01 1.272369e-01 -1.031378e+02 -3.297550e-01 -1.158806e-01 9.369276e-01 2.657722e+02
9.407288e-01 -5.436986e-02 3.347735e-01 2.772462e+02 1.154694e-02 9.916292e-01 1.286010e-01 -1.029785e+02 -3.389632e-01 -1.171130e-01 9.334819e-01 2.667581e+02
9.375039e-01 -5.318378e-02 3.438866e-01 2.773071e+02 9.098398e-03 9.916599e-01 1.285611e-01 -1.028022e+02 -3.478559e-01 -1.173977e-01 9.301688e-01 2.677406e+02
9.376392e-01 -4.953241e-02 3.440628e-01 2.776813e+02 7.044869e-03 9.923001e-01 1.236561e-01 -1.027018e+02 -3.475385e-01 -1.135210e-01 9.307685e-01 2.686625e+02
9.390493e-01 -4.588594e-02 3.407065e-01 2.780992e+02 6.460265e-03 9.932327e-01 1.159617e-01 -1.026252e+02 -3.437218e-01 -1.066927e-01 9.329909e-01 2.695677e+02
9.389225e-01 -4.148323e-02 3.416191e-01 2.784747e+02 3.468105e-03 9.937980e-01 1.111462e-01 -1.025198e+02 -3.441111e-01 -1.031729e-01 9.332432e-01 2.704885e+02
9.348582e-01 -4.430264e-02 3.522462e-01 2.785837e+02 6.193606e-03 9.940676e-01 1.085879e-01 -1.023774e+02 -3.549672e-01 -9.933261e-02 9.295866e-01 2.714723e+02
9.343228e-01 -5.154844e-02 3.526806e-01 2.789107e+02 1.510760e-02 9.943248e-01 1.053092e-01 -1.022870e+02 -3.561076e-01 -9.306464e-02 9.297991e-01 2.724130e+02
9.331517e-01 -4.868544e-02 3.561708e-01 2.792319e+02 1.252163e-02 9.945875e-01 1.031453e-01 -1.021820e+02 -3.592647e-01 -9.179039e-02 9.287106e-01 2.733542e+02
9.345182e-01 -5.764898e-02 3.512156e-01 2.797363e+02 2.039116e-02 9.938464e-01 1.088742e-01 -1.020897e+02 -3.553308e-01 -9.458325e-02 9.299430e-01 2.742127e+02
9.324686e-01 -6.039110e-02 3.561673e-01 2.799749e+02 2.037732e-02 9.931509e-01 1.150478e-01 -1.019746e+02 -3.606758e-01 -1.000207e-01 9.273127e-01 2.751770e+02
9.288849e-01 -5.842587e-02 3.657310e-01 2.801658e+02 1.617660e-02 9.929367e-01 1.175372e-01 -1.018440e+02 -3.700150e-01 -1.032622e-01 9.232691e-01 2.761499e+02
9.283182e-01 -5.750681e-02 3.673123e-01 2.805796e+02 1.350486e-02 9.925289e-01 1.212602e-01 -1.017488e+02 -3.715414e-01 -1.076075e-01 9.221592e-01 2.770553e+02
9.300502e-01 -5.455726e-02 3.633595e-01 2.810153e+02 9.876082e-03 9.922696e-01 1.237074e-01 -1.016446e+02 -3.672997e-01 -1.114655e-01 9.233993e-01 2.779493e+02
9.302888e-01 -5.088795e-02 3.632811e-01 2.813657e+02 6.147408e-03 9.923547e-01 1.232655e-01 -1.015487e+02 -3.667764e-01 -1.124393e-01 9.234893e-01 2.788810e+02
9.295588e-01 -4.349404e-02 3.660992e-01 2.816834e+02 1.034426e-04 9.930474e-01 1.177153e-01 -1.014456e+02 -3.686738e-01 -1.093854e-01 9.231005e-01 2.798236e+02
9.294610e-01 -3.960766e-02 3.667881e-01 2.820800e+02 -2.169968e-03 9.936160e-01 1.127946e-01 -1.013496e+02 -3.689141e-01 -1.056341e-01 9.234413e-01 2.807365e+02
9.311679e-01 -4.569262e-02 3.617160e-01 2.825768e+02 5.042801e-03 9.936348e-01 1.125360e-01 -1.012181e+02 -3.645557e-01 -1.029659e-01 9.254713e-01 2.815944e+02
9.305027e-01 -4.596774e-02 3.633892e-01 2.829642e+02 3.095036e-03 9.930453e-01 1.176923e-01 -1.011296e+02 -3.662720e-01 -1.083883e-01 9.241736e-01 2.825120e+02
9.309186e-01 -5.508536e-02 3.610486e-01 2.833903e+02 1.050712e-02 9.921906e-01 1.242877e-01 -1.010182e+02 -3.650755e-01 -1.119081e-01 9.242275e-01 2.834098e+02
9.297453e-01 -6.276568e-02 3.628143e-01 2.836688e+02 1.730693e-02 9.917242e-01 1.272144e-01 -1.008958e+02 -3.677964e-01 -1.119978e-01 9.231372e-01 2.843624e+02
9.292196e-01 -6.421588e-02 3.639055e-01 2.841435e+02 1.843612e-02 9.916147e-01 1.279074e-01 -1.008619e+02 -3.690677e-01 -1.121451e-01 9.226118e-01 2.852419e+02
9.294652e-01 -6.551186e-02 3.630464e-01 2.845597e+02 2.124774e-02 9.919789e-01 1.246049e-01 -1.007363e+02 -3.682975e-01 -1.081020e-01 9.234018e-01 2.861425e+02
9.305835e-01 -6.545725e-02 3.601801e-01 2.849812e+02 2.353420e-02 9.925461e-01 1.195757e-01 -1.006115e+02 -3.653225e-01 -1.027987e-01 9.251875e-01 2.870407e+02
9.290883e-01 -6.750574e-02 3.636454e-01 2.852004e+02 2.706416e-02 9.929753e-01 1.151851e-01 -1.004787e+02 -3.688666e-01 -9.717537e-02 9.243887e-01 2.880073e+02
