1.000000e+00 0.000000e+00 0.000000e+00 0.000000e+00 0.000000e+00 1.000000e+00 0.000000e+00 0.000000e+00 0.000000e+00 0.000000e+00 1.000000e+00 0.000000e+00
9.999905e-01 -2.540313e-03 -3.540557e-03 -4.179849e-03 2.531919e-03 9.999940e-01 -2.373096e-03 -2.954140e-03 3.546564e-03 2.364109e-03 9.999909e-01 6.781614e-01
9.999662e-01 -2.059933e-03 -7.963341e-03 -1.016110e-02 2.022627e-03 9.999870e-01 -4.689919e-03 -1.049626e-03 7.972898e-03 4.673654e-03 9.999573e-01 1.358545e+00
9.968583e-01 7.764325e-02 1.565538e-02 1.188140e-01 -7.829256e-02 9.958534e-01 4.632850e-02 4.501027e-02 -1.199336e-02 -4.740865e-02 9.988036e-01 2.172139e+00
9.968342e-01 7.884950e-02 1.021535e-02 1.253453e-01 -7.923945e-02 9.957877e-01 4.612919e-02 7.246071e-02 -6.535059e-03 -4.679261e-02 9.988832e-01 2.916805e+00
9.969531e-01 7.777785e-02 5.918184e-03 1.117942e-01 -7.796740e-02 9.959115e-01 4.562108e-02 1.168594e-01 -2.345678e-03 -4.594351e-02 9.989413e-01 3.659732e+00
9.845920e-01 1.722746e-01 2.999963e-02 3.160722e-01 -1.741029e-01 9.817772e-01 7.616946e-02 1.769278e-01 -1.633089e-02 -8.021886e-02 9.966435e-01 4.489254e+00
9.843622e-01 1.741958e-01 2.620970e-02 2.892983e-01 -1.757224e-01 9.814457e-01 7.671982e-02 2.290600e-01 -1.235913e-02 -8.012572e-02 9.967081e-01 5.270297e+00
9.844867e-01 1.741834e-01 2.112096e-02 3.272683e-01 -1.753179e-01 9.813710e-01 7.857813e-02 3.056036e-01 -7.040498e-03 -8.106200e-02 9.966842e-01 6.080429e+00
9.616457e-01 2.669997e-01 6.283858e-02 7.431499e-01 -2.733693e-01 9.517143e-01 1.396749e-01 6.835262e-01 -2.251122e-02 -1.514959e-01 9.882015e-01 6.966396e+00
9.622673e-01 2.653011e-01 6.047274e-02 7.786309e-01 -2.714050e-01 9.517277e-01 1.433659e-01 8.064298e-01 -1.951845e-02 -1.543689e-01 9.878205e-01 7.775658e+00
9.607314e-01 2.715967e-01 5.683626e-02 8.383281e-01 -2.770937e-01 9.498568e-01 1.448833e-01 9.192918e-01 -1.463647e-02 -1.549429e-01 9.878150e-01 8.581733e+00
9.703832e-01 2.366483e-01 -4.851901e-02 -3.795558e-01 -2.338605e-01 9.706068e-01 5.684771e-02 3.095006e-01 6.054579e-02 -4.381738e-02 9.972032e-01 9.584015e+00
9.713919e-01 2.321647e-01 -4.997332e-02 -4.448143e-01 -2.292996e-01 9.716829e-01 5.704353e-02 3.677492e-01 6.180172e-02 -4.395276e-02 9.971202e-01 1.044412e+01
9.706849e-01 2.346581e-01 -5.202275e-02 -5.005680e-01 -2.317195e-01 9.711227e-01 5.680551e-02 4.200605e-01 6.385034e-02 -4.308556e-02 9.970290e-01 1.131972e+01
9.732836e-01 2.077706e-01 -9.772637e-02 -1.240228e+00 -2.055379e-01 9.781095e-01 3.249661e-02 1.288902e-01 1.023389e-01 -1.154194e-02 9.946826e-01 1.197954e+01
9.728095e-01 2.093553e-01 -9.905538e-02 -1.376454e+00 -2.072063e-01 9.777860e-01 3.162302e-02 1.363465e-01 1.034754e-01 -1.023828e-02 9.945793e-01 1.287064e+01
9.725337e-01 2.091712e-01 -1.021056e-01 -1.475894e+00 -2.074100e-01 9.778621e-01 2.769048e-02 2.079705e-01 1.056373e-01 -5.752200e-03 9.943881e-01 1.379941e+01
9.777436e-01 1.857956e-01 -9.745523e-02 -1.744964e+00 -1.847175e-01 9.825871e-01 2.005004e-02 1.582431e-01 9.948346e-02 -1.602111e-03 9.950379e-01 1.472080e+01
9.776329e-01 1.859079e-01 -9.834685e-02 -1.871035e+00 -1.847079e-01 9.825637e-01 2.124954e-02 1.700487e-01 1.005825e-01 -2.608816e-03 9.949253e-01 1.566308e+01
9.778722e-01 1.844275e-01 -9.875467e-02 -1.991733e+00 -1.830262e-01 9.828355e-01 2.314548e-02 1.945358e-01 1.013283e-01 -4.558626e-03 9.948426e-01 1.658199e+01
9.837259e-01 1.540201e-01 -9.252696e-02 -2.079849e+00 -1.528587e-01 9.880546e-01 1.955258e-02 1.336483e-01 9.443317e-02 -5.090826e-03 9.955182e-01 1.740080e+01
9.837431e-01 1.533704e-01 -9.341813e-02 -2.165913e+00 -1.521880e-01 9.881553e-01 1.969514e-02 1.518594e-01 9.533228e-02 -5.157840e-03 9.954321e-01 1.828980e+01
9.825620e-01 1.591009e-01 -9.622240e-02 -2.222245e+00 -1.580051e-01 9.872564e-01 1.895152e-02 1.180406e-01 9.801138e-02 -3.417415e-03 9.951794e-01 1.917505e+01
9.886670e-01 1.212973e-01 -8.845636e-02 -2.649960e+00 -1.205732e-01 9.926126e-01 1.350408e-02 1.472406e-01 8.944090e-02 -2.685576e-03 9.959885e-01 2.048541e+01
9.884451e-01 1.225524e-01 -8.920316e-02 -2.710992e+00 -1.216507e-01 9.924520e-01 1.549621e-02 1.397781e-01 9.042896e-02 -4.465523e-03 9.958929e-01 2.137521e+01
9.885026e-01 1.224487e-01 -8.870658e-02 -2.760283e+00 -1.212443e-01 9.924435e-01 1.886065e-02 1.415557e-01 9.034573e-02 -7.888629e-03 9.958792e-01 2.223149e+01
9.922191e-01 9.429982e-02 -8.129480e-02 -3.087085e+00 -9.300338e-02 9.954729e-01 1.959765e-02 1.290872e-01 8.277482e-02 -1.188447e-02 9.964974e-01 2.332335e+01
9.925123e-01 9.284416e-02 -7.936859e-02 -3.178380e+00 -9.132805e-02 9.955659e-01 2.253120e-02 1.307922e-01 8.110856e-02 -1.511392e-02 9.965907e-01 2.427423e+01
9.926945e-01 9.144125e-02 -7.871585e-02 -3.189333e+00 -8.984421e-02 9.956761e-01 2.360402e-02 1.358431e-01 8.053387e-02 -1.635942e-02 9.966176e-01 2.513919e+01
9.950888e-01 6.647338e-02 -7.334592e-02 -3.435868e+00 -6.513536e-02 9.976661e-01 2.048876e-02 6.068713e-02 7.453670e-02 -1.561072e-02 9.970961e-01 2.615867e+01
9.950926e-01 6.701055e-02 -7.280342e-02 -3.555304e+00 -6.606886e-02 9.976982e-01 1.526953e-02 8.360617e-02 7.365907e-02 -1.038455e-02 9.972294e-01 2.718212e+01
9.953549e-01 6.558731e-02 -7.047623e-02 -3.669330e+00 -6.489106e-02 9.978187e-01 1.212621e-02 1.087925e-01 7.111782e-02 -7.496607e-03 9.974398e-01 2.815713e+01
9.970061e-01 3.657353e-02 -6.812616e-02 -3.785976e+00 -3.573393e-02 9.992701e-01 1.350265e-02 1.763641e-02 6.857027e-02 -1.102781e-02 9.975853e-01 2.904668e+01
9.971288e-01 3.262074e-02 -6.833770e-02 -3.820205e+00 -3.143156e-02 9.993364e-01 1.840533e-02 3.688935e-02 6.889274e-02 -1.620452e-02 9.974925e-01 2.996547e+01
9.973441e-01 2.559956e-02 -6.818592e-02 -4.009246e+00 -2.410528e-02 9.994528e-01 2.264822e-02 4.348662e-02 6.872840e-02 -2.094443e-02 9.974155e-01 3.110834e+01
9.976419e-01 -1.180714e-03 -6.862344e-02 -4.085240e+00 2.680385e-03 9.997595e-01 2.176565e-02 -4.020134e-02 6.858124e-02 -2.189827e-02 9.974052e-01 3.194619e+01
9.975247e-01 -1.876296e-03 -7.029176e-02 -4.127780e+00 3.144141e-03 9.998343e-01 1.793059e-02 -4.615709e-02 7.024647e-02 -1.810722e-02 9.973653e-01 3.288769e+01
9.974461e-01 -1.920281e-03 -7.139797e-02 -4.215220e+00 2.896664e-03 9.999037e-01 1.357420e-02 -2.456861e-02 7.136502e-02 -1.374634e-02 9.973555e-01 3.387806e+01
9.970823e-01 -2.229150e-02 -7.300714e-02 -4.290432e+00 2.332837e-02 9.996383e-01 1.338043e-02 -1.208329e-01 7.268246e-02 -1.504453e-02 9.972417e-01 3.465479e+01
9.971460e-01 -2.055861e-02 -7.264419e-02 -4.507117e+00 2.167037e-02 9.996593e-01 1.454926e-02 -1.335041e-01 7.232032e-02 -1.608197e-02 9.972518e-01 3.581599e+01
9.970600e-01 -1.867989e-02 -7.431337e-02 -4.553135e+00 2.003910e-02 9.996445e-01 1.758674e-02 -1.209140e-01 7.395843e-02 -1.902421e-02 9.970799e-01 3.678048e+01
9.965755e-01 -3.726960e-02 -7.381257e-02 -4.789758e+00 3.870742e-02 9.990858e-01 1.814515e-02 -1.961662e-01 7.306883e-02 -2.094010e-02 9.971070e-01 3.775197e+01
9.965747e-01 -3.395503e-02 -7.540542e-02 -4.876370e+00 3.558953e-02 9.991575e-01 2.043895e-02 -2.023231e-01 7.464789e-02 -2.305259e-02 9.969435e-01 3.879230e+01
9.965293e-01 -3.591082e-02 -7.509785e-02 -4.964136e+00 3.778322e-02 9.990058e-01 2.366198e-02 -1.886469e-01 7.417347e-02 -2.641729e-02 9.968954e-01 3.976398e+01
9.960650e-01 -4.877622e-02 -7.399617e-02 -5.229278e+00 5.078282e-02 9.983846e-01 2.548198e-02 -2.342077e-01 7.263372e-02 -2.913944e-02 9.969329e-01 4.072919e+01
9.960493e-01 -4.853415e-02 -7.436563e-02 -5.300223e+00 5.052004e-02 9.984086e-01 2.505908e-02 -2.335297e-01 7.303107e-02 -2.871703e-02 9.969161e-01 4.172061e+01
9.960626e-01 -4.863480e-02 -7.412133e-02 -5.378196e+00 5.052020e-02 9.984400e-01 2.377657e-02 -2.279930e-01 7.284933e-02 -2.742757e-02 9.969657e-01 4.272447e+01
9.953570e-01 -6.228883e-02 -7.337995e-02 -5.604445e+00 6.403928e-02 9.977104e-01 2.174612e-02 -2.985056e-01 7.185740e-02 -2.634436e-02 9.970669e-01 4.366743e+01
9.952934e-01 -6.180343e-02 -7.464116e-02 -5.657320e+00 6.361254e-02 9.977298e-01 2.210611e-02 -3.090472e-01 7.310548e-02 -2.675018e-02 9.969654e-01 4.463442e+01
9.951372e-01 -6.297482e-02 -7.573689e-02 -5.752897e+00 6.492211e-02 9.976129e-01 2.352761e-02 -3.087521e-01 7.407446e-02 -2.833020e-02 9.968502e-01 4.563721e+01
9.943116e-01 -7.463378e-02 -7.598867e-02 -5.998026e+00 7.666453e-02 9.967641e-01 2.416355e-02 -3.767130e-01 7.393936e-02 -2.985173e-02 9.968159e-01 4.663779e+01
9.944207e-01 -7.306518e-02 -7.608558e-02 -6.077972e+00 7.483255e-02 9.969825e-01 2.063895e-02 -3.713977e-01 7.434800e-02 -2.621748e-02 9.968877e-01 4.762141e+01
9.945832e-01 -7.092050e-02 -7.599020e-02 -6.167930e+00 7.239796e-02 9.972332e-01 1.686416e-02 -3.882561e-01 7.458393e-02 -2.227435e-02 9.969659e-01 4.857615e+01
9.939863e-01 -7.895152e-02 -7.588068e-02 -6.394895e+00 8.035239e-02 9.966447e-01 1.558453e-02 -4.810040e-01 7.439566e-02 -2.158800e-02 9.969951e-01 4.950337e+01
9.938678e-01 -8.027167e-02 -7.604728e-02 -6.486113e+00 8.192551e-02 9.964596e-01 1.887840e-02 -4.702129e-01 7.426265e-02 -2.499285e-02 9.969255e-01 5.050007e+01
9.936641e-01 -8.247327e-02 -7.635272e-02 -6.562541e+00 8.437146e-02 9.961921e-01 2.197266e-02 -4.675429e-01 7.424981e-02 -2.827544e-02 9.968387e-01 5.148012e+01
9.927536e-01 -9.303116e-02 -7.606181e-02 -6.788681e+00 9.504015e-02 9.952025e-01 2.322606e-02 -5.500629e-01 7.353616e-02 -3.028668e-02 9.968326e-01 5.233579e+01
9.925006e-01 -9.594147e-02 -7.574783e-02 -6.867443e+00 9.780390e-02 9.949785e-01 2.126447e-02 -5.269132e-01 7.332732e-02 -2.851343e-02 9.969002e-01 5.330714e+01
9.922890e-01 -9.769525e-02 -7.627641e-02 -6.928676e+00 9.951408e-02 9.948268e-01 2.041103e-02 -5.448645e-01 7.388776e-02 -2.784422e-02 9.968778e-01 5.427482e+01
9.915381e-01 -1.047055e-01 -7.673884e-02 -7.168684e+00 1.066181e-01 9.940729e-01 2.125387e-02 -6.004298e-01 7.405860e-02 -2.925578e-02 9.968247e-01 5.514852e+01
9.911751e-01 -1.069557e-01 -7.830974e-02 -7.243145e+00 1.092481e-01 9.936851e-01 2.558714e-02 -6.113878e-01 7.507853e-02 -3.391653e-02 9.966007e-01 5.610962e+01
9.909901e-01 -1.080998e-01 -7.907627e-02 -7.325458e+00 1.107485e-01 9.933985e-01 2.990163e-02 -5.760651e-01 7.532189e-02 -3.838980e-02 9.964200e-01 5.708986e+01
9.906776e-01 -1.112489e-01 -7.862249e-02 -7.614860e+00 1.140318e-01 9.929672e-01 3.182663e-02 -6.178214e-01 7.452887e-02 -4.049539e-02 9.963963e-01 5.801277e+01
9.908571e-01 -1.090358e-01 -7.945727e-02 -7.704932e+00 1.115755e-01 9.933545e-01 2.824355e-02 -6.300684e-01 7.584968e-02 -3.685081e-02 9.964381e-01 5.897346e+01
9.909873e-01 -1.079374e-01 -7.933218e-02 -7.830177e+00 1.098851e-01 9.937309e-01 2.059637e-02 -6.132820e-01 7.661172e-02 -2.912816e-02 9.966354e-01 5.992354e+01
9.909441e-01 -1.091447e-01 -7.821232e-02 -8.198506e+00 1.106242e-01 9.937517e-01 1.482750e-02 -6.228672e-01 7.610529e-02 -2.334540e-02 9.968265e-01 6.095618e+01
9.913193e-01 -1.048168e-01 -7.936972e-02 -8.322951e+00 1.064274e-01 9.941864e-01 1.632986e-02 -6.378941e-01 7.719665e-02 -2.463522e-02 9.967115e-01 6.194527e+01
9.913774e-01 -1.036810e-01 -8.013209e-02 -8.453120e+00 1.054554e-01 9.942570e-01 1.822716e-02 -6.110850e-01 7.778208e-02 -2.652035e-02 9.966176e-01 6.292440e+01
9.920149e-01 -9.707495e-02 -8.051636e-02 -8.700332e+00 9.896348e-02 9.948941e-01 1.979653e-02 -7.046263e-01 7.818351e-02 -2.760664e-02 9.965567e-01 6.378215e+01
9.919218e-01 -9.695798e-02 -8.179381e-02 -8.782191e+00 9.882239e-02 9.949227e-01 1.905278e-02 -6.844267e-01 7.953120e-02 -2.698193e-02 9.964671e-01 6.467819e+01
9.919263e-01 -9.620118e-02 -8.262877e-02 -8.890619e+00 9.808670e-02 9.949953e-01 1.906179e-02 -6.626399e-01 8.038147e-02 -2.701268e-02 9.963981e-01 6.555742e+01
9.922844e-01 -9.229195e-02 -8.278832e-02 -9.147888e+00 9.423729e-02 9.953509e-01 1.989801e-02 -7.370775e-01 8.056700e-02 -2.754623e-02 9.963685e-01 6.638887e+01
9.922353e-01 -9.184300e-02 -8.386926e-02 -9.248029e+00 9.385493e-02 9.953776e-01 2.036146e-02 -7.485047e-01 8.161153e-02 -2.807490e-02 9.962687e-01 6.722995e+01
9.921294e-01 -9.225640e-02 -8.466428e-02 -9.351576e+00 9.434426e-02 9.953183e-01 2.099145e-02 -7.406618e-01 8.233132e-02 -2.881383e-02 9.961884e-01 6.806076e+01
9.927814e-01 -8.387874e-02 -8.572880e-02 -9.540093e+00 8.615328e-02 9.960122e-01 2.317925e-02 -7.687462e-01 8.344269e-02 -3.039775e-02 9.960488e-01 6.885829e+01
9.928040e-01 -8.199655e-02 -8.727398e-02 -9.615410e+00 8.467883e-02 9.960292e-01 2.748258e-02 -7.762625e-01 8.467396e-02 -3.467508e-02 9.958052e-01 6.965229e+01
9.928887e-01 -7.889798e-02 -8.914706e-02 -9.694964e+00 8.174454e-02 9.962389e-01 2.873897e-02 -7.632851e-01 8.654432e-02 -3.582188e-02 9.956038e-01 7.044003e+01
9.935981e-01 -6.956390e-02 -8.901529e-02 -9.925961e+00 7.196337e-02 9.971177e-01 2.403261e-02 -8.069726e-01 8.708692e-02 -3.028459e-02 9.957403e-01 7.119081e+01
9.936031e-01 -6.914137e-02 -8.928803e-02 -1.000921e+01 7.090608e-02 9.973425e-01 1.674212e-02 -7.993627e-01 8.789318e-02 -2.296608e-02 9.958651e-01 7.193786e+01
9.934531e-01 -7.027349e-02 -9.006950e-02 -1.008998e+01 7.151484e-02 9.973829e-01 1.062583e-02 -7.882876e-01 8.908707e-02 -1.699757e-02 9.958788e-01 7.264035e+01
9.942257e-01 -5.934189e-02 -8.940767e-02 -1.029378e+01 6.044991e-02 9.981238e-01 9.734151e-03 -8.608365e-01 8.866228e-02 -1.508263e-02 9.959475e-01 7.332039e+01
9.942444e-01 -5.709438e-02 -9.065536e-02 -1.036171e+01 5.847364e-02 9.982091e-01 1.262978e-02 -8.541370e-01 8.977191e-02 -1.785803e-02 9.958022e-01 7.400973e+01
9.941520e-01 -5.622798e-02 -9.219699e-02 -1.041530e+01 5.789191e-02 9.982030e-01 1.547140e-02 -8.747711e-01 9.116139e-02 -2.071838e-02 9.956206e-01 7.464881e+01
9.945255e-01 -4.903157e-02 -9.227624e-02 -1.060181e+01 5.030476e-02 9.986675e-01 1.152119e-02 -9.332647e-01 9.158837e-02 -1.610006e-02 9.956668e-01 7.529534e+01
9.941431e-01 -5.690045e-02 -9.187896e-02 -1.066215e+01 5.772303e-02 9.983126e-01 6.318338e-03 -9.401526e-01 9.136441e-02 -1.158486e-02 9.957501e-01 7.592125e+01
9.940842e-01 -6.102264e-02 -8.984939e-02 -1.073128e+01 6.141871e-02 9.981107e-01 1.647431e-03 -9.556552e-01 8.957911e-02 -7.156119e-03 9.959540e-01 7.651178e+01
9.952514e-01 -4.523006e-02 -8.619104e-02 -1.088956e+01 4.549389e-02 9.989640e-01 1.098196e-03 -9.882956e-01 8.605208e-02 -5.014147e-03 9.962780e-01 7.711327e+01
9.957830e-01 -4.035635e-02 -8.238626e-02 -1.094878e+01 4.084198e-02 9.991567e-01 4.217177e-03 -9.980624e-01 8.214659e-02 -7.564211e-03 9.965916e-01 7.770415e+01
9.960750e-01 -4.203237e-02 -7.789667e-02 -1.099313e+01 4.277608e-02 9.990534e-01 7.902762e-03 -1.016898e+00 7.749077e-02 -1.120386e-02 9.969301e-01 7.826222e+01
9.969249e-01 -3.091287e-02 -7.200771e-02 -1.111700e+01 3.185308e-02 9.994212e-01 1.194536e-02 -1.066069e+00 7.159676e-02 -1.420230e-02 9.973325e-01 7.882823e+01
9.974090e-01 -3.525996e-02 -6.270517e-02 -1.117299e+01 3.623243e-02 9.992391e-01 1.443943e-02 -1.052928e+00 6.214832e-02 -1.667398e-02 9.979276e-01 7.936023e+01
9.980747e-01 -3.175396e-02 -5.327816e-02 -1.116180e+01 3.261561e-02 9.993496e-01 1.538174e-02 -1.063833e+00 5.275507e-02 -1.708983e-02 9.984612e-01 7.987123e+01
9.992723e-01 -1.003673e-02 -3.679807e-02 -1.128961e+01 1.055979e-02 9.998456e-01 1.404762e-02 -1.104787e+00 3.665140e-02 -1.442598e-02 9.992240e-01 8.038490e+01
9.998266e-01 -4.969875e-03 -1.794753e-02 -1.131611e+01 5.241913e-03 9.998716e-01 1.514232e-02 -1.114379e+00 1.786997e-02 -1.523377e-02 9.997243e-01 8.088370e+01
9.999730e-01 -6.433938e-03 3.554824e-03 -1.128784e+01 6.376622e-03 9.998532e-01 1.590595e-02 -1.103480e+00 -3.656640e-03 -1.588286e-02 9.998672e-01 8.137152e+01
9.994790e-01 7.867223e-03 3.130118e-02 -1.134476e+01 -8.336942e-03 9.998542e-01 1.490432e-02 -1.135920e+00 -3.117936e-02 -1.515752e-02 9.993989e-01 8.183019e+01
9.981457e-01 7.531449e-03 6.040240e-02 -1.127899e+01 -8.515839e-03 9.998348e-01 1.605637e-02 -1.128331e+00 -6.027150e-02 -1.654097e-02 9.980450e-01 8.228832e+01
9.955582e-01 6.523798e-03 9.392163e-02 -1.122176e+01 -8.299420e-03 9.997939e-01 1.852718e-02 -1.141690e+00 -9.378140e-02 -1.922438e-02 9.954072e-01 8.276431e+01
9.907465e-01 2.555606e-02 1.332973e-01 -1.124193e+01 -2.756172e-02 9.995326e-01 1.322283e-02 -1.153941e+00 -1.328971e-01 -1.677437e-02 9.909879e-01 8.320352e+01
9.841533e-01 2.675228e-02 1.752903e-01 -1.114148e+01 -2.919977e-02 9.995086e-01 1.139773e-02 -1.135573e+00 -1.748992e-01 -1.633555e-02 9.844508e-01 8.364922e+01
9.751714e-01 2.570003e-02 2.199551e-01 -1.099552e+01 -2.893817e-02 9.995149e-01 1.151193e-02 -1.158417e+00 -2.195526e-01 -1.759121e-02 9.754421e-01 8.407271e+01
9.620262e-01 4.950574e-02 2.684302e-01 -1.087482e+01 -5.146381e-02 9.986748e-01 2.585331e-04 -1.156925e+00 -2.680617e-01 -1.406316e-02 9.632991e-01 8.453772e+01
9.454930e-01 5.094814e-02 3.216322e-01 -1.072403e+01 -5.206849e-02 9.986304e-01 -5.123766e-03 -1.161159e+00 -3.214527e-01 -1.190241e-02 9.468508e-01 8.491130e+01
9.245568e-01 5.285663e-02 3.773605e-01 -1.051564e+01 -5.282915e-02 9.985491e-01 -1.043138e-02 -1.160033e+00 -3.773644e-01 -1.029124e-02 9.260077e-01 8.532073e+01
8.974265e-01 7.130953e-02 4.353627e-01 -1.042974e+01 -6.770111e-02 9.974213e-01 -2.381664e-02 -1.185664e+00 -4.359384e-01 -8.100860e-03 8.999400e-01 8.562095e+01
8.671984e-01 7.269658e-02 4.926278e-01 -1.020052e+01 -6.674791e-02 9.973285e-01 -2.967491e-02 -1.196135e+00 -4.934690e-01 -7.147840e-03 8.697340e-01 8.594823e+01
8.328461e-01 6.913072e-02 5.491706e-01 -9.956867e+00 -6.230454e-02 9.975729e-01 -3.108841e-02 -1.257846e+00 -5.499868e-01 -8.323960e-03 8.351318e-01 8.624702e+01
7.921381e-01 8.821166e-02 6.039338e-01 -9.759170e+00 -7.094527e-02 9.961009e-01 -5.243830e-02 -1.206546e+00 -6.062046e-01 -1.307869e-03 7.953076e-01 8.654591e+01
7.508861e-01 8.716300e-02 6.546546e-01 -9.473938e+00 -6.763854e-02 9.961897e-01 -5.505506e-02 -1.242630e+00 -6.569590e-01 -2.939801e-03 7.539206e-01 8.681594e+01
7.077417e-01 8.875991e-02 7.008733e-01 -9.174237e+00 -6.581346e-02 9.960455e-01 -5.968265e-02 -1.254774e+00 -7.033991e-01 -3.887002e-03 7.107845e-01 8.703787e+01
6.604299e-01 1.052376e-01 7.434765e-01 -8.903886e+00 -7.295345e-02 9.944388e-01 -7.595625e-02 -1.221292e+00 -7.473353e-01 -4.075397e-03 6.644346e-01 8.725959e+01
6.139428e-01 1.041006e-01 7.824560e-01 -8.600382e+00 -6.440996e-02 9.945668e-01 -8.178215e-02 -1.249543e+00 -7.867183e-01 -1.883957e-04 6.173122e-01 8.742456e+01
5.673781e-01 1.015143e-01 8.171762e-01 -8.259479e+00 -5.353949e-02 9.948201e-01 -8.640896e-02 -1.285099e+00 -8.217151e-01 5.275355e-03 5.698741e-01 8.759910e+01
5.170741e-01 1.206074e-01 8.474009e-01 -7.959939e+00 -5.914270e-02 9.926911e-01 -1.051979e-01 -1.234230e+00 -8.538949e-01 4.277523e-03 5.204279e-01 8.777514e+01
4.686420e-01 1.233328e-01 8.747364e-01 -7.654874e+00 -5.865330e-02 9.923653e-01 -1.084942e-01 -1.290734e+00 -8.814389e-01 -4.612381e-04 4.722979e-01 8.789459e+01
4.232483e-01 1.255181e-01 8.972770e-01 -7.338894e+00 -5.374098e-02 9.920913e-01 -1.134317e-01 -1.331361e+00 -9.044185e-01 -2.107716e-04 4.266464e-01 8.798575e+01
3.785415e-01 1.384733e-01 9.151675e-01 -6.998099e+00 -4.843953e-02 9.903545e-01 -1.298137e-01 -1.278356e+00 -9.243159e-01 4.809596e-03 3.815979e-01 8.810407e+01
3.412681e-01 1.311830e-01 9.307669e-01 -6.632574e+00 -2.778719e-02 9.911886e-01 -1.295107e-01 -1.328052e+00 -9.395552e-01 1.833445e-02 3.419062e-01 8.816923e+01
3.070514e-01 1.275986e-01 9.431002e-01 -6.308369e+00 -1.903207e-02 9.915962e-01 -1.279636e-01 -1.372994e+00 -9.515026e-01 2.134226e-02 3.068995e-01 8.821786e+01
2.713090e-01 1.444281e-01 9.515944e-01 -6.030754e+00 -2.100579e-02 9.893305e-01 -1.441666e-01 -1.296712e+00 -9.622631e-01 1.912469e-02 2.714481e-01 8.829488e+01
2.402602e-01 1.517964e-01 9.587663e-01 -5.655420e+00 -2.457399e-02 9.883320e-01 -1.503193e-01 -1.353831e+00 -9.703974e-01 1.255504e-02 2.411871e-01 8.836866e+01
2.104477e-01 1.553742e-01 9.651791e-01 -5.418947e+00 -3.000357e-02 9.878507e-01 -1.524819e-01 -1.431099e+00 -9.771446e-01 3.130635e-03 2.125527e-01 8.839677e+01
1.836896e-01 1.681143e-01 9.685018e-01 -4.943420e+00 -2.386469e-02 9.857391e-01 -1.665801e-01 -1.322502e+00 -9.826946e-01 7.486032e-03 1.850820e-01 8.847908e+01
1.623928e-01 1.698182e-01 9.720033e-01 -4.609567e+00 -1.306791e-02 9.853628e-01 -1.699690e-01 -1.370157e+00 -9.866396e-01 1.489970e-02 1.622350e-01 8.846928e+01
1.434220e-01 1.762405e-01 9.738426e-01 -4.226904e+00 -5.051843e-03 9.841333e-01 -1.773589e-01 -1.430099e+00 -9.896487e-01 2.051746e-02 1.420367e-01 8.847075e+01
1.204143e-01 1.896247e-01 9.744449e-01 -3.637821e+00 -4.348385e-03 9.816785e-01 -1.904950e-01 -9.654799e-01 -9.927142e-01 1.870106e-02 1.190327e-01 8.849845e+01
1.030608e-01 1.905428e-01 9.762540e-01 -3.171115e+00 -3.905830e-03 9.815503e-01 -1.911642e-01 -1.054653e+00 -9.946674e-01 1.588845e-02 1.019036e-01 8.854128e+01
8.811310e-02 1.862093e-01 9.785511e-01 -2.740143e+00 -3.549217e-03 9.824245e-01 -1.866267e-01 -1.135862e+00 -9.961042e-01 1.297117e-02 8.722536e-02 8.850681e+01
7.785105e-02 1.712598e-01 9.821453e-01 -2.512684e+00 1.042733e-03 9.851206e-01 -1.718613e-01 -1.439063e+00 -9.969645e-01 1.440370e-02 7.651409e-02 8.860939e+01
6.493610e-02 1.690292e-01 9.834696e-01 -2.046060e+00 4.595554e-03 9.854886e-01 -1.696796e-01 -1.513018e+00 -9.978788e-01 1.553792e-02 6.321700e-02 8.862646e+01
5.350678e-02 1.680683e-01 9.843221e-01 -1.576063e+00 1.031245e-02 9.855886e-01 -1.688452e-01 -1.600439e+00 -9.985142e-01 1.918514e-02 5.100248e-02 8.866190e+01
4.632715e-02 1.584957e-01 9.862722e-01 -1.127995e+00 1.319404e-02 9.871491e-01 -1.592563e-01 -1.504565e+00 -9.988392e-01 2.039081e-02 4.364060e-02 8.873338e+01
4.012723e-02 1.588119e-01 9.864931e-01 -8.142909e-01 1.669897e-02 9.870438e-01 -1.595798e-01 -1.564835e+00 -9.990550e-01 2.287691e-02 3.695533e-02 8.864644e+01
3.419253e-02 1.595040e-01 9.866050e-01 -7.203068e-02 1.986868e-02 9.868786e-01 -1.602368e-01 -1.691462e+00 -9.992177e-01 2.508144e-02 3.057474e-02 8.874199e+01
2.786538e-02 1.505050e-01 9.882165e-01 5.763533e-01 1.690710e-02 9.883880e-01 -1.510079e-01 -1.576500e+00 -9.994687e-01 2.091577e-02 2.499721e-02 8.893758e+01
2.240940e-02 1.505106e-01 9.883544e-01 1.139669e+00 1.797951e-02 9.883821e-01 -1.509225e-01 -1.690969e+00 -9.995872e-01 2.115221e-02 1.944294e-02 8.893270e+01
1.846182e-02 1.511139e-01 9.883439e-01 1.877384e+00 2.343150e-02 9.881755e-01 -1.515258e-01 -1.796208e+00 -9.995550e-01 2.595582e-02 1.470270e-02 8.897924e+01
1.625641e-02 1.411846e-01 9.898498e-01 2.328056e+00 2.049978e-02 9.897255e-01 -1.415036e-01 -1.630361e+00 -9.996577e-01 2.259204e-02 1.319513e-02 8.907155e+01
1.349104e-02 1.409574e-01 9.899237e-01 2.913866e+00 2.147307e-02 9.897447e-01 -1.412245e-01 -1.700421e+00 -9.996784e-01 2.316197e-02 1.032590e-02 8.905845e+01
1.099053e-02 1.402417e-01 9.900563e-01 3.688784e+00 2.460908e-02 9.897783e-01 -1.404755e-01 -1.830444e+00 -9.996367e-01 2.590827e-02 7.426966e-03 8.910638e+01
1.058712e-02 1.286524e-01 9.916332e-01 4.177722e+00 2.385833e-02 9.913740e-01 -1.288735e-01 -1.724929e+00 -9.996593e-01 2.502311e-02 7.426365e-03 8.921513e+01
1.213253e-02 1.282027e-01 9.916738e-01 4.830809e+00 2.675704e-02 9.913500e-01 -1.284882e-01 -1.816963e+00 -9.995683e-01 2.809314e-02 8.597259e-03 8.921027e+01
1.387997e-02 1.277633e-01 9.917076e-01 5.513313e+00 2.650724e-02 9.914075e-01 -1.280957e-01 -1.931910e+00 -9.995523e-01 2.806539e-02 1.037405e-02 8.922681e+01
1.874459e-02 1.178605e-01 9.928532e-01 6.269897e+00 2.724966e-02 9.925986e-01 -1.183447e-01 -1.789673e+00 -9.994529e-01 2.927323e-02 1.539419e-02 8.938458e+01
2.377494e-02 1.175860e-01 9.927781e-01 6.943540e+00 2.763547e-02 9.926020e-01 -1.182270e-01 -1.862183e+00 -9.993353e-01 3.024673e-02 2.034951e-02 8.936513e+01
2.752266e-02 1.162270e-01 9.928413e-01 7.704385e+00 2.928710e-02 9.926974e-01 -1.170220e-01 -1.957301e+00 -9.991921e-01 3.229820e-02 2.391773e-02 8.940527e+01
3.250216e-02 1.047201e-01 9.939705e-01 8.415554e+00 2.576849e-02 9.940775e-01 -1.055739e-01 -1.817260e+00 -9.991394e-01 2.904450e-02 2.961119e-02 8.952885e+01
3.795034e-02 1.017210e-01 9.940888e-01 9.102829e+00 2.268520e-02 9.944614e-01 -1.026251e-01 -1.915984e+00 -9.990221e-01 2.644576e-02 3.543259e-02 8.949502e+01
3.976827e-02 1.011126e-01 9.940798e-01 9.975870e+00 2.054842e-02 9.945737e-01 -1.019849e-01 -2.010580e+00 -9.989976e-01 2.448253e-02 3.747477e-02 8.960659e+01
4.599582e-02 9.269368e-02 9.946317e-01 1.059228e+01 1.694294e-02 9.954699e-01 -9.355531e-02 -1.853957e+00 -9.987979e-01 2.115514e-02 4.421695e-02 8.969574e+01
4.839030e-02 9.657393e-02 9.941488e-01 1.145565e+01 1.392538e-02 9.951529e-01 -9.734928e-02 -1.966221e+00 -9.987314e-01 1.855466e-02 4.681091e-02 8.976856e+01
4.918759e-02 1.011665e-01 9.936528e-01 1.216379e+01 6.858463e-03 9.947994e-01 -1.016228e-01 -2.056085e+00 -9.987660e-01 1.181351e-02 4.823794e-02 8.979564e+01
5.064595e-02 9.602153e-02 9.940900e-01 1.296163e+01 5.634928e-03 9.953240e-01 -9.642782e-02 -1.900790e+00 -9.987008e-01 1.048530e-02 4.986806e-02 8.997899e+01
5.115593e-02 9.523835e-02 9.941392e-01 1.362979e+01 2.375636e-03 9.954281e-01 -9.548408e-02 -1.980293e+00 -9.986879e-01 7.246289e-03 5.069580e-02 8.997204e+01
5.031091e-02 9.390800e-02 9.943089e-01 1.454439e+01 9.217839e-04 9.955649e-01 -9.407327e-02 -2.061033e+00 -9.987332e-01 5.649450e-03 5.000121e-02 9.007435e+01
5.143732e-02 8.377930e-02 9.951559e-01 1.532650e+01 -1.124883e-04 9.964755e-01 -8.388458e-02 -1.976469e+00 -9.986762e-01 4.202854e-03 5.126545e-02 9.023419e+01
5.169948e-02 8.405992e-02 9.951186e-01 1.610719e+01 -4.174119e-04 9.964529e-01 -8.415095e-02 -2.021082e+00 -9.986626e-01 3.935185e-03 5.155118e-02 9.028500e+01
5.344420e-02 8.425496e-02 9.950100e-01 1.680453e+01 -3.296301e-04 9.964355e-01 -8.435796e-02 -2.082729e+00 -9.985708e-01 4.180458e-03 5.328147e-02 9.027260e+01
5.272259e-02 7.541476e-02 9.957575e-01 1.774851e+01 -7.876808e-03 9.971447e-01 -7.510277e-02 -2.063466e+00 -9.985781e-01 -3.883778e-03 5.316608e-02 9.052968e+01
5.134491e-02 7.693803e-02 9.957129e-01 1.854227e+01 -9.955509e-03 9.970179e-01 -7.652550e-02 -2.129730e+00 -9.986314e-01 -5.983634e-03 5.195775e-02 9.057512e+01
4.904917e-02 7.622406e-02 9.958836e-01 1.937601e+01 -1.344137e-02 9.970438e-01 -7.565084e-02 -2.207841e+00 -9.987059e-01 -9.675432e-03 4.992872e-02 9.061617e+01
4.753368e-02 6.764830e-02 9.965763e-01 2.017528e+01 -1.237111e-02 9.976674e-01 -6.713230e-02 -2.133943e+00 -9.987930e-01 -9.137713e-03 4.825969e-02 9.076146e+01
4.224285e-02 6.564387e-02 9.969486e-01 2.095796e+01 -1.439553e-02 9.977757e-01 -6.508836e-02 -2.190176e+00 -9.990037e-01 -1.160208e-02 4.309387e-02 9.079792e+01
3.573357e-02 6.260360e-02 9.973986e-01 2.181924e+01 -1.822255e-02 9.979108e-01 -6.198290e-02 -2.275439e+00 -9.991952e-01 -1.596027e-02 3.679971e-02 9.084103e+01
3.002502e-02 5.618635e-02 9.979687e-01 2.268606e+01 -1.706674e-02 9.983021e-01 -5.569165e-02 -2.204275e+00 -9.994034e-01 -1.535993e-02 3.093296e-02 9.101346e+01
2.183030e-02 5.727713e-02 9.981196e-01 2.348964e+01 -1.567855e-02 9.982544e-01 -5.694195e-02 -2.264363e+00 -9.996387e-01 -1.440600e-02 2.269022e-02 9.102389e+01
1.187385e-02 5.727203e-02 9.982880e-01 2.434203e+01 -1.638834e-02 9.982354e-01 -5.707409e-02 -2.320689e+00 -9.997952e-01 -1.568259e-02 1.279149e-02 9.103287e+01
3.110627e-03 4.977686e-02 9.987555e-01 2.509036e+01 -1.356099e-02 9.986706e-01 -4.973040e-02 -2.268351e+00 -9.999032e-01 -1.338942e-02 3.781516e-03 9.116071e+01
-7.834825e-03 4.831273e-02 9.988015e-01 2.589940e+01 -1.599195e-02 9.986984e-01 -4.843318e-02 -2.327196e+00 -9.998414e-01 -1.635225e-02 -7.052012e-03 9.115649e+01
-1.819200e-02 4.700814e-02 9.987288e-01 2.668812e+01 -1.416028e-02 9.987818e-01 -4.726856e-02 -2.408391e+00 -9.997342e-01 -1.500219e-02 -1.750419e-02 9.111216e+01
-2.673696e-02 4.246382e-02 9.987402e-01 2.740513e+01 -9.758268e-03 9.990387e-01 -4.273775e-02 -2.332350e+00 -9.995949e-01 -1.088865e-02 -2.629689e-02 9.118209e+01
-3.769603e-02 4.299084e-02 9.983641e-01 2.823623e+01 -8.781163e-03 9.990213e-01 -4.335070e-02 -2.379752e+00 -9.992507e-01 -1.040095e-02 -3.728163e-02 9.115675e+01
-4.762008e-02 4.438077e-02 9.978791e-01 2.893358e+01 -8.037409e-03 9.989631e-01 -4.481254e-02 -2.414860e+00 -9.988332e-01 -1.015434e-02 -4.721399e-02 9.109702e+01
-5.681657e-02 3.984943e-02 9.975890e-01 2.975073e+01 -7.277919e-03 9.991600e-01 -4.032669e-02 -2.387788e+00 -9.983581e-01 -9.551596e-03 -5.647882e-02 9.116272e+01
-6.553492e-02 4.023524e-02 9.970388e-01 3.046161e+01 -5.938292e-03 9.991533e-01 -4.071089e-02 -2.439337e+00 -9.978326e-01 -8.588692e-03 -6.524050e-02 9.108708e+01
-7.507056e-02 3.979867e-02 9.963837e-01 3.125657e+01 -7.587905e-03 9.991515e-01 -4.048092e-02 -2.508351e+00 -9.971494e-01 -1.059939e-02 -7.470488e-02 9.102535e+01
-8.299900e-02 3.698815e-02 9.958630e-01 3.199746e+01 -2.656530e-03 9.992992e-01 -3.733718e-02 -2.429690e+00 -9.965461e-01 -5.744488e-03 -8.284258e-02 9.108398e+01
-9.096824e-02 3.606182e-02 9.952006e-01 3.273732e+01 -1.531052e-03 9.993379e-01 -3.635169e-02 -2.473000e+00 -9.958526e-01 -4.830553e-03 -9.085279e-02 9.100040e+01
-9.864058e-02 3.487779e-02 9.945117e-01 3.352953e+01 6.558569e-05 9.993858e-01 -3.504223e-02 -2.522580e+00 -9.951231e-01 -3.391360e-03 -9.858228e-02 9.094029e+01
-1.027262e-01 2.862060e-02 9.942978e-01 3.424622e+01 2.630291e-03 9.995903e-01 -2.850119e-02 -2.508445e+00 -9.947062e-01 -3.125271e-04 -1.027594e-01 9.097821e+01
-1.056601e-01 2.688678e-02 9.940388e-01 3.489825e+01 5.525180e-03 9.996348e-01 -2.645085e-02 -2.549212e+00 -9.943870e-01 2.697444e-03 -1.057700e-01 9.086468e+01
-1.087744e-01 2.518783e-02 9.937473e-01 3.565490e+01 6.070946e-03 9.996771e-01 -2.467361e-02 -2.586263e+00 -9.940479e-01 3.349129e-03 -1.088922e-01 9.079629e+01
-1.094800e-01 2.062810e-02 9.937749e-01 3.635539e+01 6.562348e-03 9.997778e-01 -2.002976e-02 -2.565635e+00 -9.939673e-01 4.328639e-03 -1.095910e-01 9.082284e+01
-1.095316e-01 2.226154e-02 9.937340e-01 3.705677e+01 8.976530e-03 9.997306e-01 -2.140646e-02 -2.555928e+00 -9.939428e-01 6.575599e-03 -1.097019e-01 9.073510e+01
-1.077804e-01 2.293292e-02 9.939102e-01 3.763199e+01 9.815583e-03 9.997097e-01 -2.200233e-02 -2.593545e+00 -9.941263e-01 7.384387e-03 -1.079743e-01 9.063134e+01
-1.046124e-01 1.950611e-02 9.943218e-01 3.821188e+01 9.156624e-03 9.997841e-01 -1.864990e-02 -2.625389e+00 -9.944709e-01 7.153621e-03 -1.047684e-01 9.069628e+01
-9.816791e-02 2.066128e-02 9.949554e-01 3.883873e+01 1.075612e-02 9.997481e-01 -1.969955e-02 -2.620827e+00 -9.951117e-01 8.767991e-03 -9.836542e-02 9.060223e+01
-9.175474e-02 2.068216e-02 9.955668e-01 3.959639e+01 8.946042e-03 9.997611e-01 -1.994479e-02 -2.681001e+00 -9.957415e-01 7.076353e-03 -9.191784e-02 9.058894e+01
-7.828861e-02 1.754732e-02 9.967763e-01 4.003254e+01 8.806693e-03 9.998182e-01 -1.690918e-02 -2.664794e+00 -9.968918e-01 7.454506e-03 -7.842892e-02 9.062221e+01
-6.472016e-02 1.737784e-02 9.977521e-01 4.060176e+01 7.948691e-03 9.998256e-01 -1.689835e-02 -2.706321e+00 -9.978718e-01 6.837159e-03 -6.484700e-02 9.059955e+01
-4.702109e-02 1.930041e-02 9.987074e-01 4.117964e+01 8.079626e-03 9.997880e-01 -1.894088e-02 -2.701698e+00 -9.988612e-01 7.178561e-03 -4.716706e-02 9.056688e+01
-2.474384e-02 1.984840e-02 9.994968e-01 4.177211e+01 8.107437e-03 9.997740e-01 -1.965320e-02 -2.695473e+00 -9.996609e-01 7.617061e-03 -2.489917e-02 9.068510e+01
7.418297e-04 2.346677e-02 9.997243e-01 4.224696e+01 7.218530e-03 9.996984e-01 -2.347152e-02 -2.699540e+00 -9.999737e-01 7.233952e-03 5.722104e-04 9.068332e+01
3.014780e-02 2.482128e-02 9.992372e-01 4.268040e+01 5.620738e-03 9.996716e-01 -2.500165e-02 -2.728106e+00 -9.995296e-01 6.370195e-03 2.999839e-02 9.067818e+01
6.424509e-02 2.163129e-02 9.976997e-01 4.336301e+01 5.007345e-03 9.997455e-01 -2.199808e-02 -2.747563e+00 -9.979216e-01 6.409095e-03 6.412042e-02 9.081944e+01
1.021066e-01 1.887980e-02 9.945943e-01 4.398173e+01 3.529358e-03 9.998067e-01 -1.934107e-02 -2.776357e+00 -9.947672e-01 5.485130e-03 1.020202e-01 9.088877e+01
1.448622e-01 1.609415e-02 9.893209e-01 4.452107e+01 2.704977e-03 9.998575e-01 -1.666164e-02 -2.754934e+00 -9.894481e-01 5.089733e-03 1.447981e-01 9.099464e+01
1.917164e-01 9.937471e-03 9.814001e-01 4.508568e+01 3.198262e-03 9.999371e-01 -1.074995e-02 -2.758823e+00 -9.814452e-01 5.199716e-03 1.916725e-01 9.119965e+01
2.409884e-01 5.905562e-03 9.705100e-01 4.555219e+01 -1.837359e-03 9.999825e-01 -5.628666e-03 -2.795382e+00 -9.705263e-01 -4.267318e-04 2.409950e-01 9.131973e+01
2.931465e-01 4.539781e-03 9.560568e-01 4.602526e+01 -4.174986e-03 9.999853e-01 -3.468238e-03 -2.792311e+00 -9.560584e-01 -2.974822e-03 2.931611e-01 9.149098e+01
3.491946e-01 3.634253e-03 9.370432e-01 4.650021e+01 -1.911907e-03 9.999932e-01 -3.165917e-03 -2.807869e+00 -9.370483e-01 -6.860179e-04 3.491992e-01 9.179603e+01
4.070852e-01 4.151191e-03 9.133808e-01 4.698061e+01 1.823952e-03 9.999840e-01 -5.357709e-03 -2.812577e+00 -9.133884e-01 3.847006e-03 4.070711e-01 9.202398e+01
4.662830e-01 7.263354e-03 8.846058e-01 4.733400e+01 2.660902e-03 9.999503e-01 -9.613012e-03 -2.831013e+00 -8.846316e-01 6.836233e-03 4.662405e-01 9.227149e+01
5.530087e-01 3.391599e-03 8.331685e-01 4.732354e+01 7.185365e-03 9.999351e-01 -8.839686e-03 -2.938471e+00 -8.331445e-01 1.087504e-02 5.529485e-01 9.203212e+01
6.099426e-01 6.938306e-03 7.924152e-01 4.766543e+01 4.627783e-03 9.999134e-01 -1.231726e-02 -2.948929e+00 -7.924321e-01 1.117995e-02 6.098577e-01 9.233895e+01
6.637984e-01 1.116465e-02 7.478282e-01 4.800291e+01 1.850126e-03 9.998610e-01 -1.656959e-02 -2.938319e+00 -7.479093e-01 1.238245e-02 6.636855e-01 9.268643e+01
7.145383e-01 1.236412e-02 6.994870e-01 4.820078e+01 9.767508e-04 9.998252e-01 -1.867067e-02 -2.956645e+00 -6.995956e-01 1.402413e-02 7.144013e-01 9.310218e+01
7.611704e-01 6.745175e-03 6.485168e-01 4.836367e+01 4.962869e-03 9.998561e-01 -1.622440e-02 -2.998096e+00 -6.485329e-01 1.556803e-02 7.610274e-01 9.331427e+01
8.038821e-01 5.928170e-03 5.947592e-01 4.868456e+01 2.019634e-03 9.999174e-01 -1.269628e-02 -2.985234e+00 -5.947853e-01 1.140751e-02 8.038037e-01 9.376996e+01
8.425676e-01 -1.043431e-03 5.385896e-01 4.878715e+01 4.899306e-03 9.999716e-01 -5.727173e-03 -3.022507e+00 -5.385683e-01 7.464246e-03 8.425488e-01 9.403464e+01
8.760100e-01 -4.241465e-03 4.822742e-01 4.893261e+01 4.431123e-03 9.999899e-01 7.458698e-04 -3.050429e+00 -4.822725e-01 1.483627e-03 8.760200e-01 9.435222e+01
9.041047e-01 -8.700245e-03 4.272225e-01 4.908258e+01 6.391774e-03 9.999562e-01 6.837261e-03 -3.042242e+00 -4.272632e-01 -3.450890e-03 9.041207e-01 9.475776e+01
9.271560e-01 -6.245363e-03 3.746234e-01 4.917450e+01 2.146102e-03 9.999332e-01 1.135854e-02 -3.083992e+00 -3.746693e-01 -9.727158e-03 9.271075e-01 9.523922e+01
9.448017e-01 -5.282372e-03 3.276002e-01 4.929233e+01 6.730792e-04 9.998992e-01 1.418165e-02 -3.092633e+00 -3.276421e-01 -1.317835e-02 9.447100e-01 9.566845e+01
9.578355e-01 2.239453e-03 2.873086e-01 4.937504e+01 -7.147639e-03 9.998459e-01 1.603556e-02 -3.092960e+00 -2.872284e-01 -1.741301e-02 9.577038e-01 9.615061e+01
9.680496e-01 4.703757e-03 2.507147e-01 4.942054e+01 -8.558365e-03 9.998613e-01 1.428643e-02 -3.125104e+00 -2.506127e-01 -1.597568e-02 9.679556e-01 9.659277e+01
9.756891e-01 6.398647e-03 2.190659e-01 4.951188e+01 -9.640518e-03 9.998592e-01 1.373286e-02 -3.114847e+00 -2.189472e-01 -1.551091e-02 9.756134e-01 9.705654e+01
9.803552e-01 9.153113e-04 1.972379e-01 4.959310e+01 -3.678457e-03 9.999002e-01 1.364329e-02 -3.125712e+00 -1.972057e-01 -1.410081e-02 9.802607e-01 9.754673e+01
9.835707e-01 -1.977402e-03 1.805123e-01 4.962597e+01 -5.152363e-04 9.999052e-01 1.376076e-02 -3.162924e+00 -1.805223e-01 -1.362769e-02 9.834765e-01 9.809852e+01
9.858822e-01 1.708106e-03 1.674319e-01 4.970191e+01 -3.986260e-03 9.999040e-01 1.327131e-02 -3.165089e+00 -1.673931e-01 -1.375137e-02 9.857943e-01 9.857888e+01
9.874613e-01 7.974125e-03 1.576599e-01 4.977033e+01 -1.025548e-02 9.998541e-01 1.366189e-02 -3.167872e+00 -1.575279e-01 -1.510747e-02 9.873990e-01 9.906986e+01
9.885033e-01 1.491015e-02 1.504620e-01 4.979565e+01 -1.693390e-02 9.997824e-01 1.217792e-02 -3.195105e+00 -1.502477e-01 -1.458583e-02 9.885408e-01 9.963468e+01
9.888411e-01 1.973225e-02 1.476614e-01 4.985227e+01 -2.114836e-02 9.997441e-01 8.026205e-03 -3.183193e+00 -1.474653e-01 -1.105944e-02 9.890054e-01 1.001372e+02
9.890146e-01 2.267321e-02 1.460688e-01 4.996939e+01 -2.387929e-02 9.996937e-01 6.508536e-03 -3.222457e+00 -1.458765e-01 -9.925056e-03 9.892530e-01 1.005776e+02
9.887777e-01 1.828498e-02 1.482713e-01 4.996703e+01 -1.880753e-02 9.998209e-01 2.122893e-03 -3.245476e+00 -1.482059e-01 -4.887687e-03 9.889444e-01 1.012944e+02
9.882274e-01 1.561332e-02 1.521936e-01 5.005406e+01 -1.514236e-02 9.998763e-01 -4.253116e-03 -3.249745e+00 -1.522411e-01 1.898476e-03 9.883416e-01 1.018941e+02
9.876244e-01 1.506234e-02 1.561126e-01 5.015556e+01 -1.383694e-02 9.998644e-01 -8.933282e-03 -3.249830e+00 -1.562260e-01 6.662608e-03 9.876989e-01 1.023737e+02
9.870745e-01 1.803408e-02 1.592442e-01 5.021504e+01 -1.685287e-02 9.998196e-01 -8.765071e-03 -3.301843e+00 -1.593736e-01 5.968056e-03 9.872003e-01 1.032098e+02
9.862111e-01 2.136677e-02 1.641068e-01 5.033923e+01 -2.088626e-02 9.997710e-01 -4.653148e-03 -3.307347e+00 -1.641686e-01 1.161410e-03 9.864316e-01 1.037356e+02
9.853280e-01 1.842446e-02 1.696742e-01 5.041110e+01 -1.878836e-02 9.998233e-01 5.391913e-04 -3.317783e+00 -1.696343e-01 -3.719180e-03 9.855001e-01 1.044283e+02
9.849604e-01 1.466731e-02 1.721568e-01 5.046138e+01 -1.584357e-02 9.998596e-01 5.460375e-03 -3.366481e+00 -1.720525e-01 -8.105832e-03 9.850544e-01 1.051043e+02
9.843354e-01 1.426209e-02 1.757283e-01 5.058736e+01 -1.638030e-02 9.998095e-01 1.060915e-02 -3.363749e+00 -1.755435e-01 -1.332144e-02 9.843815e-01 1.057573e+02
9.838522e-01 8.451454e-03 1.787830e-01 5.069776e+01 -1.057644e-02 9.998843e-01 1.093607e-02 -3.370500e+00 -1.786699e-01 -1.265036e-02 9.838277e-01 1.063925e+02
9.840989e-01 2.414779e-03 1.776052e-01 5.075418e+01 -3.959442e-03 9.999574e-01 8.343260e-03 -3.440752e+00 -1.775775e-01 -8.913810e-03 9.840665e-01 1.070772e+02
9.841166e-01 1.738738e-03 1.775146e-01 5.087376e+01 -2.052892e-03 9.999966e-01 1.586084e-03 -3.447389e+00 -1.775112e-01 -1.925310e-03 9.841169e-01 1.077584e+02
9.843089e-01 3.424659e-03 1.764207e-01 5.101085e+01 -2.468692e-03 9.999811e-01 -5.637879e-03 -3.426346e+00 -1.764367e-01 5.113886e-03 9.842987e-01 1.084186e+02
9.849202e-01 5.520691e-03 1.729214e-01 5.104139e+01 -4.019640e-03 9.999512e-01 -9.029519e-03 -3.486848e+00 -1.729628e-01 8.198274e-03 9.848942e-01 1.091251e+02
9.853725e-01 4.529463e-03 1.703539e-01 5.117400e+01 -3.829947e-03 9.999828e-01 -4.434655e-03 -3.511618e+00 -1.703711e-01 3.717340e-03 9.853730e-01 1.098702e+02
9.856902e-01 -6.904878e-04 1.685659e-01 5.129722e+01 2.412882e-04 9.999964e-01 2.685300e-03 -3.497363e+00 -1.685671e-01 -2.606200e-03 9.856867e-01 1.105835e+02
9.862667e-01 -6.245851e-04 1.651595e-01 5.132225e+01 -8.101605e-04 9.999625e-01 8.619521e-03 -3.564274e+00 -1.651587e-01 -8.634952e-03 9.862292e-01 1.114027e+02
9.865763e-01 3.238827e-03 1.632689e-01 5.144984e+01 -4.631291e-03 9.999561e-01 8.148744e-03 -3.587794e+00 -1.632353e-01 -8.795503e-03 9.865480e-01 1.121832e+02
9.869340e-01 7.033273e-03 1.609713e-01 5.154592e+01 -7.593459e-03 9.999671e-01 2.865119e-03 -3.572985e+00 -1.609458e-01 -4.050012e-03 9.869549e-01 1.128990e+02
9.876131e-01 9.311774e-03 1.566321e-01 5.156719e+01 -9.187400e-03 9.999566e-01 -1.518043e-03 -3.653145e+00 -1.566394e-01 6.019702e-05 9.876559e-01 1.136986e+02
9.882168e-01 7.679895e-03 1.528680e-01 5.167490e+01 -7.020103e-03 9.999636e-01 -4.855379e-03 -3.651967e+00 -1.528997e-01 3.725018e-03 9.882347e-01 1.144764e+02
9.887918e-01 5.422173e-03 1.492022e-01 5.178586e+01 -4.963710e-03 9.999817e-01 -3.444976e-03 -3.658207e+00 -1.492182e-01 2.665767e-03 9.888007e-01 1.152739e+02
9.895932e-01 2.663207e-03 1.438689e-01 5.185079e+01 -2.468848e-03 9.999958e-01 -1.529456e-03 -3.714409e+00 -1.438724e-01 1.158349e-03 9.895956e-01 1.160262e+02
9.897580e-01 2.456838e-03 1.427346e-01 5.194153e+01 -2.697721e-03 9.999952e-01 1.494134e-03 -3.738875e+00 -1.427302e-01 -1.863889e-03 9.897599e-01 1.169091e+02
9.900575e-01 -1.167405e-03 1.406582e-01 5.207487e+01 6.815837e-04 9.999936e-01 3.502036e-03 -3.729529e+00 -1.406614e-01 -3.371347e-03 9.900520e-01 1.176220e+02
9.901727e-01 -4.669035e-03 1.397723e-01 5.209349e+01 4.010321e-03 9.999795e-01 4.994045e-03 -3.793784e+00 -1.397928e-01 -4.384435e-03 9.901711e-01 1.185151e+02
9.903088e-01 -3.899001e-03 1.388285e-01 5.221476e+01 3.019464e-03 9.999740e-01 6.545471e-03 -3.798482e+00 -1.388504e-01 -6.062850e-03 9.902948e-01 1.193212e+02
9.902748e-01 9.468588e-05 1.391254e-01 5.232405e+01 -7.191868e-04 9.999899e-01 4.438496e-03 -3.802688e+00 -1.391236e-01 -4.495388e-03 9.902648e-01 1.201345e+02
9.902451e-01 7.684327e-03 1.391246e-01 5.233123e+01 -8.014654e-03 9.999662e-01 1.814225e-03 -3.866315e+00 -1.391060e-01 -2.911563e-03 9.902732e-01 1.211102e+02
9.900776e-01 1.604763e-02 1.396025e-01 5.244781e+01 -1.623509e-02 9.998682e-01 2.040201e-04 -3.872878e+00 -1.395809e-01 -2.468455e-03 9.902076e-01 1.219331e+02
9.895175e-01 2.235558e-02 1.426723e-01 5.255936e+01 -2.272822e-02 9.997412e-01 9.824441e-04 -3.891018e+00 -1.426134e-01 -4.214833e-03 9.897695e-01 1.227620e+02
9.892008e-01 2.420441e-02 1.445539e-01 5.257281e+01 -2.491099e-02 9.996849e-01 3.079770e-03 -3.939563e+00 -1.444338e-01 -6.647492e-03 9.894921e-01 1.236788e+02
9.887540e-01 2.574075e-02 1.473189e-01 5.269196e+01 -2.643229e-02 9.996469e-01 2.738090e-03 -3.962107e+00 -1.471964e-01 -6.601274e-03 9.890853e-01 1.245440e+02
9.884407e-01 2.385600e-02 1.497196e-01 5.280701e+01 -2.405876e-02 9.997104e-01 -4.570597e-04 -3.963927e+00 -1.496871e-01 -3.150292e-03 9.887284e-01 1.254184e+02
9.886006e-01 1.666431e-02 1.496368e-01 5.284471e+01 -1.704359e-02 9.998540e-01 1.252537e-03 -4.012921e+00 -1.495941e-01 -3.788607e-03 9.887402e-01 1.263420e+02
9.886642e-01 9.574057e-03 1.498377e-01 5.298023e+01 -9.619444e-03 9.999536e-01 -4.218759e-04 -4.024969e+00 -1.498348e-01 -1.024262e-03 9.887105e-01 1.271916e+02
9.884208e-01 9.917279e-03 1.514134e-01 5.310639e+01 -1.003241e-02 9.999497e-01 -3.582045e-06 -4.051439e+00 -1.514058e-01 -1.515500e-03 9.884705e-01 1.280294e+02
9.882347e-01 1.216406e-02 1.524603e-01 5.312785e+01 -1.278299e-02 9.999136e-01 3.080016e-03 -4.109052e+00 -1.524097e-01 -4.992677e-03 9.883048e-01 1.289341e+02
9.880294e-01 1.536426e-02 1.534986e-01 5.325512e+01 -1.697311e-02 9.998138e-01 9.176164e-03 -4.122993e+00 -1.533290e-01 -1.167167e-02 9.881063e-01 1.297798e+02
9.878608e-01 2.020700e-02 1.540220e-01 5.339834e+01 -2.262044e-02 9.996470e-01 1.393295e-02 -4.143542e+00 -1.536861e-01 -1.724786e-02 9.879692e-01 1.306150e+02
9.878016e-01 1.865212e-02 1.545965e-01 5.342372e+01 -1.992421e-02 9.997792e-01 6.682990e-03 -4.172219e+00 -1.544377e-01 -9.681681e-03 9.879551e-01 1.315371e+02
9.878564e-01 1.328904e-02 1.548005e-01 5.355698e+01 -1.226275e-02 9.998961e-01 -7.582792e-03 -4.178673e+00 -1.548852e-01 5.592429e-03 9.879166e-01 1.323890e+02
9.879483e-01 9.791707e-03 1.544742e-01 5.367719e+01 -7.279239e-03 9.998320e-01 -1.682191e-02 -4.187244e+00 -1.546129e-01 1.549472e-02 9.878536e-01 1.332671e+02
9.882799e-01 8.170446e-03 1.524336e-01 5.373134e+01 -7.111572e-03 9.999467e-01 -7.490386e-03 -4.249722e+00 -1.524867e-01 6.318555e-03 9.882853e-01 1.340581e+02
9.884486e-01 3.107129e-03 1.515247e-01 5.384779e+01 -5.175041e-03 9.998988e-01 1.325492e-02 -4.260075e+00 -1.514682e-01 -1.388595e-02 9.883646e-01 1.349355e+02
9.887141e-01 3.259058e-04 1.498142e-01 5.398540e+01 -4.634742e-03 9.995855e-01 2.841297e-02 -4.273214e+00 -1.497428e-01 -2.878665e-02 9.883058e-01 1.357690e+02
9.889478e-01 1.551923e-04 1.482640e-01 5.404580e+01 -3.865501e-03 9.996865e-01 2.473720e-02 -4.251380e+00 -1.482137e-01 -2.503691e-02 9.886384e-01 1.365512e+02
9.889661e-01 1.170354e-02 1.476792e-01 5.413288e+01 -1.296335e-02 9.998873e-01 7.571084e-03 -4.256633e+00 -1.475740e-01 -9.401962e-03 9.890063e-01 1.374041e+02
9.892888e-01 1.044519e-02 1.455971e-01 5.427178e+01 -1.055664e-02 9.999443e-01 -7.192796e-06 -4.254886e+00 -1.455891e-01 -1.529901e-03 9.893440e-01 1.381631e+02
9.897816e-01 6.937905e-03 1.424229e-01 5.431470e+01 -6.871756e-03 9.999759e-01 -9.563158e-04 -4.295963e+00 -1.424261e-01 -3.215177e-05 9.898054e-01 1.389783e+02
9.901494e-01 6.802570e-03 1.398497e-01 5.441474e+01 -6.926047e-03 9.999759e-01 3.962467e-04 -4.310474e+00 -1.398436e-01 -1.360949e-03 9.901727e-01 1.398341e+02
9.906702e-01 5.798994e-03 1.361576e-01 5.452479e+01 -5.705189e-03 9.999831e-01 -1.079159e-03 -4.306466e+00 -1.361616e-01 2.922858e-04 9.906866e-01 1.406416e+02
9.914473e-01 5.949023e-03 1.303716e-01 5.454952e+01 -5.713994e-03 9.999813e-01 -2.176756e-03 -4.391429e+00 -1.303822e-01 1.413196e-03 9.914628e-01 1.415813e+02
9.917341e-01 1.172680e-02 1.277729e-01 5.463654e+01 -1.151908e-02 9.999309e-01 -2.364576e-03 -4.407823e+00 -1.277918e-01 8.732043e-04 9.918006e-01 1.424120e+02
9.919789e-01 1.607373e-02 1.253775e-01 5.472609e+01 -1.580669e-02 9.998702e-01 -3.124426e-03 -4.401973e+00 -1.254114e-01 1.117561e-03 9.921042e-01 1.432385e+02
9.922207e-01 1.870577e-02 1.230779e-01 5.472365e+01 -1.861603e-02 9.998249e-01 -1.879153e-03 -4.440302e+00 -1.230915e-01 -4.266872e-04 9.923952e-01 1.440788e+02
9.923775e-01 1.726674e-02 1.220192e-01 5.481034e+01 -1.776456e-02 9.998377e-01 2.993109e-03 -4.453783e+00 -1.219477e-01 -5.137911e-03 9.925232e-01 1.449049e+02
9.926344e-01 1.572116e-02 1.201244e-01 5.491822e+01 -1.625965e-02 9.998617e-01 3.503824e-03 -4.477699e+00 -1.200527e-01 -5.431196e-03 9.927527e-01 1.457000e+02
9.929987e-01 1.357733e-02 1.173426e-01 5.491394e+01 -1.367030e-02 9.999066e-01 -1.260856e-05 -4.516372e+00 -1.173318e-01 -1.591587e-03 9.930915e-01 1.465419e+02
9.936218e-01 8.511260e-03 1.124425e-01 5.500239e+01 -8.147131e-03 9.999600e-01 -3.697464e-03 -4.534075e+00 -1.124695e-01 2.757797e-03 9.936514e-01 1.473427e+02
9.942874e-01 5.955901e-03 1.065701e-01 5.506592e+01 -5.510229e-03 9.999748e-01 -4.475924e-03 -4.551581e+00 -1.065941e-01 3.863129e-03 9.942951e-01 1.481437e+02
9.951320e-01 5.631917e-03 9.838974e-02 5.512074e+01 -5.716730e-03 9.999835e-01 5.801081e-04 -4.590797e+00 -9.838485e-02 -1.139752e-03 9.951478e-01 1.490058e+02
9.957453e-01 3.722612e-03 9.207334e-02 5.519131e+01 -4.629918e-03 9.999428e-01 9.642529e-03 -4.616293e+00 -9.203218e-02 -1.002779e-02 9.957055e-01 1.498010e+02
9.961089e-01 1.458228e-03 8.811873e-02 5.525288e+01 -3.103473e-03 9.998234e-01 1.853666e-02 -4.610135e+00 -8.807614e-02 -1.873800e-02 9.959375e-01 1.506473e+02
9.964575e-01 8.983651e-03 8.361677e-02 5.522663e+01 -1.080881e-02 9.997126e-01 2.140057e-02 -4.645495e+00 -8.340048e-02 -2.222855e-02 9.962682e-01 1.514444e+02
9.968438e-01 1.148831e-02 7.855247e-02 5.528190e+01 -1.287408e-02 9.997699e-01 1.715767e-02 -4.652407e+00 -7.833728e-02 -1.811481e-02 9.967623e-01 1.522479e+02
9.973990e-01 1.067388e-02 7.128334e-02 5.532747e+01 -1.117520e-02 9.999155e-01 6.637655e-03 -4.654424e+00 -7.120647e-02 -7.416996e-03 9.974340e-01 1.530089e+02
9.978758e-01 7.852816e-03 6.466969e-02 5.530289e+01 -7.888831e-03 9.999688e-01 3.015666e-04 -4.673024e+00 -6.466530e-02 -8.110943e-04 9.979067e-01 1.538355e+02
9.982298e-01 8.834044e-03 5.881574e-02 5.532287e+01 -8.947955e-03 9.999586e-01 1.673653e-03 -4.646447e+00 -5.879851e-02 -2.196971e-03 9.982675e-01 1.546840e+02
9.986535e-01 1.365142e-02 5.004805e-02 5.536888e+01 -1.389956e-02 9.998928e-01 4.613416e-03 -4.696745e+00 -4.997970e-02 -5.302850e-03 9.987362e-01 1.554603e+02
9.989617e-01 1.777851e-02 4.194581e-02 5.529948e+01 -1.789919e-02 9.998367e-01 2.503228e-03 -4.751843e+00 -4.189446e-02 -3.251425e-03 9.991168e-01 1.562861e+02
9.993020e-01 1.955457e-02 3.182967e-02 5.530752e+01 -1.946814e-02 9.998059e-01 -3.023000e-03 -4.771839e+00 -3.188260e-02 2.401226e-03 9.994887e-01 1.571135e+02
9.995690e-01 1.819409e-02 2.303971e-02 5.534475e+01 -1.807611e-02 9.998225e-01 -5.318866e-03 -4.782048e+00 -2.313239e-02 4.900106e-03 9.997204e-01 1.578780e+02
9.997009e-01 1.986182e-02 1.426900e-02 5.528518e+01 -1.981978e-02 9.997988e-01 -3.081755e-03 -4.829530e+00 -1.432734e-02 2.798025e-03 9.998934e-01 1.586010e+02
9.997109e-01 2.330584e-02 5.917011e-03 5.528777e+01 -2.333223e-02 9.997180e-01 4.430043e-03 -4.831434e+00 -5.812096e-03 -4.566819e-03 9.999727e-01 1.594420e+02
9.996645e-01 2.584675e-02 -1.673032e-03 5.525178e+01 -2.582999e-02 9.996225e-01 9.362008e-03 -4.846880e+00 1.914378e-03 -9.315653e-03 9.999548e-01 1.602518e+02
9.995806e-01 2.747918e-02 -9.140979e-03 5.513059e+01 -2.736287e-02 9.995460e-01 1.261476e-02 -4.841573e+00 9.483472e-03 -1.235934e-02 9.998786e-01 1.611911e+02
9.994830e-01 2.774342e-02 -1.625055e-02 5.513956e+01 -2.750637e-02 9.995145e-01 1.463348e-02 -4.847472e+00 1.664864e-02 -1.417893e-02 9.997609e-01 1.619952e+02
9.994186e-01 2.773434e-02 -1.983007e-02 5.510706e+01 -2.749478e-02 9.995468e-01 1.225317e-02 -4.837715e+00 2.016091e-02 -1.170082e-02 9.997283e-01 1.628149e+02
9.991893e-01 3.179521e-02 -2.469449e-02 5.497551e+01 -3.161685e-02 9.994713e-01 7.580283e-03 -4.897608e+00 2.492245e-02 -6.793376e-03 9.996663e-01 1.636791e+02
9.989288e-01 3.595762e-02 -2.912700e-02 5.496119e+01 -3.595895e-02 9.993532e-01 4.784631e-04 -4.900675e+00 2.912536e-02 5.694256e-04 9.995756e-01 1.644754e+02
9.987916e-01 3.714459e-02 -3.218121e-02 5.491757e+01 -3.721219e-02 9.993063e-01 -1.504290e-03 -4.902110e+00 3.210300e-02 2.700005e-03 9.994809e-01 1.653005e+02
9.985161e-01 4.074541e-02 -3.613116e-02 5.483691e+01 -4.059878e-02 9.991641e-01 4.783201e-03 -4.940179e+00 3.629585e-02 -3.309222e-03 9.993356e-01 1.660726e+02
9.983136e-01 4.318212e-02 -3.879748e-02 5.481670e+01 -4.265044e-02 9.989859e-01 1.442921e-02 -4.929614e+00 3.938121e-02 -1.275014e-02 9.991429e-01 1.668772e+02
9.981496e-01 4.565546e-02 -4.016253e-02 5.470640e+01 -4.479244e-02 9.987511e-01 2.213210e-02 -4.943662e+00 4.112282e-02 -2.029217e-02 9.989480e-01 1.677604e+02
9.980222e-01 4.204137e-02 -4.673471e-02 5.463439e+01 -4.120389e-02 9.989750e-01 1.874134e-02 -4.965165e+00 4.747472e-02 -1.677863e-02 9.987315e-01 1.685298e+02
9.982431e-01 2.870408e-02 -5.183353e-02 5.457148e+01 -2.828777e-02 9.995615e-01 8.747689e-03 -4.965190e+00 5.206190e-02 -7.266066e-03 9.986174e-01 1.693750e+02
9.979107e-01 2.613944e-02 -5.908380e-02 5.452619e+01 -2.597059e-02 9.996561e-01 3.624157e-03 -4.954324e+00 5.915822e-02 -2.082144e-03 9.982464e-01 1.702160e+02
9.972796e-01 3.052666e-02 -6.709265e-02 5.442616e+01 -3.022018e-02 9.995277e-01 5.578457e-03 -4.992091e+00 6.723125e-02 -3.535730e-03 9.977312e-01 1.710040e+02
9.967787e-01 2.946573e-02 -7.459180e-02 5.435247e+01 -2.861865e-02 9.995135e-01 1.239984e-02 -5.010129e+00 7.492088e-02 -1.022518e-02 9.971371e-01 1.718408e+02
9.963088e-01 2.403825e-02 -8.240714e-02 5.430128e+01 -2.276537e-02 9.996071e-01 1.635139e-02 -5.015953e+00 8.276782e-02 -1.441501e-02 9.964646e-01 1.726512e+02
9.959755e-01 2.194522e-02 -8.689737e-02 5.416271e+01 -2.033779e-02 9.996061e-01 1.934050e-02 -5.051187e+00 8.728757e-02 -1.749536e-02 9.960295e-01 1.734612e+02
9.955173e-01 1.720857e-02 -9.300079e-02 5.408079e+01 -1.547465e-02 9.996933e-01 1.933324e-02 -5.048750e+00 9.330497e-02 -1.780742e-02 9.954783e-01 1.742967e+02
9.949739e-01 1.607135e-02 -9.883666e-02 5.398859e+01 -1.492682e-02 9.998128e-01 1.230866e-02 -5.066022e+00 9.901597e-02 -1.077147e-02 9.950275e-01 1.751192e+02
9.942106e-01 4.934083e-03 -1.073354e-01 5.386120e+01 -4.657636e-03 9.999852e-01 2.826079e-03 -5.097163e+00 1.073477e-01 -2.309789e-03 9.942189e-01 1.759326e+02
9.935084e-01 -5.683259e-03 -1.136164e-01 5.375253e+01 5.552515e-03 9.999835e-01 -1.467166e-03 -5.095333e+00 1.136229e-01 8.267851e-04 9.935236e-01 1.767913e+02
9.927617e-01 -1.185059e-03 -1.200951e-01 5.365887e+01 1.831800e-03 9.999844e-01 5.274988e-03 -5.091610e+00 1.200870e-01 -5.456796e-03 9.927484e-01 1.776080e+02
9.919426e-01 9.794391e-03 -1.263086e-01 5.347381e+01 -7.499467e-03 9.997983e-01 1.863194e-02 -5.118452e+00 1.264656e-01 -1.753457e-02 9.918160e-01 1.784621e+02
9.912492e-01 1.473326e-02 -1.311790e-01 5.335721e+01 -1.143354e-02 9.995999e-01 2.587213e-02 -5.110330e+00 1.315077e-01 -2.414589e-02 9.910210e-01 1.792948e+02
9.907535e-01 1.406911e-02 -1.349425e-01 5.324407e+01 -1.102831e-02 9.996687e-01 2.325520e-02 -5.114623e+00 1.352250e-01 -2.155198e-02 9.905805e-01 1.801093e+02
9.904374e-01 1.574456e-02 -1.370615e-01 5.304638e+01 -1.421464e-02 9.998253e-01 1.213397e-02 -5.128885e+00 1.372286e-01 -1.006966e-02 9.904882e-01 1.809209e+02
9.898041e-01 2.589198e-02 -1.400620e-01 5.292219e+01 -2.572754e-02 9.996645e-01 2.984878e-03 -5.128399e+00 1.400923e-01 6.490040e-04 9.901382e-01 1.817299e+02
9.895870e-01 2.354976e-02 -1.419961e-01 5.278261e+01 -2.380920e-02 9.997165e-01 -1.281526e-04 -5.147173e+00 1.419528e-01 3.507632e-03 9.898672e-01 1.825654e+02
9.893150e-01 1.940608e-02 -1.444966e-01 5.260775e+01 -1.891412e-02 9.998097e-01 4.777710e-03 -5.182066e+00 1.445618e-01 -1.993634e-03 9.894938e-01 1.833860e+02
9.892938e-01 1.964725e-02 -1.446093e-01 5.247631e+01 -1.792553e-02 9.997522e-01 1.319945e-02 -5.179785e+00 1.448328e-01 -1.046593e-02 9.894008e-01 1.842562e+02
9.893430e-01 2.269517e-02 -1.438241e-01 5.231544e+01 -2.019559e-02 9.996190e-01 1.881572e-02 -5.184667e+00 1.441964e-01 -1.571059e-02 9.894244e-01 1.851460e+02
9.890022e-01 2.222313e-02 -1.462216e-01 5.216429e+01 -1.971671e-02 9.996332e-01 1.856850e-02 -5.226666e+00 1.465807e-01 -1.548127e-02 9.890776e-01 1.859278e+02
9.888370e-01 1.716764e-02 -1.480092e-01 5.202278e+01 -1.596687e-02 9.998293e-01 9.297229e-03 -5.218477e+00 1.481436e-01 -6.830199e-03 9.889423e-01 1.867707e+02
9.885775e-01 6.589518e-03 -1.505692e-01 5.190492e+01 -7.043853e-03 9.999721e-01 -2.484309e-03 -5.228455e+00 1.505486e-01 3.516519e-03 9.885963e-01 1.876238e+02
9.881878e-01 -3.812709e-03 -1.532000e-01 5.171564e+01 2.839397e-03 9.999744e-01 -6.571496e-03 -5.263965e+00 1.532212e-01 6.058876e-03 9.881733e-01 1.885373e+02
9.880838e-01 -4.866561e-04 -1.539163e-01 5.156371e+01 2.564904e-04 9.999988e-01 -1.515248e-03 -5.284761e+00 1.539169e-01 1.457714e-03 9.880827e-01 1.893968e+02
9.878167e-01 6.085687e-03 -1.555030e-01 5.143892e+01 -4.739290e-03 9.999480e-01 9.027611e-03 -5.286912e+00 1.555499e-01 -8.180651e-03 9.877942e-01 1.902292e+02
9.873820e-01 5.897883e-03 -1.582465e-01 5.123597e+01 -3.911550e-03 9.999096e-01 1.286068e-02 -5.334951e+00 1.583080e-01 -1.207941e-02 9.873159e-01 1.910889e+02
9.872156e-01 4.765796e-03 -1.593192e-01 5.108341e+01 -3.367443e-03 9.999534e-01 9.045872e-03 -5.331059e+00 1.593549e-01 -8.393727e-03 9.871857e-01 1.919593e+02
9.872327e-01 3.306717e-03 -1.592506e-01 5.094372e+01 -2.840554e-03 9.999910e-01 3.154769e-03 -5.330917e+00 1.592596e-01 -2.662131e-03 9.872332e-01 1.927786e+02
9.870368e-01 1.024356e-02 -1.601668e-01 5.074083e+01 -9.901028e-03 9.999467e-01 2.936512e-03 -5.372781e+00 1.601884e-01 -1.312629e-03 9.870856e-01 1.936071e+02
9.869210e-01 1.111470e-02 -1.608208e-01 5.058313e+01 -1.031667e-02 9.999300e-01 5.796373e-03 -5.361296e+00 1.608740e-01 -4.061426e-03 9.869666e-01 1.944744e+02
9.867151e-01 1.540547e-02 -1.617280e-01 5.049172e+01 -1.414329e-02 9.998599e-01 8.952775e-03 -5.385328e+00 1.618433e-01 -6.546472e-03 9.867948e-01 1.952654e+02
9.866175e-01 1.689930e-02 -1.621738e-01 5.029703e+01 -1.512727e-02 9.998117e-01 1.215542e-02 -5.415979e+00 1.623487e-01 -9.539506e-03 9.866873e-01 1.960296e+02
9.863922e-01 1.750334e-02 -1.634750e-01 5.023989e+01 -1.580140e-02 9.998066e-01 1.170565e-02 -5.405111e+00 1.636483e-01 -8.963226e-03 9.864780e-01 1.966291e+02
9.863158e-01 1.631435e-02 -1.640579e-01 5.011245e+01 -1.519532e-02 9.998519e-01 8.073662e-03 -5.411431e+00 1.641653e-01 -5.470269e-03 9.864177e-01 1.974666e+02
9.859999e-01 2.084510e-02 -1.654379e-01 4.990528e+01 -2.072313e-02 9.997822e-01 2.463464e-03 -5.445905e+00 1.654532e-01 9.994160e-04 9.862171e-01 1.983921e+02
9.857139e-01 2.442005e-02 -1.666489e-01 4.975847e+01 -2.427927e-02 9.997011e-01 2.882331e-03 -5.458154e+00 1.666694e-01 1.204960e-03 9.860121e-01 1.992125e+02
9.854085e-01 2.644401e-02 -1.681391e-01 4.961591e+01 -2.474908e-02 9.996196e-01 1.216854e-02 -5.448803e+00 1.683969e-01 -7.829693e-03 9.856882e-01 1.999812e+02
9.853019e-01 2.089029e-02 -1.695401e-01 4.930994e+01 -1.740414e-02 9.996060e-01 2.202268e-02 -5.495974e+00 1.699333e-01 -1.874828e-02 9.852772e-01 2.010558e+02
9.853769e-01 1.700060e-02 -1.695386e-01 4.917296e+01 -1.321168e-02 9.996377e-01 2.345162e-02 -5.500902e+00 1.698758e-01 -2.086879e-02 9.852445e-01 2.018151e+02
9.852684e-01 1.388588e-02 -1.704506e-01 4.908140e+01 -1.121105e-02 9.997986e-01 1.664524e-02 -5.531480e+00 1.706474e-01 -1.448909e-02 9.852256e-01 2.025114e+02
9.851572e-01 1.903087e-02 -1.705966e-01 4.887157e+01 -1.720761e-02 9.997780e-01 1.215991e-02 -5.554130e+00 1.707901e-01 -9.043859e-03 9.852659e-01 2.033051e+02
9.852594e-01 1.592037e-02 -1.703244e-01 4.874050e+01 -1.508195e-02 9.998669e-01 6.215287e-03 -5.546441e+00 1.704007e-01 -3.554847e-03 9.853684e-01 2.040204e+02
9.854544e-01 1.248390e-02 -1.694811e-01 4.860618e+01 -1.222151e-02 9.999220e-01 2.591331e-03 -5.548327e+00 1.695002e-01 -4.823236e-04 9.855300e-01 2.047041e+02
9.857917e-01 9.685362e-03 -1.676929e-01 4.849434e+01 -1.013198e-02 9.999470e-01 -1.807914e-03 -5.592109e+00 1.676666e-01 3.481289e-03 9.858376e-01 2.053202e+02
9.863714e-01 6.384470e-03 -1.644102e-01 4.845932e+01 -6.930495e-03 9.999722e-01 -2.747698e-03 -5.599509e+00 1.643881e-01 3.849695e-03 9.863882e-01 2.059053e+02
9.875007e-01 8.770343e-03 -1.573701e-01 4.817151e+01 -8.610060e-03 9.999615e-01 1.700225e-03 -5.598261e+00 1.573790e-01 -3.240069e-04 9.875382e-01 2.068238e+02
9.880537e-01 1.684685e-02 -1.531866e-01 4.815209e+01 -1.525547e-02 9.998168e-01 1.155805e-02 -5.657970e+00 1.533532e-01 -9.083042e-03 9.881297e-01 2.073316e+02
9.888158e-01 2.507955e-02 -1.470180e-01 4.802787e+01 -2.302068e-02 9.996119e-01 1.568928e-02 -5.658955e+00 1.473544e-01 -1.212936e-02 9.890094e-01 2.080128e+02
9.896211e-01 2.325461e-02 -1.418074e-01 4.799276e+01 -2.143412e-02 9.996672e-01 1.435198e-02 -5.659971e+00 1.420940e-01 -1.116351e-02 9.897902e-01 2.085891e+02
9.905094e-01 2.327303e-02 -1.354605e-01 4.789687e+01 -2.264325e-02 9.997245e-01 6.188323e-03 -5.682862e+00 1.355672e-01 -3.062326e-03 9.907634e-01 2.091766e+02
9.915378e-01 2.418898e-02 -1.275445e-01 4.778203e+01 -2.476960e-02 9.996888e-01 -2.967942e-03 -5.691256e+00 1.274330e-01 6.102053e-03 9.918284e-01 2.098467e+02
9.922332e-01 2.672826e-02 -1.214863e-01 4.771676e+01 -2.798375e-02 9.995710e-01 -8.639740e-03 -5.683838e+00 1.212033e-01 1.197228e-02 9.925555e-01 2.105091e+02
9.931469e-01 2.824475e-02 -1.134084e-01 4.758661e+01 -2.919200e-02 9.995514e-01 -6.700216e-03 -5.748648e+00 1.131683e-01 9.964916e-03 9.935259e-01 2.111114e+02
9.939024e-01 2.479866e-02 -1.074383e-01 4.751636e+01 -2.510448e-02 9.996837e-01 -1.494728e-03 -5.754409e+00 1.073673e-01 4.182797e-03 9.942106e-01 2.117620e+02
9.947126e-01 1.748588e-02 -1.011987e-01 4.745611e+01 -1.712661e-02 9.998436e-01 4.417975e-03 -5.765512e+00 1.012601e-01 -2.661424e-03 9.948564e-01 2.124180e+02
9.953308e-01 1.467464e-02 -9.540094e-02 4.734752e+01 -1.418076e-02 9.998823e-01 5.852901e-03 -5.811851e+00 9.547560e-02 -4.472714e-03 9.954217e-01 2.130496e+02
9.955992e-01 1.378953e-02 -9.269356e-02 4.731011e+01 -1.320485e-02 9.998889e-01 6.918039e-03 -5.806765e+00 9.277866e-02 -5.663589e-03 9.956707e-01 2.136719e+02
9.957101e-01 1.814122e-02 -9.073176e-02 4.721782e+01 -1.743455e-02 9.998112e-01 8.575102e-03 -5.813700e+00 9.087020e-02 -6.956448e-03 9.958384e-01 2.143348e+02
9.956452e-01 2.051172e-02 -9.093895e-02 4.711258e+01 -1.965031e-02 9.997533e-01 1.035783e-02 -5.842212e+00 9.112897e-02 -8.525743e-03 9.958026e-01 2.149485e+02
9.955695e-01 2.028920e-02 -9.181357e-02 4.705194e+01 -1.915222e-02 9.997288e-01 1.324788e-02 -5.856748e+00 9.205746e-02 -1.143075e-02 9.956881e-01 2.155790e+02
9.955556e-01 2.187213e-02 -9.160064e-02 4.698253e+01 -2.056103e-02 9.996726e-01 1.523270e-02 -5.855084e+00 9.190382e-02 -1.328160e-02 9.956793e-01 2.162310e+02
9.953458e-01 2.882926e-02 -9.195433e-02 4.688463e+01 -2.800093e-02 9.995550e-01 1.028569e-02 -5.877817e+00 9.220994e-02 -7.663007e-03 9.957101e-01 2.168210e+02
9.950945e-01 3.368654e-02 -9.301736e-02 4.679653e+01 -3.369337e-02 9.994311e-01 1.497479e-03 -5.884988e+00 9.301488e-02 1.643935e-03 9.956634e-01 2.174823e+02
9.950354e-01 2.900033e-02 -9.520255e-02 4.674534e+01 -2.976519e-02 9.995350e-01 -6.623492e-03 -5.890065e+00 9.496620e-02 9.424330e-03 9.954359e-01 2.180965e+02
9.946935e-01 2.325380e-02 -1.002203e-01 4.666537e+01 -2.449930e-02 9.996369e-01 -1.121470e-02 -5.888408e+00 9.992311e-02 1.361051e-02 9.949021e-01 2.187681e+02
9.942287e-01 2.560715e-02 -1.041806e-01 4.659931e+01 -2.634366e-02 9.996367e-01 -5.699469e-03 -5.888132e+00 1.039968e-01 8.411075e-03 9.945421e-01 2.194358e+02
9.935977e-01 3.279595e-02 -1.081112e-01 4.648241e+01 -3.224828e-02 9.994567e-01 6.810711e-03 -5.884128e+00 1.082758e-01 -3.280706e-03 9.941155e-01 2.201559e+02
9.931522e-01 3.282876e-02 -1.121200e-01 4.635099e+01 -3.064304e-02 9.993063e-01 2.116285e-02 -5.932726e+00 1.127370e-01 -1.758223e-02 9.934693e-01 2.208740e+02
9.927894e-01 2.550811e-02 -1.171259e-01 4.629473e+01 -2.208704e-02 9.992933e-01 3.041426e-02 -5.908665e+00 1.178189e-01 -2.760799e-02 9.926512e-01 2.216180e+02
9.926093e-01 2.201192e-02 -1.193409e-01 4.617267e+01 -1.871412e-02 9.994133e-01 2.868417e-02 -5.915406e+00 1.199023e-01 -2.623881e-02 9.924389e-01 2.223043e+02
9.921381e-01 2.845370e-02 -1.218705e-01 4.603512e+01 -2.586098e-02 9.994054e-01 2.280382e-02 -5.958643e+00 1.224469e-01 -1.947285e-02 9.922840e-01 2.229907e+02
9.916540e-01 2.643392e-02 -1.261889e-01 4.593625e+01 -2.485187e-02 9.995918e-01 1.409535e-02 -5.958074e+00 1.265100e-01 -1.084168e-02 9.919061e-01 2.237135e+02
9.915189e-01 1.762213e-02 -1.287621e-01 4.590116e+01 -1.650709e-02 9.998165e-01 9.721785e-03 -5.967324e+00 1.289098e-01 -7.513846e-03 9.916279e-01 2.243203e+02
9.915009e-01 6.763658e-03 -1.299240e-01 4.567171e+01 -5.030572e-03 9.998940e-01 1.366279e-02 -5.949466e+00 1.300027e-01 -1.289307e-02 9.914298e-01 2.252181e+02
9.912925e-01 -3.334246e-05 -1.316785e-01 4.555947e+01 2.396108e-03 9.998390e-01 1.778504e-02 -5.955010e+00 1.316567e-01 -1.794569e-02 9.911329e-01 2.259762e+02
9.912496e-01 -3.407116e-03 -1.319570e-01 4.542177e+01 6.151616e-03 9.997730e-01 2.039637e-02 -5.944854e+00 1.318576e-01 -2.102964e-02 9.910456e-01 2.267070e+02
9.909457e-01 -7.887804e-03 -1.340315e-01 4.534275e+01 1.026609e-02 9.998017e-01 1.706239e-02 -5.978983e+00 1.338703e-01 -1.828388e-02 9.908302e-01 2.272229e+02
9.907346e-01 -1.502449e-02 -1.349788e-01 4.525128e+01 1.679157e-02 9.997874e-01 1.196258e-02 -5.965162e+00 1.347703e-01 -1.411825e-02 9.907763e-01 2.279185e+02
9.904436e-01 -2.372754e-02 -1.358621e-01 4.513837e+01 2.550192e-02 9.996105e-01 1.133441e-02 -5.980676e+00 1.355402e-01 -1.469084e-02 9.906629e-01 2.286550e+02
9.900955e-01 -3.109122e-02 -1.369096e-01 4.487242e+01 3.318043e-02 9.993648e-01 1.300361e-02 -5.995338e+00 1.364184e-01 -1.741754e-02 9.904982e-01 2.293348e+02
9.902184e-01 -2.973901e-02 -1.363201e-01 4.476291e+01 3.222293e-02 9.993518e-01 1.605047e-02 -5.985073e+00 1.357544e-01 -2.028610e-02 9.905348e-01 2.299951e+02
9.898721e-01 -3.080971e-02 -1.385784e-01 4.470632e+01 3.386447e-02 9.992315e-01 1.973942e-02 -6.001209e+00 1.378637e-01 -2.423238e-02 9.901547e-01 2.306719e+02
9.894717e-01 -3.758049e-02 -1.397623e-01 4.448745e+01 4.024317e-02 9.990574e-01 1.627343e-02 -6.052042e+00 1.390189e-01 -2.172658e-02 9.900514e-01 2.310777e+02
9.894558e-01 -4.010619e-02 -1.391716e-01 4.441118e+01 4.176331e-02 9.990869e-01 9.005990e-03 -6.058017e+00 1.386834e-01 -1.472330e-02 9.902273e-01 2.317077e+02
9.892933e-01 -4.377783e-02 -1.392204e-01 4.432032e+01 4.414134e-02 9.990252e-01 -4.771055e-04 -6.049197e+00 1.391056e-01 -5.673378e-03 9.902613e-01 2.323700e+02
9.893694e-01 -4.492954e-02 -1.383097e-01 4.377984e+01 4.442922e-02 9.989900e-01 -6.704164e-03 -6.133758e+00 1.384713e-01 4.879000e-04 9.903663e-01 2.327093e+02
9.895120e-01 -4.209515e-02 -1.381813e-01 4.369445e+01 4.173634e-02 9.991136e-01 -5.494386e-03 -6.139080e+00 1.382901e-01 -3.304219e-04 9.903917e-01 2.333477e+02
9.894328e-01 -4.310363e-02 -1.384372e-01 4.358177e+01 4.358729e-02 9.990495e-01 4.625047e-04 -6.140132e+00 1.382857e-01 -6.491720e-03 9.903711e-01 2.340355e+02
9.806407e-01 -2.936603e-02 -1.936013e-01 3.029347e+01 2.945117e-02 9.995632e-01 -2.439001e-03 -9.841090e+00 1.935884e-01 -3.310000e-03 9.810773e-01 2.357020e+02
9.806935e-01 -2.876471e-02 -1.934241e-01 3.013013e+01 2.975894e-02 9.995546e-01 2.236028e-03 -9.850697e+00 1.932736e-01 -7.948955e-03 9.811127e-01 2.363597e+02
9.804406e-01 -2.843299e-02 -1.947505e-01 3.001674e+01 2.996855e-02 9.995386e-01 4.942279e-03 -9.836169e+00 1.945201e-01 -1.068200e-02 9.808404e-01 2.369823e+02
9.887870e-01 -4.267636e-02 -1.431046e-01 4.313066e+01 4.594824e-02 9.987508e-01 1.963587e-02 -6.201314e+00 1.420879e-01 -2.599110e-02 9.895128e-01 2.365436e+02
9.876386e-01 -5.076392e-02 -1.483002e-01 4.304661e+01 5.419687e-02 9.983457e-01 1.919742e-02 -6.200813e+00 1.470803e-01 -2.699752e-02 9.887560e-01 2.371236e+02
9.864100e-01 -5.188622e-02 -1.558944e-01 4.298811e+01 5.517945e-02 9.983339e-01 1.686906e-02 -6.226987e+00 1.547594e-01 -2.524198e-02 9.876297e-01 2.376281e+02
9.847737e-01 -5.166365e-02 -1.659871e-01 4.310710e+01 5.461868e-02 9.984189e-01 1.328460e-02 -6.232774e+00 1.650383e-01 -2.214832e-02 9.860384e-01 2.387057e+02
9.823293e-01 -5.209420e-02 -1.797646e-01 4.300301e+01 5.469637e-02 9.984574e-01 9.545851e-03 -6.250438e+00 1.789900e-01 -1.920964e-02 9.836633e-01 2.392184e+02
9.786066e-01 -5.456678e-02 -1.983723e-01 4.287703e+01 5.689041e-02 9.983622e-01 6.028666e-03 -6.239549e+00 1.977184e-01 -1.718517e-02 9.801082e-01 2.397298e+02
9.739580e-01 -5.372359e-02 -2.202718e-01 4.282571e+01 5.675123e-02 9.983607e-01 7.435333e-03 -6.258807e+00 2.195112e-01 -1.974240e-02 9.754102e-01 2.405018e+02
9.682756e-01 -5.056807e-02 -2.447146e-01 4.269215e+01 5.452486e-02 9.984680e-01 9.417078e-03 -6.273087e+00 2.438635e-01 -2.246136e-02 9.695494e-01 2.409802e+02
9.609836e-01 -4.748504e-02 -2.724991e-01 4.260238e+01 5.268727e-02 9.985413e-01 1.180124e-02 -6.296030e+00 2.715413e-01 -2.569803e-02 9.620836e-01 2.413748e+02
9.514252e-01 -4.842919e-02 -3.040471e-01 4.243202e+01 5.430866e-02 9.984646e-01 1.090556e-02 -6.294793e+00 3.030521e-01 -2.688821e-02 9.525946e-01 2.420112e+02
9.397938e-01 -4.563597e-02 -3.386811e-01 4.227971e+01 5.131976e-02 9.986515e-01 7.840908e-03 -6.335452e+00 3.378666e-01 -2.474987e-02 9.408685e-01 2.424113e+02
9.255417e-01 -4.121130e-02 -3.763964e-01 4.203751e+01 4.537958e-02 9.989674e-01 2.210304e-03 -6.330703e+00 3.759167e-01 -1.912644e-02 9.264561e-01 2.428475e+02
9.069226e-01 -3.934442e-02 -4.194561e-01 4.190619e+01 4.240004e-02 9.990986e-01 -2.039301e-03 -6.334040e+00 4.191583e-01 -1.593547e-02 9.077733e-01 2.432478e+02
8.860488e-01 -3.642397e-02 -4.621589e-01 4.165525e+01 3.846466e-02 9.992474e-01 -5.009086e-03 -6.361473e+00 4.619935e-01 -1.333849e-02 8.867830e-01 2.436342e+02
8.618297e-01 -2.426546e-02 -5.066169e-01 4.142686e+01 2.456520e-02 9.996797e-01 -6.092709e-03 -6.386385e+00 5.066025e-01 -7.194270e-03 8.621497e-01 2.439768e+02
8.338930e-01 2.036801e-02 -5.515501e-01 4.135081e+01 -1.776100e-02 9.997916e-01 1.006798e-02 -6.179678e+00 5.516402e-01 1.400465e-03 8.340810e-01 2.442596e+02
8.016202e-01 2.778649e-02 -5.971875e-01 4.104070e+01 -2.753774e-02 9.995752e-01 9.544524e-03 -6.226574e+00 5.971990e-01 8.794113e-03 8.020449e-01 2.445725e+02
7.651485e-01 4.000673e-02 -6.426097e-01 4.077375e+01 -3.867701e-02 9.991213e-01 1.614964e-02 -6.180531e+00 6.426911e-01 1.249735e-02 7.660235e-01 2.448643e+02
7.248663e-01 4.660715e-02 -6.873112e-01 4.044791e+01 -4.477293e-02 9.987866e-01 2.050922e-02 -6.215057e+00 6.874331e-01 1.590650e-02 7.260735e-01 2.451452e+02
6.826220e-01 5.544561e-02 -7.286652e-01 4.009367e+01 -4.835121e-02 9.983594e-01 3.067121e-02 -6.224708e+00 7.291703e-01 1.429500e-02 6.841830e-01 2.454194e+02
6.382826e-01 7.431768e-02 -7.662064e-01 3.977645e+01 -5.597735e-02 9.971748e-01 5.008880e-02 -6.136062e+00 7.677642e-01 1.091940e-02 6.406394e-01 2.456657e+02
5.938434e-01 7.924713e-02 -8.006684e-01 3.935916e+01 -5.216021e-02 9.968361e-01 5.997664e-02 -6.194071e+00 8.028881e-01 6.146297e-03 5.960980e-01 2.458782e+02
5.470729e-01 8.770252e-02 -8.324779e-01 3.898471e+01 -5.572709e-02 9.961059e-01 6.831919e-02 -6.167892e+00 8.352279e-01 9.015991e-03 5.498300e-01 2.460714e+02
5.008339e-01 9.151826e-02 -8.606915e-01 3.864344e+01 -5.560143e-02 9.957423e-01 7.352404e-02 -6.132428e+00 8.637557e-01 1.103235e-02 5.037900e-01 2.461741e+02
4.510573e-01 9.404393e-02 -8.875264e-01 3.835666e+01 -5.287630e-02 9.955020e-01 7.861251e-02 -6.147001e+00 8.909273e-01 1.147036e-02 4.540011e-01 2.462657e+02
4.001850e-01 9.202964e-02 -9.118018e-01 3.807328e+01 -4.276832e-02 9.957364e-01 8.173051e-02 -6.145165e+00 9.154359e-01 6.288908e-03 4.024147e-01 2.463302e+02
3.459424e-01 8.620983e-02 -9.342868e-01 3.765113e+01 -3.440493e-02 9.962657e-01 7.918958e-02 -6.105181e+00 9.376248e-01 4.749039e-03 3.476165e-01 2.464837e+02
2.907305e-01 7.832905e-02 -9.535934e-01 3.727949e+01 -2.240973e-02 9.969275e-01 7.505630e-02 -6.086660e+00 9.565425e-01 -4.513827e-04 2.915925e-01 2.465509e+02
2.357101e-01 7.370085e-02 -9.690247e-01 3.691680e+01 -1.513230e-02 9.972776e-01 7.216883e-02 -6.082494e+00 9.717056e-01 -2.347343e-03 2.361836e-01 2.465814e+02
1.819278e-01 7.153046e-02 -9.807067e-01 3.646202e+01 -1.117448e-02 9.974366e-01 7.067775e-02 -6.055507e+00 9.832484e-01 -1.899358e-03 1.822607e-01 2.466590e+02
1.331459e-01 7.247861e-02 -9.884427e-01 3.608732e+01 -1.170491e-02 9.973679e-01 7.155637e-02 -6.048693e+00 9.910273e-01 2.042195e-03 1.336438e-01 2.465994e+02
8.735374e-02 7.299943e-02 -9.934991e-01 3.572153e+01 -7.680445e-03 9.973312e-01 7.260570e-02 -6.015294e+00 9.961477e-01 1.288136e-03 8.768128e-02 2.465420e+02
4.264170e-02 7.290058e-02 -9.964272e-01 3.516918e+01 -2.497709e-03 9.973390e-01 7.286041e-02 -6.011523e+00 9.990873e-01 -6.181066e-04 4.271031e-02 2.465858e+02
1.615514e-03 7.201931e-02 -9.974019e-01 3.474780e+01 -1.692609e-03 9.974020e-01 7.201658e-02 -5.998779e+00 9.999973e-01 1.571868e-03 1.733218e-03 2.465446e+02
-3.316746e-02 7.060137e-02 -9.969530e-01 3.421268e+01 -5.348282e-05 9.975017e-01 7.064200e-02 -5.960433e+00 9.994498e-01 2.396336e-03 -3.308083e-02 2.465053e+02
-6.199313e-02 6.775115e-02 -9.957744e-01 3.377830e+01 9.398223e-04 9.976969e-01 6.782344e-02 -5.935413e+00 9.980761e-01 3.268737e-03 -6.191403e-02 2.464151e+02
-8.733132e-02 6.458608e-02 -9.940834e-01 3.327433e+01 -6.567289e-05 9.978957e-01 6.483954e-02 -5.884774e+00 9.961793e-01 5.727807e-03 -8.714330e-02 2.463262e+02
-1.091816e-01 6.342813e-02 -9.919961e-01 3.279151e+01 -8.381952e-04 9.979559e-01 6.390145e-02 -5.868127e+00 9.940215e-01 7.808347e-03 -1.089052e-01 2.462376e+02
-1.283784e-01 6.196179e-02 -9.897877e-01 3.222262e+01 -8.322581e-04 9.980392e-01 6.258629e-02 -5.859174e+00 9.917249e-01 8.858486e-03 -1.280751e-01 2.461665e+02
-1.421405e-01 5.880940e-02 -9.880979e-01 3.170640e+01 -6.939656e-03 9.981498e-01 6.040595e-02 -5.798344e+00 9.898222e-01 1.544319e-02 -1.414694e-01 2.460233e+02
-1.533343e-01 5.684610e-02 -9.865379e-01 3.112909e+01 -8.000899e-03 9.982398e-01 5.876394e-02 -5.770774e+00 9.881420e-01 1.690372e-02 -1.526096e-01 2.459492e+02
-1.594414e-01 5.474811e-02 -9.856881e-01 3.053676e+01 -8.234065e-03 9.983526e-01 5.678344e-02 -5.725980e+00 9.871731e-01 1.716985e-02 -1.587279e-01 2.458433e+02
-1.625947e-01 5.374402e-02 -9.852282e-01 3.001825e+01 -9.339971e-03 9.983869e-01 5.600323e-02 -5.708693e+00 9.866487e-01 1.830783e-02 -1.618305e-01 2.457280e+02
-1.641749e-01 5.526196e-02 -9.848821e-01 2.941565e+01 -7.548400e-03 9.983299e-01 5.727480e-02 -5.709076e+00 9.864024e-01 1.683737e-02 -1.634835e-01 2.456035e+02
-1.654191e-01 5.498946e-02 -9.846891e-01 2.878963e+01 -7.887813e-03 9.983386e-01 5.707679e-02 -5.655310e+00 9.861918e-01 1.720864e-02 -1.647105e-01 2.455080e+02
-1.660368e-01 5.512733e-02 -9.845775e-01 2.817784e+01 -9.112809e-03 9.983078e-01 5.743287e-02 -5.647788e+00 9.860775e-01 1.850823e-02 -1.652534e-01 2.453947e+02
-1.653829e-01 5.557919e-02 -9.846621e-01 2.744996e+01 -8.611276e-03 9.982913e-01 5.779483e-02 -5.621433e+00 9.861918e-01 1.803747e-02 -1.646217e-01 2.452820e+02
-1.640392e-01 5.417770e-02 -9.849649e-01 2.684280e+01 -4.875206e-03 9.984339e-01 5.573049e-02 -5.596168e+00 9.864418e-01 1.394389e-02 -1.635181e-01 2.451330e+02
-1.639960e-01 5.226073e-02 -9.850757e-01 2.600925e+01 -3.021520e-03 9.985644e-01 5.347936e-02 -5.617150e+00 9.864564e-01 1.174683e-02 -1.636026e-01 2.450408e+02
-1.632994e-01 5.164399e-02 -9.852239e-01 2.520977e+01 -1.213321e-03 9.986177e-01 5.254717e-02 -5.598058e+00 9.865758e-01 9.776313e-03 -1.630110e-01 2.449386e+02
-1.619506e-01 5.055679e-02 -9.855029e-01 2.444569e+01 -2.384164e-03 9.986638e-01 5.162374e-02 -5.554540e+00 9.867960e-01 1.071010e-02 -1.616137e-01 2.447978e+02
-1.610227e-01 5.087896e-02 -9.856384e-01 2.369786e+01 -4.282358e-04 9.986666e-01 5.162144e-02 -5.571684e+00 9.869506e-01 8.734311e-03 -1.607862e-01 2.446628e+02
-1.602870e-01 5.153676e-02 -9.857241e-01 2.285294e+01 1.113632e-03 9.986448e-01 5.203121e-02 -5.518773e+00 9.870698e-01 7.242191e-03 -1.601271e-01 2.445554e+02
-1.583859e-01 5.162207e-02 -9.860269e-01 2.198942e+01 1.981650e-03 9.986470e-01 5.196446e-02 -5.454779e+00 9.873753e-01 6.276476e-03 -1.582739e-01 2.444167e+02
-1.579774e-01 5.231799e-02 -9.860558e-01 2.107646e+01 6.340516e-03 9.986286e-01 5.196925e-02 -5.473381e+00 9.874224e-01 1.957863e-03 -1.580924e-01 2.443076e+02
-1.578566e-01 5.101219e-02 -9.861435e-01 2.010596e+01 4.853826e-03 9.986928e-01 5.088437e-02 -5.381128e+00 9.874501e-01 3.245866e-03 -1.578979e-01 2.442142e+02
-1.552148e-01 5.600188e-02 -9.862921e-01 1.940218e+01 1.123625e-02 9.984274e-01 5.492265e-02 -5.410724e+00 9.878168e-01 -2.557419e-03 -1.556000e-01 2.439964e+02
-1.528130e-01 6.138461e-02 -9.863469e-01 1.864877e+01 1.268462e-02 9.981087e-01 6.015139e-02 -5.416560e+00 9.881737e-01 -3.319524e-03 -1.533026e-01 2.437830e+02
-1.535058e-01 6.519199e-02 -9.859949e-01 1.766764e+01 1.333345e-02 9.978672e-01 6.390112e-02 -5.348134e+00 9.880578e-01 -3.337516e-03 -1.540477e-01 2.437030e+02
-1.511426e-01 6.593303e-02 -9.863107e-01 1.697515e+01 1.370167e-02 9.978170e-01 6.460256e-02 -5.296690e+00 9.884170e-01 -3.749913e-03 -1.517160e-01 2.434818e+02
-1.548870e-01 6.353890e-02 -9.858868e-01 1.579890e+01 1.386550e-02 9.979712e-01 6.213939e-02 -5.307074e+00 9.878349e-01 -4.045232e-03 -1.554538e-01 2.434282e+02
-1.552960e-01 5.908178e-02 -9.860996e-01 1.501749e+01 1.546507e-02 9.982330e-01 5.737323e-02 -5.254184e+00 9.877469e-01 -6.340270e-03 -1.559353e-01 2.432542e+02
-1.592663e-01 5.962400e-02 -9.854335e-01 1.399653e+01 1.932871e-02 9.981716e-01 5.727081e-02 -5.242618e+00 9.870464e-01 -9.925847e-03 -1.601275e-01 2.431762e+02
-1.599011e-01 6.411643e-02 -9.850486e-01 1.321690e+01 2.103048e-02 9.978832e-01 6.153799e-02 -5.211463e+00 9.869090e-01 -1.087605e-02 -1.609110e-01 2.429376e+02
-1.629191e-01 7.153331e-02 -9.840429e-01 1.231133e+01 2.462726e-02 9.973524e-01 6.842350e-02 -5.197103e+00 9.863320e-01 -1.308679e-02 -1.642494e-01 2.427929e+02
-1.659679e-01 7.564842e-02 -9.832253e-01 1.148821e+01 2.683726e-02 9.970305e-01 7.218046e-02 -5.147581e+00 9.857659e-01 -1.440744e-02 -1.675052e-01 2.426530e+02
-1.684814e-01 7.432757e-02 -9.828985e-01 1.061977e+01 2.642039e-02 9.971352e-01 7.087536e-02 -5.104254e+00 9.853507e-01 -1.402738e-02 -1.699625e-01 2.424696e+02
-1.698570e-01 7.292958e-02 -9.827664e-01 9.842128e+00 2.723411e-02 9.972244e-01 6.929545e-02 -5.064913e+00 9.850923e-01 -1.499446e-02 -1.713717e-01 2.422740e+02
-1.740539e-01 6.961094e-02 -9.822726e-01 8.951081e+00 2.477686e-02 9.974921e-01 6.629916e-02 -5.016083e+00 9.844244e-01 -1.279801e-02 -1.753422e-01 2.421475e+02
-1.754022e-01 6.827969e-02 -9.821262e-01 8.160515e+00 2.535982e-02 9.975744e-01 6.482457e-02 -4.997463e+00 9.841702e-01 -1.353618e-02 -1.767083e-01 2.419223e+02
-1.762876e-01 6.641725e-02 -9.820954e-01 7.358909e+00 2.304750e-02 9.977260e-01 6.333726e-02 -4.933639e+00 9.840688e-01 -1.146927e-02 -1.774175e-01 2.417396e+02
-1.779318e-01 6.590565e-02 -9.818333e-01 6.521650e+00 2.170820e-02 9.977748e-01 6.304167e-02 -4.911256e+00 9.838034e-01 -1.009672e-02 -1.789665e-01 2.415730e+02
-1.788873e-01 5.940613e-02 -9.820745e-01 5.782174e+00 1.173150e-02 9.982333e-01 5.824667e-02 -4.848468e+00 9.837996e-01 -1.101615e-03 -1.792682e-01 2.413959e+02
-1.788090e-01 5.807604e-02 -9.821683e-01 4.912551e+00 1.131185e-02 9.983117e-01 5.697122e-02 -4.872689e+00 9.838188e-01 -9.231750e-04 -1.791641e-01 2.412202e+02
-1.783498e-01 5.392884e-02 -9.824882e-01 4.147083e+00 4.783904e-03 9.985327e-01 5.394111e-02 -4.771575e+00 9.839555e-01 4.920255e-03 -1.783461e-01 2.410705e+02
-1.766640e-01 5.497440e-02 -9.827348e-01 3.328105e+00 5.737649e-03 9.984796e-01 5.482373e-02 -4.777124e+00 9.842545e-01 4.046793e-03 -1.767108e-01 2.408891e+02
-1.745174e-01 5.483568e-02 -9.831260e-01 2.507363e+00 5.681600e-03 9.984875e-01 5.468394e-02 -4.754851e+00 9.846377e-01 3.957572e-03 -1.745650e-01 2.407180e+02
-1.733717e-01 5.593460e-02 -9.832668e-01 1.638238e+00 7.120984e-03 9.984310e-01 5.554165e-02 -4.703701e+00 9.848307e-01 2.627521e-03 -1.734979e-01 2.406037e+02
-1.713031e-01 5.781454e-02 -9.835206e-01 8.344506e-01 9.147149e-03 9.983270e-01 5.709172e-02 -4.726656e+00 9.851759e-01 7.835828e-04 -1.715454e-01 2.404299e+02
-1.695268e-01 5.980130e-02 -9.837095e-01 -2.870802e-02 1.297168e-02 9.982062e-01 5.844711e-02 -4.675213e+00 9.854402e-01 -2.852017e-03 -1.699984e-01 2.402819e+02
-1.685317e-01 6.091629e-02 -9.838121e-01 -8.437889e-01 1.900797e-02 9.981038e-01 5.854505e-02 -4.644779e+00 9.855130e-01 -8.833580e-03 -1.693700e-01 2.401848e+02
-1.655820e-01 5.840183e-02 -9.844653e-01 -1.528768e+00 1.610978e-02 9.982720e-01 5.651131e-02 -4.642017e+00 9.860644e-01 -6.502268e-03 -1.662367e-01 2.400190e+02
-1.632448e-01 5.810817e-02 -9.848729e-01 -2.327383e+00 1.616696e-02 9.982875e-01 5.621993e-02 -4.617133e+00 9.864531e-01 -6.744785e-03 -1.639047e-01 2.398634e+02
-1.636209e-01 5.702637e-02 -9.848737e-01 -3.179621e+00 1.753006e-02 9.983383e-01 5.489366e-02 -4.523430e+00 9.863675e-01 -8.283142e-03 -1.643487e-01 2.397718e+02
-1.642427e-01 6.141793e-02 -9.845060e-01 -4.015497e+00 2.150634e-02 9.980455e-01 5.867473e-02 -4.515887e+00 9.861855e-01 -1.153622e-02 -1.652426e-01 2.396242e+02
-1.655231e-01 6.460071e-02 -9.840878e-01 -4.874143e+00 1.897436e-02 9.978762e-01 6.231437e-02 -4.462852e+00 9.860234e-01 -8.357974e-03 -1.663973e-01 2.394833e+02
-1.666573e-01 6.672397e-02 -9.837547e-01 -5.635671e+00 1.689406e-02 9.977545e-01 6.481151e-02 -4.433897e+00 9.858701e-01 -5.818302e-03 -1.674103e-01 2.393430e+02
-1.689437e-01 6.491323e-02 -9.834858e-01 -6.419156e+00 1.533481e-02 9.978812e-01 6.322915e-02 -4.428396e+00 9.855064e-01 -4.399404e-03 -1.695812e-01 2.391405e+02
-1.723477e-01 6.245824e-02 -9.830540e-01 -7.187465e+00 1.468178e-02 9.980398e-01 6.083637e-02 -4.415676e+00 9.849267e-01 -3.947976e-03 -1.729269e-01 2.390227e+02
-1.751052e-01 5.855509e-02 -9.828069e-01 -7.964980e+00 1.537053e-02 9.982708e-01 5.673787e-02 -4.351686e+00 9.844297e-01 -5.171167e-03 -1.757024e-01 2.388453e+02
-1.797326e-01 5.627862e-02 -9.821043e-01 -8.715363e+00 1.485570e-02 9.984036e-01 5.449393e-02 -4.319176e+00 9.836033e-01 -4.795513e-03 -1.802817e-01 2.386778e+02
-1.850475e-01 5.579625e-02 -9.811443e-01 -9.530006e+00 1.440533e-02 9.984336e-01 5.406257e-02 -4.295841e+00 9.826240e-01 -4.129572e-03 -1.855614e-01 2.385243e+02
-1.903372e-01 5.547116e-02 -9.801503e-01 -1.028336e+01 1.292937e-02 9.984574e-01 5.399647e-02 -4.248846e+00 9.816336e-01 -2.395189e-03 -1.907608e-01 2.383781e+02
-1.937002e-01 5.790363e-02 -9.793505e-01 -1.093255e+01 1.045169e-02 9.983219e-01 5.695813e-02 -4.292419e+00 9.810051e-01 7.969342e-04 -1.939803e-01 2.381783e+02
-1.979425e-01 6.021123e-02 -9.783626e-01 -1.170718e+01 7.536442e-03 9.981756e-01 5.990580e-02 -4.256514e+00 9.801847e-01 4.484533e-03 -1.980352e-01 2.380184e+02
-2.016899e-01 6.084145e-02 -9.775579e-01 -1.248298e+01 3.887954e-03 9.981107e-01 6.131845e-02 -4.220832e+00 9.794417e-01 8.566613e-03 -2.015454e-01 2.378199e+02
-2.061550e-01 5.971221e-02 -9.766957e-01 -1.332795e+01 -5.036902e-04 9.981298e-01 6.112894e-02 -4.198222e+00 9.785192e-01 1.309399e-02 -2.057394e-01 2.376521e+02
-2.086685e-01 5.733229e-02 -9.763045e-01 -1.406638e+01 -4.518372e-03 9.982130e-01 5.958457e-02 -4.145335e+00 9.779760e-01 1.684473e-02 -2.080366e-01 2.374998e+02
-2.091601e-01 5.670974e-02 -9.762357e-01 -1.479021e+01 -9.671538e-03 9.981482e-01 6.005479e-02 -4.145221e+00 9.778336e-01 2.200276e-02 -2.082243e-01 2.372964e+02
-2.112805e-01 5.621528e-02 -9.758076e-01 -1.553370e+01 -1.502358e-02 9.980400e-01 6.074895e-02 -4.129054e+00 9.773100e-01 2.749519e-02 -2.100218e-01 2.371284e+02
-2.115724e-01 5.617761e-02 -9.757465e-01 -1.624482e+01 -1.715601e-02 9.979794e-01 6.117762e-02 -4.092734e+00 9.772117e-01 2.968342e-02 -2.101811e-01 2.369571e+02
-2.118856e-01 5.538770e-02 -9.757237e-01 -1.697653e+01 -1.992766e-02 9.979403e-01 6.097628e-02 -4.056998e+00 9.770913e-01 3.236389e-02 -2.103454e-01 2.367954e+02
-2.111089e-01 5.585795e-02 -9.758652e-01 -1.767632e+01 -2.307588e-02 9.978028e-01 6.210565e-02 -4.076542e+00 9.771901e-01 3.563000e-02 -2.093561e-01 2.365910e+02
-2.110342e-01 5.568861e-02 -9.758911e-01 -1.836751e+01 -2.524531e-02 9.977322e-01 6.239421e-02 -4.046457e+00 9.771526e-01 3.780398e-02 -2.091497e-01 2.364508e+02
-2.094250e-01 5.584325e-02 -9.762288e-01 -1.906164e+01 -2.672088e-02 9.976682e-01 6.280193e-02 -4.001625e+00 9.774595e-01 3.923799e-02 -2.074445e-01 2.362754e+02
-2.076180e-01 5.595528e-02 -9.766083e-01 -1.975101e+01 -2.823301e-02 9.976040e-01 6.316032e-02 -3.960400e+00 9.778025e-01 4.068582e-02 -2.055408e-01 2.361315e+02
-2.049656e-01 5.608576e-02 -9.771609e-01 -2.041345e+01 -2.937244e-02 9.975548e-01 6.341735e-02 -3.923982e+00 9.783283e-01 4.169998e-02 -2.028171e-01 2.359950e+02
-2.027537e-01 5.479670e-02 -9.776954e-01 -2.110479e+01 -3.096359e-02 9.975750e-01 6.233210e-02 -3.898519e+00 9.787401e-01 4.291102e-02 -2.005654e-01 2.358864e+02
-1.988390e-01 5.360075e-02 -9.785653e-01 -2.165382e+01 -3.083817e-02 9.976666e-01 6.091316e-02 -3.889644e+00 9.795469e-01 4.228908e-02 -1.967221e-01 2.356851e+02
-1.961148e-01 5.299648e-02 -9.791478e-01 -2.227666e+01 -2.911157e-02 9.977836e-01 5.983594e-02 -3.859812e+00 9.801487e-01 4.023924e-02 -1.941373e-01 2.355641e+02
-1.923791e-01 5.314113e-02 -9.798808e-01 -2.283899e+01 -2.675009e-02 9.978776e-01 5.936896e-02 -3.845469e+00 9.809560e-01 3.763324e-02 -1.905492e-01 2.354268e+02
-1.895592e-01 5.360394e-02 -9.804050e-01 -2.341908e+01 -2.792599e-02 9.978104e-01 5.995502e-02 -3.836827e+00 9.814721e-01 3.874380e-02 -1.876472e-01 2.353051e+02
-1.858119e-01 5.482304e-02 -9.810547e-01 -2.399487e+01 -2.835135e-02 9.977274e-01 6.112449e-02 -3.819318e+00 9.821762e-01 3.917188e-02 -1.838353e-01 2.351859e+02
-1.816606e-01 5.410858e-02 -9.818715e-01 -2.453498e+01 -2.999383e-02 9.977156e-01 6.053100e-02 -3.775115e+00 9.829038e-01 4.044618e-02 -1.796227e-01 2.350768e+02
-1.772223e-01 5.407279e-02 -9.826843e-01 -2.500840e+01 -2.997852e-02 9.977296e-01 6.030715e-02 -3.788405e+00 9.837142e-01 4.014719e-02 -1.751990e-01 2.349911e+02
-1.726242e-01 5.462295e-02 -9.834720e-01 -2.552720e+01 -2.911798e-02 9.977418e-01 6.052645e-02 -3.758387e+00 9.845573e-01 3.908506e-02 -1.706439e-01 2.348941e+02
-1.685260e-01 5.538105e-02 -9.841402e-01 -2.599473e+01 -2.903904e-02 9.977081e-01 6.111726e-02 -3.734617e+00 9.852694e-01 3.887834e-02 -1.665316e-01 2.348155e+02
-1.636574e-01 5.605607e-02 -9.849233e-01 -2.653206e+01 -2.615256e-02 9.977869e-01 6.113377e-02 -3.716566e+00 9.861705e-01 3.576326e-02 -1.618292e-01 2.346779e+02
-1.592208e-01 5.669297e-02 -9.856138e-01 -2.700758e+01 -2.645782e-02 9.977462e-01 6.166495e-02 -3.683286e+00 9.868884e-01 3.589554e-02 -1.573620e-01 2.345937e+02
-1.538497e-01 5.837670e-02 -9.863683e-01 -2.746240e+01 -2.714281e-02 9.976269e-01 6.327664e-02 -3.664766e+00 9.877214e-01 3.650790e-02 -1.519001e-01 2.345063e+02
-1.489452e-01 5.953555e-02 -9.870516e-01 -2.788322e+01 -2.758917e-02 9.975471e-01 6.433178e-02 -3.665571e+00 9.884605e-01 3.681384e-02 -1.469373e-01 2.344240e+02
-1.441316e-01 6.016732e-02 -9.877277e-01 -2.831203e+01 -2.677928e-02 9.975471e-01 6.467316e-02 -3.644892e+00 9.891961e-01 3.577208e-02 -1.421668e-01 2.343784e+02
-1.378147e-01 6.117209e-02 -9.885672e-01 -2.871875e+01 -2.600429e-02 9.975234e-01 6.535152e-02 -3.627821e+00 9.901166e-01 3.471338e-02 -1.358827e-01 2.343139e+02
-1.315597e-01 6.102456e-02 -9.894281e-01 -2.908044e+01 -2.443042e-02 9.976007e-01 6.477702e-02 -3.634701e+00 9.910072e-01 3.269420e-02 -1.297532e-01 2.342432e+02
-1.260936e-01 6.005215e-02 -9.901990e-01 -2.944243e+01 -2.290905e-02 9.977236e-01 6.342577e-02 -3.619877e+00 9.917538e-01 3.068210e-02 -1.244308e-01 2.342197e+02
-1.197002e-01 5.967173e-02 -9.910152e-01 -2.978413e+01 -2.200395e-02 9.977875e-01 6.273726e-02 -3.609093e+00 9.925662e-01 2.931592e-02 -1.181224e-01 2.341720e+02
-1.140886e-01 5.854414e-02 -9.917441e-01 -3.008895e+01 -2.122816e-02 9.978906e-01 6.134903e-02 -3.603495e+00 9.932438e-01 2.805213e-02 -1.126052e-01 2.341129e+02
-1.092850e-01 5.834731e-02 -9.922965e-01 -3.040142e+01 -2.129952e-02 9.979091e-01 6.102312e-02 -3.588065e+00 9.937822e-01 2.780435e-02 -1.078137e-01 2.340868e+02
-1.049805e-01 5.891650e-02 -9.927275e-01 -3.067012e+01 -2.137815e-02 9.978792e-01 6.148297e-02 -3.578153e+00 9.942445e-01 2.767719e-02 -1.034984e-01 2.340627e+02
-1.013087e-01 5.890622e-02 -9.931096e-01 -3.092575e+01 -2.135003e-02 9.978869e-01 6.136753e-02 -3.576243e+00 9.946259e-01 2.741998e-02 -9.983694e-02 2.340346e+02
-9.738183e-02 5.730007e-02 -9.935962e-01 -3.115734e+01 -1.951456e-02 9.980394e-01 5.946891e-02 -3.573388e+00 9.950558e-01 2.518078e-02 -9.607272e-02 2.340151e+02
-9.414074e-02 5.262938e-02 -9.941668e-01 -3.134575e+01 -1.749650e-02 9.983600e-01 5.450816e-02 -3.570172e+00 9.954051e-01 2.252588e-02 -9.306552e-02 2.340005e+02
-9.207563e-02 4.873276e-02 -9.945588e-01 -3.153174e+01 -1.632682e-02 9.985935e-01 5.044198e-02 -3.569395e+00 9.956182e-01 2.088246e-02 -9.115048e-02 2.340022e+02
-8.967503e-02 4.906380e-02 -9.947618e-01 -3.167308e+01 -1.648217e-02 9.985760e-01 5.073774e-02 -3.563164e+00 9.958347e-01 2.094575e-02 -8.873866e-02 2.339776e+02
-8.809784e-02 5.044637e-02 -9.948336e-01 -3.181398e+01 -1.646815e-02 9.985066e-01 5.209096e-02 -3.547333e+00 9.959757e-01 2.097217e-02 -8.713552e-02 2.339529e+02
-8.749939e-02 4.985880e-02 -9.949161e-01 -3.190414e+01 -1.657141e-02 9.985356e-01 5.149758e-02 -3.565041e+00 9.960267e-01 2.099317e-02 -8.654503e-02 2.339489e+02
-8.653881e-02 4.701764e-02 -9.951384e-01 -3.197945e+01 -1.670198e-02 9.986769e-01 4.863725e-02 -3.550626e+00 9.961085e-01 2.082979e-02 -8.563902e-02 2.339358e+02
-8.601919e-02 4.589518e-02 -9.952358e-01 -3.203930e+01 -1.573516e-02 9.987512e-01 4.741730e-02 -3.559802e+00 9.961692e-01 1.973899e-02 -8.518961e-02 2.339347e+02
-8.603754e-02 4.426126e-02 -9.953082e-01 -3.208690e+01 -1.593086e-02 9.988238e-01 4.579471e-02 -3.540586e+00 9.961645e-01 1.979618e-02 -8.523123e-02 2.339223e+02
-8.592590e-02 4.447667e-02 -9.953083e-01 -3.213171e+01 -1.613632e-02 9.988099e-01 4.602620e-02 -3.538802e+00 9.961708e-01 2.001545e-02 -8.510595e-02 2.339143e+02
-8.603508e-02 4.417962e-02 -9.953121e-01 -3.215181e+01 -1.633629e-02 9.988195e-01 4.574741e-02 -3.535486e+00 9.961582e-01 2.019559e-02 -8.521178e-02 2.339167e+02
-8.621157e-02 4.395849e-02 -9.953066e-01 -3.217617e+01 -1.631070e-02 9.988299e-01 4.552690e-02 -3.543219e+00 9.961433e-01 2.015909e-02 -8.539371e-02 2.338976e+02
-8.617566e-02 4.393559e-02 -9.953107e-01 -3.218037e+01 -1.643426e-02 9.988285e-01 4.551379e-02 -3.540832e+00 9.961444e-01 2.027938e-02 -8.535266e-02 2.338985e+02
-8.618795e-02 4.386903e-02 -9.953126e-01 -3.217617e+01 -1.632623e-02 9.988337e-01 4.543798e-02 -3.545624e+00 9.961451e-01 2.016591e-02 -8.537122e-02 2.338998e+02
-8.613434e-02 4.255267e-02 -9.953744e-01 -3.217818e+01 -1.673707e-02 9.988847e-01 4.415108e-02 -3.546051e+00 9.961429e-01 2.046257e-02 -8.532607e-02 2.338957e+02
-8.640470e-02 4.107120e-02 -9.954132e-01 -3.216655e+01 -1.692563e-02 9.989452e-01 4.268612e-02 -3.565872e+00 9.961163e-01 2.053627e-02 -8.561840e-02 2.338849e+02
-8.660559e-02 4.061180e-02 -9.954146e-01 -3.217741e+01 -1.703875e-02 9.989622e-01 4.223899e-02 -3.567549e+00 9.960970e-01 2.061876e-02 -8.582374e-02 2.338948e+02
-8.628272e-02 4.108873e-02 -9.954230e-01 -3.216489e+01 -1.710445e-02 9.989408e-01 4.271654e-02 -3.564049e+00 9.961239e-01 2.071186e-02 -8.548853e-02 2.338832e+02
-8.638277e-02 4.089092e-02 -9.954225e-01 -3.215601e+01 -1.700934e-02 9.989512e-01 4.251194e-02 -3.567953e+00 9.961168e-01 2.060378e-02 -8.559664e-02 2.338884e+02
-8.688585e-02 4.063461e-02 -9.953892e-01 -3.217873e+01 -1.614826e-02 9.989791e-01 4.219071e-02 -3.565185e+00 9.960874e-01 1.973958e-02 -8.614096e-02 2.338984e+02
-8.662607e-02 3.972416e-02 -9.954486e-01 -3.218154e+01 -1.672110e-02 9.990060e-01 4.132123e-02 -3.549921e+00 9.961006e-01 2.022450e-02 -8.587573e-02 2.338911e+02
-8.656865e-02 3.949084e-02 -9.954629e-01 -3.218188e+01 -1.626094e-02 9.990249e-01 4.104626e-02 -3.560515e+00 9.961132e-01 1.974048e-02 -8.584208e-02 2.338892e+02
-8.704217e-02 3.876789e-02 -9.954500e-01 -3.219687e+01 -1.627933e-02 9.990537e-01 4.033170e-02 -3.557287e+00 9.960716e-01 1.971582e-02 -8.632869e-02 2.338818e+02
-8.700019e-02 3.904203e-02 -9.954430e-01 -3.221621e+01 -1.601556e-02 9.990478e-01 4.058315e-02 -3.556356e+00 9.960795e-01 1.947332e-02 -8.629207e-02 2.338803e+02
-8.697881e-02 3.888226e-02 -9.954511e-01 -3.223720e+01 -1.633911e-02 9.990479e-01 4.045040e-02 -3.553684e+00 9.960762e-01 1.978312e-02 -8.626070e-02 2.338820e+02
-8.675112e-02 3.884033e-02 -9.954726e-01 -3.225847e+01 -1.612464e-02 9.990541e-01 4.038527e-02 -3.555953e+00 9.960995e-01 1.955510e-02 -8.604277e-02 2.338722e+02
-8.725997e-02 3.802524e-02 -9.954596e-01 -3.231083e+01 -1.601891e-02 9.990885e-01 3.956805e-02 -3.567464e+00 9.960568e-01 1.939889e-02 -8.657130e-02 2.338758e+02
-8.699251e-02 3.552483e-02 -9.955754e-01 -3.234247e+01 -1.597126e-02 9.991858e-01 3.704921e-02 -3.558653e+00 9.960809e-01 1.912360e-02 -8.635430e-02 2.338744e+02
-8.636125e-02 3.314321e-02 -9.957124e-01 -3.239439e+01 -1.564795e-02 9.992781e-01 3.461909e-02 -3.561921e+00 9.961410e-01 1.857061e-02 -8.578028e-02 2.338650e+02
-8.482319e-02 3.074280e-02 -9.959216e-01 -3.247636e+01 -1.611808e-02 9.993508e-01 3.222144e-02 -3.565680e+00 9.962656e-01 1.878547e-02 -8.427260e-02 2.338440e+02
-8.237178e-02 2.969308e-02 -9.961592e-01 -3.257931e+01 -1.573084e-02 9.993928e-01 3.109024e-02 -3.552185e+00 9.964775e-01 1.823138e-02 -8.185466e-02 2.338323e+02
-7.944877e-02 2.875451e-02 -9.964241e-01 -3.271138e+01 -1.542647e-02 9.994287e-01 3.007123e-02 -3.555027e+00 9.967196e-01 1.776043e-02 -7.895980e-02 2.338449e+02
-7.322248e-02 2.662081e-02 -9.969603e-01 -3.283413e+01 -1.518310e-02 9.994981e-01 2.780371e-02 -3.555437e+00 9.972001e-01 1.717280e-02 -7.278154e-02 2.338054e+02
-6.552934e-02 2.537745e-02 -9.975279e-01 -3.297885e+01 -1.529786e-02 9.995335e-01 2.643342e-02 -3.550814e+00 9.977334e-01 1.699221e-02 -6.511056e-02 2.337956e+02
-5.604010e-02 2.555740e-02 -9.981014e-01 -3.315249e+01 -1.545256e-02 9.995304e-01 2.646161e-02 -3.563249e+00 9.983089e-01 1.690613e-02 -5.561886e-02 2.337954e+02
-4.363309e-02 2.466112e-02 -9.987432e-01 -3.333636e+01 -1.651826e-02 9.995408e-01 2.540246e-02 -3.540713e+00 9.989111e-01 1.760589e-02 -4.320569e-02 2.337627e+02
-2.952618e-02 2.414878e-02 -9.992723e-01 -3.353749e+01 -1.795839e-02 9.995339e-01 2.468573e-02 -3.552329e+00 9.994027e-01 1.867419e-02 -2.907874e-02 2.337641e+02
-1.336354e-02 2.480107e-02 -9.996031e-01 -3.376092e+01 -1.840663e-02 9.995169e-01 2.504500e-02 -3.539341e+00 9.997413e-01 1.873401e-02 -1.290058e-02 2.337865e+02
5.851989e-03 2.900851e-02 -9.995620e-01 -3.404627e+01 -1.807606e-02 9.994189e-01 2.889853e-02 -3.521748e+00 9.998195e-01 1.789903e-02 6.372948e-03 2.338023e+02
2.915684e-02 3.332046e-02 -9.990193e-01 -3.429957e+01 -1.907816e-02 9.992807e-01 3.277237e-02 -3.516217e+00 9.993928e-01 1.810391e-02 2.977156e-02 2.338176e+02
5.326700e-02 3.370195e-02 -9.980114e-01 -3.455349e+01 -2.091503e-02 9.992487e-01 3.262743e-02 -3.508548e+00 9.983613e-01 1.913547e-02 5.393186e-02 2.338469e+02
8.014423e-02 3.279870e-02 -9.962435e-01 -3.481304e+01 -1.898271e-02 9.993275e-01 3.137314e-02 -3.507637e+00 9.966025e-01 1.639702e-02 8.071293e-02 2.338855e+02
1.112896e-01 3.339140e-02 -9.932269e-01 -3.509000e+01 -1.743205e-02 9.993472e-01 3.164392e-02 -3.519075e+00 9.936351e-01 1.379234e-02 1.117991e-01 2.339409e+02
1.444425e-01 3.377990e-02 -9.889364e-01 -3.538555e+01 -1.387861e-02 9.993880e-01 3.210981e-02 -3.504007e+00 9.894159e-01 9.087041e-03 1.448229e-01 2.340410e+02
1.828886e-01 3.395613e-02 -9.825471e-01 -3.565540e+01 -1.078263e-02 9.994125e-01 3.253194e-02 -3.484577e+00 9.830745e-01 4.644721e-03 1.831473e-01 2.340748e+02
2.241408e-01 3.785563e-02 -9.738213e-01 -3.595303e+01 -9.996531e-03 9.992820e-01 3.654451e-02 -3.476011e+00 9.745055e-01 1.543720e-03 2.243583e-01 2.341749e+02
2.682827e-01 4.318588e-02 -9.623717e-01 -3.625657e+01 -1.297099e-02 9.990660e-01 4.121656e-02 -3.470823e+00 9.632529e-01 1.425225e-03 2.685923e-01 2.342833e+02
3.121466e-01 4.861159e-02 -9.487895e-01 -3.654630e+01 -1.930327e-02 9.988084e-01 4.482366e-02 -3.484697e+00 9.498378e-01 4.323185e-03 3.127130e-01 2.344417e+02
3.608991e-01 5.124712e-02 -9.311958e-01 -3.684942e+01 -2.454774e-02 9.986651e-01 4.544636e-02 -3.472491e+00 9.322818e-01 6.457204e-03 3.616753e-01 2.345885e+02
4.101689e-01 5.282806e-02 -9.104783e-01 -3.714795e+01 -2.519127e-02 9.985963e-01 4.659225e-02 -3.458582e+00 9.116616e-01 3.825409e-03 4.109239e-01 2.347802e+02
4.621239e-01 5.430089e-02 -8.851513e-01 -3.747824e+01 -2.461702e-02 9.985245e-01 4.840376e-02 -3.473712e+00 8.864736e-01 -5.787415e-04 4.627788e-01 2.349670e+02
5.135135e-01 5.166007e-02 -8.565250e-01 -3.775512e+01 -2.324748e-02 9.986573e-01 4.629498e-02 -3.468622e+00 8.577665e-01 -3.861043e-03 5.140250e-01 2.351922e+02
5.643927e-01 4.716718e-02 -8.241578e-01 -3.802319e+01 -2.430283e-02 9.988830e-01 4.052397e-02 -3.448388e+00 8.251486e-01 -2.842067e-03 5.649086e-01 2.354376e+02
6.157519e-01 4.280832e-02 -7.867763e-01 -3.831590e+01 -2.656861e-02 9.990833e-01 3.356659e-02 -3.444374e+00 7.874920e-01 2.348586e-04 6.163248e-01 2.357012e+02
6.653715e-01 4.004501e-02 -7.454375e-01 -3.852949e+01 -2.977025e-02 9.991892e-01 2.710390e-02 -3.422446e+00 7.459185e-01 4.157705e-03 6.660242e-01 2.359629e+02
7.143910e-01 4.134891e-02 -6.985240e-01 -3.886322e+01 -3.403065e-02 9.991244e-01 2.433920e-02 -3.421200e+00 6.989187e-01 6.383514e-03 7.151726e-01 2.363098e+02
7.577164e-01 4.153323e-02 -6.512610e-01 -3.906810e+01 -3.378831e-02 9.991310e-01 2.440677e-02 -3.424626e+00 6.517087e-01 3.511596e-03 7.584612e-01 2.366508e+02
7.971092e-01 4.067920e-02 -6.024634e-01 -3.929326e+01 -3.228002e-02 9.991722e-01 2.475640e-02 -3.436460e+00 6.029718e-01 -2.860188e-04 7.977625e-01 2.370362e+02
8.327617e-01 3.637911e-02 -5.524351e-01 -3.954362e+01 -2.806839e-02 9.993298e-01 2.349678e-02 -3.421366e+00 5.529196e-01 -4.061258e-03 8.332247e-01 2.374611e+02
8.632112e-01 3.332287e-02 -5.037420e-01 -3.969382e+01 -2.561664e-02 9.994250e-01 2.221601e-02 -3.444341e+00 5.041927e-01 -6.272928e-03 8.635684e-01 2.378391e+02
8.894931e-01 2.932901e-02 -4.560064e-01 -3.986229e+01 -2.360292e-02 9.995549e-01 1.824825e-02 -3.424710e+00 4.563386e-01 -5.468609e-03 8.897894e-01 2.382685e+02
9.113613e-01 2.833691e-02 -4.106308e-01 -4.007473e+01 -2.519242e-02 9.995972e-01 1.306795e-02 -3.422591e+00 4.108357e-01 -1.564836e-03 9.117081e-01 2.387885e+02
9.292736e-01 2.654444e-02 -3.684372e-01 -4.012582e+01 -2.466980e-02 9.996476e-01 9.798381e-03 -3.439793e+00 3.685674e-01 -1.610612e-05 9.296010e-01 2.391752e+02
9.441439e-01 2.793366e-02 -3.283475e-01 -4.029180e+01 -2.629297e-02 9.996097e-01 9.436376e-03 -3.435145e+00 3.284830e-01 -2.760664e-04 9.445099e-01 2.397213e+02
9.562902e-01 2.909789e-02 -2.909680e-01 -4.068139e+01 -2.778235e-02 9.995765e-01 8.652410e-03 -3.384282e+00 2.910965e-01 -1.904399e-04 9.566937e-01 2.405177e+02
9.649289e-01 2.457336e-02 -2.613586e-01 -4.061781e+01 -2.275576e-02 9.996913e-01 9.978938e-03 -3.443724e+00 2.615231e-01 -3.681552e-03 9.651902e-01 2.408784e+02
9.717278e-01 2.054558e-02 -2.352084e-01 -4.074040e+01 -1.880864e-02 9.997768e-01 9.625967e-03 -3.428767e+00 2.353537e-01 -4.929868e-03 9.718973e-01 2.414528e+02
9.765829e-01 2.256250e-02 -2.139550e-01 -4.088915e+01 -2.100272e-02 9.997337e-01 9.560888e-03 -3.465330e+00 2.141137e-01 -4.843364e-03 9.767967e-01 2.420897e+02
9.797928e-01 1.903614e-02 -1.991073e-01 -4.090379e+01 -1.728863e-02 9.997953e-01 1.051175e-02 -3.499212e+00 1.992666e-01 -6.857049e-03 9.799213e-01 2.425782e+02
9.821817e-01 1.955395e-02 -1.869139e-01 -4.101999e+01 -1.789687e-02 9.997842e-01 1.054904e-02 -3.508244e+00 1.870798e-01 -7.015898e-03 9.823197e-01 2.432226e+02
9.840511e-01 1.919794e-02 -1.768470e-01 -4.118078e+01 -1.779384e-02 9.997963e-01 9.522291e-03 -3.500669e+00 1.769937e-01 -6.223636e-03 9.841923e-01 2.439100e+02
9.854159e-01 1.893143e-02 -1.691066e-01 -4.135445e+01 -1.789205e-02 9.998105e-01 7.668154e-03 -3.504048e+00 1.692197e-01 -4.530657e-03 9.855679e-01 2.446594e+02
9.865364e-01 1.727869e-02 -1.626267e-01 -4.147024e+01 -1.643076e-02 9.998435e-01 6.557623e-03 -3.505761e+00 1.627145e-01 -3.797253e-03 9.866659e-01 2.453482e+02
9.872661e-01 1.760015e-02 -1.581011e-01 -4.165564e+01 -1.692430e-02 9.998410e-01 5.620210e-03 -3.512946e+00 1.581749e-01 -2.872892e-03 9.874069e-01 2.461292e+02
9.876392e-01 1.778956e-02 -1.557315e-01 -4.177782e+01 -1.707442e-02 9.998366e-01 5.928740e-03 -3.558483e+00 1.558115e-01 -3.196432e-03 9.877816e-01 2.468572e+02
9.880003e-01 1.866800e-02 -1.533195e-01 -4.192596e+01 -1.779919e-02 9.998168e-01 7.037419e-03 -3.575726e+00 1.534228e-01 -4.224009e-03 9.881516e-01 2.476075e+02
9.881205e-01 1.897101e-02 -1.525056e-01 -4.201373e+01 -1.779304e-02 9.998004e-01 9.085271e-03 -3.558830e+00 1.526476e-01 -6.263805e-03 9.882608e-01 2.483287e+02
9.880528e-01 1.784720e-02 -1.530787e-01 -4.204042e+01 -1.620981e-02 9.997973e-01 1.193789e-02 -3.591133e+00 1.532608e-01 -9.313886e-03 9.881419e-01 2.490018e+02
9.880792e-01 1.881608e-02 -1.527924e-01 -4.220077e+01 -1.710873e-02 9.997757e-01 1.248148e-02 -3.600302e+00 1.529930e-01 -9.718608e-03 9.881795e-01 2.497930e+02
9.878604e-01 1.892872e-02 -1.541867e-01 -4.235191e+01 -1.743594e-02 9.997872e-01 1.102829e-02 -3.614201e+00 1.543627e-01 -8.206017e-03 9.879802e-01 2.506017e+02
9.875723e-01 1.559322e-02 -1.563897e-01 -4.251232e+01 -1.462990e-02 9.998663e-01 7.308950e-03 -3.623552e+00 1.564828e-01 -4.930151e-03 9.876684e-01 2.514437e+02
9.873181e-01 1.752051e-02 -1.577844e-01 -4.265667e+01 -1.746529e-02 9.998460e-01 1.736632e-03 -3.641762e+00 1.577906e-01 1.041143e-03 9.874721e-01 2.522498e+02
9.872414e-01 1.869819e-02 -1.581290e-01 -4.285240e+01 -1.924078e-02 9.998131e-01 -1.900973e-03 -3.652574e+00 1.580639e-01 4.919246e-03 9.874166e-01 2.531730e+02
9.867562e-01 2.235377e-02 -1.606625e-01 -4.277336e+01 -2.290912e-02 9.997363e-01 -1.604839e-03 -3.701537e+00 1.605843e-01 5.264220e-03 9.870081e-01 2.537240e+02
9.867907e-01 2.345416e-02 -1.602933e-01 -4.291789e+01 -2.294258e-02 9.997241e-01 5.041746e-03 -3.699176e+00 1.603673e-01 -1.297607e-03 9.870566e-01 2.545803e+02
9.869204e-01 2.525829e-02 -1.592176e-01 -4.310834e+01 -2.316506e-02 9.996193e-01 1.498961e-02 -3.710278e+00 1.595356e-01 -1.110527e-02 9.871297e-01 2.555276e+02
9.867608e-01 2.091419e-02 -1.608285e-01 -4.314363e+01 -1.792912e-02 9.996394e-01 1.998962e-02 -3.735773e+00 1.611886e-01 -1.684146e-02 9.867799e-01 2.562597e+02
9.867102e-01 1.785998e-02 -1.615055e-01 -4.330419e+01 -1.519209e-02 9.997272e-01 1.773887e-02 -3.729108e+00 1.617783e-01 -1.504952e-02 9.867124e-01 2.571823e+02
9.865562e-01 1.430885e-02 -1.627948e-01 -4.343463e+01 -1.292152e-02 9.998706e-01 9.577629e-03 -3.726408e+00 1.629108e-01 -7.345313e-03 9.866135e-01 2.580352e+02
9.863010e-01 1.296304e-02 -1.644455e-01 -4.354164e+01 -1.277546e-02 9.999160e-01 2.198340e-03 -3.780220e+00 1.644602e-01 -6.735876e-05 9.863837e-01 2.588654e+02
9.861220e-01 9.753346e-03 -1.657355e-01 -4.369570e+01 -1.032675e-02 9.999433e-01 -2.598394e-03 -3.788230e+00 1.657008e-01 4.273844e-03 9.861668e-01 2.597725e+02
9.859520e-01 9.749040e-03 -1.667443e-01 -4.386018e+01 -1.040842e-02 9.999411e-01 -3.080998e-03 -3.768538e+00 1.667044e-01 4.773261e-03 9.859954e-01 2.607387e+02
9.856616e-01 1.380474e-02 -1.681685e-01 -4.394797e+01 -1.430434e-02 9.998961e-01 -1.759771e-03 -3.842262e+00 1.681267e-01 4.140078e-03 9.857567e-01 2.615817e+02
9.856216e-01 1.835898e-02 -1.679672e-01 -4.414154e+01 -1.785963e-02 9.998305e-01 4.483167e-03 -3.842599e+00 1.680210e-01 -1.418873e-03 9.857824e-01 2.625732e+02
9.856205e-01 2.062373e-02 -1.677105e-01 -4.428386e+01 -1.900972e-02 9.997563e-01 1.122367e-02 -3.850242e+00 1.679011e-01 -7.874150e-03 9.857724e-01 2.635078e+02
9.855609e-01 1.867788e-02 -1.682881e-01 -4.439903e+01 -1.638273e-02 9.997530e-01 1.501639e-02 -3.870276e+00 1.685270e-01 -1.204255e-02 9.856235e-01 2.644378e+02
9.855705e-01 1.780307e-02 -1.683269e-01 -4.456756e+01 -1.595907e-02 9.997970e-01 1.230151e-02 -3.860033e+00 1.685117e-01 -9.437669e-03 9.856545e-01 2.654305e+02
9.856587e-01 1.610474e-02 -1.679811e-01 -4.478669e+01 -1.492323e-02 9.998542e-01 8.293639e-03 -3.861721e+00 1.680902e-01 -5.667876e-03 9.857553e-01 2.664642e+02
9.853563e-01 1.095358e-02 -1.701558e-01 -4.490363e+01 -1.027826e-02 9.999354e-01 4.849257e-03 -3.911364e+00 1.701980e-01 -3.029340e-03 9.854052e-01 2.674625e+02
9.852613e-01 9.656533e-03 -1.707830e-01 -4.506588e+01 -9.221184e-03 9.999519e-01 3.342204e-03 -3.917730e+00 1.708070e-01 -1.718123e-03 9.853030e-01 2.684604e+02
9.852143e-01 9.491938e-03 -1.710632e-01 -4.530829e+01 -9.010255e-03 9.999530e-01 3.592000e-03 -3.920974e+00 1.710893e-01 -1.997567e-03 9.852535e-01 2.695331e+02
9.847932e-01 8.054965e-03 -1.735438e-01 -4.542073e+01 -7.053419e-03 9.999547e-01 6.387094e-03 -3.988682e+00 1.735874e-01 -5.065890e-03 9.848054e-01 2.705368e+02
9.842646e-01 1.083393e-02 -1.763682e-01 -4.552821e+01 -9.277581e-03 9.999104e-01 9.646658e-03 -4.015017e+00 1.764569e-01 -7.858594e-03 9.842770e-01 2.715049e+02
9.839015e-01 8.506347e-03 -1.785088e-01 -4.567597e+01 -7.145887e-03 9.999403e-01 8.262844e-03 -4.022031e+00 1.785685e-01 -6.854221e-03 9.839036e-01 2.724790e+02
9.837396e-01 5.706983e-03 -1.795099e-01 -4.591178e+01 -5.344516e-03 9.999826e-01 2.502765e-03 -4.110082e+00 1.795211e-01 -1.502675e-03 9.837530e-01 2.735613e+02
9.832098e-01 5.572189e-03 -1.823935e-01 -4.602795e+01 -6.087674e-03 9.999789e-01 -2.266473e-03 -4.103484e+00 1.823771e-01 3.338771e-03 9.832230e-01 2.745264e+02
9.831792e-01 5.815311e-03 -1.825510e-01 -4.631439e+01 -6.334095e-03 9.999774e-01 -2.258939e-03 -4.141301e+00 1.825337e-01 3.377237e-03 9.831938e-01 2.756489e+02
9.828206e-01 4.849944e-03 -1.844997e-01 -4.650219e+01 -5.096025e-03 9.999866e-01 -8.596160e-04 -4.206228e+00 1.844931e-01 1.785064e-03 9.828322e-01 2.766765e+02
9.826794e-01 1.052179e-02 -1.850150e-01 -4.675843e+01 -1.022721e-02 9.999445e-01 2.546491e-03 -4.251537e+00 1.850315e-01 -6.101983e-04 9.827324e-01 2.777582e+02
9.826747e-01 9.410710e-03 -1.850996e-01 -4.709175e+01 -8.034155e-03 9.999342e-01 8.185485e-03 -4.235939e+00 1.851645e-01 -6.556550e-03 9.826857e-01 2.789004e+02
9.822002e-01 9.645621e-03 -1.875894e-01 -4.719400e+01 -7.719366e-03 9.999097e-01 1.099629e-02 -4.298841e+00 1.876785e-01 -9.352489e-03 9.821860e-01 2.798482e+02
9.821581e-01 1.220539e-02 -1.876605e-01 -4.743509e+01 -1.030039e-02 9.998851e-01 1.112317e-02 -4.297117e+00 1.877747e-01 -8.991737e-03 9.821710e-01 2.809036e+02
9.821179e-01 1.542858e-02 -1.876335e-01 -4.771117e+01 -1.369200e-02 9.998506e-01 1.054775e-02 -4.336508e+00 1.877682e-01 -7.790056e-03 9.821825e-01 2.820082e+02
9.820108e-01 8.557121e-03 -1.886308e-01 -4.789185e+01 -7.280411e-03 9.999457e-01 7.460147e-03 -4.374902e+00 1.886844e-01 -5.952636e-03 9.820197e-01 2.830791e+02
9.820065e-01 1.006758e-02 -1.885787e-01 -4.809454e+01 -9.480998e-03 9.999470e-01 4.012350e-03 -4.393199e+00 1.886091e-01 -2.152240e-03 9.820499e-01 2.840968e+02
9.819558e-01 6.989819e-03 -1.889812e-01 -4.830271e+01 -7.039720e-03 9.999751e-01 4.071911e-04 -4.382877e+00 1.889794e-01 9.305313e-04 9.819806e-01 2.851246e+02
9.820412e-01 6.050210e-03 -1.885693e-01 -4.843324e+01 -6.563823e-03 9.999763e-01 -2.099381e-03 -4.499777e+00 1.885521e-01 3.299415e-03 9.820576e-01 2.860393e+02
9.821398e-01 8.802374e-03 -1.879468e-01 -4.863972e+01 -9.115583e-03 9.999581e-01 -8.022022e-04 -4.521218e+00 1.879319e-01 2.501119e-03 9.821789e-01 2.870584e+02
9.820380e-01 1.201493e-02 -1.883002e-01 -4.875791e+01 -1.166498e-02 9.999276e-01 2.966586e-03 -4.551626e+00 1.883222e-01 -7.167828e-04 9.821070e-01 2.879699e+02
9.820602e-01 1.034343e-02 -1.882836e-01 -4.896413e+01 -9.785717e-03 9.999445e-01 3.891447e-03 -4.642050e+00 1.883134e-01 -1.979145e-03 9.821070e-01 2.890373e+02
9.820903e-01 1.156382e-02 -1.880559e-01 -4.921224e+01 -1.079416e-02 9.999287e-01 5.116313e-03 -4.652621e+00 1.881016e-01 -2.994776e-03 9.821450e-01 2.901086e+02
9.820389e-01 1.392430e-02 -1.881642e-01 -4.935111e+01 -1.262604e-02 9.998875e-01 8.096539e-03 -4.637260e+00 1.882558e-01 -5.575348e-03 9.821042e-01 2.910444e+02
9.824628e-01 1.504676e-02 -1.858507e-01 -4.953340e+01 -1.272258e-02 9.998253e-01 1.369202e-02 -4.798723e+00 1.860243e-01 -1.108740e-02 9.824826e-01 2.919664e+02
9.825498e-01 1.839341e-02 -1.850879e-01 -4.974888e+01 -1.605340e-02 9.997712e-01 1.413352e-02 -4.827181e+00 1.853055e-01 -1.091560e-02 9.826203e-01 2.929603e+02
9.825634e-01 2.023585e-02 -1.848235e-01 -4.992314e+01 -1.894314e-02 9.997822e-01 8.757596e-03 -4.814709e+00 1.849604e-01 -5.103757e-03 9.827327e-01 2.939397e+02
9.823865e-01 1.794243e-02 -1.859969e-01 -5.010836e+01 -1.752967e-02 9.998389e-01 3.863640e-03 -4.922488e+00 1.860363e-01 -5.351230e-04 9.825427e-01 2.950190e+02
9.824493e-01 2.193888e-02 -1.852351e-01 -5.030847e+01 -2.206940e-02 9.997555e-01 1.357447e-03 -4.942221e+00 1.852196e-01 2.754406e-03 9.826933e-01 2.960188e+02
9.822068e-01 2.344809e-02 -1.863328e-01 -5.047436e+01 -2.380420e-02 9.997166e-01 3.262871e-04 -4.937871e+00 1.862876e-01 4.115020e-03 9.824866e-01 2.970293e+02
9.823418e-01 2.226324e-02 -1.857656e-01 -5.066427e+01 -2.280521e-02 9.997396e-01 -7.809114e-04 -5.077574e+00 1.856999e-01 5.003547e-03 9.825938e-01 2.980630e+02
9.822908e-01 2.325811e-02 -1.859136e-01 -5.086678e+01 -2.365205e-02 9.997202e-01 9.902301e-05 -5.092591e+00 1.858639e-01 4.299969e-03 9.825661e-01 2.990787e+02
9.821713e-01 2.345538e-02 -1.865190e-01 -5.103192e+01 -2.339411e-02 9.997231e-01 2.529841e-03 -5.091788e+00 1.865267e-01 1.878708e-03 9.824481e-01 3.000536e+02
9.821275e-01 1.585145e-02 -1.875483e-01 -5.119923e+01 -1.547743e-02 9.998742e-01 3.458555e-03 -5.186668e+00 1.875795e-01 -4.939767e-04 9.822493e-01 3.011459e+02
9.821205e-01 1.696033e-02 -1.874876e-01 -5.140985e+01 -1.641578e-02 9.998553e-01 4.456843e-03 -5.212436e+00 1.875360e-01 -1.299403e-03 9.822569e-01 3.021519e+02
9.820443e-01 1.820768e-02 -1.877696e-01 -5.152645e+01 -1.788809e-02 9.998342e-01 3.396541e-03 -5.212132e+00 1.878003e-01 2.328530e-05 9.822072e-01 3.030328e+02
9.823047e-01 1.115012e-02 -1.869576e-01 -5.179045e+01 -1.051190e-02 9.999350e-01 4.404756e-03 -5.375284e+00 1.869946e-01 -2.361532e-03 9.823581e-01 3.042390e+02
9.822528e-01 1.067592e-02 -1.872579e-01 -5.189534e+01 -1.003488e-02 9.999401e-01 4.370951e-03 -5.379499e+00 1.872933e-01 -2.414268e-03 9.823011e-01 3.051713e+02
9.825458e-01 8.512233e-03 -1.858260e-01 -5.213978e+01 -8.020263e-03 9.999621e-01 3.399064e-03 -5.369493e+00 1.858479e-01 -1.849362e-03 9.825768e-01 3.062314e+02
9.822437e-01 8.806495e-03 -1.874028e-01 -5.201102e+01 -8.373211e-03 9.999601e-01 3.103530e-03 -5.560110e+00 1.874227e-01 -1.479260e-03 9.822782e-01 3.068739e+02
9.828582e-01 1.138598e-02 -1.840112e-01 -5.233713e+01 -1.073444e-02 9.999321e-01 4.536527e-03 -5.581989e+00 1.840504e-01 -2.483504e-03 9.829137e-01 3.079345e+02
9.826102e-01 6.447116e-03 -1.855684e-01 -5.246263e+01 -5.827493e-03 9.999755e-01 3.884301e-03 -5.589531e+00 1.855889e-01 -2.735356e-03 9.826237e-01 3.089710e+02
9.825157e-01 3.022699e-03 -1.861550e-01 -5.262670e+01 -3.315487e-03 9.999937e-01 -1.261519e-03 -5.728638e+00 1.861500e-01 1.856657e-03 9.825196e-01 3.100835e+02
9.824752e-01 2.450986e-03 -1.863770e-01 -5.282170e+01 -3.302549e-03 9.999855e-01 -4.258692e-03 -5.752655e+00 1.863639e-01 4.799578e-03 9.824691e-01 3.111150e+02
9.825894e-01 8.090251e-04 -1.857886e-01 -5.305904e+01 -1.010392e-03 9.999990e-01 -9.891692e-04 -5.783201e+00 1.857876e-01 1.159667e-03 9.825892e-01 3.121737e+02
9.824992e-01 5.422806e-04 -1.862660e-01 -5.324819e+01 -6.806438e-05 9.999967e-01 2.552295e-03 -5.911188e+00 1.862667e-01 -2.494949e-03 9.824960e-01 3.133522e+02
9.825104e-01 1.160195e-03 -1.862040e-01 -5.345788e+01 -1.756606e-04 9.999859e-01 5.303806e-03 -5.914835e+00 1.862075e-01 -5.178336e-03 9.824968e-01 3.144436e+02
9.825308e-01 1.827090e-04 -1.861001e-01 -5.365202e+01 1.284319e-03 9.999690e-01 7.762416e-03 -5.942730e+00 1.860958e-01 -7.865825e-03 9.825001e-01 3.154926e+02
9.821513e-01 7.623267e-03 -1.879378e-01 -5.447257e+01 -6.130614e-03 9.999449e-01 8.522265e-03 -6.290937e+00 1.879924e-01 -7.217980e-03 9.821440e-01 3.165331e+02
9.821980e-01 5.058120e-03 -1.877804e-01 -5.468915e+01 -3.427565e-03 9.999536e-01 9.006998e-03 -6.305899e+00 1.878172e-01 -8.203026e-03 9.821697e-01 3.175972e+02
9.821578e-01 3.211473e-03 -1.880313e-01 -5.491286e+01 -1.994223e-03 9.999758e-01 6.662473e-03 -6.306457e+00 1.880482e-01 -6.168623e-03 9.821404e-01 3.186452e+02
9.828571e-01 -7.956659e-03 -1.841970e-01 -5.446814e+01 9.093478e-03 9.999445e-01 5.327845e-03 -6.061754e+00 1.841444e-01 -6.911502e-03 9.828749e-01 3.196445e+02
9.827097e-01 -1.068481e-02 -1.848445e-01 -5.467684e+01 1.163369e-02 9.999241e-01 4.049563e-03 -6.073841e+00 1.847872e-01 -6.129968e-03 9.827594e-01 3.207015e+02
9.826062e-01 -1.219806e-02 -1.853006e-01 -5.487762e+01 1.344775e-02 9.998945e-01 5.488731e-03 -6.095047e+00 1.852141e-01 -7.885137e-03 9.826666e-01 3.217537e+02
9.825896e-01 -9.084619e-03 -1.855673e-01 -5.499521e+01 1.077252e-02 9.999093e-01 8.089647e-03 -6.015797e+00 1.854770e-01 -9.947831e-03 9.825983e-01 3.226477e+02
9.826019e-01 -1.046684e-02 -1.854290e-01 -5.521420e+01 1.287790e-02 9.998474e-01 1.180295e-02 -6.028455e+00 1.852772e-01 -1.398554e-02 9.825868e-01 3.237116e+02
9.824910e-01 -1.314866e-02 -1.858458e-01 -5.540883e+01 1.585526e-02 9.997887e-01 1.308490e-02 -6.041253e+00 1.856344e-01 -1.580243e-02 9.824918e-01 3.247338e+02
9.825314e-01 -1.305765e-02 -1.856382e-01 -5.561200e+01 1.524570e-02 9.998301e-01 1.036396e-02 -5.970716e+00 1.854713e-01 -1.301310e-02 9.825635e-01 3.257549e+02
9.824617e-01 -1.735729e-02 -1.856546e-01 -5.581997e+01 1.880363e-02 9.998050e-01 6.032385e-03 -5.971075e+00 1.855137e-01 -9.417567e-03 9.825965e-01 3.267802e+02
9.823040e-01 -1.987503e-02 -1.862360e-01 -5.601895e+01 2.121769e-02 9.997613e-01 5.218866e-03 -5.989437e+00 1.860878e-01 -9.078012e-03 9.824912e-01 3.278241e+02
9.825573e-01 -1.357202e-02 -1.854644e-01 -5.624373e+01 1.494390e-02 9.998703e-01 6.001052e-03 -5.936532e+00 1.853589e-01 -8.667938e-03 9.826327e-01 3.288355e+02
9.822352e-01 -1.572604e-02 -1.869941e-01 -5.641245e+01 1.755471e-02 9.998129e-01 8.127313e-03 -5.946103e+00 1.868313e-01 -1.126556e-02 9.823274e-01 3.298225e+02
9.819676e-01 -1.733602e-02 -1.882530e-01 -5.659277e+01 1.962166e-02 9.997546e-01 1.028438e-02 -5.935942e+00 1.880285e-01 -1.379276e-02 9.820667e-01 3.308251e+02
9.821342e-01 -1.428041e-02 -1.876392e-01 -5.681164e+01 1.713931e-02 9.997603e-01 1.362251e-02 -5.896960e+00 1.873997e-01 -1.659514e-02 9.821436e-01 3.317418e+02
9.819266e-01 -1.598482e-02 -1.885859e-01 -5.701692e+01 1.917841e-02 9.997017e-01 1.512169e-02 -5.911690e+00 1.882879e-01 -1.846516e-02 9.819403e-01 3.327199e+02
9.818316e-01 -1.823142e-02 -1.888767e-01 -5.727023e+01 2.117353e-02 9.996837e-01 1.357069e-02 -5.900324e+00 1.885696e-01 -1.732332e-02 9.819070e-01 3.337525e+02
9.817244e-01 -1.551654e-02 -1.896747e-01 -5.740340e+01 1.816586e-02 9.997601e-01 1.223696e-02 -5.848151e+00 1.894394e-01 -1.545893e-02 9.817707e-01 3.346007e+02
9.814889e-01 -1.645463e-02 -1.908106e-01 -5.758846e+01 1.876153e-02 9.997710e-01 1.028964e-02 -5.856791e+00 1.905976e-01 -1.367906e-02 9.815729e-01 3.355490e+02
9.815201e-01 -1.389896e-02 -1.908534e-01 -5.780000e+01 1.621244e-02 9.998127e-01 1.056556e-02 -5.882202e+00 1.906709e-01 -1.346451e-02 9.815617e-01 3.364584e+02
9.815649e-01 -1.062302e-02 -1.908336e-01 -5.802981e+01 1.290904e-02 9.998590e-01 1.073992e-02 -5.844968e+00 1.906926e-01 -1.300541e-02 9.815636e-01 3.374230e+02
9.815187e-01 -1.020465e-02 -1.910938e-01 -5.823875e+01 1.253219e-02 9.998612e-01 1.097547e-02 -5.820079e+00 1.909553e-01 -1.316745e-02 9.815104e-01 3.383562e+02
9.814523e-01 -7.841377e-03 -1.915462e-01 -5.842351e+01 1.042476e-02 9.998677e-01 1.248295e-02 -5.842740e+00 1.914230e-01 -1.424824e-02 9.814042e-01 3.392317e+02
9.817759e-01 -2.648643e-03 -1.900239e-01 -5.865332e+01 4.776763e-03 9.999309e-01 1.074207e-02 -5.765917e+00 1.899823e-01 -1.145401e-02 9.817207e-01 3.401031e+02
9.817813e-01 -2.556397e-03 -1.899971e-01 -5.883975e+01 4.267519e-03 9.999539e-01 8.597453e-03 -5.769419e+00 1.899664e-01 -9.251635e-03 9.817470e-01 3.409838e+02
9.818164e-01 -3.406160e-03 -1.898025e-01 -5.899703e+01 4.876117e-03 9.999616e-01 7.278205e-03 -5.772034e+00 1.897705e-01 -8.071360e-03 9.817953e-01 3.418623e+02
9.821322e-01 7.708323e-04 -1.881909e-01 -5.914008e+01 8.463197e-04 9.999634e-01 8.512640e-03 -5.754957e+00 1.881906e-01 -8.519807e-03 9.820956e-01 3.426320e+02
9.823131e-01 1.294066e-03 -1.872410e-01 -5.926501e+01 1.629539e-04 9.999698e-01 7.765922e-03 -5.719795e+00 1.872454e-01 -7.659079e-03 9.822833e-01 3.434788e+02
9.827401e-01 3.964099e-04 -1.849913e-01 -5.945183e+01 1.437671e-03 9.999511e-01 9.780177e-03 -5.751570e+00 1.849861e-01 -9.877328e-03 9.826915e-01 3.443231e+02
9.832368e-01 1.669128e-03 -1.823255e-01 -5.959904e+01 3.740649e-04 9.999375e-01 1.117133e-02 -5.758488e+00 1.823328e-01 -1.105226e-02 9.831748e-01 3.450711e+02
9.836143e-01 1.077262e-03 -1.802826e-01 -5.976117e+01 1.182124e-03 9.999221e-01 1.242456e-02 -5.765568e+00 1.802819e-01 -1.243410e-02 9.835364e-01 3.458470e+02
9.838780e-01 -8.199543e-04 -1.788390e-01 -5.988071e+01 3.363549e-03 9.998975e-01 1.392008e-02 -5.761980e+00 1.788092e-01 -1.429719e-02 9.837799e-01 3.466132e+02
9.843272e-01 1.623922e-03 -1.763446e-01 -6.001032e+01 1.132200e-03 9.998788e-01 1.552744e-02 -5.722663e+00 1.763484e-01 -1.548374e-02 9.842060e-01 3.472759e+02
9.845990e-01 3.677165e-03 -1.747890e-01 -6.014056e+01 -6.464810e-04 9.998485e-01 1.739287e-02 -5.736312e+00 1.748265e-01 -1.701201e-02 9.844523e-01 3.479957e+02
9.847651e-01 3.332434e-03 -1.738580e-01 -6.025022e+01 -3.442845e-04 9.998518e-01 1.721462e-02 -5.731300e+00 1.738896e-01 -1.689250e-02 9.846203e-01 3.487184e+02
9.851284e-01 5.095585e-03 -1.717443e-01 -6.037632e+01 -2.648713e-03 9.998917e-01 1.447332e-02 -5.725935e+00 1.717994e-01 -1.380318e-02 9.850352e-01 3.493176e+02
9.854598e-01 4.238005e-03 -1.698562e-01 -6.051042e+01 -2.717949e-03 9.999542e-01 9.180599e-03 -5.731930e+00 1.698873e-01 -8.585451e-03 9.854261e-01 3.499490e+02
9.856593e-01 4.290302e-03 -1.686932e-01 -6.062784e+01 -3.211337e-03 9.999726e-01 6.668320e-03 -5.738136e+00 1.687172e-01 -6.030961e-03 9.856461e-01 3.505855e+02
9.857038e-01 6.822001e-03 -1.683495e-01 -6.069081e+01 -5.771446e-03 9.999607e-01 6.728839e-03 -5.699231e+00 1.683888e-01 -5.661021e-03 9.857044e-01 3.511770e+02
9.858697e-01 7.280635e-03 -1.673560e-01 -6.082019e+01 -5.717660e-03 9.999354e-01 9.819175e-03 -5.703251e+00 1.674166e-01 -8.723543e-03 9.858476e-01 3.517584e+02
9.857519e-01 7.394224e-03 -1.680432e-01 -6.090110e+01 -5.264862e-03 9.999002e-01 1.311352e-02 -5.716259e+00 1.681234e-01 -1.204196e-02 9.856924e-01 3.523247e+02
9.855820e-01 9.248152e-03 -1.689458e-01 -6.102111e+01 -6.871597e-03 9.998691e-01 1.464623e-02 -5.702284e+00 1.690591e-01 -1.327414e-02 9.855165e-01 3.528476e+02
9.849373e-01 1.083331e-02 -1.725721e-01 -6.112925e+01 -8.894526e-03 9.998884e-01 1.200398e-02 -5.706862e+00 1.726829e-01 -1.028822e-02 9.849237e-01 3.533677e+02
9.838832e-01 1.113800e-02 -1.784649e-01 -6.122914e+01 -9.744286e-03 9.999148e-01 8.684102e-03 -5.710909e+00 1.785465e-01 -6.805129e-03 9.839079e-01 3.538742e+02
9.825177e-01 1.321785e-02 -1.856994e-01 -6.136492e+01 -1.234943e-02 9.999067e-01 5.832487e-03 -5.683470e+00 1.857592e-01 -3.437240e-03 9.825893e-01 3.543311e+02
9.801538e-01 1.325185e-02 -1.977953e-01 -6.146709e+01 -1.255764e-02 9.999098e-01 4.763703e-03 -5.683018e+00 1.978406e-01 -2.185319e-03 9.802318e-01 3.547996e+02
9.770030e-01 1.352790e-02 -2.127959e-01 -6.159568e+01 -1.292843e-02 9.999076e-01 4.208398e-03 -5.689038e+00 2.128332e-01 -1.360499e-03 9.770876e-01 3.552388e+02
9.729695e-01 1.640940e-02 -2.303498e-01 -6.173996e+01 -1.606098e-02 9.998653e-01 3.387634e-03 -5.663802e+00 2.303743e-01 4.035785e-04 9.731020e-01 3.556618e+02
9.677405e-01 1.952111e-02 -2.511917e-01 -6.189311e+01 -1.899501e-02 9.998094e-01 4.519045e-03 -5.670946e+00 2.512320e-01 3.981262e-04 9.679268e-01 3.560944e+02
9.608789e-01 2.318386e-02 -2.759967e-01 -6.201257e+01 -2.189022e-02 9.997302e-01 7.767323e-03 -5.684806e+00 2.761023e-01 -1.421830e-03 9.611272e-01 3.564816e+02
9.524390e-01 2.421556e-02 -3.037656e-01 -6.220667e+01 -2.163066e-02 9.996955e-01 1.187198e-02 -5.658559e+00 3.039606e-01 -4.736684e-03 9.526728e-01 3.568918e+02
9.415327e-01 2.341536e-02 -3.361068e-01 -6.238694e+01 -1.966718e-02 9.997007e-01 1.455208e-02 -5.663695e+00 3.363470e-01 -7.090983e-03 9.417114e-01 3.572747e+02
9.273088e-01 2.365852e-02 -3.735487e-01 -6.256789e+01 -1.916701e-02 9.996925e-01 1.573423e-02 -5.660811e+00 3.738061e-01 -7.430680e-03 9.274771e-01 3.576447e+02
9.101628e-01 2.856550e-02 -4.132646e-01 -6.276267e+01 -2.280594e-02 9.995619e-01 1.886410e-02 -5.651926e+00 4.136224e-01 -7.744519e-03 9.104156e-01 3.579899e+02
8.905639e-01 3.329602e-02 -4.536379e-01 -6.299374e+01 -2.555373e-02 9.994045e-01 2.318802e-02 -5.647438e+00 4.541398e-01 -9.058271e-03 8.908844e-01 3.583344e+02
8.683200e-01 3.697360e-02 -4.946244e-01 -6.322834e+01 -2.609559e-02 9.992421e-01 2.888303e-02 -5.645545e+00 4.953175e-01 -1.217220e-02 8.686267e-01 3.586529e+02
8.422769e-01 3.654404e-02 -5.378049e-01 -6.340234e+01 -2.195420e-02 9.991971e-01 3.351250e-02 -5.589198e+00 5.385978e-01 -1.641973e-02 8.424030e-01 3.589718e+02
8.139769e-01 4.208794e-02 -5.793705e-01 -6.366111e+01 -2.342873e-02 9.989389e-01 3.965136e-02 -5.604855e+00 5.804245e-01 -1.870138e-02 8.140993e-01 3.592466e+02
7.792402e-01 4.581215e-02 -6.250488e-01 -6.390319e+01 -2.495325e-02 9.988019e-01 4.209702e-02 -5.547513e+00 6.262285e-01 -1.720669e-02 7.794497e-01 3.595757e+02
7.429892e-01 5.611984e-02 -6.669465e-01 -6.423066e+01 -3.149664e-02 9.983062e-01 4.891416e-02 -5.556641e+00 6.685619e-01 -1.533612e-02 7.434983e-01 3.598295e+02
7.024065e-01 5.931030e-02 -7.093006e-01 -6.455426e+01 -2.947043e-02 9.980911e-01 5.427439e-02 -5.515107e+00 7.111657e-01 -1.721929e-02 7.028136e-01 3.601108e+02
6.580313e-01 6.115015e-02 -7.505035e-01 -6.489218e+01 -2.352904e-02 9.978801e-01 6.067617e-02 -5.489608e+00 7.526229e-01 -2.226819e-02 6.580751e-01 3.603846e+02
6.100424e-01 6.099628e-02 -7.900175e-01 -6.527390e+01 -1.483870e-02 9.977373e-01 6.557579e-02 -5.485485e+00 7.922298e-01 -2.828118e-02 6.095672e-01 3.606633e+02
5.585514e-01 6.186815e-02 -8.271594e-01 -6.566927e+01 -5.864490e-03 9.974841e-01 7.064766e-02 -5.464764e+00 8.294491e-01 -3.460949e-02 5.575090e-01 3.609172e+02
5.035585e-01 6.275265e-02 -8.616791e-01 -6.606755e+01 2.435522e-03 9.972516e-01 7.404915e-02 -5.427449e+00 8.639577e-01 -3.938672e-02 5.020217e-01 3.611408e+02
4.460485e-01 6.014359e-02 -8.929857e-01 -6.651872e+01 1.158781e-02 9.972679e-01 7.295525e-02 -5.389509e+00 8.949338e-01 -4.288932e-02 4.441329e-01 3.613344e+02
3.852731e-01 5.554533e-02 -9.211294e-01 -6.700832e+01 2.166049e-02 9.973675e-01 6.920234e-02 -5.343657e+00 9.225484e-01 -4.661391e-02 3.830557e-01 3.615079e+02
3.222786e-01 5.290809e-02 -9.451652e-01 -6.750220e+01 2.396308e-02 9.976610e-01 6.401752e-02 -5.304115e+00 9.463415e-01 -4.328054e-02 3.202569e-01 3.616196e+02
2.579736e-01 5.198821e-02 -9.647522e-01 -6.800803e+01 2.466505e-02 9.978714e-01 6.036833e-02 -5.267702e+00 9.658371e-01 -3.936910e-02 2.561421e-01 3.616971e+02
1.902666e-01 4.846122e-02 -9.805356e-01 -6.845625e+01 3.066059e-02 9.980004e-01 5.527387e-02 -5.251263e+00 9.812536e-01 -4.058057e-02 1.884003e-01 3.617298e+02
1.231549e-01 4.546695e-02 -9.913454e-01 -6.895247e+01 4.666475e-02 9.975796e-01 5.155004e-02 -5.222865e+00 9.912897e-01 -5.260953e-02 1.207351e-01 3.617549e+02
6.085160e-02 5.368547e-02 -9.967020e-01 -6.913421e+01 5.556640e-02 9.968218e-01 5.708441e-02 -5.260216e+00 9.965989e-01 -5.885682e-02 5.767509e-02 3.616160e+02
-1.043136e-04 6.179366e-02 -9.980889e-01 -6.971104e+01 4.943747e-02 9.968688e-01 6.171296e-02 -5.190801e+00 9.987772e-01 -4.933655e-02 -3.158909e-03 3.615796e+02
-5.339146e-02 6.886463e-02 -9.961963e-01 -7.012809e+01 3.899408e-02 9.970021e-01 6.683043e-02 -5.271771e+00 9.978120e-01 -3.527759e-02 -5.591671e-02 3.614101e+02
-1.011514e-01 7.165786e-02 -9.922870e-01 -7.065982e+01 3.240593e-02 9.971107e-01 6.870281e-02 -5.177009e+00 9.943431e-01 -2.520660e-02 -1.031813e-01 3.613360e+02
-1.413478e-01 7.262358e-02 -9.872926e-01 -7.132287e+01 2.733895e-02 9.972115e-01 6.943917e-02 -5.125982e+00 9.895824e-01 -1.717647e-02 -1.429391e-01 3.612563e+02
-1.701105e-01 7.775686e-02 -9.823524e-01 -7.184273e+01 2.549142e-02 9.968956e-01 7.449375e-02 -5.087586e+00 9.850952e-01 -1.236939e-02 -1.715645e-01 3.610950e+02
-1.909578e-01 8.530633e-02 -9.778844e-01 -7.238186e+01 3.086264e-02 9.962458e-01 8.088135e-02 -5.081376e+00 9.811129e-01 -1.473516e-02 -1.928737e-01 3.609573e+02
-2.069664e-01 8.460330e-02 -9.746831e-01 -7.297793e+01 2.214694e-02 9.964038e-01 8.178595e-02 -5.006827e+00 9.780973e-01 -4.659308e-03 -2.080958e-01 3.608059e+02
-2.169656e-01 8.066425e-02 -9.728408e-01 -7.355351e+01 2.395392e-02 9.967199e-01 7.730195e-02 -4.996603e+00 9.758853e-01 -6.531488e-03 -2.181862e-01 3.606697e+02
-2.217901e-01 6.896645e-02 -9.726525e-01 -7.411042e+01 1.913340e-02 9.976114e-01 6.637327e-02 -4.953945e+00 9.749067e-01 -3.889221e-03 -2.225799e-01 3.605068e+02
-2.238096e-01 5.754733e-02 -9.729325e-01 -7.462225e+01 2.045374e-02 9.983128e-01 5.434343e-02 -4.925987e+00 9.744182e-01 -7.737527e-03 -2.246090e-01 3.603402e+02
-2.240127e-01 5.240054e-02 -9.731765e-01 -7.528230e+01 1.862536e-02 9.986013e-01 4.948222e-02 -4.878069e+00 9.744082e-01 -7.041114e-03 -2.246754e-01 3.602158e+02
-2.214875e-01 5.703867e-02 -9.734937e-01 -7.582617e+01 2.409604e-02 9.983032e-01 5.301002e-02 -4.851094e+00 9.748655e-01 -1.171629e-02 -2.224861e-01 3.600593e+02
-2.208883e-01 6.259533e-02 -9.732883e-01 -7.650102e+01 2.593356e-02 9.979624e-01 5.829657e-02 -4.827398e+00 9.749542e-01 -1.236379e-02 -2.220616e-01 3.599371e+02
-2.200627e-01 6.473256e-02 -9.733356e-01 -7.716114e+01 2.750978e-02 9.978108e-01 6.014059e-02 -4.786811e+00 9.750978e-01 -1.354155e-02 -2.213617e-01 3.597928e+02
-2.196130e-01 6.506217e-02 -9.734151e-01 -7.812427e+01 3.089298e-02 9.977371e-01 5.971804e-02 -4.701253e+00 9.750978e-01 -1.695684e-02 -2.211260e-01 3.596171e+02
-2.181948e-01 6.347648e-02 -9.738387e-01 -7.878228e+01 2.528804e-02 9.979151e-01 5.937988e-02 -4.669174e+00 9.755775e-01 -1.167008e-02 -2.193451e-01 3.594539e+02
-2.147462e-01 6.116763e-02 -9.747526e-01 -7.944315e+01 2.147506e-02 9.980913e-01 5.790105e-02 -4.638495e+00 9.764338e-01 -8.498840e-03 -2.156499e-01 3.592845e+02
-2.106047e-01 5.933558e-02 -9.757689e-01 -8.005528e+01 1.784514e-02 9.982233e-01 5.684941e-02 -4.591442e+00 9.774084e-01 -5.439982e-03 -2.112893e-01 3.591950e+02
-2.063237e-01 5.929837e-02 -9.766853e-01 -8.094179e+01 1.532054e-02 9.982354e-01 5.737032e-02 -4.550714e+00 9.783638e-01 -3.126492e-03 -2.068681e-01 3.589950e+02
-2.023528e-01 6.181528e-02 -9.773598e-01 -8.151628e+01 1.214276e-02 9.980875e-01 6.061221e-02 -4.521507e+00 9.792374e-01 3.972061e-04 -2.027164e-01 3.588914e+02
-1.980793e-01 6.473408e-02 -9.780461e-01 -8.238997e+01 8.910067e-03 9.978945e-01 6.424327e-02 -4.454511e+00 9.801455e-01 4.010804e-03 -1.982390e-01 3.587043e+02
-1.951855e-01 6.650947e-02 -9.785086e-01 -8.321583e+01 7.739201e-03 9.977714e-01 6.627501e-02 -4.422866e+00 9.807358e-01 5.363042e-03 -1.952652e-01 3.585455e+02
-1.917282e-01 6.483980e-02 -9.793039e-01 -8.400086e+01 7.931274e-03 9.978851e-01 6.451728e-02 -4.370032e+00 9.814160e-01 4.602652e-03 -1.918369e-01 3.583684e+02
-1.888473e-01 6.271453e-02 -9.800018e-01 -8.478612e+01 8.159614e-03 9.980244e-01 6.229551e-02 -4.319480e+00 9.819726e-01 3.767905e-03 -1.889860e-01 3.582682e+02
-1.857235e-01 6.368421e-02 -9.805361e-01 -8.554955e+01 1.036771e-02 9.979690e-01 6.285270e-02 -4.269591e+00 9.825474e-01 1.507304e-03 -1.860065e-01 3.581561e+02
-1.824229e-01 6.787666e-02 -9.808744e-01 -8.624529e+01 9.921735e-03 9.976905e-01 6.719510e-02 -4.197114e+00 9.831701e-01 2.525949e-03 -1.826751e-01 3.580097e+02
-1.791307e-01 7.380525e-02 -9.810530e-01 -8.730922e+01 8.796436e-03 9.972624e-01 7.341856e-02 -4.205069e+00 9.837860e-01 4.521749e-03 -1.792896e-01 3.577900e+02
-1.764529e-01 7.890061e-02 -9.811417e-01 -8.821658e+01 1.101068e-02 9.968780e-01 7.818587e-02 -4.136524e+00 9.842475e-01 2.993083e-03 -1.767707e-01 3.576442e+02
-1.736307e-01 8.116985e-02 -9.814601e-01 -8.919229e+01 1.380179e-02 9.967002e-01 7.998857e-02 -4.105495e+00 9.847141e-01 3.425602e-04 -1.741780e-01 3.574636e+02
-1.711553e-01 7.931146e-02 -9.820466e-01 -9.001992e+01 1.009345e-02 9.968435e-01 7.874735e-02 -3.989865e+00 9.851924e-01 3.565794e-03 -1.714156e-01 3.573393e+02
-1.694563e-01 7.457592e-02 -9.827121e-01 -9.095770e+01 7.136579e-03 9.971996e-01 7.444473e-02 -3.935465e+00 9.855119e-01 5.601931e-03 -1.695140e-01 3.571761e+02
-1.681558e-01 7.173791e-02 -9.831466e-01 -9.177819e+01 1.033522e-02 9.974219e-01 7.101183e-02 -3.890622e+00 9.857063e-01 1.780011e-03 -1.684637e-01 3.570189e+02
-1.673395e-01 7.104228e-02 -9.833364e-01 -9.312715e+01 7.970649e-03 9.974653e-01 7.070663e-02 -3.776043e+00 9.858671e-01 3.994186e-03 -1.674816e-01 3.567319e+02
-1.675815e-01 7.214360e-02 -9.832150e-01 -9.403893e+01 8.914285e-03 9.973890e-01 7.166424e-02 -3.739246e+00 9.858179e-01 3.244941e-03 -1.677870e-01 3.565828e+02
-1.685990e-01 7.396633e-02 -9.829056e-01 -9.500793e+01 9.875966e-03 9.972572e-01 7.335229e-02 -3.701555e+00 9.856353e-01 2.659979e-03 -1.688670e-01 3.564315e+02
-1.696036e-01 7.578489e-02 -9.825942e-01 -9.587509e+01 1.268494e-02 9.971242e-01 7.471603e-02 -3.695987e+00 9.854307e-01 2.079512e-04 -1.700771e-01 3.562713e+02
-1.710360e-01 7.574405e-02 -9.823490e-01 -9.678672e+01 1.137179e-02 9.971259e-01 7.490350e-02 -3.629524e+00 9.851992e-01 1.640124e-03 -1.714058e-01 3.560984e+02
-1.721017e-01 7.656873e-02 -9.820989e-01 -9.787987e+01 9.101949e-03 9.970556e-01 7.613981e-02 -3.579337e+00 9.850371e-01 4.164773e-03 -1.722918e-01 3.558848e+02
-1.730039e-01 7.616713e-02 -9.819716e-01 -9.889831e+01 5.923992e-03 9.970677e-01 7.629438e-02 -3.503011e+00 9.849033e-01 7.382035e-03 -1.729478e-01 3.556916e+02
-1.739825e-01 7.697267e-02 -9.817359e-01 -9.994060e+01 7.089348e-03 9.970125e-01 7.691406e-02 -3.468826e+00 9.847232e-01 6.421831e-03 -1.740084e-01 3.555050e+02
-1.756823e-01 7.613620e-02 -9.814984e-01 -1.007306e+02 5.543917e-03 9.970656e-01 7.635144e-02 -3.423576e+00 9.844313e-01 7.972248e-03 -1.755888e-01 3.553631e+02
-1.770942e-01 7.468380e-02 -9.813562e-01 -1.016907e+02 5.475266e-03 9.971760e-01 7.489967e-02 -3.414090e+00 9.841787e-01 7.891109e-03 -1.770030e-01 3.552012e+02
-1.800382e-01 7.307579e-02 -9.809415e-01 -1.027036e+02 6.205185e-03 9.973012e-01 7.315565e-02 -3.345045e+00 9.836400e-01 7.083889e-03 -1.800058e-01 3.550288e+02
-1.833976e-01 7.596533e-02 -9.800993e-01 -1.036163e+02 6.724910e-03 9.970834e-01 7.602336e-02 -3.320017e+00 9.830158e-01 7.351420e-03 -1.833735e-01 3.548263e+02
-1.872982e-01 8.045812e-02 -9.790025e-01 -1.043495e+02 7.997650e-03 9.967318e-01 8.038511e-02 -3.257353e+00 9.822705e-01 7.226266e-03 -1.873295e-01 3.546607e+02
-1.913742e-01 8.224624e-02 -9.780652e-01 -1.053278e+02 4.437390e-03 9.965453e-01 8.293200e-02 -3.194083e+00 9.815071e-01 1.153099e-02 -1.910780e-01 3.544998e+02
-1.949896e-01 8.036407e-02 -9.775074e-01 -1.062004e+02 3.242823e-03 9.966849e-01 8.129385e-02 -3.169372e+00 9.807999e-01 1.268157e-02 -1.946038e-01 3.543028e+02
-1.979841e-01 7.728344e-02 -9.771538e-01 -1.072247e+02 -2.617974e-03 9.968417e-01 7.937100e-02 -3.069722e+00 9.802017e-01 1.827236e-02 -1.971565e-01 3.541671e+02
-2.000384e-01 7.334136e-02 -9.770392e-01 -1.081377e+02 -3.327232e-03 9.971379e-01 7.553128e-02 -3.075493e+00 9.797824e-01 1.835999e-02 -1.992218e-01 3.539428e+02
-2.013425e-01 7.096542e-02 -9.769468e-01 -1.089824e+02 3.328462e-04 9.973770e-01 7.238087e-02 -2.984361e+00 9.795208e-01 1.424818e-02 -2.008380e-01 3.537626e+02
-2.023296e-01 7.233442e-02 -9.766424e-01 -1.099206e+02 -5.233799e-04 9.972603e-01 7.396990e-02 -2.901593e+00 9.793173e-01 1.547746e-02 -2.017375e-01 3.535561e+02
-2.031140e-01 7.459350e-02 -9.763096e-01 -1.109055e+02 -2.696502e-04 9.970897e-01 7.623727e-02 -2.847774e+00 9.791550e-01 1.574812e-02 -2.025028e-01 3.533447e+02
-2.018692e-01 7.651531e-02 -9.764191e-01 -1.117355e+02 6.485457e-05 9.969447e-01 7.811036e-02 -2.805869e+00 9.794125e-01 1.570475e-02 -2.012574e-01 3.531553e+02
-2.010070e-01 7.225670e-02 -9.769213e-01 -1.129206e+02 -2.875043e-03 9.972280e-01 7.435023e-02 -2.735724e+00 9.795856e-01 1.775361e-02 -2.002421e-01 3.529184e+02
-1.983479e-01 7.001273e-02 -9.776279e-01 -1.138998e+02 -5.726031e-03 9.973457e-01 7.258656e-02 -2.668535e+00 9.801150e-01 1.999532e-02 -1.974205e-01 3.527408e+02
-1.949996e-01 7.050825e-02 -9.782657e-01 -1.147887e+02 -7.463970e-03 9.972771e-01 7.336631e-02 -2.625565e+00 9.807749e-01 2.160815e-02 -1.939424e-01 3.525267e+02
-1.905168e-01 7.181327e-02 -9.790537e-01 -1.157437e+02 -1.044792e-02 9.971159e-01 7.517121e-02 -2.535968e+00 9.816283e-01 2.455045e-02 -1.892170e-01 3.523813e+02
-1.856212e-01 7.357509e-02 -9.798630e-01 -1.165920e+02 -1.244311e-02 9.969369e-01 7.721429e-02 -2.496555e+00 9.825426e-01 2.652515e-02 -1.841371e-01 3.521863e+02
-1.806994e-01 7.482909e-02 -9.806877e-01 -1.175103e+02 -1.255109e-02 9.968450e-01 7.837457e-02 -2.443413e+00 9.834583e-01 2.647094e-02 -1.791901e-01 3.520396e+02
-1.753435e-01 7.560140e-02 -9.816003e-01 -1.184252e+02 -1.140093e-02 9.968244e-01 7.881049e-02 -2.376826e+00 9.844413e-01 2.501006e-02 -1.739247e-01 3.518678e+02
-1.702204e-01 7.567266e-02 -9.824961e-01 -1.192830e+02 -9.991432e-03 9.968632e-01 7.851027e-02 -2.309926e+00 9.853554e-01 2.318059e-02 -1.689304e-01 3.517104e+02
-1.656225e-01 7.456223e-02 -9.833665e-01 -1.202329e+02 -1.004273e-02 9.969585e-01 7.728426e-02 -2.241595e+00 9.861381e-01 2.267570e-02 -1.643700e-01 3.515881e+02
-1.601931e-01 7.236236e-02 -9.844297e-01 -1.210598e+02 -1.131271e-02 9.971092e-01 7.513527e-02 -2.175251e+00 9.870209e-01 2.317272e-02 -1.589114e-01 3.514459e+02
-1.547940e-01 7.062879e-02 -9.854189e-01 -1.219062e+02 -1.218832e-02 9.972288e-01 7.338985e-02 -2.120162e+00 9.878716e-01 2.337091e-02 -1.535042e-01 3.512915e+02
-1.501694e-01 6.961280e-02 -9.862065e-01 -1.228392e+02 -1.232710e-02 9.973087e-01 7.227351e-02 -2.062624e+00 9.885834e-01 2.301033e-02 -1.489071e-01 3.511659e+02
-1.448350e-01 7.040228e-02 -9.869480e-01 -1.235771e+02 -1.286833e-02 9.972471e-01 7.302538e-02 -2.014690e+00 9.893721e-01 2.327701e-02 -1.435304e-01 3.510536e+02
-1.401272e-01 7.134330e-02 -9.875599e-01 -1.244549e+02 -1.313036e-02 9.971791e-01 7.390132e-02 -1.945970e+00 9.900464e-01 2.332260e-02 -1.387952e-01 3.509244e+02
-1.355085e-01 7.388425e-02 -9.880175e-01 -1.253363e+02 -1.407782e-02 9.969714e-01 7.648462e-02 -1.924328e+00 9.906762e-01 2.427345e-02 -1.340580e-01 3.508035e+02
-1.315215e-01 7.592270e-02 -9.884017e-01 -1.262322e+02 -1.228346e-02 9.968615e-01 7.820703e-02 -1.843062e+00 9.912372e-01 2.242690e-02 -1.301762e-01 3.506913e+02
-1.281402e-01 7.748071e-02 -9.887248e-01 -1.271087e+02 -1.039653e-02 9.967839e-01 7.945966e-02 -1.790838e+00 9.917016e-01 2.046128e-02 -1.269226e-01 3.505873e+02
-1.250470e-01 7.840384e-02 -9.890481e-01 -1.279542e+02 -8.003041e-03 9.967606e-01 8.002707e-02 -1.748381e+00 9.921185e-01 1.792253e-02 -1.240144e-01 3.504787e+02
-1.220216e-01 7.730900e-02 -9.895120e-01 -1.287126e+02 -4.155204e-03 9.969134e-01 7.839966e-02 -1.704051e+00 9.925187e-01 1.367808e-02 -1.213238e-01 3.503590e+02
-1.208264e-01 7.500881e-02 -9.898357e-01 -1.295321e+02 -2.399432e-03 9.971161e-01 7.585341e-02 -1.631616e+00 9.926708e-01 1.154014e-02 -1.202980e-01 3.502579e+02
-1.188905e-01 7.593386e-02 -9.899995e-01 -1.302926e+02 1.161075e-03 9.970814e-01 7.633761e-02 -1.613343e+00 9.929067e-01 7.926354e-03 -1.186317e-01 3.501502e+02
-1.188789e-01 7.580922e-02 -9.900105e-01 -1.311181e+02 3.334065e-03 9.971059e-01 7.595219e-02 -1.576808e+00 9.929032e-01 5.728353e-03 -1.187876e-01 3.500831e+02
-1.193298e-01 7.391107e-02 -9.900998e-01 -1.318852e+02 5.889989e-03 9.972604e-01 7.373574e-02 -1.528623e+00 9.928372e-01 2.967195e-03 -1.194382e-01 3.499993e+02
-1.199819e-01 7.322267e-02 -9.900721e-01 -1.326115e+02 8.048857e-03 9.973153e-01 7.278296e-02 -1.480249e+00 9.927434e-01 7.636921e-04 -1.202492e-01 3.498954e+02
-1.215225e-01 7.377425e-02 -9.898432e-01 -1.332811e+02 1.101182e-02 9.972729e-01 7.297608e-02 -1.461687e+00 9.925276e-01 -2.031738e-03 -1.220035e-01 3.498059e+02
-1.244875e-01 7.657306e-02 -9.892621e-01 -1.339873e+02 1.291740e-02 9.970583e-01 7.555101e-02 -1.438771e+00 9.921371e-01 -3.373533e-03 -1.251104e-01 3.496975e+02
-1.287653e-01 7.897276e-02 -9.885256e-01 -1.346257e+02 1.583214e-02 9.968607e-01 7.757636e-02 -1.404898e+00 9.915487e-01 -5.661331e-03 -1.296114e-01 3.496151e+02
-1.332482e-01 7.969282e-02 -9.878735e-01 -1.352138e+02 1.775249e-02 9.967939e-01 7.801791e-02 -1.356658e+00 9.909237e-01 -7.141470e-03 -1.342357e-01 3.495008e+02
-1.390738e-01 8.121642e-02 -9.869460e-01 -1.358079e+02 2.068361e-02 9.966520e-01 7.910054e-02 -1.367843e+00 9.900660e-01 -9.412794e-03 -1.402881e-01 3.494094e+02
-1.454190e-01 7.754921e-02 -9.863262e-01 -1.364174e+02 2.161319e-02 9.969345e-01 7.519674e-02 -1.284321e+00 9.891341e-01 -1.038262e-02 -1.466493e-01 3.493103e+02
-1.525713e-01 7.628588e-02 -9.853438e-01 -1.369582e+02 2.273584e-02 9.970235e-01 7.366970e-02 -1.278963e+00 9.880309e-01 -1.116274e-02 -1.538516e-01 3.492265e+02
-1.598758e-01 7.672011e-02 -9.841513e-01 -1.375547e+02 2.313063e-02 9.969927e-01 7.396359e-02 -1.251605e+00 9.868661e-01 -1.093905e-02 -1.611696e-01 3.490967e+02
-1.670384e-01 7.784878e-02 -9.828722e-01 -1.381410e+02 2.526479e-02 9.968886e-01 7.466522e-02 -1.212542e+00 9.856266e-01 -1.236010e-02 -1.684855e-01 3.489848e+02
-1.736658e-01 7.853124e-02 -9.816685e-01 -1.387224e+02 2.445426e-02 9.968520e-01 7.541971e-02 -1.187822e+00 9.845010e-01 -1.090815e-02 -1.750395e-01 3.488730e+02
-1.809810e-01 7.588400e-02 -9.805547e-01 -1.393066e+02 2.466582e-02 9.970555e-01 7.260840e-02 -1.150176e+00 9.831772e-01 -1.104544e-02 -1.823198e-01 3.487653e+02
-1.872642e-01 7.179231e-02 -9.796826e-01 -1.398759e+02 2.331058e-02 9.973696e-01 6.863267e-02 -1.116274e+00 9.820330e-01 -9.984528e-03 -1.884451e-01 3.486188e+02
-1.938247e-01 6.901461e-02 -9.786056e-01 -1.404477e+02 2.439343e-02 9.975531e-01 6.551943e-02 -1.087823e+00 9.807329e-01 -1.117226e-02 -1.950340e-01 3.485291e+02
-2.000589e-01 6.614413e-02 -9.775487e-01 -1.410250e+02 2.460776e-02 9.977432e-01 6.247449e-02 -1.049265e+00 9.794748e-01 -1.155671e-02 -2.012351e-01 3.484020e+02
-2.051153e-01 6.410342e-02 -9.766363e-01 -1.415568e+02 2.432440e-02 9.978785e-01 6.038903e-02 -1.030384e+00 9.784355e-01 -1.136938e-02 -2.062394e-01 3.482677e+02
-2.107970e-01 6.241480e-02 -9.755353e-01 -1.421587e+02 2.228535e-02 9.980070e-01 5.903705e-02 -9.919228e-01 9.772758e-01 -9.295317e-03 -2.117678e-01 3.481344e+02
-2.156899e-01 6.174123e-02 -9.745080e-01 -1.427454e+02 2.079499e-02 9.980631e-01 5.863099e-02 -9.728583e-01 9.762405e-01 -7.618771e-03 -2.165561e-01 3.480000e+02
-2.202640e-01 6.076145e-02 -9.735460e-01 -1.433425e+02 2.208214e-02 9.981128e-01 5.729866e-02 -9.283058e-01 9.751903e-01 -8.877140e-03 -2.211901e-01 3.478486e+02
-2.246775e-01 6.066856e-02 -9.725427e-01 -1.439597e+02 2.329525e-02 9.981091e-01 5.688174e-02 -8.912401e-01 9.741547e-01 -9.875577e-03 -2.256660e-01 3.477238e+02
-2.280711e-01 5.980368e-02 -9.718061e-01 -1.445681e+02 2.223456e-02 9.981715e-01 5.620799e-02 -8.693155e-01 9.733906e-01 -8.788263e-03 -2.289838e-01 3.475581e+02
-2.312617e-01 5.722534e-02 -9.712071e-01 -1.451535e+02 1.736535e-02 9.983524e-01 5.468979e-02 -8.472413e-01 9.727366e-01 -4.217700e-03 -2.318744e-01 3.473878e+02
-2.343189e-01 5.546865e-02 -9.705761e-01 -1.457757e+02 1.458280e-02 9.984591e-01 5.354156e-02 -8.124158e-01 9.720504e-01 -1.607917e-03 -2.347667e-01 3.472744e+02
-2.355446e-01 5.508848e-02 -9.703010e-01 -1.463770e+02 1.463884e-02 9.984800e-01 5.313470e-02 -7.961041e-01 9.717533e-01 -1.688490e-03 -2.359930e-01 3.471162e+02
-2.360376e-01 5.451585e-02 -9.702135e-01 -1.470566e+02 1.651141e-02 9.985060e-01 5.208862e-02 -7.484014e-01 9.716036e-01 -3.724723e-03 -2.365851e-01 3.469570e+02
-2.362230e-01 5.623775e-02 -9.700701e-01 -1.476690e+02 1.593352e-02 9.984138e-01 5.400092e-02 -7.268554e-01 9.715682e-01 -2.700373e-03 -2.367443e-01 3.468007e+02
-2.359454e-01 6.029685e-02 -9.698938e-01 -1.483460e+02 1.634059e-02 9.981782e-01 5.808009e-02 -6.933922e-01 9.716289e-01 -2.144910e-03 -2.365008e-01 3.466356e+02
-2.359361e-01 6.494197e-02 -9.695962e-01 -1.490002e+02 1.312683e-02 9.978864e-01 6.364259e-02 -6.575332e-01 9.716799e-01 2.287859e-03 -2.362899e-01 3.464667e+02
-2.347442e-01 7.709470e-02 -9.689951e-01 -1.497003e+02 1.157859e-02 9.970010e-01 7.651791e-02 -6.218876e-01 9.719882e-01 6.742531e-03 -2.349328e-01 3.462916e+02
-2.334497e-01 8.645923e-02 -9.685174e-01 -1.504216e+02 8.396974e-03 9.961812e-01 8.690478e-02 -5.655207e-01 9.723326e-01 1.215528e-02 -2.332842e-01 3.461250e+02
-2.304407e-01 8.962315e-02 -9.689504e-01 -1.511034e+02 6.731051e-03 9.958726e-01 9.051251e-02 -5.494642e-01 9.730631e-01 1.433571e-02 -2.300928e-01 3.459285e+02
-2.279281e-01 8.050095e-02 -9.703445e-01 -1.518231e+02 2.815380e-03 9.966267e-01 8.202004e-02 -5.025828e-01 9.736739e-01 1.596278e-02 -2.273859e-01 3.457772e+02
-2.236828e-01 6.417274e-02 -9.725471e-01 -1.525532e+02 -5.563518e-04 9.978216e-01 6.596841e-02 -4.477017e-01 9.746618e-01 1.529708e-02 -2.231598e-01 3.456038e+02
-2.203582e-01 6.031481e-02 -9.735525e-01 -1.533106e+02 -2.553374e-03 9.980473e-01 6.241029e-02 -3.958328e-01 9.754157e-01 1.623846e-02 -2.197739e-01 3.454406e+02
-2.161018e-01 7.077174e-02 -9.738025e-01 -1.542152e+02 -3.368251e-04 9.973641e-01 7.255884e-02 -3.321810e-01 9.763708e-01 1.600810e-02 -2.155083e-01 3.452566e+02
-2.118643e-01 8.936117e-02 -9.732051e-01 -1.549861e+02 -1.153402e-03 9.957873e-01 9.168580e-02 -2.877759e-01 9.772984e-01 2.054745e-02 -2.108687e-01 3.450777e+02
-2.081257e-01 9.391414e-02 -9.735830e-01 -1.557475e+02 8.945532e-04 9.953976e-01 9.582720e-02 -2.398066e-01 9.781017e-01 1.907318e-02 -2.072518e-01 3.449236e+02
-2.047853e-01 8.495860e-02 -9.751128e-01 -1.565337e+02 7.142757e-04 9.962386e-01 8.664922e-02 -1.962608e-01 9.788066e-01 1.704799e-02 -2.040757e-01 3.447582e+02
-2.014793e-01 6.764900e-02 -9.771539e-01 -1.573565e+02 -5.454488e-04 9.976042e-01 6.917726e-02 -1.433833e-01 9.794926e-01 1.447077e-02 -2.009597e-01 3.446043e+02
-1.976515e-01 5.780228e-02 -9.785667e-01 -1.582019e+02 -3.373824e-03 9.982140e-01 5.964426e-02 -7.680314e-02 9.802666e-01 1.509029e-02 -1.971035e-01 3.444239e+02
-1.929180e-01 6.055691e-02 -9.793444e-01 -1.590033e+02 -9.376922e-03 9.979344e-01 6.355353e-02 -3.006574e-02 9.811701e-01 2.144386e-02 -1.919516e-01 3.442065e+02
-1.879637e-01 6.895388e-02 -9.797525e-01 -1.599127e+02 -1.678742e-02 9.971613e-01 7.339973e-02 6.381248e-02 9.820325e-01 3.024400e-02 -1.862725e-01 3.440363e+02
-1.814400e-01 7.233291e-02 -9.807382e-01 -1.607255e+02 -2.000770e-02 9.968133e-01 7.722000e-02 1.032651e-01 9.831985e-01 3.363311e-02 -1.794146e-01 3.438569e+02
-1.747931e-01 6.421774e-02 -9.825088e-01 -1.617040e+02 -2.046270e-02 9.974183e-01 6.883266e-02 1.242413e-01 9.843925e-01 3.213626e-02 -1.730277e-01 3.436769e+02
-1.673713e-01 5.064647e-02 -9.845922e-01 -1.626146e+02 -1.839157e-02 9.983455e-01 5.448031e-02 1.747433e-01 9.857224e-01 2.722664e-02 -1.661629e-01 3.435295e+02
-1.602583e-01 4.336500e-02 -9.861221e-01 -1.635771e+02 -1.075515e-02 9.988985e-01 4.567471e-02 2.330725e-01 9.870165e-01 1.792565e-02 -1.596154e-01 3.433753e+02
-1.526877e-01 4.924295e-02 -9.870469e-01 -1.644730e+02 -6.897606e-03 9.986804e-01 5.089034e-02 2.654991e-01 9.882504e-01 1.457859e-02 -1.521466e-01 3.432430e+02
-1.457437e-01 6.126830e-02 -9.874234e-01 -1.654799e+02 -4.350251e-03 9.980312e-01 6.256859e-02 3.289795e-01 9.893128e-01 1.341452e-02 -1.451902e-01 3.431168e+02
-1.388819e-01 7.131014e-02 -9.877382e-01 -1.664233e+02 -2.436552e-03 9.973764e-01 7.234857e-02 3.853155e-01 9.903060e-01 1.245458e-02 -1.383438e-01 3.429709e+02
-1.338013e-01 7.215752e-02 -9.883777e-01 -1.674481e+02 -1.334223e-03 9.973316e-01 7.299183e-02 4.616470e-01 9.910073e-01 1.108512e-02 -1.333480e-01 3.428624e+02
-1.303040e-01 6.869088e-02 -9.890917e-01 -1.684172e+02 1.031092e-04 9.975981e-01 6.926805e-02 5.103757e-01 9.914741e-01 8.923919e-03 -1.299981e-01 3.427349e+02
-1.279711e-01 6.520827e-02 -9.896319e-01 -1.693915e+02 5.115028e-04 9.978404e-01 6.568300e-02 5.783284e-01 9.917778e-01 7.899328e-03 -1.277281e-01 3.426106e+02
-1.268903e-01 6.654094e-02 -9.896824e-01 -1.703997e+02 4.670614e-03 9.977764e-01 6.648631e-02 6.270271e-01 9.919058e-01 3.814040e-03 -1.269189e-01 3.424820e+02
-1.257617e-01 6.814002e-02 -9.897176e-01 -1.713195e+02 7.152904e-03 9.976747e-01 6.777895e-02 6.735577e-01 9.920347e-01 1.444643e-03 -1.259567e-01 3.423119e+02
-1.270976e-01 6.953615e-02 -9.894498e-01 -1.723564e+02 8.319494e-03 9.975793e-01 6.903881e-02 7.284530e-01 9.918553e-01 5.429442e-04 -1.273684e-01 3.422225e+02
-1.289336e-01 7.266006e-02 -9.889877e-01 -1.731978e+02 5.851644e-03 9.973504e-01 7.251159e-02 7.734169e-01 9.916360e-01 3.561975e-03 -1.290171e-01 3.420951e+02
-1.311422e-01 7.683056e-02 -9.883819e-01 -1.741487e+02 5.352011e-03 9.970327e-01 7.679289e-02 8.343213e-01 9.913491e-01 4.780958e-03 -1.311642e-01 3.419263e+02
-1.343121e-01 7.745160e-02 -9.879076e-01 -1.750102e+02 7.337997e-03 9.969912e-01 7.716611e-02 8.654470e-01 9.909119e-01 3.115077e-03 -1.344763e-01 3.418064e+02
-1.376118e-01 7.054658e-02 -9.879707e-01 -1.760449e+02 1.078221e-02 9.975079e-01 6.972577e-02 9.216364e-01 9.904275e-01 -1.057420e-03 -1.380295e-01 3.416794e+02
-1.411017e-01 6.272403e-02 -9.880061e-01 -1.770410e+02 1.508279e-02 9.980112e-01 6.120517e-02 9.950071e-01 9.898802e-01 -6.265738e-03 -1.417671e-01 3.415395e+02
-1.448720e-01 6.219614e-02 -9.874937e-01 -1.779515e+02 1.902918e-02 9.980130e-01 6.006698e-02 1.031265e+00 9.892674e-01 -1.008917e-02 -1.457676e-01 3.414352e+02
-1.468612e-01 6.917677e-02 -9.867352e-01 -1.788731e+02 2.227144e-02 9.975299e-01 6.661877e-02 1.064700e+00 9.889064e-01 -1.219231e-02 -1.480391e-01 3.412622e+02
-1.495154e-01 7.495833e-02 -9.859140e-01 -1.797983e+02 2.290452e-02 9.971172e-01 7.233660e-02 1.106937e+00 9.884941e-01 -1.176645e-02 -1.508013e-01 3.410987e+02
-1.519732e-01 7.812383e-02 -9.852922e-01 -1.808448e+02 2.630392e-02 9.968379e-01 7.498212e-02 1.124734e+00 9.880345e-01 -1.452177e-02 -1.535476e-01 3.409493e+02
-1.544090e-01 7.269489e-02 -9.853290e-01 -1.815905e+02 1.433184e-02 9.973494e-01 7.133580e-02 1.163531e+00 9.879031e-01 -3.106689e-03 -1.550415e-01 3.408031e+02
-1.572656e-01 6.703297e-02 -9.852787e-01 -1.825639e+02 7.911912e-03 9.977472e-01 6.661839e-02 1.249590e+00 9.875247e-01 2.681341e-03 -1.574416e-01 3.406449e+02
-1.594095e-01 6.366356e-02 -9.851576e-01 -1.834868e+02 4.423945e-03 9.979545e-01 6.377469e-02 1.307905e+00 9.872026e-01 5.808011e-03 -1.593651e-01 3.404733e+02
-1.599846e-01 6.324446e-02 -9.850914e-01 -1.841007e+02 7.067182e-04 9.979525e-01 6.395539e-02 1.293031e+00 9.871192e-01 9.535698e-03 -1.597018e-01 3.402180e+02
-1.624273e-01 6.548526e-02 -9.845451e-01 -1.850766e+02 4.222928e-04 9.977998e-01 6.629721e-02 1.363965e+00 9.867204e-01 1.035271e-02 -1.620976e-01 3.400721e+02
-1.654615e-01 6.981480e-02 -9.837420e-01 -1.861201e+02 -5.838572e-06 9.974911e-01 7.079154e-02 1.427333e+00 9.862162e-01 1.171902e-02 -1.650460e-01 3.399465e+02
-1.672536e-01 7.488980e-02 -9.830655e-01 -1.868376e+02 -8.419652e-03 9.969660e-01 7.738121e-02 1.495065e+00 9.858780e-01 2.121936e-02 -1.661156e-01 3.397154e+02
-1.712110e-01 7.925060e-02 -9.820418e-01 -1.879349e+02 -2.794626e-03 9.967165e-01 8.092206e-02 1.567663e+00 9.852304e-01 1.659919e-02 -1.704274e-01 3.395945e+02
-1.736786e-01 7.820959e-02 -9.816919e-01 -1.887613e+02 -5.603653e-03 9.967469e-01 8.040037e-02 1.579393e+00 9.847864e-01 1.946488e-02 -1.726753e-01 3.393639e+02
-1.780288e-01 7.073213e-02 -9.814799e-01 -1.899659e+02 -7.846757e-03 9.972795e-01 7.329407e-02 1.641405e+00 9.839940e-01 2.074989e-02 -1.769894e-01 3.392098e+02
-1.810486e-01 6.533816e-02 -9.813013e-01 -1.910020e+02 -8.002757e-03 9.976598e-01 6.790385e-02 1.697307e+00 9.834416e-01 2.014701e-02 -1.801020e-01 3.390283e+02
-1.824919e-01 6.775989e-02 -9.808697e-01 -1.917515e+02 -5.552227e-03 9.975355e-01 6.994419e-02 1.667583e+00 9.831917e-01 1.821026e-02 -1.816659e-01 3.388638e+02
-1.839478e-01 7.241070e-02 -9.802652e-01 -1.930163e+02 -7.934380e-03 9.971410e-01 7.514618e-02 1.722114e+00 9.829040e-01 2.160077e-02 -1.828474e-01 3.386106e+02
-1.847424e-01 7.747798e-02 -9.797282e-01 -1.939303e+02 -6.992177e-03 9.967588e-01 8.014326e-02 1.777368e+00 9.827621e-01 2.165629e-02 -1.836019e-01 3.384078e+02
-1.856729e-01 7.905521e-02 -9.794263e-01 -1.949123e+02 -2.757055e-03 9.967125e-01 8.097314e-02 1.875422e+00 9.826077e-01 1.773485e-02 -1.848445e-01 3.382096e+02
-1.868624e-01 8.201409e-02 -9.789567e-01 -1.958756e+02 -1.508197e-03 9.964839e-01 8.377036e-02 1.913045e+00 9.823849e-01 1.712999e-02 -1.860817e-01 3.380518e+02
-1.867290e-01 8.211690e-02 -9.789735e-01 -1.968265e+02 -4.218183e-03 9.964243e-01 8.438525e-02 2.003412e+00 9.824024e-01 1.988666e-02 -1.857149e-01 3.378669e+02
-1.861339e-01 8.168505e-02 -9.791229e-01 -1.977086e+02 -5.869839e-03 9.964278e-01 8.424461e-02 2.053462e+00 9.825069e-01 2.142807e-02 -1.849895e-01 3.376643e+02
-1.845083e-01 7.892237e-02 -9.796570e-01 -1.986901e+02 -1.127226e-02 9.965352e-01 8.240511e-02 2.110007e+00 9.827663e-01 2.624737e-02 -1.829794e-01 3.374310e+02
-1.829940e-01 7.624597e-02 -9.801529e-01 -1.996075e+02 -1.444138e-02 9.966720e-01 8.022718e-02 2.182319e+00 9.830080e-01 2.883585e-02 -1.812839e-01 3.372167e+02
-1.824732e-01 7.334434e-02 -9.804714e-01 -2.005659e+02 -1.292019e-02 9.969488e-01 7.698148e-02 2.246851e+00 9.831259e-01 2.671494e-02 -1.809688e-01 3.370829e+02
-1.814860e-01 6.999569e-02 -9.808993e-01 -2.014243e+02 -1.245608e-02 9.972200e-01 7.346494e-02 2.314783e+00 9.833146e-01 2.555102e-02 -1.801096e-01 3.369532e+02
-1.793178e-01 7.038993e-02 -9.812698e-01 -2.023195e+02 -1.158403e-02 9.972168e-01 7.365074e-02 2.354637e+00 9.837230e-01 2.457395e-02 -1.780034e-01 3.367660e+02
-1.790389e-01 7.411569e-02 -9.810463e-01 -2.032650e+02 -1.146816e-02 9.969335e-01 7.740884e-02 2.441530e+00 9.837751e-01 2.510999e-02 -1.776399e-01 3.366251e+02
-1.778073e-01 8.098435e-02 -9.807273e-01 -2.042212e+02 -9.339766e-03 9.964242e-01 8.397385e-02 2.490826e+00 9.840210e-01 2.409093e-02 -1.764151e-01 3.364619e+02
-1.764980e-01 8.444095e-02 -9.806723e-01 -2.049185e+02 -8.088577e-03 9.961554e-01 8.722988e-02 2.566102e+00 9.842678e-01 2.332815e-02 -1.751365e-01 3.364345e+02
-1.757004e-01 8.435756e-02 -9.808227e-01 -2.058582e+02 -7.879795e-03 9.961694e-01 8.708903e-02 2.619222e+00 9.844121e-01 2.303026e-02 -1.743627e-01 3.362985e+02
-1.749169e-01 8.258961e-02 -9.811132e-01 -2.067293e+02 -7.076283e-03 9.963444e-01 8.513336e-02 2.678860e+00 9.845578e-01 2.183390e-02 -1.736931e-01 3.361689e+02
-1.743084e-01 7.975770e-02 -9.814557e-01 -2.075912e+02 -7.086796e-03 9.965869e-01 8.224596e-02 2.746675e+00 9.846656e-01 2.129154e-02 -1.731482e-01 3.360221e+02
-1.735115e-01 8.027575e-02 -9.815547e-01 -2.084540e+02 -8.399792e-03 9.965155e-01 8.298416e-02 2.814906e+00 9.847960e-01 2.264356e-02 -1.722326e-01 3.358637e+02
-1.742685e-01 8.374573e-02 -9.811305e-01 -2.093021e+02 -9.624523e-03 9.961845e-01 8.674019e-02 2.870817e+00 9.846511e-01 2.455900e-02 -1.727976e-01 3.357512e+02
-1.744927e-01 8.638108e-02 -9.808622e-01 -2.101649e+02 -7.816052e-03 9.959917e-01 8.910394e-02 2.921419e+00 9.846275e-01 2.321445e-02 -1.731181e-01 3.356388e+02
-1.733553e-01 8.279392e-02 -9.813731e-01 -2.109671e+02 -2.747280e-03 9.964156e-01 8.454829e-02 2.976047e+00 9.848555e-01 1.735300e-02 -1.725065e-01 3.354820e+02
-1.726835e-01 7.693903e-02 -9.819678e-01 -2.117076e+02 -7.282916e-04 9.969343e-01 7.823976e-02 3.016746e+00 9.849771e-01 1.422587e-02 -1.720980e-01 3.353572e+02
-1.729537e-01 7.363060e-02 -9.821739e-01 -2.124776e+02 7.037708e-04 9.972107e-01 7.463394e-02 3.064043e+00 9.849297e-01 1.221699e-02 -1.725231e-01 3.352303e+02
-1.732468e-01 7.940324e-02 -9.816724e-01 -2.132231e+02 4.454535e-03 9.967977e-01 7.984052e-02 3.111622e+00 9.848684e-01 9.459218e-03 -1.730457e-01 3.350973e+02
-1.734630e-01 8.747759e-02 -9.809476e-01 -2.139151e+02 1.016386e-02 9.961533e-01 8.703628e-02 3.156816e+00 9.847879e-01 5.127359e-03 -1.736848e-01 3.349597e+02
-1.755981e-01 9.096055e-02 -9.802507e-01 -2.146169e+02 9.619626e-03 9.958333e-01 9.068329e-02 3.196386e+00 9.844149e-01 6.494171e-03 -1.757415e-01 3.348414e+02
-1.764986e-01 8.648822e-02 -9.804938e-01 -2.152780e+02 9.174508e-03 9.962334e-01 8.622510e-02 3.247679e+00 9.842581e-01 6.223060e-03 -1.766273e-01 3.346934e+02
-1.806857e-01 7.772891e-02 -9.804646e-01 -2.158762e+02 6.964320e-03 9.969484e-01 7.775227e-02 3.286926e+00 9.835162e-01 7.220457e-03 -1.806757e-01 3.346087e+02
-1.836180e-01 7.134909e-02 -9.804049e-01 -2.165007e+02 6.137735e-03 9.974261e-01 7.143829e-02 3.323770e+00 9.829785e-01 7.099888e-03 -1.835833e-01 3.345046e+02
-1.864427e-01 6.936944e-02 -9.800138e-01 -2.171675e+02 2.279901e-03 9.975320e-01 7.017571e-02 3.374679e+00 9.824632e-01 1.084941e-02 -1.861407e-01 3.343578e+02
-1.899076e-01 7.233071e-02 -9.791340e-01 -2.177278e+02 -8.063012e-04 9.972707e-01 7.382689e-02 3.390855e+00 9.818016e-01 1.480976e-02 -1.893309e-01 3.342284e+02
-1.957739e-01 7.641063e-02 -9.776676e-01 -2.183206e+02 -1.409285e-03 9.969368e-01 7.819883e-02 3.424102e+00 9.806480e-01 1.668710e-02 -1.950665e-01 3.341178e+02
-2.018963e-01 7.858095e-02 -9.762494e-01 -2.189052e+02 -1.221308e-03 9.967551e-01 8.048409e-02 3.452565e+00 9.794061e-01 1.744174e-02 -2.011452e-01 3.340034e+02
-2.093831e-01 7.976237e-02 -9.745751e-01 -2.195039e+02 2.972962e-04 9.966727e-01 8.150703e-02 3.483754e+00 9.778336e-01 1.677646e-02 -2.087101e-01 3.338535e+02
-2.212481e-01 7.959237e-02 -9.719642e-01 -2.200338e+02 2.636896e-03 9.967091e-01 8.101845e-02 3.515112e+00 9.752140e-01 1.536221e-02 -2.207299e-01 3.337252e+02
-2.372361e-01 7.902072e-02 -9.682328e-01 -2.205934e+02 6.202352e-03 9.967891e-01 7.983159e-02 3.551125e+00 9.714322e-01 1.293361e-02 -2.369645e-01 3.335762e+02
-2.569066e-01 7.848292e-02 -9.632442e-01 -2.210987e+02 9.340320e-03 9.968522e-01 7.873006e-02 3.559122e+00 9.663911e-01 1.122927e-02 -2.568310e-01 3.334191e+02
-2.816197e-01 7.695797e-02 -9.564350e-01 -2.216003e+02 1.198071e-02 9.969828e-01 7.669290e-02 3.615395e+00 9.594513e-01 1.013946e-02 -2.816920e-01 3.332495e+02
-3.099009e-01 7.598579e-02 -9.477276e-01 -2.221227e+02 1.363251e-02 9.970539e-01 7.548287e-02 3.652081e+00 9.506711e-01 1.047230e-02 -3.100238e-01 3.330093e+02
-3.443739e-01 7.729507e-02 -9.356453e-01 -2.225926e+02 1.503753e-02 9.969313e-01 7.682329e-02 3.652055e+00 9.387121e-01 1.238615e-02 -3.444795e-01 3.328575e+02
-3.832693e-01 7.727145e-02 -9.203987e-01 -2.230433e+02 1.813008e-02 9.969318e-01 7.614706e-02 3.689781e+00 9.234587e-01 1.249793e-02 -3.834943e-01 3.326686e+02
-4.242921e-01 7.882142e-02 -9.020883e-01 -2.235359e+02 2.368946e-02 9.968296e-01 7.595739e-02 3.709199e+00 9.052154e-01 1.085813e-02 -4.248142e-01 3.323891e+02
-4.689547e-01 7.947739e-02 -8.796390e-01 -2.238946e+02 3.165608e-02 9.968156e-01 7.318802e-02 3.748007e+00 8.826547e-01 6.475944e-03 -4.699773e-01 3.322221e+02
-5.173138e-01 8.148578e-02 -8.519076e-01 -2.242900e+02 3.522589e-02 9.966404e-01 7.393900e-02 3.742240e+00 8.550705e-01 8.240464e-03 -5.184463e-01 3.320142e+02
-5.647685e-01 8.228252e-02 -8.211371e-01 -2.246804e+02 4.003798e-02 9.965772e-01 7.232494e-02 3.793973e+00 8.242776e-01 7.970177e-03 -5.661298e-01 3.317067e+02
-6.127391e-01 8.277911e-02 -7.859380e-01 -2.251316e+02 4.602950e-02 9.965489e-01 6.907589e-02 3.870021e+00 7.889437e-01 6.149160e-03 -6.144347e-01 3.313435e+02
-6.593643e-01 8.264926e-02 -7.472669e-01 -2.254938e+02 4.779901e-02 9.965367e-01 6.804271e-02 3.902284e+00 7.503026e-01 9.146306e-03 -6.610312e-01 3.309774e+02
-7.054744e-01 8.222642e-02 -7.039493e-01 -2.258341e+02 4.901970e-02 9.965295e-01 6.727602e-02 3.934963e+00 7.070381e-01 1.295412e-02 -7.070568e-01 3.305818e+02
-7.498742e-01 7.896635e-02 -6.568508e-01 -2.260920e+02 4.751358e-02 9.967153e-01 6.558227e-02 3.977937e+00 6.598720e-01 1.796912e-02 -7.511631e-01 3.301999e+02
-7.927489e-01 7.793311e-02 -6.045458e-01 -2.263672e+02 5.033313e-02 9.967754e-01 6.249364e-02 4.004768e+00 6.074667e-01 1.911308e-02 -7.941152e-01 3.297733e+02
-8.310870e-01 7.888819e-02 -5.505189e-01 -2.265575e+02 5.457836e-02 9.966793e-01 6.042820e-02 4.041588e+00 5.534579e-01 2.017467e-02 -8.326328e-01 3.293100e+02
-8.659484e-01 7.553086e-02 -4.943970e-01 -2.267404e+02 5.434317e-02 9.968875e-01 5.711482e-02 4.106053e+00 4.971721e-01 2.259139e-02 -8.673578e-01 3.287947e+02
-8.985278e-01 7.259496e-02 -4.328716e-01 -2.269321e+02 5.375805e-02 9.970040e-01 5.561549e-02 4.121700e+00 4.356121e-01 2.670173e-02 -8.997383e-01 3.283026e+02
-9.267855e-01 6.892130e-02 -3.692134e-01 -2.270964e+02 5.298148e-02 9.971799e-01 5.315213e-02 4.165075e+00 3.718356e-01 2.969915e-02 -9.278234e-01 3.277590e+02
-9.494308e-01 6.971622e-02 -3.061386e-01 -2.271453e+02 5.593137e-02 9.969958e-01 5.358296e-02 4.129456e+00 3.089545e-01 3.375056e-02 -9.504778e-01 3.274405e+02
-9.680295e-01 7.056632e-02 -2.407058e-01 -2.272374e+02 6.012789e-02 9.969151e-01 5.044773e-02 4.178557e+00 2.435231e-01 3.436176e-02 -9.692862e-01 3.269194e+02
-9.812770e-01 7.651324e-02 -1.767515e-01 -2.273344e+02 6.858335e-02 9.963636e-01 5.055538e-02 4.175952e+00 1.799770e-01 3.748662e-02 -9.829563e-01 3.263510e+02
-9.899531e-01 7.681377e-02 -1.187117e-01 -2.273440e+02 7.162413e-02 9.963054e-01 4.738742e-02 4.216756e+00 1.219131e-01 3.840870e-02 -9.917973e-01 3.257768e+02
-9.950950e-01 7.354107e-02 -6.616347e-02 -2.273374e+02 7.078042e-02 9.965583e-01 4.314648e-02 4.228555e+00 6.910880e-02 3.825177e-02 -9.968755e-01 3.252466e+02
-9.973540e-01 6.991363e-02 -1.992935e-02 -2.273428e+02 6.906319e-02 9.967870e-01 4.057099e-02 4.240643e+00 2.270178e-02 3.908725e-02 -9.989779e-01 3.246089e+02
-9.978840e-01 6.286924e-02 1.658157e-02 -2.272884e+02 6.343788e-02 9.973237e-01 3.634524e-02 4.256285e+00 -1.425220e-02 3.732023e-02 -9.992017e-01 3.242619e+02
-9.971037e-01 6.067220e-02 4.585926e-02 -2.272347e+02 6.240585e-02 9.973511e-01 3.736705e-02 4.266811e+00 -4.347064e-02 4.012071e-02 -9.982488e-01 3.236835e+02
-9.959966e-01 5.907379e-02 6.708941e-02 -2.271634e+02 6.169992e-02 9.973799e-01 3.776913e-02 4.281016e+00 -6.468246e-02 4.175734e-02 -9.970318e-01 3.231680e+02
-9.943582e-01 6.341207e-02 8.503318e-02 -2.271309e+02 6.673913e-02 9.970890e-01 3.686948e-02 4.272402e+00 -8.244768e-02 4.233651e-02 -9.956957e-01 3.225994e+02
-9.928186e-01 6.593010e-02 9.982190e-02 -2.270601e+02 6.939292e-02 9.970881e-01 3.162096e-02 4.241236e+00 -9.744646e-02 3.832081e-02 -9.945027e-01 3.221817e+02
-9.912555e-01 6.731735e-02 1.134940e-01 -2.269795e+02 7.021466e-02 9.972954e-01 2.172263e-02 4.297900e+00 -1.117248e-01 2.950162e-02 -9.933012e-01 3.214392e+02
-9.889911e-01 7.497621e-02 1.275745e-01 -2.269188e+02 7.732144e-02 9.969145e-01 1.352425e-02 4.288656e+00 -1.261668e-01 2.323960e-02 -9.917368e-01 3.210390e+02
-9.868867e-01 7.568781e-02 1.425694e-01 -2.268073e+02 7.801531e-02 9.968937e-01 1.079878e-02 4.256440e+00 -1.413092e-01 2.177977e-02 -9.897259e-01 3.204081e+02
-9.854857e-01 6.809669e-02 1.555017e-01 -2.266999e+02 7.036942e-02 9.974790e-01 9.151210e-03 4.270708e+00 -1.544865e-01 1.996095e-02 -9.877932e-01 3.197844e+02
-9.838068e-01 6.621968e-02 1.665505e-01 -2.266027e+02 6.895924e-02 9.975620e-01 1.071349e-02 4.238444e+00 -1.654350e-01 2.202520e-02 -9.859747e-01 3.193147e+02
-9.823332e-01 6.596824e-02 1.751274e-01 -2.264899e+02 6.866712e-02 9.975954e-01 9.389609e-03 4.218642e+00 -1.740869e-01 2.124922e-02 -9.845010e-01 3.187407e+02
-9.814844e-01 6.367851e-02 1.806472e-01 -2.263557e+02 6.614230e-02 9.977809e-01 7.641582e-03 4.287735e+00 -1.797598e-01 1.944852e-02 -9.835183e-01 3.178763e+02
-9.806298e-01 6.124669e-02 1.860485e-01 -2.263760e+02 6.415836e-02 9.978929e-01 9.663940e-03 4.187000e+00 -1.850646e-01 2.141331e-02 -9.824930e-01 3.175572e+02
-9.800889e-01 5.914270e-02 1.895465e-01 -2.262039e+02 6.188415e-02 9.980465e-01 8.572055e-03 4.196023e+00 -1.886693e-01 2.013130e-02 -9.818343e-01 3.167213e+02
-9.791621e-01 5.966586e-02 1.941172e-01 -2.260524e+02 6.277569e-02 9.979785e-01 9.902929e-03 4.176728e+00 -1.931339e-01 2.188241e-02 -9.809284e-01 3.159138e+02
-9.784754e-01 5.746850e-02 1.981998e-01 -2.258704e+02 6.091375e-02 9.980788e-01 1.132448e-02 4.171906e+00 -1.971682e-01 2.315382e-02 -9.800962e-01 3.151729e+02
-9.773109e-01 5.924441e-02 2.033558e-01 -2.257101e+02 6.348920e-02 9.978785e-01 1.440806e-02 4.173242e+00 -2.020708e-01 2.699205e-02 -9.789989e-01 3.144160e+02
-9.758038e-01 5.947490e-02 2.104038e-01 -2.256844e+02 6.423302e-02 9.978091e-01 1.584682e-02 4.167744e+00 -2.090003e-01 2.897826e-02 -9.774861e-01 3.138214e+02
-9.756768e-01 5.067403e-02 2.132768e-01 -2.256120e+02 5.610624e-02 9.982345e-01 1.949104e-02 4.041542e+00 -2.119126e-01 3.098312e-02 -9.767974e-01 3.137588e+02
-9.746377e-01 5.085245e-02 2.179344e-01 -2.254447e+02 5.616127e-02 9.982552e-01 1.823104e-02 4.027512e+00 -2.166271e-01 3.000813e-02 -9.757931e-01 3.128174e+02
-9.741047e-01 5.085634e-02 2.203036e-01 -2.252630e+02 5.530096e-02 9.983709e-01 1.405080e-02 4.045594e+00 -2.192301e-01 2.586995e-02 -9.753302e-01 3.121432e+02
-9.738894e-01 4.993284e-02 2.214636e-01 -2.252211e+02 5.375796e-02 9.984903e-01 1.127431e-02 4.031481e+00 -2.205663e-01 2.288536e-02 -9.751035e-01 3.116318e+02
-9.741619e-01 4.768491e-02 2.207596e-01 -2.250113e+02 5.082300e-02 9.986710e-01 8.553607e-03 4.033823e+00 -2.200584e-01 1.955226e-02 -9.752907e-01 3.107935e+02
-9.741631e-01 5.049712e-02 2.201277e-01 -2.248804e+02 5.418221e-02 9.984734e-01 1.073143e-02 3.999199e+00 -2.192497e-01 2.238117e-02 -9.754120e-01 3.100038e+02
-9.755276e-01 4.003088e-02 2.162022e-01 -2.246262e+02 4.421462e-02 9.989161e-01 1.454698e-02 3.945764e+00 -2.153855e-01 2.375027e-02 -9.762402e-01 3.094620e+02
-9.759744e-01 3.617857e-02 2.148605e-01 -2.244582e+02 4.063976e-02 9.990396e-01 1.638059e-02 3.938989e+00 -2.140615e-01 2.471891e-02 -9.765074e-01 3.084590e+02
-9.766187e-01 3.664337e-02 2.118330e-01 -2.242613e+02 4.112089e-02 9.990135e-01 1.676890e-02 3.924935e+00 -2.110095e-01 2.508759e-02 -9.771620e-01 3.078021e+02
-9.768789e-01 3.616325e-02 2.107128e-01 -2.242132e+02 4.102291e-02 9.989825e-01 1.873625e-02 3.912341e+00 -2.098208e-01 2.694710e-02 -9.773684e-01 3.070917e+02
-9.773583e-01 3.690159e-02 2.083483e-01 -2.240201e+02 4.199339e-02 9.989163e-01 2.006727e-02 3.930665e+00 -2.073820e-01 2.836216e-02 -9.778488e-01 3.061244e+02
-9.778007e-01 3.299963e-02 2.069223e-01 -2.239816e+02 3.905250e-02 9.989185e-01 2.523469e-02 3.842175e+00 -2.058658e-01 3.275533e-02 -9.780319e-01 3.055903e+02
-9.784180e-01 3.181559e-02 2.041714e-01 -2.237610e+02 3.865543e-02 9.988141e-01 2.959918e-02 3.897522e+00 -2.029875e-01 3.685270e-02 -9.784876e-01 3.046652e+02
-9.788716e-01 3.013705e-02 2.022429e-01 -2.235755e+02 3.846534e-02 9.985607e-01 3.737562e-02 3.892245e+00 -2.008254e-01 4.436527e-02 -9.786219e-01 3.036785e+02
-9.792880e-01 2.735551e-02 2.006156e-01 -2.235153e+02 3.653560e-02 9.984409e-01 4.220019e-02 3.825950e+00 -1.991484e-01 4.865575e-02 -9.787607e-01 3.031415e+02
-9.798468e-01 2.766874e-02 1.978249e-01 -2.232732e+02 3.650957e-02 9.984844e-01 4.118279e-02 3.856822e+00 -1.963856e-01 4.757533e-02 -9.793719e-01 3.022658e+02
-9.801437e-01 2.656358e-02 1.965010e-01 -2.231209e+02 3.461264e-02 9.986917e-01 3.764120e-02 3.842752e+00 -1.952440e-01 4.369520e-02 -9.797808e-01 3.011613e+02
-9.808485e-01 2.351508e-02 1.933477e-01 -2.229633e+02 3.130915e-02 9.988115e-01 3.735446e-02 3.828960e+00 -1.922396e-01 4.269262e-02 -9.804189e-01 3.005800e+02
-9.812833e-01 2.062254e-02 1.914624e-01 -2.229036e+02 2.865308e-02 9.988178e-01 3.926946e-02 3.812154e+00 -1.904262e-01 4.402045e-02 -9.807141e-01 3.000665e+02
-9.816544e-01 2.285176e-02 1.892945e-01 -2.226787e+02 3.075442e-02 9.987691e-01 3.891598e-02 3.834032e+00 -1.881722e-01 4.402369e-02 -9.811489e-01 2.989769e+02
-9.820327e-01 2.334014e-02 1.872621e-01 -2.224783e+02 3.093337e-02 9.988091e-01 3.772912e-02 3.827993e+00 -1.861585e-01 4.284388e-02 -9.815851e-01 2.980930e+02
-9.820723e-01 2.452727e-02 1.869022e-01 -2.224091e+02 3.204791e-02 9.987892e-01 3.732322e-02 3.835150e+00 -1.857605e-01 4.264393e-02 -9.816693e-01 2.972893e+02
-9.822606e-01 2.292114e-02 1.861149e-01 -2.222463e+02 3.021240e-02 9.988792e-01 3.643448e-02 3.873163e+00 -1.850712e-01 4.141113e-02 -9.818522e-01 2.962224e+02
-9.827847e-01 1.907321e-02 1.837676e-01 -2.220497e+02 2.585485e-02 9.990675e-01 3.457802e-02 3.878287e+00 -1.829367e-01 3.873403e-02 -9.823614e-01 2.954173e+02
-9.832484e-01 1.717798e-02 1.814592e-01 -2.218957e+02 2.393814e-02 9.990960e-01 3.513012e-02 3.897975e+00 -1.806917e-01 3.888543e-02 -9.827708e-01 2.945704e+02
-9.836838e-01 1.334345e-02 1.794107e-01 -2.217164e+02 2.020245e-02 9.991310e-01 3.645807e-02 3.929518e+00 -1.787683e-01 3.948775e-02 -9.830985e-01 2.935428e+02
-9.842366e-01 7.581390e-03 1.766939e-01 -2.215378e+02 1.470643e-02 9.991290e-01 3.904954e-02 3.946783e+00 -1.762440e-01 4.103253e-02 -9.834909e-01 2.926463e+02
-9.845374e-01 6.002192e-03 1.750717e-01 -2.214001e+02 1.323437e-02 9.991051e-01 4.017162e-02 4.043327e+00 -1.746739e-01 4.186743e-02 -9.837358e-01 2.915500e+02
-9.848030e-01 1.259953e-02 1.732175e-01 -2.212431e+02 1.983351e-02 9.989990e-01 4.009516e-02 4.068210e+00 -1.725389e-01 4.292134e-02 -9.840671e-01 2.905424e+02
-9.849374e-01 2.436952e-02 1.711852e-01 -2.210587e+02 3.128804e-02 9.987941e-01 3.783406e-02 4.025049e+00 -1.700568e-01 4.262023e-02 -9.845122e-01 2.896549e+02
-9.853140e-01 1.618481e-02 1.699834e-01 -2.209601e+02 2.229452e-02 9.991699e-01 3.409583e-02 4.150221e+00 -1.692904e-01 3.738479e-02 -9.848569e-01 2.884657e+02
-9.855778e-01 1.473772e-02 1.685797e-01 -2.207607e+02 2.163893e-02 9.989981e-01 3.917375e-02 4.157099e+00 -1.678334e-01 4.225667e-02 -9.849093e-01 2.875885e+02
-9.856584e-01 1.319520e-02 1.682360e-01 -2.205934e+02 2.132806e-02 9.986847e-01 4.662697e-02 4.216854e+00 -1.673995e-01 4.954641e-02 -9.846434e-01 2.865513e+02
-9.855454e-01 1.450200e-02 1.687898e-01 -2.204802e+02 2.301049e-02 9.985551e-01 4.856236e-02 4.247975e+00 -1.678417e-01 5.174434e-02 -9.844550e-01 2.857022e+02
-9.854932e-01 1.110895e-02 1.693507e-01 -2.203088e+02 1.888589e-02 9.988362e-01 4.438064e-02 4.264155e+00 -1.686606e-01 4.693516e-02 -9.845561e-01 2.847739e+02
-9.852807e-01 8.651108e-03 1.707252e-01 -2.201476e+02 1.508214e-02 9.992232e-01 3.640796e-02 4.282019e+00 -1.702776e-01 3.844696e-02 -9.846458e-01 2.838751e+02
-9.850352e-01 1.195372e-02 1.719380e-01 -2.199773e+02 1.768367e-02 9.993368e-01 3.183267e-02 4.332432e+00 -1.714435e-01 3.439680e-02 -9.845933e-01 2.828721e+02
-9.847768e-01 1.269536e-02 1.733594e-01 -2.198147e+02 1.824668e-02 9.993692e-01 3.046590e-02 4.351979e+00 -1.728633e-01 3.316534e-02 -9.843873e-01 2.819236e+02
-9.845081e-01 1.144369e-02 1.749651e-01 -2.196973e+02 1.729104e-02 9.993405e-01 3.193226e-02 4.374930e+00 -1.744843e-01 3.446290e-02 -9.840567e-01 2.808576e+02
-9.845821e-01 1.363477e-02 1.743908e-01 -2.195128e+02 1.979809e-02 9.992375e-01 3.365127e-02 4.409175e+00 -1.737990e-01 3.658504e-02 -9.841013e-01 2.800609e+02
-9.847418e-01 1.419994e-02 1.734417e-01 -2.193489e+02 2.036298e-02 9.992209e-01 3.380620e-02 4.427507e+00 -1.728265e-01 3.682217e-02 -9.842638e-01 2.791338e+02
-9.851180e-01 1.100973e-02 1.715264e-01 -2.192054e+02 1.697534e-02 9.992995e-01 3.335167e-02 4.419807e+00 -1.710391e-01 3.576705e-02 -9.846148e-01 2.781521e+02
-9.858155e-01 1.105711e-02 1.674682e-01 -2.189672e+02 1.658088e-02 9.993624e-01 3.162173e-02 4.498133e+00 -1.670117e-01 3.394996e-02 -9.853702e-01 2.770084e+02
-9.861832e-01 1.430051e-02 1.650398e-01 -2.188179e+02 2.030808e-02 9.991890e-01 3.477085e-02 4.502167e+00 -1.644087e-01 3.764207e-02 -9.856738e-01 2.761184e+02
-9.868160e-01 1.035036e-02 1.615146e-01 -2.186443e+02 1.591784e-02 9.993215e-01 3.321455e-02 4.548663e+00 -1.610612e-01 3.534761e-02 -9.863112e-01 2.751997e+02
-9.872579e-01 1.251303e-02 1.586359e-01 -2.184988e+02 1.744212e-02 9.994061e-01 2.971758e-02 4.586087e+00 -1.581698e-01 3.210587e-02 -9.868898e-01 2.742050e+02
-9.875003e-01 1.711035e-02 1.566857e-01 -2.183203e+02 2.134640e-02 9.994496e-01 2.539250e-02 4.656633e+00 -1.561650e-01 2.841978e-02 -9.873220e-01 2.731571e+02
-9.875213e-01 1.609768e-02 1.566606e-01 -2.181712e+02 2.116407e-02 9.993038e-01 3.072566e-02 4.620864e+00 -1.560569e-01 3.365782e-02 -9.871744e-01 2.722166e+02
-9.875760e-01 1.648911e-02 1.562744e-01 -2.180713e+02 2.229894e-02 9.991210e-01 3.549703e-02 4.647647e+00 -1.555517e-01 3.854077e-02 -9.870756e-01 2.714018e+02
-9.875951e-01 1.785075e-02 1.560043e-01 -2.179196e+02 2.364023e-02 9.990959e-01 3.533470e-02 4.673526e+00 -1.552325e-01 3.858436e-02 -9.871242e-01 2.704829e+02
-9.876791e-01 1.932205e-02 1.552956e-01 -2.177551e+02 2.454083e-02 9.991942e-01 3.175863e-02 4.696538e+00 -1.545568e-01 3.517841e-02 -9.873574e-01 2.695151e+02
-9.871833e-01 2.263247e-02 1.579776e-01 -2.176359e+02 2.740767e-02 9.992289e-01 2.811393e-02 4.723296e+00 -1.572195e-01 3.208340e-02 -9.870424e-01 2.686166e+02
-9.865965e-01 2.779895e-02 1.607936e-01 -2.174649e+02 3.272820e-02 9.990695e-01 2.808844e-02 4.730401e+00 -1.598632e-01 3.297444e-02 -9.865883e-01 2.677218e+02
-9.858158e-01 2.999903e-02 1.651282e-01 -2.173460e+02 3.528580e-02 9.989513e-01 2.917570e-02 4.767693e+00 -1.640798e-01 3.458854e-02 -9.858405e-01 2.668990e+02
-9.848321e-01 3.483709e-02 1.699769e-01 -2.172231e+02 4.038001e-02 9.987558e-01 2.926156e-02 4.791649e+00 -1.687461e-01 3.568139e-02 -9.850135e-01 2.660453e+02
-9.842790e-01 3.055220e-02 1.739579e-01 -2.170328e+02 3.581602e-02 9.989882e-01 2.720006e-02 4.796183e+00 -1.729509e-01 3.300293e-02 -9.843774e-01 2.651362e+02
-9.838416e-01 2.452948e-02 1.773525e-01 -2.168595e+02 2.927195e-02 9.992791e-01 2.417318e-02 4.816878e+00 -1.766317e-01 2.897403e-02 -9.838505e-01 2.642551e+02
-9.835222e-01 2.262430e-02 1.793661e-01 -2.167026e+02 2.823938e-02 9.991858e-01 2.881356e-02 4.838918e+00 -1.785682e-01 3.340396e-02 -9.833604e-01 2.633859e+02
-9.835652e-01 2.146451e-02 1.792728e-01 -2.164982e+02 2.788865e-02 9.990532e-01 3.339114e-02 4.878763e+00 -1.783863e-01 3.784204e-02 -9.832326e-01 2.624585e+02
-9.836562e-01 1.843448e-02 1.791105e-01 -2.163179e+02 2.569481e-02 9.989359e-01 3.830035e-02 4.874164e+00 -1.782139e-01 4.227659e-02 -9.830832e-01 2.615343e+02
-9.837576e-01 1.889296e-02 1.785051e-01 -2.160815e+02 2.464059e-02 9.992450e-01 3.003653e-02 4.975656e+00 -1.778028e-01 3.394713e-02 -9.834804e-01 2.605653e+02
-9.834553e-01 2.573800e-02 1.793133e-01 -2.159175e+02 3.030895e-02 9.992805e-01 2.279819e-02 4.986899e+00 -1.785975e-01 2.785580e-02 -9.835278e-01 2.596506e+02
-9.832049e-01 3.045756e-02 1.799456e-01 -2.157318e+02 3.447000e-02 9.992210e-01 1.921267e-02 4.980004e+00 -1.792203e-01 2.509272e-02 -9.834889e-01 2.586749e+02
-9.831925e-01 3.138575e-02 1.798539e-01 -2.155718e+02 3.665851e-02 9.989878e-01 2.606778e-02 4.965202e+00 -1.788537e-01 3.222282e-02 -9.833479e-01 2.576455e+02
-9.833060e-01 2.856834e-02 1.797027e-01 -2.153874e+02 3.497977e-02 9.988558e-01 3.261034e-02 4.993823e+00 -1.785655e-01 3.835191e-02 -9.831803e-01 2.566934e+02
-9.835791e-01 2.662577e-02 1.785025e-01 -2.151704e+02 3.366912e-02 9.987647e-01 3.654495e-02 5.012759e+00 -1.773090e-01 4.195487e-02 -9.832606e-01 2.557533e+02
-9.836858e-01 3.076472e-02 1.772447e-01 -2.150168e+02 3.800990e-02 9.985687e-01 3.762657e-02 5.026488e+00 -1.758335e-01 4.374978e-02 -9.834473e-01 2.547035e+02
-9.841901e-01 3.429681e-02 1.737629e-01 -2.148053e+02 4.073184e-02 9.986049e-01 3.360276e-02 5.029875e+00 -1.723680e-01 4.014919e-02 -9.842141e-01 2.537731e+02
-9.848759e-01 3.247013e-02 1.701914e-01 -2.146433e+02 3.833304e-02 9.987754e-01 3.127606e-02 5.109713e+00 -1.689675e-01 3.732699e-02 -9.849146e-01 2.528008e+02
-9.851428e-01 2.979931e-02 1.691319e-01 -2.145394e+02 3.568609e-02 9.988547e-01 3.187290e-02 5.209011e+00 -1.679883e-01 3.743501e-02 -9.850779e-01 2.518913e+02
-9.853907e-01 3.296609e-02 1.670880e-01 -2.143943e+02 3.983697e-02 9.984858e-01 3.793691e-02 5.229848e+00 -1.655844e-01 4.403895e-02 -9.852118e-01 2.508535e+02
-9.862674e-01 3.078596e-02 1.622617e-01 -2.141433e+02 3.775261e-02 9.984851e-01 4.002695e-02 5.260530e+00 -1.607836e-01 4.560308e-02 -9.859356e-01 2.500232e+02
-9.862311e-01 3.251367e-02 1.621452e-01 -2.140336e+02 3.930544e-02 9.984715e-01 3.885574e-02 5.341619e+00 -1.606340e-01 4.469393e-02 -9.860016e-01 2.488857e+02
-9.861992e-01 3.009406e-02 1.628052e-01 -2.138562e+02 3.656918e-02 9.986488e-01 3.692205e-02 5.366106e+00 -1.614741e-01 4.236615e-02 -9.859672e-01 2.478921e+02
-9.859032e-01 3.564809e-02 1.634751e-01 -2.136923e+02 4.216367e-02 9.984416e-01 3.656069e-02 5.378815e+00 -1.619170e-01 4.293801e-02 -9.858698e-01 2.468994e+02
-9.853962e-01 3.920411e-02 1.657025e-01 -2.135687e+02 4.603673e-02 9.982320e-01 3.759522e-02 5.392629e+00 -1.639357e-01 4.467460e-02 -9.854589e-01 2.460913e+02
-9.847874e-01 4.059373e-02 1.689553e-01 -2.134050e+02 4.773419e-02 9.981211e-01 3.841598e-02 5.392215e+00 -1.670784e-01 4.589651e-02 -9.848748e-01 2.451072e+02
-9.842459e-01 3.298931e-02 1.737001e-01 -2.133347e+02 4.073909e-02 9.983184e-01 4.124034e-02 5.451832e+00 -1.720475e-01 4.766702e-02 -9.839347e-01 2.443985e+02
-9.835811e-01 4.080425e-02 1.757934e-01 -2.130469e+02 4.921547e-02 9.978293e-01 4.375434e-02 5.509496e+00 -1.736265e-01 5.168770e-02 -9.834542e-01 2.431266e+02
-9.835424e-01 4.053410e-02 1.760718e-01 -2.128319e+02 4.855044e-02 9.979599e-01 4.146039e-02 5.528819e+00 -1.740320e-01 4.932642e-02 -9.835038e-01 2.421519e+02
-9.833831e-01 4.297756e-02 1.763821e-01 -2.126357e+02 4.978507e-02 9.981690e-01 3.435117e-02 5.557707e+00 -1.745828e-01 4.256156e-02 -9.837222e-01 2.412024e+02
-9.830159e-01 4.256784e-02 1.785156e-01 -2.125356e+02 4.847705e-02 9.984070e-01 2.886961e-02 5.612189e+00 -1.770023e-01 3.703320e-02 -9.835135e-01 2.401115e+02
-9.825239e-01 4.152024e-02 1.814467e-01 -2.123782e+02 4.750634e-02 9.984566e-01 2.876849e-02 5.635037e+00 -1.799722e-01 3.688560e-02 -9.829799e-01 2.390768e+02
-9.823946e-01 3.768136e-02 1.829778e-01 -2.121872e+02 4.437916e-02 9.984812e-01 3.264722e-02 5.687536e+00 -1.814697e-01 4.019286e-02 -9.825748e-01 2.380762e+02
-9.821389e-01 3.383813e-02 1.850894e-01 -2.120027e+02 4.192512e-02 9.983216e-01 3.995344e-02 5.707537e+00 -1.834268e-01 4.699972e-02 -9.819092e-01 2.371141e+02
-9.814807e-01 3.280286e-02 1.887316e-01 -2.118542e+02 4.054723e-02 9.984804e-01 3.731916e-02 5.743307e+00 -1.872206e-01 4.428058e-02 -9.813193e-01 2.360610e+02
-9.813082e-01 3.218809e-02 1.897315e-01 -2.116355e+02 3.871253e-02 9.987762e-01 3.078154e-02 5.812071e+00 -1.885085e-01 3.755117e-02 -9.813534e-01 2.350293e+02
-9.809665e-01 3.767804e-02 1.904865e-01 -2.114574e+02 4.144286e-02 9.990157e-01 1.581795e-02 5.878076e+00 -1.897030e-01 2.341118e-02 -9.815624e-01 2.340930e+02
-9.803779e-01 4.415810e-02 1.921178e-01 -2.112569e+02 4.613479e-02 9.989182e-01 5.825582e-03 5.891166e+00 -1.916527e-01 1.457458e-02 -9.813546e-01 2.331645e+02
-9.799729e-01 4.738775e-02 1.934102e-01 -2.110393e+02 4.946533e-02 9.987583e-01 5.924091e-03 5.904107e+00 -1.928893e-01 1.537255e-02 -9.811001e-01 2.321681e+02
-9.798470e-01 4.264505e-02 1.951441e-01 -2.108628e+02 4.694659e-02 9.987446e-01 1.746892e-02 5.899765e+00 -1.941542e-01 2.627822e-02 -9.806190e-01 2.311729e+02
-9.798659e-01 3.824783e-02 1.959588e-01 -2.106547e+02 4.462881e-02 9.986041e-01 2.824989e-02 5.937342e+00 -1.946048e-01 3.642651e-02 -9.802051e-01 2.301533e+02
-9.798804e-01 3.701482e-02 1.961232e-01 -2.104622e+02 4.494247e-02 9.983362e-01 3.612529e-02 5.923899e+00 -1.944597e-01 4.421272e-02 -9.799136e-01 2.292178e+02
-9.803742e-01 3.316667e-02 1.943355e-01 -2.102625e+02 4.082809e-02 9.985335e-01 3.555075e-02 5.959972e+00 -1.928715e-01 4.278739e-02 -9.802907e-01 2.282023e+02
-9.805463e-01 3.559086e-02 1.930344e-01 -2.100761e+02 4.196461e-02 9.986973e-01 2.902980e-02 5.992169e+00 -1.917498e-01 3.656568e-02 -9.807624e-01 2.272341e+02
-9.807342e-01 3.960647e-02 1.912899e-01 -2.098669e+02 4.526647e-02 9.986543e-01 2.530823e-02 5.998903e+00 -1.900301e-01 3.347967e-02 -9.812072e-01 2.262106e+02
-9.807197e-01 4.115392e-02 1.910370e-01 -2.097282e+02 4.593914e-02 9.987300e-01 2.068586e-02 6.052366e+00 -1.899431e-01 2.906311e-02 -9.813648e-01 2.251345e+02
-9.809885e-01 4.456234e-02 1.888802e-01 -2.095408e+02 4.894608e-02 9.986281e-01 1.860615e-02 6.046889e+00 -1.877920e-01 2.749736e-02 -9.818239e-01 2.241639e+02
-9.813262e-01 4.546994e-02 1.868995e-01 -2.093524e+02 4.950057e-02 9.986302e-01 1.695322e-02 6.077050e+00 -1.858726e-01 2.588827e-02 -9.822328e-01 2.232404e+02
-9.814533e-01 4.624635e-02 1.860398e-01 -2.091477e+02 5.107640e-02 9.984686e-01 2.125122e-02 6.093852e+00 -1.847721e-01 3.035932e-02 -9.823124e-01 2.220987e+02
-9.816744e-01 4.618964e-02 1.848836e-01 -2.089573e+02 5.163808e-02 9.983588e-01 2.476119e-02 6.107767e+00 -1.834365e-01 3.385446e-02 -9.824484e-01 2.210780e+02
-9.820850e-01 4.531155e-02 1.829097e-01 -2.087416e+02 5.080457e-02 9.983841e-01 2.545559e-02 6.139242e+00 -1.814607e-01 3.429220e-02 -9.828001e-01 2.201043e+02
-9.823208e-01 4.360945e-02 1.820550e-01 -2.086095e+02 4.861957e-02 9.985491e-01 2.314595e-02 6.198771e+00 -1.807814e-01 3.158819e-02 -9.830159e-01 2.190752e+02
-9.825913e-01 4.269342e-02 1.808082e-01 -2.084179e+02 4.750960e-02 9.986198e-01 2.238848e-02 6.204388e+00 -1.796029e-01 3.058886e-02 -9.832635e-01 2.181470e+02
-9.828515e-01 4.283136e-02 1.793557e-01 -2.082227e+02 4.765223e-02 9.986070e-01 2.265535e-02 6.238900e+00 -1.781355e-01 3.081354e-02 -9.835234e-01 2.171781e+02
-9.829024e-01 4.320540e-02 1.789866e-01 -2.081314e+02 4.848148e-02 9.985060e-01 2.520701e-02 6.260080e+00 -1.776301e-01 3.345357e-02 -9.835285e-01 2.161987e+02
-9.832693e-01 4.151172e-02 1.773650e-01 -2.079479e+02 4.695322e-02 9.985431e-01 2.659162e-02 6.288635e+00 -1.760027e-01 3.447458e-02 -9.837858e-01 2.152972e+02
-9.829946e-01 4.803039e-02 1.772418e-01 -2.077721e+02 5.418766e-02 9.980782e-01 3.006117e-02 6.317225e+00 -1.754573e-01 3.915428e-02 -9.837081e-01 2.143285e+02
-9.825844e-01 5.343900e-02 1.779665e-01 -2.076657e+02 6.024960e-02 9.976349e-01 3.308324e-02 6.310231e+00 -1.757777e-01 4.322948e-02 -9.834803e-01 2.136768e+02
-9.826360e-01 5.215610e-02 1.780626e-01 -2.075156e+02 5.865534e-02 9.977834e-01 3.142912e-02 6.316004e+00 -1.760287e-01 4.132771e-02 -9.835171e-01 2.128144e+02
-9.823344e-01 6.032828e-02 1.771430e-01 -2.073338e+02 6.626461e-02 9.974152e-01 2.778356e-02 6.335468e+00 -1.750089e-01 3.903105e-02 -9.837929e-01 2.119147e+02
-9.819441e-01 6.373875e-02 1.781100e-01 -2.072279e+02 6.937699e-02 9.972619e-01 2.560267e-02 6.408329e+00 -1.759904e-01 3.749713e-02 -9.836775e-01 2.109835e+02
-9.828500e-01 5.215429e-02 1.768782e-01 -2.070433e+02 5.706123e-02 9.981111e-01 2.276630e-02 6.389379e+00 -1.753567e-01 3.246874e-02 -9.839694e-01 2.101576e+02
-9.835051e-01 4.505298e-02 1.751800e-01 -2.068848e+02 4.885995e-02 9.986527e-01 1.747761e-02 6.389623e+00 -1.741566e-01 2.574860e-02 -9.843813e-01 2.093258e+02
-9.841172e-01 4.462504e-02 1.718197e-01 -2.067270e+02 4.730781e-02 9.988136e-01 1.154893e-02 6.441124e+00 -1.711004e-01 1.949391e-02 -9.850607e-01 2.084231e+02
-9.850242e-01 4.374665e-02 1.667742e-01 -2.065848e+02 4.689059e-02 9.987880e-01 1.495872e-02 6.429894e+00 -1.659177e-01 2.255484e-02 -9.858816e-01 2.076306e+02
-9.859999e-01 3.672907e-02 1.626507e-01 -2.064279e+02 4.092399e-02 9.989086e-01 2.251487e-02 6.401901e+00 -1.616462e-01 2.885598e-02 -9.864268e-01 2.068272e+02
-9.866721e-01 3.426647e-02 1.590722e-01 -2.063284e+02 3.889083e-02 9.989039e-01 2.604847e-02 6.410764e+00 -1.580052e-01 3.188775e-02 -9.869233e-01 2.061137e+02
-9.873196e-01 3.345318e-02 1.551799e-01 -2.061693e+02 3.821312e-02 9.988831e-01 2.779194e-02 6.416755e+00 -1.540769e-01 3.336944e-02 -9.874952e-01 2.053079e+02
-9.876440e-01 3.588331e-02 1.525509e-01 -2.060679e+02 4.060970e-02 9.987833e-01 2.797933e-02 6.421609e+00 -1.513612e-01 3.382866e-02 -9.878995e-01 2.045208e+02
-9.883306e-01 3.637062e-02 1.479181e-01 -2.059373e+02 4.121000e-02 9.987065e-01 2.978356e-02 6.423033e+00 -1.466435e-01 3.553171e-02 -9.885510e-01 2.040501e+02
-9.888920e-01 3.512789e-02 1.444252e-01 -2.058287e+02 3.993214e-02 9.987368e-01 3.050064e-02 6.422375e+00 -1.431714e-01 3.592905e-02 -9.890455e-01 2.033117e+02
-9.894017e-01 3.520901e-02 1.408708e-01 -2.057361e+02 3.994724e-02 9.987224e-01 3.094927e-02 6.427448e+00 -1.396011e-01 3.624866e-02 -9.895441e-01 2.026616e+02
-9.898974e-01 3.558206e-02 1.372484e-01 -2.056142e+02 4.032103e-02 9.986773e-01 3.190331e-02 6.428845e+00 -1.359317e-01 3.711500e-02 -9.900228e-01 2.020183e+02
-9.900538e-01 3.820882e-02 1.354016e-01 -2.055220e+02 4.293664e-02 9.985597e-01 3.216946e-02 6.437287e+00 -1.339774e-01 3.766319e-02 -9.902684e-01 2.013769e+02
-9.900481e-01 4.091957e-02 1.346490e-01 -2.054375e+02 4.575636e-02 9.984066e-01 3.302389e-02 6.426901e+00 -1.330831e-01 3.885629e-02 -9.903429e-01 2.007417e+02
-9.900637e-01 4.111302e-02 1.344755e-01 -2.053574e+02 4.560910e-02 9.984929e-01 3.052492e-02 6.469230e+00 -1.330179e-01 3.635492e-02 -9.904466e-01 2.000874e+02
-9.898033e-01 4.292745e-02 1.358182e-01 -2.052798e+02 4.741735e-02 9.984247e-01 2.999619e-02 6.468790e+00 -1.343165e-01 3.613047e-02 -9.902796e-01 1.994960e+02
-9.892267e-01 4.625997e-02 1.388906e-01 -2.052065e+02 5.074057e-02 9.982939e-01 2.889242e-02 6.482749e+00 -1.373171e-01 3.562854e-02 -9.898862e-01 1.989258e+02
-9.883671e-01 4.938333e-02 1.438461e-01 -2.051339e+02 5.390663e-02 9.981612e-01 2.771724e-02 6.500038e+00 -1.422129e-01 3.514907e-02 -9.892118e-01 1.983817e+02
-9.873555e-01 5.037919e-02 1.503030e-01 -2.050394e+02 5.513647e-02 9.980959e-01 2.765103e-02 6.498065e+00 -1.486238e-01 3.558857e-02 -9.882532e-01 1.978414e+02
-9.860243e-01 4.957360e-02 1.590553e-01 -2.049499e+02 5.470973e-02 9.981076e-01 2.807408e-02 6.504443e+00 -1.573625e-01 3.638360e-02 -9.868704e-01 1.973177e+02
-9.843097e-01 4.893418e-02 1.695286e-01 -2.048646e+02 5.443400e-02 9.981263e-01 2.794470e-02 6.523244e+00 -1.678435e-01 3.673435e-02 -9.851290e-01 1.968163e+02
-9.818318e-01 5.040803e-02 1.829353e-01 -2.047510e+02 5.613262e-02 9.980782e-01 2.624767e-02 6.533269e+00 -1.812607e-01 3.603944e-02 -9.827745e-01 1.963362e+02
-9.783093e-01 5.394160e-02 2.000030e-01 -2.046531e+02 5.995848e-02 9.979088e-01 2.414534e-02 6.534760e+00 -1.982824e-01 3.561349e-02 -9.794977e-01 1.958959e+02
-9.738121e-01 5.475736e-02 2.206616e-01 -2.045491e+02 6.076021e-02 9.979418e-01 2.050368e-02 6.545765e+00 -2.190848e-01 3.337418e-02 -9.751349e-01 1.954686e+02
-9.677222e-01 5.473983e-02 2.460026e-01 -2.044150e+02 6.098568e-02 9.979793e-01 1.783712e-02 6.546885e+00 -2.445291e-01 3.226401e-02 -9.691050e-01 1.950336e+02
-9.596620e-01 5.390924e-02 2.759397e-01 -2.042764e+02 6.079281e-02 9.980149e-01 1.644678e-02 6.531002e+00 -2.745053e-01 3.255850e-02 -9.610342e-01 1.946646e+02
-9.484962e-01 5.345049e-02 3.122467e-01 -2.041079e+02 6.103223e-02 9.980297e-01 1.455149e-02 6.553833e+00 -3.108537e-01 3.285914e-02 -9.498896e-01 1.942430e+02
-9.344864e-01 5.286974e-02 3.520511e-01 -2.039304e+02 6.149750e-02 9.980178e-01 1.336064e-02 6.547031e+00 -3.506469e-01 3.413560e-02 -9.358854e-01 1.938645e+02
-9.177790e-01 4.938617e-02 3.940085e-01 -2.037575e+02 5.895769e-02 9.981857e-01 1.221691e-02 6.535719e+00 -3.926903e-01 3.444225e-02 -9.190256e-01 1.935372e+02
-8.982822e-01 4.406369e-02 4.372041e-01 -2.035732e+02 5.408888e-02 9.984809e-01 1.049926e-02 6.536450e+00 -4.360773e-01 3.307918e-02 -8.993010e-01 1.932054e+02
-8.764507e-01 3.902702e-02 4.799073e-01 -2.033245e+02 4.822189e-02 9.988132e-01 6.841758e-03 6.531371e+00 -4.790708e-01 2.913850e-02 -8.772925e-01 1.928612e+02
-8.523811e-01 3.527422e-02 5.217301e-01 -2.030868e+02 4.352006e-02 9.990462e-01 3.555662e-03 6.525484e+00 -5.211070e-01 2.573650e-02 -8.531032e-01 1.925595e+02
-8.253686e-01 3.748844e-02 5.633483e-01 -2.027826e+02 4.412329e-02 9.990244e-01 -1.835251e-03 6.561240e+00 -5.628675e-01 2.334202e-02 -8.262175e-01 1.921837e+02
-7.952982e-01 3.853751e-02 6.049922e-01 -2.025020e+02 4.486010e-02 9.989824e-01 -4.663103e-03 6.553175e+00 -6.045563e-01 2.343145e-02 -7.962177e-01 1.918410e+02
-7.631589e-01 3.862011e-02 6.450558e-01 -2.021392e+02 4.514687e-02 9.989599e-01 -6.395892e-03 6.556331e+00 -6.446319e-01 2.424117e-02 -7.641087e-01 1.915214e+02
-7.268511e-01 3.562607e-02 6.858705e-01 -2.018375e+02 4.449466e-02 9.989984e-01 -4.737630e-03 6.545851e+00 -6.853523e-01 2.707402e-02 -7.277082e-01 1.911959e+02
-6.872750e-01 3.339572e-02 7.256292e-01 -2.014587e+02 4.595397e-02 9.989406e-01 -2.449355e-03 6.525041e+00 -7.249423e-01 3.166216e-02 -6.880816e-01 1.908635e+02
-6.434987e-01 3.274728e-02 7.647464e-01 -2.010565e+02 4.896655e-02 9.987992e-01 -1.566596e-03 6.525496e+00 -7.638794e-01 3.643889e-02 -6.443295e-01 1.905495e+02
-5.999482e-01 3.397127e-02 7.993173e-01 -2.006694e+02 4.919553e-02 9.987739e-01 -5.523276e-03 6.548385e+00 -7.985249e-01 3.600916e-02 -6.008838e-01 1.903345e+02
-5.503734e-01 3.463454e-02 8.342000e-01 -2.002298e+02 4.737111e-02 9.988251e-01 -1.021584e-02 6.542258e+00 -8.335737e-01 3.389446e-02 -5.513674e-01 1.900772e+02
-4.984259e-01 3.505539e-02 8.662233e-01 -1.997519e+02 4.482278e-02 9.988878e-01 -1.463314e-02 6.528027e+00 -8.657728e-01 3.153300e-02 -4.994428e-01 1.898492e+02
-4.448975e-01 3.569371e-02 8.948699e-01 -1.992367e+02 4.008091e-02 9.989978e-01 -1.992026e-02 6.539424e+00 -8.946841e-01 2.700473e-02 -4.458823e-01 1.895753e+02
-3.915154e-01 4.089958e-02 9.192622e-01 -1.987177e+02 3.912483e-02 9.988482e-01 -2.777717e-02 6.548632e+00 -9.193394e-01 2.509079e-02 -3.926646e-01 1.893982e+02
-3.391807e-01 4.463722e-02 9.396616e-01 -1.983988e+02 4.032039e-02 9.986455e-01 -3.288509e-02 6.496445e+00 -9.398568e-01 2.673353e-02 -3.405210e-01 1.893025e+02
-2.848990e-01 4.486313e-02 9.575071e-01 -1.977838e+02 3.885426e-02 9.986237e-01 -3.522882e-02 6.493764e+00 -9.577698e-01 2.716658e-02 -2.862500e-01 1.890992e+02
-2.303982e-01 4.173107e-02 9.722012e-01 -1.972759e+02 3.655425e-02 9.987460e-01 -3.420764e-02 6.480570e+00 -9.724096e-01 2.765670e-02 -2.316347e-01 1.889788e+02
-1.770803e-01 3.856837e-02 9.834404e-01 -1.967927e+02 2.714455e-02 9.990431e-01 -3.429257e-02 6.462581e+00 -9.838220e-01 2.062251e-02 -1.779578e-01 1.889346e+02
-1.246454e-01 3.522581e-02 9.915759e-01 -1.963143e+02 1.910432e-02 9.992695e-01 -3.309763e-02 6.424549e+00 -9.920174e-01 1.481792e-02 -1.252273e-01 1.888933e+02
-7.582240e-02 3.050993e-02 9.966545e-01 -1.957688e+02 1.153081e-02 9.994918e-01 -2.971956e-02 6.389055e+00 -9.970547e-01 9.238829e-03 -7.613566e-02 1.888687e+02
-3.304250e-02 2.677649e-02 9.990952e-01 -1.950832e+02 1.172945e-02 9.995826e-01 -2.640164e-02 6.400716e+00 -9.993851e-01 1.084646e-02 -3.334278e-02 1.888460e+02
2.301725e-03 2.728557e-02 9.996250e-01 -1.944564e+02 9.141337e-03 9.995853e-01 -2.730553e-02 6.379013e+00 -9.999556e-01 9.200759e-03 2.051344e-03 1.888588e+02
3.210165e-02 3.260327e-02 9.989527e-01 -1.938028e+02 5.989283e-03 9.994436e-01 -3.281176e-02 6.349056e+00 -9.994667e-01 7.036322e-03 3.188852e-02 1.888945e+02
5.592177e-02 4.023409e-02 9.976242e-01 -1.928801e+02 2.082265e-03 9.991809e-01 -4.041360e-02 6.335801e+00 -9.984330e-01 4.337318e-03 5.579218e-02 1.889640e+02
7.540166e-02 4.621334e-02 9.960818e-01 -1.926097e+02 -4.546447e-03 9.989310e-01 -4.600138e-02 6.302293e+00 -9.971429e-01 -1.060053e-03 7.553116e-02 1.889839e+02
9.074701e-02 4.600612e-02 9.948107e-01 -1.919339e+02 -4.111954e-03 9.989412e-01 -4.582204e-02 6.279727e+00 -9.958655e-01 6.759691e-05 9.084010e-02 1.890614e+02
1.000668e-01 3.830448e-02 9.942431e-01 -1.913924e+02 -2.854468e-03 9.992656e-01 -3.821069e-02 6.208707e+00 -9.949766e-01 9.855860e-04 1.001026e-01 1.891541e+02
1.071475e-01 3.318562e-02 9.936892e-01 -1.904640e+02 -2.673878e-03 9.994488e-01 -3.308966e-02 6.206315e+00 -9.942395e-01 8.884697e-04 1.071772e-01 1.892014e+02
1.122909e-01 3.165789e-02 9.931709e-01 -1.896901e+02 -1.461153e-03 9.994965e-01 -3.169432e-02 6.138644e+00 -9.936743e-01 2.107810e-03 1.122807e-01 1.892778e+02
1.173242e-01 3.402856e-02 9.925105e-01 -1.890568e+02 1.677004e-03 9.994046e-01 -3.446317e-02 6.076124e+00 -9.930922e-01 5.707808e-03 1.171973e-01 1.893189e+02
1.210994e-01 4.290063e-02 9.917129e-01 -1.883909e+02 2.007935e-03 9.990530e-01 -4.346334e-02 6.065897e+00 -9.926384e-01 7.254680e-03 1.208986e-01 1.894118e+02
1.243373e-01 5.097797e-02 9.909296e-01 -1.876567e+02 8.539746e-04 9.986735e-01 -5.148351e-02 6.028256e+00 -9.922396e-01 7.247550e-03 1.241288e-01 1.894813e+02
1.262792e-01 5.182878e-02 9.906399e-01 -1.867783e+02 4.074820e-03 9.985987e-01 -5.276460e-02 5.977713e+00 -9.919864e-01 1.069975e-02 1.258910e-01 1.896251e+02
1.298145e-01 4.623044e-02 9.904600e-01 -1.860777e+02 7.206862e-03 9.988421e-01 -4.756624e-02 5.980407e+00 -9.915121e-01 1.331290e-02 1.293310e-01 1.896400e+02
1.314808e-01 3.703435e-02 9.906267e-01 -1.852439e+02 7.268250e-03 9.992390e-01 -3.832100e-02 5.907431e+00 -9.912921e-01 1.223860e-02 1.311116e-01 1.897736e+02
1.346310e-01 3.374355e-02 9.903211e-01 -1.845621e+02 1.031110e-02 9.993182e-01 -3.545188e-02 5.888699e+00 -9.908422e-01 1.498422e-02 1.341913e-01 1.898320e+02
1.373044e-01 3.453391e-02 9.899267e-01 -1.836335e+02 1.142772e-02 9.992703e-01 -3.644491e-02 5.858980e+00 -9.904630e-01 1.631666e-02 1.368096e-01 1.899108e+02
1.400507e-01 3.559316e-02 9.895044e-01 -1.828303e+02 1.453089e-02 9.991722e-01 -3.799757e-02 5.791106e+00 -9.900377e-01 1.969996e-02 1.394176e-01 1.900288e+02
1.425548e-01 3.707366e-02 9.890923e-01 -1.820256e+02 1.610012e-02 9.990792e-01 -3.976846e-02 5.754479e+00 -9.896560e-01 2.159369e-02 1.418267e-01 1.901324e+02
1.451785e-01 3.642260e-02 9.887349e-01 -1.812286e+02 1.701072e-02 9.990826e-01 -3.930151e-02 5.694135e+00 -9.892592e-01 2.252482e-02 1.444257e-01 1.901873e+02
1.463247e-01 3.854558e-02 9.884854e-01 -1.802995e+02 1.395337e-02 9.990607e-01 -4.102347e-02 5.647396e+00 -9.891382e-01 1.979545e-02 1.456494e-01 1.903597e+02
1.477525e-01 3.953869e-02 9.882337e-01 -1.797195e+02 1.335907e-02 9.990296e-01 -4.196796e-02 5.621569e+00 -9.889341e-01 1.940276e-02 1.470809e-01 1.904261e+02
1.494545e-01 3.927344e-02 9.879883e-01 -1.785636e+02 1.567705e-02 9.989911e-01 -4.208231e-02 5.591500e+00 -9.886443e-01 2.177813e-02 1.486880e-01 1.905866e+02
1.507036e-01 3.437649e-02 9.879811e-01 -1.777504e+02 1.855037e-02 9.991209e-01 -3.759371e-02 5.547942e+00 -9.884049e-01 2.399292e-02 1.499334e-01 1.906972e+02
1.523531e-01 2.958431e-02 9.878832e-01 -1.769004e+02 1.879217e-02 9.992845e-01 -3.282391e-02 5.486829e+00 -9.881475e-01 2.356530e-02 1.516881e-01 1.908024e+02
1.543401e-01 2.877341e-02 9.875987e-01 -1.759841e+02 1.983648e-02 9.992841e-01 -3.221387e-02 5.440070e+00 -9.878186e-01 2.456237e-02 1.536589e-01 1.909313e+02
1.577132e-01 3.098677e-02 9.869987e-01 -1.751445e+02 2.300228e-02 9.991211e-01 -3.504290e-02 5.422918e+00 -9.872170e-01 2.822995e-02 1.568618e-01 1.910480e+02
1.620702e-01 3.201434e-02 9.862598e-01 -1.742860e+02 2.835251e-02 9.989099e-01 -3.708408e-02 5.402526e+00 -9.863718e-01 3.397316e-02 1.609858e-01 1.912083e+02
1.679255e-01 2.846017e-02 9.853888e-01 -1.736453e+02 2.971088e-02 9.989830e-01 -3.391599e-02 5.362876e+00 -9.853519e-01 3.497213e-02 1.669091e-01 1.912409e+02
1.724809e-01 2.552799e-02 9.846820e-01 -1.725898e+02 3.301359e-02 9.989527e-01 -3.168075e-02 5.320816e+00 -9.844595e-01 3.797221e-02 1.714575e-01 1.914261e+02
1.766216e-01 2.404721e-02 9.839850e-01 -1.717364e+02 2.872191e-02 9.991499e-01 -2.957329e-02 5.230126e+00 -9.838597e-01 3.348521e-02 1.757808e-01 1.916082e+02
1.836989e-01 2.291913e-02 9.827153e-01 -1.709210e+02 3.118069e-02 9.990892e-01 -2.912961e-02 5.204790e+00 -9.824879e-01 3.599282e-02 1.828170e-01 1.916794e+02
1.890240e-01 1.827409e-02 9.818024e-01 -1.700775e+02 2.929619e-02 9.992768e-01 -2.423966e-02 5.150087e+00 -9.815354e-01 3.334495e-02 1.883519e-01 1.918431e+02
1.944882e-01 1.534378e-02 9.807848e-01 -1.691017e+02 3.339986e-02 9.991943e-01 -2.225493e-02 5.140429e+00 -9.803361e-01 3.708640e-02 1.938190e-01 1.920237e+02
2.023899e-01 1.426088e-02 9.792012e-01 -1.679700e+02 3.675501e-02 9.990789e-01 -2.214722e-02 5.052578e+00 -9.786151e-01 4.047292e-02 2.016793e-01 1.921254e+02
2.075537e-01 2.275938e-02 9.779588e-01 -1.670802e+02 3.039852e-02 9.990964e-01 -2.970282e-02 5.007879e+00 -9.777512e-01 3.589343e-02 2.066743e-01 1.923089e+02
2.124864e-01 2.909971e-02 9.767306e-01 -1.662025e+02 2.555982e-02 9.990490e-01 -3.532514e-02 4.980820e+00 -9.768297e-01 3.247117e-02 2.115405e-01 1.924931e+02
2.142017e-01 2.990642e-02 9.763315e-01 -1.656476e+02 2.391385e-02 9.990710e-01 -3.584953e-02 5.005167e+00 -9.764967e-01 3.102687e-02 2.132876e-01 1.927172e+02
2.182381e-01 2.462665e-02 9.755848e-01 -1.647678e+02 2.048133e-02 9.993458e-01 -2.980812e-02 4.962169e+00 -9.756806e-01 2.648654e-02 2.175909e-01 1.929029e+02
2.204315e-01 2.107191e-02 9.751748e-01 -1.639775e+02 1.729412e-02 9.995250e-01 -2.550730e-02 4.915676e+00 -9.752491e-01 2.248740e-02 2.199624e-01 1.931106e+02
2.226887e-01 2.151960e-02 9.746521e-01 -1.631286e+02 1.892944e-02 9.994724e-01 -2.639261e-02 4.877035e+00 -9.747058e-01 2.432695e-02 2.221638e-01 1.932413e+02
2.228985e-01 2.297422e-02 9.745709e-01 -1.622630e+02 1.848750e-02 9.994428e-01 -2.778890e-02 4.838184e+00 -9.746663e-01 2.421148e-02 2.223496e-01 1.934347e+02
2.227009e-01 2.397656e-02 9.745919e-01 -1.614006e+02 1.514771e-02 9.994917e-01 -2.805049e-02 4.786978e+00 -9.747691e-01 2.100970e-02 2.222245e-01 1.936392e+02
2.206399e-01 2.433139e-02 9.750518e-01 -1.606242e+02 1.028242e-02 9.995752e-01 -2.727010e-02 4.766201e+00 -9.753011e-01 1.604277e-02 2.202960e-01 1.938118e+02
2.195463e-01 2.775417e-02 9.752072e-01 -1.597395e+02 2.970650e-03 9.995716e-01 -2.911635e-02 4.726523e+00 -9.755976e-01 9.289387e-03 2.193698e-01 1.940188e+02
2.186051e-01 3.055844e-02 9.753348e-01 -1.589109e+02 8.798495e-04 9.995030e-01 -3.151286e-02 4.711434e+00 -9.758130e-01 7.747021e-03 2.184696e-01 1.941865e+02
2.173812e-01 3.497121e-02 9.754601e-01 -1.581436e+02 -1.887669e-03 9.993712e-01 -3.540778e-02 4.678346e+00 -9.760849e-01 5.855642e-03 2.173106e-01 1.943241e+02
2.151288e-01 3.749042e-02 9.758658e-01 -1.573238e+02 -5.425959e-03 9.992933e-01 -3.719431e-02 4.626745e+00 -9.765706e-01 2.706558e-03 2.151802e-01 1.945213e+02
2.137585e-01 3.849077e-02 9.761279e-01 -1.564911e+02 -6.556381e-03 9.992575e-01 -3.796706e-02 4.594781e+00 -9.768645e-01 1.715915e-03 2.138521e-01 1.946989e+02
2.120149e-01 3.442241e-02 9.766600e-01 -1.555906e+02 -5.385190e-03 9.994054e-01 -3.405505e-02 4.569615e+00 -9.772516e-01 1.960678e-03 2.120742e-01 1.948472e+02
2.099339e-01 3.469575e-02 9.770998e-01 -1.547421e+02 -6.225936e-03 9.993973e-01 -3.414985e-02 4.558512e+00 -9.776957e-01 1.085852e-03 2.100234e-01 1.950283e+02
2.076443e-01 3.282811e-02 9.776534e-01 -1.539918e+02 -1.220593e-02 9.994459e-01 -3.096744e-02 4.479526e+00 -9.781282e-01 -5.502954e-03 2.079299e-01 1.951552e+02
2.058370e-01 3.375546e-02 9.780039e-01 -1.531518e+02 -1.234245e-02 9.994150e-01 -3.189678e-02 4.460302e+00 -9.785085e-01 -5.505426e-03 2.061332e-01 1.953150e+02
2.025810e-01 3.335748e-02 9.786972e-01 -1.523366e+02 -1.440008e-02 9.994131e-01 -3.108287e-02 4.412721e+00 -9.791596e-01 -7.796515e-03 2.029425e-01 1.954557e+02
1.987810e-01 3.318637e-02 9.794819e-01 -1.515623e+02 -1.314831e-02 9.994269e-01 -3.119375e-02 4.349949e+00 -9.799557e-01 -6.677804e-03 1.991035e-01 1.955856e+02
1.995523e-01 3.697716e-02 9.791892e-01 -1.511691e+02 -9.043197e-03 9.993147e-01 -3.589421e-02 4.371452e+00 -9.798455e-01 -1.692230e-03 1.997499e-01 1.954668e+02
1.932575e-01 3.735302e-02 9.804368e-01 -1.505288e+02 -7.983062e-03 9.993018e-01 -3.649817e-02 4.311361e+00 -9.811156e-01 -7.733409e-04 1.934208e-01 1.955882e+02
1.875126e-01 3.850383e-02 9.815072e-01 -1.497686e+02 -6.354941e-03 9.992581e-01 -3.798610e-02 4.284677e+00 -9.822416e-01 8.854516e-04 1.876182e-01 1.957410e+02
1.834590e-01 3.747134e-02 9.823129e-01 -1.490746e+02 -3.829977e-03 9.992929e-01 -3.740377e-02 4.258989e+00 -9.830199e-01 3.099821e-03 1.834728e-01 1.957896e+02
1.784223e-01 3.798332e-02 9.832206e-01 -1.484810e+02 -2.469287e-04 9.992563e-01 -3.855799e-02 4.237803e+00 -9.839540e-01 6.636819e-03 1.782990e-01 1.958804e+02
1.726755e-01 3.808650e-02 9.842421e-01 -1.478463e+02 3.232644e-03 9.992248e-01 -3.923341e-02 4.193296e+00 -9.849735e-01 9.956354e-03 1.724185e-01 1.959806e+02
1.668301e-01 4.218043e-02 9.850830e-01 -1.471297e+02 4.934997e-03 9.990363e-01 -4.361367e-02 4.228052e+00 -9.859733e-01 1.213746e-02 1.664612e-01 1.960734e+02
1.618422e-01 4.381368e-02 9.858435e-01 -1.466010e+02 6.501808e-03 9.989449e-01 -4.546331e-02 4.174859e+00 -9.867952e-01 1.376765e-02 1.613866e-01 1.961211e+02
1.561419e-01 4.547129e-02 9.866874e-01 -1.459804e+02 5.082671e-03 9.988896e-01 -4.683795e-02 4.135800e+00 -9.877216e-01 1.232837e-02 1.557374e-01 1.962335e+02
1.522692e-01 4.699939e-02 9.872209e-01 -1.453827e+02 6.569979e-03 9.987985e-01 -4.856393e-02 4.122528e+00 -9.883172e-01 1.388081e-02 1.517775e-01 1.962768e+02
1.477901e-01 4.734345e-02 9.878850e-01 -1.447972e+02 3.836221e-03 9.988187e-01 -4.844134e-02 4.089025e+00 -9.890113e-01 1.094890e-02 1.474339e-01 1.963576e+02
1.450586e-01 4.200133e-02 9.885312e-01 -1.442223e+02 3.902466e-03 9.990665e-01 -4.302162e-02 4.021327e+00 -9.894154e-01 1.009837e-02 1.447593e-01 1.964077e+02
1.433115e-01 3.491896e-02 9.890614e-01 -1.436002e+02 7.723762e-03 9.993075e-01 -3.639984e-02 4.024603e+00 -9.896475e-01 1.285579e-02 1.429426e-01 1.964925e+02
1.423571e-01 2.910193e-02 9.893875e-01 -1.429859e+02 8.108986e-03 9.994999e-01 -3.056613e-02 3.991697e+00 -9.897821e-01 1.237424e-02 1.420499e-01 1.965778e+02
1.443512e-01 2.583192e-02 9.891893e-01 -1.424166e+02 7.357136e-03 9.996035e-01 -2.717750e-02 3.947936e+00 -9.894992e-01 1.120071e-02 1.441039e-01 1.966342e+02
1.470570e-01 2.019151e-02 9.889219e-01 -1.418350e+02 3.752643e-03 9.997730e-01 -2.097110e-02 3.956721e+00 -9.891209e-01 6.795017e-03 1.469478e-01 1.966872e+02
1.502046e-01 1.490785e-02 9.885425e-01 -1.412552e+02 3.177941e-03 9.998739e-01 -1.556161e-02 3.916491e+00 -9.886498e-01 5.478956e-03 1.501383e-01 1.967713e+02
1.560983e-01 1.618369e-02 9.876089e-01 -1.406900e+02 8.905913e-03 9.998021e-01 -1.779113e-02 3.903503e+00 -9.877014e-01 1.157273e-02 1.559233e-01 1.968533e+02
1.650184e-01 1.792022e-02 9.861277e-01 -1.401108e+02 1.666032e-02 9.996416e-01 -2.095374e-02 3.887256e+00 -9.861498e-01 1.988695e-02 1.646607e-01 1.969028e+02
1.767185e-01 2.201962e-02 9.840151e-01 -1.395490e+02 2.185171e-02 9.994155e-01 -2.628858e-02 3.849875e+00 -9.840188e-01 2.614809e-02 1.761341e-01 1.970118e+02
1.933664e-01 2.960988e-02 9.806797e-01 -1.389803e+02 2.647626e-02 9.990230e-01 -3.538421e-02 3.834967e+00 -9.807693e-01 3.280685e-02 1.923935e-01 1.971230e+02
2.138084e-01 2.947885e-02 9.764307e-01 -1.383702e+02 2.883162e-02 9.989187e-01 -3.647102e-02 3.779911e+00 -9.764500e-01 3.594989e-02 2.127273e-01 1.972302e+02
2.361509e-01 2.671379e-02 9.713491e-01 -1.377917e+02 3.239129e-02 9.988501e-01 -3.534497e-02 3.746125e+00 -9.711764e-01 3.981000e-02 2.350141e-01 1.973804e+02
2.596261e-01 2.679883e-02 9.653373e-01 -1.372763e+02 3.106130e-02 9.988659e-01 -3.608351e-02 3.701817e+00 -9.652096e-01 3.935285e-02 2.584992e-01 1.975177e+02
2.859690e-01 3.026006e-02 9.577610e-01 -1.367170e+02 3.109050e-02 9.986820e-01 -4.083597e-02 3.673181e+00 -9.577344e-01 4.145509e-02 2.846513e-01 1.976454e+02
3.155148e-01 2.979353e-02 9.484528e-01 -1.361658e+02 3.032625e-02 9.986798e-01 -4.145971e-02 3.632184e+00 -9.484359e-01 4.184417e-02 3.141947e-01 1.978402e+02
3.484484e-01 2.673517e-02 9.369466e-01 -1.356468e+02 3.051656e-02 9.987397e-01 -3.984743e-02 3.602883e+00 -9.368311e-01 4.247716e-02 3.471933e-01 1.980341e+02
3.827640e-01 2.546448e-02 9.234951e-01 -1.350900e+02 2.858150e-02 9.988152e-01 -3.938762e-02 3.587442e+00 -9.234039e-01 4.147104e-02 3.815827e-01 1.982589e+02
4.198669e-01 2.198549e-02 9.073194e-01 -1.345792e+02 2.227288e-02 9.991559e-01 -3.451770e-02 3.555535e+00 -9.073123e-01 3.470146e-02 4.190228e-01 1.985270e+02
4.613779e-01 1.320071e-02 8.871055e-01 -1.340995e+02 2.352521e-02 9.993557e-01 -2.710638e-02 3.402082e+00 -8.868918e-01 3.337563e-02 4.607700e-01 1.987620e+02
5.023553e-01 1.819311e-02 8.644699e-01 -1.336491e+02 1.681402e-02 9.993840e-01 -3.080328e-02 3.496375e+00 -8.644978e-01 3.000940e-02 5.017399e-01 1.990263e+02
5.441139e-01 1.821098e-02 8.388137e-01 -1.332149e+02 1.518121e-02 9.993870e-01 -3.154470e-02 3.471603e+00 -8.388740e-01 2.989812e-02 5.435039e-01 1.993458e+02
5.881391e-01 1.976347e-02 8.085183e-01 -1.327795e+02 1.292944e-02 9.993439e-01 -3.383326e-02 3.461726e+00 -8.086564e-01 3.035235e-02 5.874977e-01 1.996731e+02
6.306711e-01 1.994198e-02 7.757940e-01 -1.323519e+02 1.148787e-02 9.993203e-01 -3.502668e-02 3.412898e+00 -7.759652e-01 3.100254e-02 6.300134e-01 2.000198e+02
6.715089e-01 2.392067e-02 7.406103e-01 -1.320094e+02 1.064336e-02 9.990643e-01 -4.191867e-02 3.381424e+00 -7.409201e-01 3.603134e-02 6.706260e-01 2.003916e+02
7.108521e-01 2.773553e-02 7.027945e-01 -1.316957e+02 8.499536e-03 9.988105e-01 -4.801468e-02 3.351643e+00 -7.032902e-01 4.010476e-02 7.097707e-01 2.007824e+02
7.481583e-01 3.274641e-02 6.627117e-01 -1.313758e+02 2.186298e-03 9.986543e-01 -5.181445e-02 3.289992e+00 -6.635167e-01 4.021429e-02 7.470799e-01 2.011488e+02
7.833413e-01 2.996712e-02 6.208690e-01 -1.311106e+02 4.091674e-03 9.985670e-01 -5.335966e-02 3.253061e+00 -6.215783e-01 4.433922e-02 7.820962e-01 2.015560e+02
8.159690e-01 2.436957e-02 5.775818e-01 -1.308444e+02 6.802327e-03 9.986372e-01 -5.174478e-02 3.214298e+00 -5.780557e-01 4.615103e-02 8.146912e-01 2.019516e+02
8.461527e-01 1.610875e-02 5.326971e-01 -1.305425e+02 1.011564e-02 9.988776e-01 -4.627404e-02 3.169776e+00 -5.328446e-01 4.454348e-02 8.450400e-01 2.023595e+02
8.730241e-01 1.250495e-02 4.875168e-01 -1.303113e+02 8.739649e-03 9.991095e-01 -4.127803e-02 3.119295e+00 -4.875988e-01 4.029744e-02 8.721373e-01 2.027273e+02
8.966687e-01 1.328387e-02 4.425029e-01 -1.301195e+02 5.270346e-03 9.991586e-01 -4.067417e-02 3.099967e+00 -4.426709e-01 3.880340e-02 8.958442e-01 2.032061e+02
9.181754e-01 1.069207e-02 3.960299e-01 -1.299075e+02 6.728821e-03 9.990707e-01 -4.257349e-02 3.068362e+00 -3.961171e-01 4.175474e-02 9.172501e-01 2.036365e+02
9.371048e-01 1.027146e-02 3.488970e-01 -1.297336e+02 5.625113e-03 9.989927e-01 -4.451868e-02 3.058236e+00 -3.490029e-01 4.368125e-02 9.361031e-01 2.040830e+02
9.526968e-01 1.088280e-02 3.037276e-01 -1.296167e+02 2.538448e-03 9.990389e-01 -4.375867e-02 3.022585e+00 -3.039119e-01 4.245974e-02 9.517535e-01 2.045540e+02
9.658316e-01 1.436049e-02 2.587723e-01 -1.294745e+02 -3.593324e-03 9.991097e-01 -4.203369e-02 2.960236e+00 -2.591456e-01 3.966761e-02 9.650233e-01 2.050393e+02
9.764802e-01 2.005608e-02 2.146723e-01 -1.293894e+02 -1.176253e-02 9.991368e-01 -3.984163e-02 2.942064e+00 -2.152861e-01 3.637947e-02 9.758732e-01 2.055527e+02
9.842898e-01 2.463067e-02 1.748339e-01 -1.293353e+02 -1.832930e-02 9.991260e-01 -3.756594e-02 2.926819e+00 -1.756064e-01 3.377119e-02 9.838810e-01 2.060534e+02
9.896514e-01 2.879948e-02 1.405727e-01 -1.292848e+02 -2.440677e-02 9.991615e-01 -3.287367e-02 2.856124e+00 -1.414015e-01 2.910255e-02 9.895245e-01 2.064997e+02
9.930010e-01 3.747039e-02 1.120044e-01 -1.292517e+02 -3.431150e-02 9.989608e-01 -2.999971e-02 2.839476e+00 -1.130121e-01 2.594670e-02 9.932548e-01 2.070340e+02
9.946055e-01 4.967441e-02 9.106196e-02 -1.292591e+02 -4.735953e-02 9.985018e-01 -2.740922e-02 2.798024e+00 -9.228707e-02 2.294871e-02 9.954680e-01 2.075180e+02
9.953789e-01 5.935752e-02 7.548160e-02 -1.291986e+02 -5.749480e-02 9.979909e-01 -2.661769e-02 2.778970e+00 -7.690991e-02 2.215488e-02 9.967919e-01 2.080264e+02
9.960419e-01 6.114544e-02 6.451240e-02 -1.291751e+02 -5.955559e-02 9.978788e-01 -2.628774e-02 2.752761e+00 -6.598294e-02 2.234162e-02 9.975706e-01 2.085594e+02
9.964846e-01 6.111168e-02 5.730469e-02 -1.291667e+02 -5.962060e-02 9.978455e-01 -2.738015e-02 2.737722e+00 -5.885447e-02 2.386736e-02 9.979812e-01 2.090620e+02
9.968211e-01 5.968562e-02 5.277566e-02 -1.290859e+02 -5.823152e-02 9.978912e-01 -2.867498e-02 2.687095e+00 -5.437585e-02 2.551062e-02 9.981946e-01 2.095576e+02
9.965768e-01 6.392488e-02 5.242329e-02 -1.290727e+02 -6.248138e-02 9.976326e-01 -2.872867e-02 2.658724e+00 -5.413565e-02 2.535485e-02 9.982116e-01 2.100547e+02
9.963000e-01 6.648851e-02 5.445699e-02 -1.290671e+02 -6.494621e-02 9.974491e-01 -2.961975e-02 2.638813e+00 -5.628745e-02 2.597338e-02 9.980767e-01 2.105432e+02
9.963035e-01 6.249015e-02 5.894295e-02 -1.289921e+02 -6.066672e-02 9.976374e-01 -3.223535e-02 2.609873e+00 -6.081809e-02 2.854032e-02 9.977408e-01 2.110105e+02
9.959283e-01 5.742379e-02 6.949363e-02 -1.289527e+02 -5.511099e-02 9.978752e-01 -3.475397e-02 2.584693e+00 -7.134168e-02 3.078260e-02 9.969768e-01 2.115006e+02
9.948191e-01 5.383806e-02 8.623449e-02 -1.288950e+02 -5.096162e-02 9.980794e-01 -3.521867e-02 2.562406e+00 -8.796498e-02 3.064156e-02 9.956522e-01 2.120061e+02
9.927591e-01 5.391528e-02 1.073428e-01 -1.287655e+02 -5.050521e-02 9.981367e-01 -3.423901e-02 2.516953e+00 -1.089888e-01 2.856972e-02 9.936323e-01 2.124954e+02
9.891417e-01 5.657749e-02 1.356378e-01 -1.287075e+02 -5.276643e-02 9.981089e-01 -3.153264e-02 2.491942e+00 -1.371654e-01 2.403312e-02 9.902566e-01 2.129292e+02
9.836795e-01 5.731792e-02 1.705558e-01 -1.285924e+02 -5.358961e-02 9.982143e-01 -2.638769e-02 2.490540e+00 -1.717637e-01 1.681701e-02 9.849946e-01 2.134452e+02
9.767205e-01 5.109909e-02 2.083411e-01 -1.284729e+02 -4.839587e-02 9.986650e-01 -1.805519e-02 2.444603e+00 -2.089856e-01 7.552022e-03 9.778896e-01 2.137937e+02
9.675527e-01 3.400491e-02 2.503707e-01 -1.283485e+02 -3.001106e-02 9.993544e-01 -1.975340e-02 2.463151e+00 -2.508807e-01 1.159857e-02 9.679485e-01 2.141660e+02
9.553476e-01 1.855945e-02 2.949009e-01 -1.281968e+02 -1.246299e-02 9.996683e-01 -2.253913e-02 2.394735e+00 -2.952214e-01 1.785735e-02 9.552620e-01 2.145081e+02
9.388769e-01 1.685966e-02 3.438400e-01 -1.279757e+02 -6.447290e-03 9.994860e-01 -3.140352e-02 2.347780e+00 -3.441927e-01 2.726721e-02 9.385030e-01 2.148687e+02
9.181235e-01 2.895474e-02 3.952352e-01 -1.278007e+02 -1.359818e-02 9.990418e-01 -4.160101e-02 2.326661e+00 -3.960610e-01 3.282039e-02 9.176375e-01 2.152333e+02
8.928361e-01 4.339157e-02 4.482865e-01 -1.275984e+02 -2.493335e-02 9.985837e-01 -4.699834e-02 2.311208e+00 -4.496910e-01 3.078454e-02 8.926535e-01 2.156066e+02
8.637317e-01 4.791714e-02 5.016687e-01 -1.273698e+02 -2.908850e-02 9.985501e-01 -4.529484e-02 2.286760e+00 -5.031117e-01 2.452980e-02 8.638732e-01 2.158589e+02
8.322389e-01 3.961211e-02 5.530002e-01 -1.271141e+02 -2.101897e-02 9.989815e-01 -3.992578e-02 2.272156e+00 -5.540185e-01 2.160429e-02 8.322240e-01 2.161467e+02
7.983862e-01 2.634632e-02 6.015691e-01 -1.268466e+02 -6.672311e-03 9.993681e-01 -3.491301e-02 2.248375e+00 -6.021088e-01 2.386021e-02 7.980574e-01 2.163810e+02
7.611018e-01 2.073197e-02 6.483010e-01 -1.265401e+02 6.827617e-04 9.994629e-01 -3.276331e-02 2.213251e+00 -6.486321e-01 2.537885e-02 7.606789e-01 2.166149e+02
7.215016e-01 1.988982e-02 6.921270e-01 -1.262909e+02 5.413633e-03 9.993947e-01 -3.436324e-02 2.166064e+00 -6.923916e-01 2.854005e-02 7.209573e-01 2.167695e+02
6.805347e-01 2.115314e-02 7.324104e-01 -1.259634e+02 9.427836e-03 9.992476e-01 -3.761988e-02 2.174525e+00 -7.326552e-01 3.250668e-02 6.798233e-01 2.170014e+02
6.384880e-01 2.284569e-02 7.692927e-01 -1.258159e+02 9.871643e-03 9.992340e-01 -3.786741e-02 2.116044e+00 -7.695685e-01 3.177207e-02 6.377734e-01 2.170477e+02
5.987961e-01 2.455641e-02 8.005250e-01 -1.254395e+02 9.274100e-03 9.992502e-01 -3.758945e-02 2.053762e+00 -8.008478e-01 2.993256e-02 5.981194e-01 2.173559e+02
5.625144e-01 2.626352e-02 8.263702e-01 -1.252504e+02 4.741362e-03 9.993764e-01 -3.498943e-02 2.023508e+00 -8.267739e-01 2.360018e-02 5.620391e-01 2.173674e+02
5.253281e-01 2.768731e-02 8.504492e-01 -1.249685e+02 3.760709e-03 9.993852e-01 -3.485910e-02 2.043080e+00 -8.508915e-01 2.151075e-02 5.249009e-01 2.174782e+02
4.878024e-01 2.776682e-02 8.725124e-01 -1.247048e+02 4.482482e-03 9.994012e-01 -3.431099e-02 2.064038e+00 -8.729426e-01 2.064800e-02 4.873858e-01 2.175550e+02
4.519351e-01 2.339888e-02 8.917439e-01 -1.243486e+02 7.934420e-03 9.995109e-01 -3.024778e-02 2.047529e+00 -8.920155e-01 2.074551e-02 4.515285e-01 2.176600e+02
4.174937e-01 1.886146e-02 9.084840e-01 -1.239340e+02 1.289542e-02 9.995609e-01 -2.667843e-02 2.012480e+00 -9.085883e-01 2.285336e-02 4.170672e-01 2.177894e+02
3.858334e-01 1.791159e-02 9.223946e-01 -1.237351e+02 1.676189e-02 9.995104e-01 -2.642049e-02 2.003354e+00 -9.224162e-01 2.565498e-02 3.853442e-01 2.178254e+02
3.583388e-01 2.026617e-02 9.333716e-01 -1.233116e+02 1.745319e-02 9.994442e-01 -2.840140e-02 1.990878e+00 -9.334285e-01 2.646764e-02 3.577860e-01 2.179664e+02
3.364138e-01 2.268512e-02 9.414410e-01 -1.229963e+02 2.047295e-02 9.992974e-01 -3.139502e-02 1.965365e+00 -9.414917e-01 2.983579e-02 3.357129e-01 2.180046e+02
3.188966e-01 2.779391e-02 9.473819e-01 -1.226626e+02 1.850633e-02 9.991968e-01 -3.554342e-02 1.966127e+00 -9.476088e-01 2.886723e-02 3.181261e-01 2.180821e+02
3.036579e-01 3.178463e-02 9.522508e-01 -1.220929e+02 1.679704e-02 9.991095e-01 -3.870501e-02 1.911230e+00 -9.526331e-01 2.774808e-02 3.028536e-01 2.182396e+02
2.882910e-01 3.637464e-02 9.568517e-01 -1.218312e+02 1.324018e-02 9.990313e-01 -4.196724e-02 1.902799e+00 -9.574513e-01 2.476766e-02 2.875301e-01 2.182804e+02
2.745715e-01 3.913553e-02 9.607700e-01 -1.212976e+02 1.360394e-02 9.989133e-01 -4.457701e-02 1.879678e+00 -9.614705e-01 2.530983e-02 2.737407e-01 2.183873e+02
2.602176e-01 3.896785e-02 9.647633e-01 -1.207670e+02 1.613591e-02 9.988702e-01 -4.469767e-02 1.813589e+00 -9.654152e-01 2.719846e-02 2.592949e-01 2.185384e+02
2.497294e-01 3.789162e-02 9.675740e-01 -1.201008e+02 2.053956e-02 9.988020e-01 -4.441578e-02 1.785520e+00 -9.680978e-01 3.096547e-02 2.486519e-01 2.186361e+02
2.428071e-01 3.623717e-02 9.693975e-01 -1.196010e+02 2.571135e-02 9.987106e-01 -4.377290e-02 1.808978e+00 -9.697338e-01 3.555289e-02 2.415623e-01 2.187500e+02
2.390597e-01 3.327007e-02 9.704347e-01 -1.190275e+02 2.738541e-02 9.987843e-01 -4.098820e-02 1.749518e+00 -9.706186e-01 3.637438e-02 2.378580e-01 2.189092e+02
2.385892e-01 3.026419e-02 9.706489e-01 -1.182868e+02 2.719176e-02 9.989142e-01 -3.782932e-02 1.723829e+00 -9.707398e-01 3.541931e-02 2.375072e-01 2.190832e+02
2.384725e-01 2.768415e-02 9.707546e-01 -1.177039e+02 2.655966e-02 9.990338e-01 -3.501518e-02 1.702946e+00 -9.707860e-01 3.413307e-02 2.375068e-01 2.192082e+02
2.356809e-01 2.718226e-02 9.714503e-01 -1.170695e+02 2.514686e-02 9.991035e-01 -3.405684e-02 1.665885e+00 -9.715051e-01 3.245547e-02 2.347860e-01 2.193897e+02
2.339697e-01 2.665766e-02 9.718783e-01 -1.164099e+02 2.540311e-02 9.991151e-01 -3.352027e-02 1.609504e+00 -9.719120e-01 3.253146e-02 2.330855e-01 2.195452e+02
2.331100e-01 2.741397e-02 9.720639e-01 -1.157709e+02 2.381446e-02 9.991419e-01 -3.388855e-02 1.579772e+00 -9.721587e-01 3.104894e-02 2.322571e-01 2.196850e+02
2.305262e-01 3.001022e-02 9.726032e-01 -1.150813e+02 2.355006e-02 9.990595e-01 -3.640837e-02 1.587186e+00 -9.727811e-01 3.129794e-02 2.296026e-01 2.198532e+02
2.287292e-01 3.166601e-02 9.729749e-01 -1.143200e+02 2.617097e-02 9.989096e-01 -3.866239e-02 1.558586e+00 -9.731382e-01 3.430691e-02 2.276510e-01 2.199911e+02
2.249683e-01 3.466959e-02 9.737491e-01 -1.136033e+02 2.052468e-02 9.989764e-01 -4.030967e-02 1.508155e+00 -9.741499e-01 2.905429e-02 2.240264e-01 2.201885e+02
2.236927e-01 3.577974e-02 9.740028e-01 -1.129070e+02 2.202626e-02 9.988852e-01 -4.175241e-02 1.491021e+00 -9.744108e-01 3.079335e-02 2.226552e-01 2.203074e+02
2.213694e-01 3.464955e-02 9.745743e-01 -1.122695e+02 2.227276e-02 9.989282e-01 -4.057456e-02 1.405856e+00 -9.749357e-01 3.068843e-02 2.203604e-01 2.204327e+02
2.191849e-01 3.410349e-02 9.750872e-01 -1.115136e+02 2.190447e-02 9.989651e-01 -3.986241e-02 1.366804e+00 -9.754374e-01 3.009600e-02 2.182110e-01 2.206194e+02
2.177554e-01 3.257928e-02 9.754595e-01 -1.107595e+02 2.363185e-02 9.989737e-01 -3.864005e-02 1.349049e+00 -9.757172e-01 3.146599e-02 2.167620e-01 2.207539e+02
2.152023e-01 3.157391e-02 9.760589e-01 -1.100103e+02 2.330065e-02 9.990267e-01 -3.745422e-02 1.314769e+00 -9.762915e-01 3.080304e-02 2.142571e-01 2.208948e+02
2.124033e-01 3.046707e-02 9.767070e-01 -1.091912e+02 2.238279e-02 9.990999e-01 -3.603314e-02 1.247822e+00 -9.769257e-01 2.951499e-02 2.115302e-01 2.210928e+02
2.090125e-01 3.080604e-02 9.774276e-01 -1.084193e+02 2.193476e-02 9.991045e-01 -3.617976e-02 1.230585e+00 -9.776669e-01 2.900166e-02 2.081496e-01 2.212883e+02
2.073005e-01 2.961436e-02 9.778290e-01 -1.074365e+02 2.448261e-02 9.990716e-01 -3.544804e-02 1.132830e+00 -9.779709e-01 3.128820e-02 2.063830e-01 2.214716e+02
2.061009e-01 2.891087e-02 9.781036e-01 -1.066342e+02 2.942094e-02 9.989285e-01 -3.572585e-02 1.117892e+00 -9.780884e-01 3.613986e-02 2.050295e-01 2.216199e+02
2.041270e-01 2.840865e-02 9.785321e-01 -1.059253e+02 2.796618e-02 9.990016e-01 -3.483682e-02 1.054664e+00 -9.785449e-01 3.447694e-02 2.031287e-01 2.217446e+02
2.027369e-01 2.950828e-02 9.787885e-01 -1.051608e+02 3.182583e-02 9.988193e-01 -3.670426e-02 1.076205e+00 -9.787159e-01 3.859207e-02 2.015584e-01 2.218736e+02
2.011804e-01 3.106100e-02 9.790616e-01 -1.042480e+02 2.990170e-02 9.988366e-01 -3.783265e-02 9.890825e-01 -9.790977e-01 3.688680e-02 2.000175e-01 2.221082e+02
1.996978e-01 3.406541e-02 9.792652e-01 -1.034194e+02 3.039180e-02 9.986993e-01 -4.093914e-02 9.463841e-01 -9.793861e-01 3.793709e-02 1.984028e-01 2.222846e+02
1.985183e-01 3.738545e-02 9.793839e-01 -1.027037e+02 2.769042e-02 9.986594e-01 -4.373401e-02 9.245892e-01 -9.797059e-01 3.580155e-02 1.972169e-01 2.223323e+02
1.966247e-01 3.904949e-02 9.797009e-01 -1.018738e+02 2.659624e-02 9.986265e-01 -4.514167e-02 8.770214e-01 -9.801180e-01 3.493233e-02 1.953161e-01 2.225188e+02
1.947896e-01 3.834596e-02 9.800952e-01 -1.009635e+02 2.568031e-02 9.986936e-01 -4.417747e-02 7.996742e-01 -9.805088e-01 3.377446e-02 1.935504e-01 2.227295e+02
1.949943e-01 3.572609e-02 9.801535e-01 -1.001571e+02 2.609110e-02 9.987938e-01 -4.159615e-02 7.223900e-01 -9.804573e-01 3.368430e-02 1.938269e-01 2.228098e+02
1.957400e-01 3.236127e-02 9.801217e-01 -9.932481e+01 2.597739e-02 9.989335e-01 -3.817033e-02 6.613425e-01 -9.803117e-01 3.293247e-02 1.946906e-01 2.229729e+02
1.982245e-01 2.926384e-02 9.797197e-01 -9.846609e+01 3.069256e-02 9.988787e-01 -3.604607e-02 6.057626e-01 -9.796760e-01 3.721532e-02 1.971041e-01 2.231574e+02
2.018293e-01 2.682476e-02 9.790533e-01 -9.746386e+01 3.585272e-02 9.987525e-01 -3.475544e-02 5.537821e-01 -9.787643e-01 4.211639e-02 2.006158e-01 2.233361e+02
2.046866e-01 2.651291e-02 9.784684e-01 -9.650955e+01 3.693592e-02 9.987119e-01 -3.478809e-02 5.031937e-01 -9.781304e-01 4.326129e-02 2.034437e-01 2.235852e+02
2.081820e-01 2.835186e-02 9.776791e-01 -9.577399e+01 3.333761e-02 9.987933e-01 -3.606289e-02 4.442035e-01 -9.775218e-01 4.010113e-02 2.069856e-01 2.236692e+02
2.104717e-01 3.035569e-02 9.771286e-01 -9.478472e+01 3.223126e-02 9.987589e-01 -3.797022e-02 3.786551e-01 -9.770685e-01 3.948574e-02 2.092321e-01 2.239181e+02
2.135769e-01 3.363734e-02 9.763470e-01 -9.408852e+01 2.890685e-02 9.987518e-01 -4.073264e-02 3.317115e-01 -9.764985e-01 3.692267e-02 2.123380e-01 2.239652e+02
2.153797e-01 3.320745e-02 9.759656e-01 -9.308796e+01 3.171914e-02 9.986564e-01 -4.097940e-02 2.951987e-01 -9.760151e-01 3.978291e-02 2.140370e-01 2.242840e+02
2.169355e-01 3.501350e-02 9.755578e-01 -9.214390e+01 2.742889e-02 9.987433e-01 -4.194503e-02 2.600854e-01 -9.758005e-01 3.585783e-02 2.157025e-01 2.244365e+02
2.176636e-01 3.497163e-02 9.753971e-01 -9.134079e+01 2.631974e-02 9.987841e-01 -4.168349e-02 2.104907e-01 -9.756689e-01 3.474517e-02 2.164786e-01 2.246440e+02
2.187871e-01 3.174876e-02 9.752560e-01 -9.038581e+01 2.387079e-02 9.989973e-01 -3.787677e-02 1.598310e-01 -9.754806e-01 3.156708e-02 2.178099e-01 2.248847e+02
2.210332e-01 2.307277e-02 9.749933e-01 -8.953936e+01 2.151949e-02 9.993613e-01 -2.852794e-02 6.634536e-02 -9.750288e-01 2.728698e-02 2.203955e-01 2.250296e+02
2.227161e-01 1.746754e-02 9.747268e-01 -8.851344e+01 2.660406e-02 9.993582e-01 -2.398773e-02 7.942237e-03 -9.745203e-01 3.127415e-02 2.221085e-01 2.252654e+02
2.252473e-01 2.074093e-02 9.740808e-01 -8.769743e+01 2.839286e-02 9.992090e-01 -2.784157e-02 -1.039037e-02 -9.738878e-01 3.392818e-02 2.244803e-01 2.254277e+02
2.255241e-01 3.085779e-02 9.737488e-01 -8.688891e+01 2.351385e-02 9.990347e-01 -3.710499e-02 -1.047128e-01 -9.739538e-01 3.126465e-02 2.245808e-01 2.255940e+02
2.271448e-01 3.872298e-02 9.730908e-01 -8.605150e+01 2.495391e-02 9.986497e-01 -4.556496e-02 -1.580109e-01 -9.735412e-01 3.463226e-02 2.258718e-01 2.257944e+02
2.278883e-01 3.832488e-02 9.729327e-01 -8.509190e+01 2.798521e-02 9.985545e-01 -4.588907e-02 -2.039708e-01 -9.732850e-01 3.768531e-02 2.264864e-01 2.260433e+02
2.278600e-01 3.061093e-02 9.732126e-01 -8.423300e+01 3.028941e-02 9.987991e-01 -3.850743e-02 -2.666304e-01 -9.732227e-01 3.825234e-02 2.266592e-01 2.261950e+02
2.270338e-01 2.238130e-02 9.736297e-01 -8.342221e+01 2.754734e-02 9.991883e-01 -2.939239e-02 -3.329194e-01 -9.734972e-01 3.349397e-02 2.262329e-01 2.263747e+02
2.266590e-01 2.016101e-02 9.737655e-01 -8.258055e+01 2.874542e-02 9.992117e-01 -2.737880e-02 -3.609709e-01 -9.735499e-01 3.419695e-02 2.259008e-01 2.265757e+02
2.261671e-01 2.320700e-02 9.738120e-01 -8.169821e+01 2.980548e-02 9.990832e-01 -3.073153e-02 -4.853914e-01 -9.736324e-01 3.597540e-02 2.252680e-01 2.267826e+02
2.265773e-01 2.626275e-02 9.736391e-01 -8.087003e+01 3.215115e-02 9.988900e-01 -3.442582e-02 -5.469276e-01 -9.734624e-01 3.910372e-02 2.254814e-01 2.269802e+02
2.275457e-01 2.634048e-02 9.734111e-01 -8.004730e+01 3.331477e-02 9.988383e-01 -3.481624e-02 -5.730233e-01 -9.731974e-01 4.035125e-02 2.264038e-01 2.271586e+02
2.298591e-01 2.187662e-02 9.729780e-01 -7.928137e+01 3.484743e-02 9.989212e-01 -3.069239e-02 -6.619100e-01 -9.725998e-01 4.096070e-02 2.288488e-01 2.272779e+02
2.311615e-01 1.978836e-02 9.727141e-01 -7.843139e+01 3.427978e-02 9.990067e-01 -2.846968e-02 -7.220515e-01 -9.723113e-01 3.992552e-02 2.302535e-01 2.274821e+02
2.324639e-01 2.102641e-02 9.723777e-01 -7.766218e+01 3.400014e-02 9.989795e-01 -2.972997e-02 -7.421006e-01 -9.720106e-01 3.997212e-02 2.315118e-01 2.276576e+02
2.339448e-01 2.369094e-02 9.719612e-01 -7.698972e+01 3.273536e-02 9.989443e-01 -3.222783e-02 -8.148590e-01 -9.716986e-01 3.935703e-02 2.329223e-01 2.277482e+02
2.350016e-01 2.510742e-02 9.716707e-01 -7.621383e+01 3.442104e-02 9.988243e-01 -3.413389e-02 -8.658037e-01 -9.713853e-01 4.146744e-02 2.338611e-01 2.279368e+02
2.359222e-01 2.465526e-02 9.714591e-01 -7.543557e+01 3.369563e-02 9.988694e-01 -3.353402e-02 -9.127082e-01 -9.711876e-01 4.064535e-02 2.348247e-01 2.281281e+02
2.368229e-01 2.321425e-02 9.712755e-01 -7.466056e+01 3.359194e-02 9.989211e-01 -3.206561e-02 -9.546167e-01 -9.709719e-01 4.022090e-02 2.357875e-01 2.282739e+02
2.382629e-01 2.067466e-02 9.709806e-01 -7.389101e+01 3.443648e-02 9.989649e-01 -2.972067e-02 -1.001691e+00 -9.705900e-01 4.051849e-02 2.373043e-01 2.284630e+02
2.392624e-01 2.010232e-02 9.707468e-01 -7.310831e+01 3.387068e-02 9.990044e-01 -2.903567e-02 -1.033624e+00 -9.703640e-01 3.982700e-02 2.383433e-01 2.286717e+02
2.413148e-01 1.884020e-02 9.702640e-01 -7.232283e+01 3.636259e-02 9.989339e-01 -2.844066e-02 -1.082298e+00 -9.697654e-01 4.214447e-02 2.403725e-01 2.288161e+02
2.422026e-01 1.928384e-02 9.700340e-01 -7.158786e+01 3.602513e-02 9.989343e-01 -2.885329e-02 -1.112106e+00 -9.695566e-01 4.193394e-02 2.412498e-01 2.290106e+02
2.434443e-01 1.922335e-02 9.697244e-01 -7.083586e+01 3.441199e-02 9.990029e-01 -2.844271e-02 -1.156097e+00 -9.693042e-01 4.029436e-02 2.425401e-01 2.292101e+02
2.447229e-01 1.924387e-02 9.694021e-01 -7.015706e+01 3.236849e-02 9.990836e-01 -2.800442e-02 -1.215597e+00 -9.690526e-01 3.823141e-02 2.438757e-01 2.293321e+02
2.455469e-01 2.034596e-02 9.691712e-01 -6.950001e+01 2.854276e-02 9.991945e-01 -2.820777e-02 -1.271313e+00 -9.689644e-01 3.458915e-02 2.447684e-01 2.294901e+02
2.471733e-01 2.152802e-02 9.687321e-01 -6.881887e+01 2.857821e-02 9.991563e-01 -2.949591e-02 -1.285370e+00 -9.685498e-01 3.497523e-02 2.463495e-01 2.296577e+02
2.465325e-01 2.408652e-02 9.688352e-01 -6.814650e+01 2.098167e-02 9.993241e-01 -3.018357e-02 -1.357379e+00 -9.689074e-01 2.776901e-02 2.458605e-01 2.298198e+02
2.457635e-01 2.592739e-02 9.689830e-01 -6.746741e+01 1.729120e-02 9.993659e-01 -3.112593e-02 -1.394046e+00 -9.691756e-01 2.440449e-02 2.451593e-01 2.300063e+02
2.455026e-01 2.552734e-02 9.690598e-01 -6.684542e+01 1.755021e-02 9.993723e-01 -3.077203e-02 -1.455304e+00 -9.692370e-01 2.456182e-02 2.449005e-01 2.301576e+02
2.453542e-01 2.544489e-02 9.690995e-01 -6.610627e+01 1.719818e-02 9.993839e-01 -3.059424e-02 -1.520798e+00 -9.692809e-01 2.417317e-02 2.447654e-01 2.303272e+02
2.438243e-01 2.403658e-02 9.695215e-01 -6.546621e+01 1.535739e-02 9.994718e-01 -2.864133e-02 -1.572649e+00 -9.696978e-01 2.187277e-02 2.433264e-01 2.304917e+02
2.431776e-01 2.142263e-02 9.697452e-01 -6.489944e+01 1.458301e-02 9.995623e-01 -2.573822e-02 -1.637912e+00 -9.698721e-01 2.040077e-02 2.427588e-01 2.306045e+02
2.425585e-01 1.905381e-02 9.699497e-01 -6.415954e+01 2.059881e-02 9.994806e-01 -2.478513e-02 -1.656903e+00 -9.699181e-01 2.599165e-02 2.420400e-01 2.307573e+02
2.407112e-01 1.862994e-02 9.704180e-01 -6.357262e+01 2.265018e-02 9.994357e-01 -2.480537e-02 -1.686443e+00 -9.703325e-01 2.795107e-02 2.401534e-01 2.308813e+02
2.385853e-01 1.832017e-02 9.709487e-01 -6.287646e+01 2.237109e-02 9.994530e-01 -2.435511e-02 -1.792455e+00 -9.708638e-01 2.753195e-02 2.380449e-01 2.310589e+02
2.374180e-01 2.083356e-02 9.711841e-01 -6.238519e+01 2.263269e-02 9.993800e-01 -2.697125e-02 -1.844069e+00 -9.711439e-01 2.838397e-02 2.367993e-01 2.310815e+02
2.347702e-01 2.276431e-02 9.717843e-01 -6.174206e+01 2.190849e-02 9.993479e-01 -2.870280e-02 -1.863865e+00 -9.718040e-01 2.802889e-02 2.341183e-01 2.312444e+02
2.312713e-01 2.327350e-02 9.726109e-01 -6.111221e+01 2.361114e-02 9.992851e-01 -2.952613e-02 -1.897929e+00 -9.726027e-01 2.979300e-02 2.305564e-01 2.314112e+02
2.280474e-01 2.266743e-02 9.733861e-01 -6.045475e+01 2.188007e-02 9.993572e-01 -2.839834e-02 -1.967080e+00 -9.734041e-01 2.777392e-02 2.274049e-01 2.315117e+02
2.225669e-01 2.173446e-02 9.746751e-01 -5.989563e+01 2.157920e-02 9.993967e-01 -2.721334e-02 -2.008254e+00 -9.746786e-01 2.708949e-02 2.219636e-01 2.316755e+02
2.181409e-01 2.017672e-02 9.757087e-01 -5.930118e+01 1.903877e-02 9.995080e-01 -2.492540e-02 -1.991807e+00 -9.757316e-01 2.401354e-02 2.176494e-01 2.317729e+02
2.119209e-01 1.782334e-02 9.771243e-01 -5.881111e+01 1.944461e-02 9.995589e-01 -2.244975e-02 -2.064009e+00 -9.770934e-01 2.375737e-02 2.114808e-01 2.318389e+02
2.049322e-01 1.920752e-02 9.785877e-01 -5.831018e+01 2.009262e-02 9.995142e-01 -2.382598e-02 -2.057686e+00 -9.785699e-01 2.454510e-02 2.044467e-01 2.319475e+02
1.970670e-01 1.862320e-02 9.802131e-01 -5.783330e+01 1.933093e-02 9.995514e-01 -2.287700e-02 -2.114592e+00 -9.801994e-01 2.345674e-02 1.966186e-01 2.320428e+02
1.890628e-01 1.771779e-02 9.818051e-01 -5.733461e+01 1.912589e-02 9.995811e-01 -2.172158e-02 -2.199170e+00 -9.817787e-01 2.288464e-02 1.886447e-01 2.320926e+02
1.805690e-01 1.742705e-02 9.834079e-01 -5.686591e+01 2.057051e-02 9.995574e-01 -2.149030e-02 -2.188382e+00 -9.833472e-01 2.410969e-02 1.801306e-01 2.321660e+02
1.709463e-01 1.698896e-02 9.851339e-01 -5.643574e+01 2.221000e-02 9.995308e-01 -2.109125e-02 -2.216929e+00 -9.850300e-01 2.548530e-02 1.704887e-01 2.322530e+02
1.622923e-01 1.660174e-02 9.866031e-01 -5.599214e+01 2.256292e-02 9.995346e-01 -2.053085e-02 -2.261565e+00 -9.864847e-01 2.559265e-02 1.618421e-01 2.322555e+02
1.520729e-01 1.656295e-02 9.882305e-01 -5.558200e+01 2.197583e-02 9.995557e-01 -2.013449e-02 -2.266558e+00 -9.881249e-01 2.477910e-02 1.516413e-01 2.323382e+02
1.427209e-01 1.659109e-02 9.896239e-01 -5.518997e+01 2.248645e-02 9.995471e-01 -2.000039e-02 -2.244372e+00 -9.895075e-01 2.510760e-02 1.422832e-01 2.323715e+02
1.327667e-01 1.327424e-02 9.910584e-01 -5.481072e+01 2.196048e-02 9.996254e-01 -1.633092e-02 -2.308428e+00 -9.909040e-01 2.393232e-02 1.324254e-01 2.323630e+02
1.213192e-01 1.222339e-02 9.925383e-01 -5.445475e+01 2.267471e-02 9.996291e-01 -1.508228e-02 -2.321973e+00 -9.923545e-01 2.433529e-02 1.209971e-01 2.324183e+02
1.108350e-01 1.134412e-02 9.937741e-01 -5.410579e+01 2.735334e-02 9.995212e-01 -1.446042e-02 -2.362418e+00 -9.934623e-01 2.878576e-02 1.104716e-01 2.324156e+02
9.878872e-02 1.312189e-02 9.950219e-01 -5.379667e+01 3.306618e-02 9.993176e-01 -1.646145e-02 -2.338687e+00 -9.945589e-01 3.452778e-02 9.828742e-02 2.324033e+02
8.694142e-02 1.184388e-02 9.961430e-01 -5.351415e+01 3.930333e-02 9.991100e-01 -1.530948e-02 -2.359449e+00 -9.954378e-01 4.048276e-02 8.639854e-02 2.324039e+02
7.478353e-02 9.342560e-03 9.971560e-01 -5.322654e+01 4.134492e-02 9.990672e-01 -1.246120e-02 -2.372486e+00 -9.963423e-01 4.215923e-02 7.432751e-02 2.324220e+02
6.272848e-02 6.953170e-03 9.980064e-01 -5.293969e+01 4.008542e-02 9.991513e-01 -9.480667e-03 -2.387340e+00 -9.972253e-01 4.060021e-02 6.239652e-02 2.323800e+02
4.935128e-02 6.840576e-03 9.987581e-01 -5.270927e+01 3.667775e-02 9.992897e-01 -8.656562e-03 -2.391940e+00 -9.981078e-01 3.705941e-02 4.906533e-02 2.323980e+02
3.572312e-02 6.275946e-03 9.993420e-01 -5.248513e+01 3.519268e-02 9.993521e-01 -7.534029e-03 -2.399492e+00 -9.987419e-01 3.543867e-02 3.547911e-02 2.324018e+02
2.297624e-02 5.370996e-03 9.997216e-01 -5.228981e+01 3.568942e-02 9.993438e-01 -6.189204e-03 -2.420113e+00 -9.990988e-01 3.582169e-02 2.276948e-02 2.323521e+02
9.901720e-03 6.857120e-03 9.999275e-01 -5.211876e+01 3.705587e-02 9.992871e-01 -7.219673e-03 -2.439642e+00 -9.992641e-01 3.712467e-02 9.640565e-03 2.323367e+02
-4.536890e-03 1.104140e-02 9.999287e-01 -5.195184e+01 3.759680e-02 9.992339e-01 -1.086315e-02 -2.432438e+00 -9.992827e-01 3.754484e-02 -4.948536e-03 2.323255e+02
-1.727140e-02 1.346068e-02 9.997602e-01 -5.176608e+01 4.031195e-02 9.991057e-01 -1.275545e-02 -2.446015e+00 -9.990379e-01 4.008198e-02 -1.779858e-02 2.322809e+02
-3.074590e-02 1.302933e-02 9.994423e-01 -5.159422e+01 4.385709e-02 9.989696e-01 -1.167399e-02 -2.457471e+00 -9.985646e-01 4.347370e-02 -3.128565e-02 2.322548e+02
-4.580267e-02 1.112993e-02 9.988885e-01 -5.143284e+01 4.780689e-02 9.988166e-01 -8.937007e-03 -2.470321e+00 -9.978059e-01 4.734441e-02 -4.628055e-02 2.322319e+02
-6.003887e-02 1.095562e-02 9.981359e-01 -5.124926e+01 4.939967e-02 9.987471e-01 -7.990891e-03 -2.473354e+00 -9.969729e-01 4.882782e-02 -6.050486e-02 2.321720e+02
-7.351946e-02 1.134611e-02 9.972292e-01 -5.105466e+01 4.975031e-02 9.987320e-01 -7.695432e-03 -2.496189e+00 -9.960521e-01 4.904670e-02 -7.399071e-02 2.321228e+02
-8.993144e-02 1.292274e-02 9.958641e-01 -5.091175e+01 4.881850e-02 9.987711e-01 -8.551911e-03 -2.491241e+00 -9.947508e-01 4.784751e-02 -9.045178e-02 2.321240e+02
-1.050875e-01 1.403595e-02 9.943639e-01 -5.073200e+01 4.792014e-02 9.988103e-01 -9.034363e-03 -2.498085e+00 -9.933077e-01 4.670066e-02 -1.056351e-01 2.320417e+02
-1.202915e-01 1.583108e-02 9.926124e-01 -5.053490e+01 4.664257e-02 9.988588e-01 -1.027824e-02 -2.497848e+00 -9.916423e-01 4.506161e-02 -1.208926e-01 2.319832e+02
-1.381480e-01 1.999881e-02 9.902097e-01 -5.036105e+01 4.449470e-02 9.989120e-01 -1.396693e-02 -2.489460e+00 -9.894116e-01 4.212957e-02 -1.388876e-01 2.319405e+02
-1.579550e-01 2.486852e-02 9.871331e-01 -5.014619e+01 4.404069e-02 9.988655e-01 -1.811697e-02 -2.491865e+00 -9.864637e-01 4.061236e-02 -1.588710e-01 2.318470e+02
-1.805968e-01 2.782329e-02 9.831636e-01 -4.994160e+01 4.447706e-02 9.988083e-01 -2.009606e-02 -2.503125e+00 -9.825511e-01 4.009894e-02 -1.816191e-01 2.317874e+02
-2.069445e-01 2.963698e-02 9.779037e-01 -4.970335e+01 4.424554e-02 9.988019e-01 -2.090708e-02 -2.502736e+00 -9.773517e-01 3.894127e-02 -2.080079e-01 2.317145e+02
-2.362025e-01 3.035879e-02 9.712295e-01 -4.944204e+01 4.451822e-02 9.988004e-01 -2.039380e-02 -2.506759e+00 -9.706835e-01 3.842034e-02 -2.372707e-01 2.315736e+02
-2.725820e-01 3.274556e-02 9.615752e-01 -4.921292e+01 3.819131e-02 9.990012e-01 -2.319381e-02 -2.330565e+00 -9.613743e-01 3.040160e-02 -2.735604e-01 2.315335e+02
-3.103502e-01 3.308547e-02 9.500464e-01 -4.909912e+01 4.209784e-02 9.988920e-01 -2.103448e-02 -2.426518e+00 -9.496897e-01 3.346685e-02 -3.113992e-01 2.314882e+02
-3.466017e-01 3.270588e-02 9.374420e-01 -4.867710e+01 4.498151e-02 9.988217e-01 -1.821624e-02 -2.499219e+00 -9.369332e-01 3.585378e-02 -3.476645e-01 2.312265e+02
-3.871643e-01 3.350401e-02 9.214018e-01 -4.839552e+01 4.491517e-02 9.988384e-01 -1.744683e-02 -2.498275e+00 -9.209161e-01 3.463013e-02 -3.882194e-01 2.310858e+02
-4.301191e-01 3.350591e-02 9.021501e-01 -4.811541e+01 4.280878e-02 9.989439e-01 -1.669084e-02 -2.514449e+00 -9.017566e-01 3.144090e-02 -4.310992e-01 2.309255e+02
-4.741166e-01 3.169717e-02 8.798913e-01 -4.783873e+01 3.801382e-02 9.991568e-01 -1.551039e-02 -2.520376e+00 -8.796411e-01 2.609430e-02 -4.749218e-01 2.307129e+02
-5.186129e-01 2.940428e-02 8.545034e-01 -4.750759e+01 3.416754e-02 9.993229e-01 -1.365078e-02 -2.546690e+00 -8.543262e-01 2.211681e-02 -5.192664e-01 2.304858e+02
-5.628664e-01 3.008703e-02 8.260001e-01 -4.718506e+01 3.400860e-02 9.993340e-01 -1.322602e-02 -2.526048e+00 -8.258480e-01 2.064662e-02 -5.635147e-01 2.302382e+02
-6.067720e-01 3.339554e-02 7.941741e-01 -4.694707e+01 3.710941e-02 9.992178e-01 -1.366509e-02 -2.517087e+00 -7.940092e-01 2.117974e-02 -6.075367e-01 2.299426e+02
-6.507336e-01 3.526131e-02 7.584869e-01 -4.667600e+01 3.920499e-02 9.991490e-01 -1.281407e-02 -2.517979e+00 -7.582933e-01 2.139793e-02 -6.515623e-01 2.296392e+02
-6.936811e-01 3.861671e-02 7.192463e-01 -4.647611e+01 4.176572e-02 9.990381e-01 -1.335770e-02 -2.521730e+00 -7.190703e-01 2.077385e-02 -6.946268e-01 2.293764e+02
-7.362050e-01 4.074501e-02 6.755309e-01 -4.625946e+01 4.129740e-02 9.990305e-01 -1.525046e-02 -2.485523e+00 -6.754974e-01 1.667021e-02 -7.371739e-01 2.291161e+02
-7.753859e-01 4.179819e-02 6.301029e-01 -4.604547e+01 4.174050e-02 9.990173e-01 -1.490569e-02 -2.495451e+00 -6.301067e-01 1.474315e-02 -7.763686e-01 2.287783e+02
-8.122455e-01 3.672098e-02 5.821588e-01 -4.579205e+01 3.768156e-02 9.992351e-01 -1.045456e-02 -2.532587e+00 -5.820974e-01 1.344498e-02 -8.130079e-01 2.284407e+02
-8.434348e-01 4.013751e-02 5.357301e-01 -4.560263e+01 4.137555e-02 9.990965e-01 -9.713237e-03 -2.481009e+00 -5.356360e-01 1.397364e-02 -8.443334e-01 2.279489e+02
-8.706025e-01 4.498437e-02 4.899262e-01 -4.538767e+01 4.782208e-02 9.988332e-01 -6.731332e-03 -2.492136e+00 -4.896574e-01 1.756898e-02 -8.717379e-01 2.274869e+02
-8.934315e-01 4.790101e-02 4.466381e-01 -4.513838e+01 5.147860e-02 9.986656e-01 -4.129718e-03 -2.487332e+00 -4.462400e-01 1.930269e-02 -8.947052e-01 2.268460e+02
-9.131478e-01 4.567747e-02 4.050614e-01 -4.499671e+01 5.003673e-02 9.987474e-01 1.744755e-04 -2.455742e+00 -4.045460e-01 2.042727e-02 -9.142895e-01 2.262676e+02
-9.294159e-01 4.307667e-02 3.665112e-01 -4.479304e+01 4.839862e-02 9.988138e-01 5.339186e-03 -2.463209e+00 -3.658464e-01 2.270096e-02 -9.303983e-01 2.257718e+02
-9.412875e-01 4.352728e-02 3.347883e-01 -4.462263e+01 4.935953e-02 9.987412e-01 8.928108e-03 -2.457387e+00 -3.339782e-01 2.492891e-02 -9.422511e-01 2.250335e+02
-9.501837e-01 4.305586e-02 3.087023e-01 -4.450297e+01 4.885961e-02 9.987441e-01 1.109102e-02 -2.391808e+00 -3.078371e-01 2.562159e-02 -9.510940e-01 2.242246e+02
-9.570729e-01 4.414380e-02 2.864660e-01 -4.431193e+01 4.945013e-02 9.987125e-01 1.131168e-02 -2.372971e+00 -2.855978e-01 2.499189e-02 -9.580236e-01 2.235838e+02
-9.623327e-01 4.415795e-02 2.682647e-01 -4.411639e+01 4.887651e-02 9.987450e-01 1.093296e-02 -2.340558e+00 -2.674452e-01 2.363298e-02 -9.632832e-01 2.228738e+02
-9.671098e-01 4.682575e-02 2.500122e-01 -4.395710e+01 5.162211e-02 9.985865e-01 1.265814e-02 -2.341981e+00 -2.490660e-01 2.514797e-02 -9.681600e-01 2.222650e+02
-9.712798e-01 4.461241e-02 2.337206e-01 -4.377931e+01 4.912220e-02 9.987014e-01 1.350726e-02 -2.332485e+00 -2.328145e-01 2.460020e-02 -9.722100e-01 2.215858e+02
-9.739937e-01 4.483831e-02 2.220941e-01 -4.369591e+01 4.925093e-02 9.986831e-01 1.436702e-02 -2.298215e+00 -2.211574e-01 2.493173e-02 -9.749194e-01 2.208461e+02
-9.761492e-01 4.898047e-02 2.115034e-01 -4.357725e+01 5.397898e-02 9.983812e-01 1.792099e-02 -2.289943e+00 -2.102832e-01 2.891030e-02 -9.772130e-01 2.199823e+02
-9.776045e-01 5.359786e-02 2.035110e-01 -4.340856e+01 5.884713e-02 9.980701e-01 1.982595e-02 -2.286545e+00 -2.020556e-01 3.135797e-02 -9.788719e-01 2.191990e+02
-9.784982e-01 5.541361e-02 1.986722e-01 -4.328935e+01 6.062679e-02 9.979551e-01 2.024894e-02 -2.269394e+00 -1.971439e-01 3.185840e-02 -9.798568e-01 2.184784e+02
-9.789794e-01 5.551066e-02 1.962597e-01 -4.322563e+01 6.082055e-02 9.979251e-01 2.112804e-02 -2.241959e+00 -1.946797e-01 3.262054e-02 -9.803243e-01 2.176255e+02
-9.796892e-01 5.524915e-02 1.927603e-01 -4.303537e+01 6.049097e-02 9.979391e-01 2.141034e-02 -2.220770e+00 -1.911801e-01 3.263574e-02 -9.810123e-01 2.168632e+02
-9.796355e-01 5.811145e-02 1.921910e-01 -4.289856e+01 6.342569e-02 9.977526e-01 2.160978e-02 -2.208787e+00 -1.905032e-01 3.335956e-02 -9.811196e-01 2.160091e+02
-9.796330e-01 5.894809e-02 1.919485e-01 -4.278493e+01 6.426656e-02 9.976991e-01 2.159533e-02 -2.153734e+00 -1.902338e-01 3.349137e-02 -9.811674e-01 2.150465e+02
-9.795254e-01 5.891639e-02 1.925068e-01 -4.261117e+01 6.429107e-02 9.976933e-01 2.178753e-02 -2.140276e+00 -1.907791e-01 3.371791e-02 -9.810537e-01 2.141800e+02
-9.789105e-01 6.203167e-02 1.946439e-01 -4.246108e+01 6.747345e-02 9.974905e-01 2.144672e-02 -2.141430e+00 -1.928250e-01 3.412771e-02 -9.806395e-01 2.132330e+02
-9.786703e-01 6.072605e-02 1.962569e-01 -4.236469e+01 6.573870e-02 9.976536e-01 1.912267e-02 -2.029067e+00 -1.946351e-01 3.161646e-02 -9.803660e-01 2.123053e+02
-9.783757e-01 6.576609e-02 1.961014e-01 -4.215380e+01 7.055841e-02 9.973533e-01 1.754504e-02 -2.024288e+00 -1.944285e-01 3.100224e-02 -9.804267e-01 2.114004e+02
-9.783099e-01 6.583641e-02 1.964060e-01 -4.195813e+01 7.028728e-02 9.974021e-01 1.577020e-02 -2.016733e+00 -1.948575e-01 2.923299e-02 -9.803958e-01 2.105587e+02
-9.770204e-01 6.988821e-02 2.013621e-01 -4.190479e+01 7.399350e-02 9.971750e-01 1.292393e-02 -1.917915e+00 -1.998900e-01 2.752643e-02 -9.794316e-01 2.094723e+02
-9.767818e-01 7.305173e-02 2.013970e-01 -4.164888e+01 7.728404e-02 9.969214e-01 1.322168e-02 -1.929943e+00 -1.998111e-01 2.847948e-02 -9.794205e-01 2.085726e+02
-9.760975e-01 7.514382e-02 2.039289e-01 -4.138877e+01 7.954112e-02 9.967410e-01 1.344077e-02 -1.924910e+00 -2.022543e-01 2.934024e-02 -9.788934e-01 2.075969e+02
-9.747571e-01 7.263449e-02 2.111230e-01 -4.141460e+01 7.704966e-02 9.969457e-01 1.275111e-02 -1.926776e+00 -2.095520e-01 2.869618e-02 -9.773763e-01 2.066454e+02
-9.743127e-01 6.995997e-02 2.140567e-01 -4.114903e+01 7.401614e-02 9.971966e-01 1.098319e-02 -1.898796e+00 -2.126882e-01 2.654472e-02 -9.767595e-01 2.055977e+02
-9.737256e-01 6.555656e-02 2.180842e-01 -4.093137e+01 6.964130e-02 9.975105e-01 1.108822e-02 -1.872924e+00 -2.168143e-01 2.598455e-02 -9.758670e-01 2.045547e+02
-9.722742e-01 6.420475e-02 2.248568e-01 -4.086001e+01 6.870450e-02 9.975620e-01 1.223622e-02 -1.824181e+00 -2.235229e-01 2.734563e-02 -9.743150e-01 2.034957e+02
-9.717506e-01 6.412195e-02 2.271325e-01 -4.058709e+01 6.855406e-02 9.975791e-01 1.167041e-02 -1.826919e+00 -2.258344e-01 2.691159e-02 -9.737939e-01 2.025189e+02
-9.717611e-01 6.385008e-02 2.271642e-01 -4.029618e+01 6.822814e-02 9.976039e-01 1.146472e-02 -1.817183e+00 -2.258878e-01 2.663996e-02 -9.737890e-01 2.014383e+02
-9.715677e-01 6.595280e-02 2.273904e-01 -4.007236e+01 7.053795e-02 9.974359e-01 1.208803e-02 -1.776280e+00 -2.260101e-01 2.778399e-02 -9.737287e-01 2.006147e+02
-9.714235e-01 6.702370e-02 2.276933e-01 -3.976444e+01 7.174800e-02 9.973441e-01 1.252562e-02 -1.752411e+00 -2.262490e-01 2.850422e-02 -9.736523e-01 1.996236e+02
-9.700310e-01 6.695489e-02 2.335744e-01 -3.957450e+01 7.234611e-02 9.972730e-01 1.458062e-02 -1.805908e+00 -2.319612e-01 3.104185e-02 -9.722296e-01 1.983292e+02
-9.695093e-01 7.079282e-02 2.346064e-01 -3.943308e+01 7.608595e-02 9.970088e-01 1.357578e-02 -1.756380e+00 -2.329436e-01 3.101210e-02 -9.719956e-01 1.973233e+02
-9.687317e-01 6.940285e-02 2.382062e-01 -3.919508e+01 7.450973e-02 9.971421e-01 1.249099e-02 -1.723965e+00 -2.366585e-01 2.984910e-02 -9.711343e-01 1.961542e+02
-9.683742e-01 6.987212e-02 2.395189e-01 -3.891110e+01 7.509623e-02 9.970949e-01 1.274267e-02 -1.724036e+00 -2.379327e-01 3.032664e-02 -9.708081e-01 1.950062e+02
-9.683331e-01 6.668326e-02 2.405918e-01 -3.878401e+01 7.192706e-02 9.973243e-01 1.306993e-02 -1.671232e+00 -2.390765e-01 2.996111e-02 -9.705384e-01 1.939799e+02
-9.679182e-01 6.662890e-02 2.422702e-01 -3.851867e+01 7.190016e-02 9.973275e-01 1.297165e-02 -1.653945e+00 -2.407585e-01 2.997477e-02 -9.701221e-01 1.928182e+02
-9.677524e-01 6.866357e-02 2.423648e-01 -3.822470e+01 7.402310e-02 9.971709e-01 1.306589e-02 -1.648932e+00 -2.407820e-01 3.058514e-02 -9.700972e-01 1.916643e+02
-9.672343e-01 7.147634e-02 2.436163e-01 -3.807950e+01 7.694203e-02 9.969511e-01 1.298172e-02 -1.601174e+00 -2.419456e-01 3.130069e-02 -9.697848e-01 1.905818e+02
-9.668235e-01 7.339644e-02 2.446740e-01 -3.782113e+01 7.931165e-02 9.967459e-01 1.439778e-02 -1.619705e+00 -2.428210e-01 3.332561e-02 -9.694985e-01 1.894314e+02
-9.676542e-01 6.982249e-02 2.424255e-01 -3.745729e+01 7.549852e-02 9.970449e-01 1.419119e-02 -1.580223e+00 -2.407183e-01 3.203493e-02 -9.700662e-01 1.883627e+02
-9.670293e-01 6.702877e-02 2.456857e-01 -3.737854e+01 7.291439e-02 9.972265e-01 1.492754e-02 -1.523665e+00 -2.440037e-01 3.234939e-02 -9.692346e-01 1.870240e+02
-9.673421e-01 6.532858e-02 2.449109e-01 -3.707629e+01 7.117668e-02 9.973495e-01 1.509437e-02 -1.494792e+00 -2.432757e-01 3.203337e-02 -9.694281e-01 1.858697e+02
-9.681364e-01 6.121233e-02 2.428269e-01 -3.675929e+01 6.690264e-02 9.976430e-01 1.524882e-02 -1.497132e+00 -2.413211e-01 3.100870e-02 -9.699498e-01 1.847685e+02
-9.681205e-01 6.289353e-02 2.424603e-01 -3.663008e+01 6.805775e-02 9.975970e-01 1.297412e-02 -1.410845e+00 -2.410617e-01 2.906181e-02 -9.700746e-01 1.835578e+02
-9.683154e-01 6.203737e-02 2.419023e-01 -3.636911e+01 6.672395e-02 9.977084e-01 1.122200e-02 -1.385215e+00 -2.406518e-01 2.700711e-02 -9.702357e-01 1.823267e+02
-9.688305e-01 6.284846e-02 2.396196e-01 -3.605469e+01 6.804661e-02 9.975912e-01 1.347369e-02 -1.413405e+00 -2.381956e-01 2.935902e-02 -9.707733e-01 1.812729e+02
-9.683299e-01 6.288710e-02 2.416246e-01 -3.596977e+01 6.870854e-02 9.975127e-01 1.573453e-02 -1.335863e+00 -2.400341e-01 3.183789e-02 -9.702422e-01 1.798578e+02
-9.685249e-01 6.272810e-02 2.408834e-01 -3.569248e+01 6.950504e-02 9.973864e-01 1.973240e-02 -1.336220e+00 -2.390160e-01 3.585393e-02 -9.703535e-01 1.786541e+02
-9.692405e-01 6.064922e-02 2.385258e-01 -3.539058e+01 6.744251e-02 9.975143e-01 2.041519e-02 -1.272715e+00 -2.366947e-01 3.587401e-02 -9.709216e-01 1.774029e+02
-9.693276e-01 6.040753e-02 2.382329e-01 -3.529787e+01 6.711683e-02 9.975417e-01 2.014483e-02 -1.169542e+00 -2.364303e-01 3.551638e-02 -9.709991e-01 1.761540e+02
-9.698123e-01 5.841509e-02 2.367527e-01 -3.501286e+01 6.459197e-02 9.977419e-01 1.841123e-02 -1.138098e+00 -2.351426e-01 3.314776e-02 -9.713955e-01 1.749233e+02
-9.694506e-01 6.693906e-02 2.359760e-01 -3.475278e+01 7.334663e-02 9.971355e-01 1.847065e-02 -1.202941e+00 -2.340637e-01 3.521443e-02 -9.715833e-01 1.736730e+02
-9.696887e-01 6.546775e-02 2.354099e-01 -3.464399e+01 7.128486e-02 9.973232e-01 1.627636e-02 -1.077410e+00 -2.337141e-01 3.256416e-02 -9.717599e-01 1.723381e+02
-9.701857e-01 6.544776e-02 2.333585e-01 -3.432822e+01 7.069951e-02 9.973965e-01 1.420254e-02 -1.028716e+00 -2.318215e-01 3.027743e-02 -9.722870e-01 1.711060e+02
-9.701067e-01 6.773666e-02 2.330338e-01 -3.406953e+01 7.289541e-02 9.972470e-01 1.358662e-02 -1.045881e+00 -2.314720e-01 3.016757e-02 -9.723737e-01 1.696653e+02
-9.700729e-01 6.930575e-02 2.327130e-01 -3.394478e+01 7.392709e-02 9.972009e-01 1.118504e-02 -9.280717e-01 -2.312865e-01 2.805411e-02 -9.724811e-01 1.684036e+02
-9.702787e-01 6.924097e-02 2.318725e-01 -3.365980e+01 7.333969e-02 9.972656e-01 9.092547e-03 -9.135480e-01 -2.306089e-01 2.582777e-02 -9.727037e-01 1.672659e+02
-9.705341e-01 6.995734e-02 2.305854e-01 -3.331161e+01 7.434820e-02 9.971781e-01 1.039759e-02 -9.295086e-01 -2.292073e-01 2.723482e-02 -9.729965e-01 1.657946e+02
-9.705072e-01 7.152519e-02 2.302173e-01 -3.316964e+01 7.647862e-02 9.969909e-01 1.265363e-02 -8.088158e-01 -2.286195e-01 2.988713e-02 -9.730570e-01 1.645618e+02
-9.705800e-01 6.834670e-02 2.308748e-01 -3.290487e+01 7.376223e-02 9.971646e-01 1.489654e-02 -8.147573e-01 -2.292020e-01 3.148812e-02 -9.728694e-01 1.632472e+02
-9.705294e-01 6.981307e-02 2.306487e-01 -3.261119e+01 7.487507e-02 9.971048e-01 1.325613e-02 -8.148694e-01 -2.290555e-01 3.013530e-02 -9.729468e-01 1.620530e+02
-9.702470e-01 7.098349e-02 2.314779e-01 -3.249336e+01 7.522893e-02 9.971205e-01 9.554024e-03 -7.228631e-01 -2.301332e-01 2.668360e-02 -9.727932e-01 1.607218e+02
-9.700991e-01 7.219192e-02 2.317242e-01 -3.218704e+01 7.593847e-02 9.970859e-01 7.277164e-03 -7.234294e-01 -2.305236e-01 2.465635e-02 -9.727543e-01 1.594460e+02
-9.699450e-01 7.112283e-02 2.326977e-01 -3.188422e+01 7.503844e-02 9.971485e-01 8.006651e-03 -7.878189e-01 -2.314647e-01 2.522728e-02 -9.725162e-01 1.580646e+02
-9.692452e-01 7.389632e-02 2.347404e-01 -3.182964e+01 7.843538e-02 9.968686e-01 1.004600e-02 -7.196814e-01 -2.332629e-01 2.814899e-02 -9.720062e-01 1.568778e+02
-9.693957e-01 7.057384e-02 2.351412e-01 -3.147479e+01 7.566859e-02 9.970521e-01 1.270299e-02 -7.296403e-01 -2.335516e-01 3.010703e-02 -9.718782e-01 1.553455e+02
-9.691209e-01 7.652435e-02 2.344114e-01 -3.113748e+01 8.165829e-02 9.965850e-01 1.225941e-02 -7.172064e-01 -2.326727e-01 3.102248e-02 -9.720602e-01 1.543820e+02
-9.682952e-01 7.892696e-02 2.370125e-01 -3.106903e+01 8.390597e-02 9.964132e-01 1.097786e-02 -6.347432e-01 -2.352960e-01 3.051658e-02 -9.714446e-01 1.530788e+02
-9.680166e-01 8.034920e-02 2.376717e-01 -3.075263e+01 8.528478e-02 9.963009e-01 1.054020e-02 -6.410060e-01 -2.359456e-01 3.047286e-02 -9.712884e-01 1.518077e+02
-9.678099e-01 8.147342e-02 2.381302e-01 -3.043956e+01 8.638617e-02 9.962090e-01 1.025001e-02 -6.461148e-01 -2.363923e-01 3.049122e-02 -9.711792e-01 1.505732e+02
-9.669811e-01 8.193118e-02 2.413189e-01 -3.039664e+01 8.650151e-02 9.962164e-01 8.387817e-03 -5.256476e-01 -2.397187e-01 2.898531e-02 -9.704096e-01 1.490552e+02
-9.666490e-01 8.281516e-02 2.423455e-01 -3.006739e+01 8.765715e-02 9.961078e-01 9.246604e-03 -5.293097e-01 -2.406365e-01 3.018154e-02 -9.701459e-01 1.477787e+02
-9.666517e-01 8.163507e-02 2.427349e-01 -2.976799e+01 8.623663e-02 9.962395e-01 8.374205e-03 -4.736971e-01 -2.411385e-01 2.902758e-02 -9.700565e-01 1.466495e+02
-9.652996e-01 8.553767e-02 2.467388e-01 -2.966030e+01 9.059603e-02 9.958452e-01 9.200123e-03 -4.151730e-01 -2.449267e-01 3.123443e-02 -9.690383e-01 1.451624e+02
-9.650734e-01 8.463828e-02 2.479308e-01 -2.933859e+01 8.996020e-02 9.958932e-01 1.019442e-02 -4.248657e-01 -2.460497e-01 3.214227e-02 -9.687241e-01 1.438782e+02
-9.649086e-01 8.305600e-02 2.491044e-01 -2.902411e+01 8.851542e-02 9.960165e-01 1.077520e-02 -4.223228e-01 -2.472172e-01 3.244667e-02 -9.684167e-01 1.423623e+02
-9.598057e-01 8.695735e-02 2.668547e-01 -3.043809e+01 9.407775e-02 9.954666e-01 1.398975e-02 -5.019654e-01 -2.644284e-01 3.853253e-02 -9.636352e-01 1.432918e+02
-9.594564e-01 8.932983e-02 2.673269e-01 -3.007068e+01 9.645059e-02 9.952449e-01 1.359784e-02 -5.261831e-01 -2.648410e-01 3.883037e-02 -9.635100e-01 1.420615e+02
-9.589445e-01 8.935006e-02 2.691505e-01 -2.974663e+01 9.625917e-02 9.952771e-01 1.255483e-02 -5.177331e-01 -2.667575e-01 3.794759e-02 -9.630163e-01 1.406748e+02
-9.586961e-01 8.710651e-02 2.707659e-01 -2.963736e+01 9.401334e-02 9.954910e-01 1.261784e-02 -5.097807e-01 -2.684459e-01 3.755228e-02 -9.625625e-01 1.395699e+02
-9.585154e-01 8.817460e-02 2.710600e-01 -2.930092e+01 9.515734e-02 9.953812e-01 1.269987e-02 -5.110295e-01 -2.686882e-01 3.796637e-02 -9.624787e-01 1.383890e+02
-9.588422e-01 8.665175e-02 2.703942e-01 -2.878249e+01 9.322422e-02 9.955783e-01 1.153394e-02 -5.072832e-01 -2.681992e-01 3.626652e-02 -9.626806e-01 1.369198e+02
-9.580386e-01 8.502292e-02 2.737392e-01 -2.881784e+01 9.157716e-02 9.957347e-01 1.123036e-02 -4.706768e-01 -2.716168e-01 3.582738e-02 -9.617384e-01 1.359320e+02
-9.582004e-01 8.302604e-02 2.737859e-01 -2.846195e+01 9.004548e-02 9.958508e-01 1.314916e-02 -4.610499e-01 -2.715582e-01 3.725272e-02 -9.617008e-01 1.347495e+02
-9.584285e-01 7.769900e-02 2.745498e-01 -2.812890e+01 8.636020e-02 9.960715e-01 1.958234e-02 -4.849310e-01 -2.719497e-01 4.247845e-02 -9.613735e-01 1.336498e+02
-9.575589e-01 7.840070e-02 2.773704e-01 -2.795625e+01 8.798116e-02 9.958737e-01 2.224443e-02 -3.873266e-01 -2.744819e-01 4.570372e-02 -9.605055e-01 1.321465e+02
-9.568823e-01 8.026405e-02 2.791665e-01 -2.762528e+01 8.984345e-02 9.957202e-01 2.166832e-02 -3.936841e-01 -2.762325e-01 4.581531e-02 -9.599982e-01 1.309413e+02
-9.566191e-01 8.210220e-02 2.795338e-01 -2.725489e+01 9.102053e-02 9.956668e-01 1.905151e-02 -3.759835e-01 -2.767583e-01 4.366835e-02 -9.599468e-01 1.297656e+02
-9.552364e-01 8.236945e-02 2.841455e-01 -2.724163e+01 9.120915e-02 9.956691e-01 1.799637e-02 -2.674808e-01 -2.814325e-01 4.310746e-02 -9.586123e-01 1.284437e+02
-9.551794e-01 8.188885e-02 2.844760e-01 -2.686165e+01 9.111342e-02 9.956530e-01 1.932246e-02 -2.721780e-01 -2.816571e-01 4.437599e-02 -9.584884e-01 1.271610e+02
-9.546359e-01 8.249816e-02 2.861195e-01 -2.657437e+01 9.218459e-02 9.955303e-01 2.052744e-02 -3.015832e-01 -2.831472e-01 4.597204e-02 -9.579740e-01 1.261333e+02
-9.537386e-01 8.523068e-02 2.883025e-01 -2.647953e+01 9.496140e-02 9.952819e-01 1.990897e-02 -1.393060e-01 -2.852454e-01 4.636556e-02 -9.573324e-01 1.250436e+02
-9.532758e-01 8.792632e-02 2.890230e-01 -2.614537e+01 9.797893e-02 9.949780e-01 2.046960e-02 -1.554017e-01 -2.857717e-01 4.783134e-02 -9.571033e-01 1.238358e+02
-9.533165e-01 8.745427e-02 2.890319e-01 -2.578184e+01 9.754125e-02 9.950172e-01 2.065231e-02 -1.448724e-01 -2.857856e-01 4.788073e-02 -9.570967e-01 1.226617e+02
-9.526459e-01 8.936364e-02 2.906543e-01 -2.569606e+01 9.820684e-02 9.950382e-01 1.595060e-02 -4.787419e-02 -2.877867e-01 4.373952e-02 -9.566952e-01 1.213276e+02
-9.526060e-01 8.929742e-02 2.908055e-01 -2.535260e+01 9.745606e-02 9.951460e-01 1.366290e-02 -5.972141e-02 -2.881739e-01 4.135612e-02 -9.566846e-01 1.200668e+02
-9.530475e-01 8.603205e-02 2.903427e-01 -2.495454e+01 9.390037e-02 9.954934e-01 1.325047e-02 -4.823939e-02 -2.878943e-01 3.989162e-02 -9.568310e-01 1.188559e+02
-9.519137e-01 8.982409e-02 2.929027e-01 -2.489398e+01 9.740964e-02 9.951793e-01 1.138433e-02 9.483814e-02 -2.904681e-01 3.936844e-02 -9.560745e-01 1.174379e+02
-9.523186e-01 8.868772e-02 2.919310e-01 -2.454388e+01 9.610678e-02 9.953087e-01 1.114175e-02 9.781081e-02 -2.895733e-01 3.866704e-02 -9.563745e-01 1.163348e+02
-9.528270e-01 8.834810e-02 2.903711e-01 -2.417254e+01 9.565291e-02 9.953536e-01 1.103097e-02 6.633497e-02 -2.880474e-01 3.828545e-02 -9.568505e-01 1.151363e+02
-9.522553e-01 9.019792e-02 2.916749e-01 -2.410671e+01 9.727237e-02 9.952094e-01 9.813349e-03 1.522441e-01 -2.893925e-01 3.771672e-02 -9.564672e-01 1.138746e+02
-9.523600e-01 9.080200e-02 2.911450e-01 -2.378519e+01 9.794940e-02 9.951408e-01 1.003734e-02 1.352579e-01 -2.888188e-01 3.807664e-02 -9.566263e-01 1.127872e+02
-9.526691e-01 9.127644e-02 2.899832e-01 -2.345606e+01 9.832076e-02 9.951067e-01 9.784552e-03 1.084403e-01 -2.876711e-01 3.783281e-02 -9.569817e-01 1.117205e+02
-9.515896e-01 9.547734e-02 2.921664e-01 -2.344800e+01 1.020646e-01 9.947506e-01 7.350133e-03 2.095411e-01 -2.899310e-01 3.681416e-02 -9.563392e-01 1.104539e+02
-9.517851e-01 9.598043e-02 2.913637e-01 -2.314560e+01 1.023195e-01 9.947300e-01 6.560696e-03 1.939861e-01 -2.891985e-01 3.605655e-02 -9.565899e-01 1.094403e+02
-9.514301e-01 9.960876e-02 2.913055e-01 -2.294187e+01 1.060776e-01 9.943369e-01 6.456458e-03 2.013058e-01 -2.890127e-01 3.704387e-02 -9.566083e-01 1.086146e+02
-9.508393e-01 1.010850e-01 2.927224e-01 -2.293633e+01 1.072765e-01 9.942160e-01 5.132556e-03 2.771589e-01 -2.905105e-01 3.628248e-02 -9.561837e-01 1.076347e+02
-9.509173e-01 1.029784e-01 2.918077e-01 -2.265210e+01 1.093002e-01 9.939941e-01 5.399207e-03 2.583209e-01 -2.894991e-01 3.702885e-02 -9.564618e-01 1.066730e+02
-9.509059e-01 1.044285e-01 2.913293e-01 -2.232105e+01 1.110802e-01 9.937912e-01 6.339007e-03 2.210019e-01 -2.888585e-01 3.838872e-02 -9.566018e-01 1.055747e+02
-9.496932e-01 1.092690e-01 2.935014e-01 -2.233368e+01 1.157989e-01 9.932605e-01 4.909151e-03 3.434040e-01 -2.909869e-01 3.864933e-02 -9.559460e-01 1.046551e+02
-9.503513e-01 1.079798e-01 2.918438e-01 -2.202982e+01 1.148713e-01 9.933589e-01 6.528829e-03 3.032048e-01 -2.892007e-01 3.972916e-02 -9.564437e-01 1.037372e+02
-9.507158e-01 1.068318e-01 2.910782e-01 -2.174910e+01 1.137715e-01 9.934825e-01 6.970299e-03 2.727612e-01 -2.884364e-01 3.974318e-02 -9.566739e-01 1.027797e+02
-9.493766e-01 1.140252e-01 2.927153e-01 -2.175923e+01 1.210376e-01 9.926304e-01 5.894200e-03 3.974063e-01 -2.898861e-01 4.102537e-02 -9.561815e-01 1.019875e+02
-9.497250e-01 1.128685e-01 2.920326e-01 -2.148759e+01 1.202729e-01 9.927128e-01 7.465449e-03 3.755248e-01 -2.890619e-01 4.221374e-02 -9.563792e-01 1.010032e+02
-9.501673e-01 1.113898e-01 2.911606e-01 -2.127233e+01 1.193483e-01 9.928055e-01 9.659336e-03 3.486245e-01 -2.879898e-01 4.392750e-02 -9.566254e-01 1.003612e+02
-9.482132e-01 1.196893e-01 2.942214e-01 -2.125146e+01 1.281697e-01 9.917054e-01 9.637849e-03 4.196394e-01 -2.906274e-01 4.684901e-02 -9.556887e-01 9.934841e+01
-9.478487e-01 1.195752e-01 2.954398e-01 -2.100572e+01 1.283863e-01 9.916683e-01 1.053299e-02 4.144561e-01 -2.917188e-01 4.791412e-02 -9.553033e-01 9.849163e+01
-9.456963e-01 1.269511e-01 2.992355e-01 -2.070734e+01 1.360579e-01 9.906533e-01 9.707633e-03 3.896695e-01 -2.952062e-01 4.989382e-02 -9.541299e-01 9.761334e+01
-9.416784e-01 1.337879e-01 3.087759e-01 -2.074852e+01 1.431706e-01 9.896671e-01 7.821718e-03 4.482106e-01 -3.045389e-01 5.157317e-02 -9.511027e-01 9.693340e+01
-9.367831e-01 1.392932e-01 3.209903e-01 -2.052372e+01 1.492765e-01 9.887736e-01 6.574168e-03 4.411692e-01 -3.164710e-01 5.407487e-02 -9.470597e-01 9.619725e+01
-9.308835e-01 1.413447e-01 3.368642e-01 -2.024082e+01 1.519077e-01 9.883817e-01 5.063868e-03 4.150355e-01 -3.322347e-01 5.588614e-02 -9.415396e-01 9.537300e+01
-9.213545e-01 1.476447e-01 3.595929e-01 -2.024973e+01 1.588318e-01 9.873044e-01 1.585387e-03 4.897199e-01 -3.547935e-01 5.857547e-02 -9.331080e-01 9.458921e+01
-9.111762e-01 1.495677e-01 3.839107e-01 -1.999636e+01 1.610773e-01 9.869393e-01 -2.199757e-03 4.719700e-01 -3.792256e-01 5.983491e-02 -9.233676e-01 9.388665e+01
-8.991613e-01 1.519089e-01 4.104055e-01 -1.971570e+01 1.634677e-01 9.865238e-01 -7.012215e-03 4.465516e-01 -4.059400e-01 6.078295e-02 -9.118762e-01 9.333908e+01
-8.817805e-01 1.585175e-01 4.442244e-01 -1.963749e+01 1.695383e-01 9.854079e-01 -1.510226e-02 5.278566e-01 -4.401362e-01 6.199618e-02 -8.957882e-01 9.271034e+01
-8.648542e-01 1.572264e-01 4.767674e-01 -1.932120e+01 1.674750e-01 9.856474e-01 -2.124371e-02 4.817090e-01 -4.732646e-01 6.147392e-02 -8.787728e-01 9.218866e+01
-8.452096e-01 1.533620e-01 5.119579e-01 -1.904805e+01 1.622044e-01 9.863687e-01 -2.768742e-02 4.716351e-01 -5.092254e-01 5.964013e-02 -8.585642e-01 9.168623e+01
-8.215218e-01 1.552097e-01 5.486455e-01 -1.884958e+01 1.618734e-01 9.861329e-01 -3.658998e-02 5.353844e-01 -5.467165e-01 5.875161e-02 -8.352541e-01 9.098036e+01
-7.971217e-01 1.496524e-01 5.849797e-01 -1.849627e+01 1.547565e-01 9.870748e-01 -4.163957e-02 5.029738e-01 -5.836501e-01 5.733759e-02 -8.099784e-01 9.048429e+01
-7.690367e-01 1.431382e-01 6.229719e-01 -1.815018e+01 1.459691e-01 9.881789e-01 -4.685686e-02 4.625511e-01 -6.223147e-01 5.490003e-02 -7.808396e-01 9.010915e+01
-7.348646e-01 1.435870e-01 6.628399e-01 -1.792915e+01 1.417088e-01 9.882674e-01 -5.697542e-02 5.415117e-01 -6.632440e-01 5.206100e-02 -7.465903e-01 8.962233e+01
-7.000838e-01 1.364201e-01 7.009082e-01 -1.754818e+01 1.309352e-01 9.894628e-01 -6.180121e-02 5.128270e-01 -7.019535e-01 4.850756e-02 -7.105690e-01 8.927290e+01
-6.617087e-01 1.279770e-01 7.387581e-01 -1.714674e+01 1.193505e-01 9.907401e-01 -6.472571e-02 4.405193e-01 -7.402007e-01 4.534161e-02 -6.708555e-01 8.894501e+01
-6.180872e-01 1.292339e-01 7.754140e-01 -1.682555e+01 1.144017e-01 9.906806e-01 -7.392086e-02 5.045821e-01 -7.777406e-01 4.301915e-02 -6.271115e-01 8.852402e+01
-5.735540e-01 1.242872e-01 8.096842e-01 -1.642314e+01 1.046337e-01 9.914420e-01 -7.806806e-02 4.915407e-01 -8.124577e-01 3.994403e-02 -5.816502e-01 8.823297e+01
-5.284925e-01 1.176375e-01 8.407479e-01 -1.591853e+01 9.618781e-02 9.922727e-01 -7.837544e-02 3.904798e-01 -8.434711e-01 3.944887e-02 -5.357240e-01 8.803461e+01
-4.706316e-01 1.251357e-01 8.734111e-01 -1.557705e+01 9.751604e-02 9.912045e-01 -8.946643e-02 4.930221e-01 -8.769245e-01 4.306587e-02 -4.786949e-01 8.765289e+01
-4.167440e-01 1.246497e-01 9.004370e-01 -1.510492e+01 9.199598e-02 9.912514e-01 -9.464340e-02 4.295933e-01 -9.043568e-01 4.339452e-02 -4.245654e-01 8.745558e+01
-3.610107e-01 1.253584e-01 9.240977e-01 -1.462478e+01 8.785478e-02 9.910886e-01 -1.001244e-01 3.580848e-01 -9.284141e-01 4.504040e-02 -3.688069e-01 8.728610e+01
-3.020101e-01 1.358776e-01 9.435715e-01 -1.429152e+01 8.125733e-02 9.898570e-01 -1.165347e-01 4.779629e-01 -9.498353e-01 4.147745e-02 -3.099878e-01 8.707870e+01
-2.451053e-01 1.331547e-01 9.603089e-01 -1.387187e+01 7.306276e-02 9.902436e-01 -1.186572e-01 4.157262e-01 -9.667395e-01 4.107933e-02 -2.524426e-01 8.700461e+01
-1.876057e-01 1.318015e-01 9.733614e-01 -1.342743e+01 6.353388e-02 9.905096e-01 -1.218780e-01 3.550845e-01 -9.801875e-01 3.897642e-02 -1.941991e-01 8.695310e+01
-1.266043e-01 1.401925e-01 9.819966e-01 -1.297817e+01 5.300380e-02 9.895044e-01 -1.344308e-01 4.294236e-01 -9.905362e-01 3.503004e-02 -1.327063e-01 8.679860e+01
-7.006435e-02 1.403146e-01 9.876248e-01 -1.254137e+01 4.491270e-02 9.894977e-01 -1.373944e-01 3.571589e-01 -9.965309e-01 3.473045e-02 -7.563042e-02 8.680471e+01
-1.684652e-02 1.432926e-01 9.895370e-01 -1.210584e+01 3.681716e-02 9.890952e-01 -1.426018e-01 2.900500e-01 -9.991800e-01 3.402960e-02 -2.193844e-02 8.683431e+01
3.573975e-02 1.558890e-01 9.871278e-01 -1.170921e+01 3.031536e-02 9.871352e-01 -1.569878e-01 3.868397e-01 -9.989012e-01 3.553584e-02 3.055414e-02 8.677156e+01
8.040942e-02 1.562996e-01 9.844312e-01 -1.130906e+01 1.611303e-02 9.872963e-01 -1.580707e-01 3.572119e-01 -9.966317e-01 2.857254e-02 7.686947e-02 8.684159e+01
1.185179e-01 1.590463e-01 9.801315e-01 -1.068507e+01 2.589513e-03 9.870357e-01 -1.604798e-01 1.569959e-01 -9.929485e-01 2.155779e-02 1.165696e-01 8.693597e+01
1.558964e-01 1.669247e-01 9.735669e-01 -1.077637e+01 -8.134551e-03 9.858011e-01 -1.677198e-01 2.710603e-01 -9.877399e-01 1.822737e-02 1.550407e-01 8.667508e+01
1.845628e-01 1.690266e-01 9.681770e-01 -1.018427e+01 -8.755177e-03 9.853439e-01 -1.703546e-01 1.766539e-01 -9.827817e-01 2.296456e-02 1.833377e-01 8.686725e+01
2.076982e-01 1.724511e-01 9.628718e-01 -9.682193e+00 -1.334517e-02 9.847452e-01 -1.734900e-01 1.156257e-01 -9.781019e-01 2.318386e-02 2.068312e-01 8.697205e+01
2.274232e-01 1.860583e-01 9.558562e-01 -9.253106e+00 -2.101618e-02 9.822865e-01 -1.862027e-01 2.225543e-01 -9.735692e-01 2.225837e-02 2.273050e-01 8.696038e+01
2.406353e-01 1.934979e-01 9.511326e-01 -8.711920e+00 -2.726276e-02 9.808880e-01 -1.926538e-01 1.171930e-01 -9.702327e-01 2.042881e-02 2.413115e-01 8.713974e+01
2.543531e-01 1.937516e-01 9.475045e-01 -8.224912e+00 -2.357363e-02 9.806773e-01 -1.942067e-01 6.565898e-02 -9.668241e-01 2.706096e-02 2.540058e-01 8.717138e+01
2.622256e-01 1.981139e-01 9.444515e-01 -7.798126e+00 -2.886773e-02 9.798719e-01 -1.975289e-01 1.184792e-01 -9.645747e-01 2.453295e-02 2.626666e-01 8.724577e+01
2.704411e-01 1.932987e-01 9.431316e-01 -7.262810e+00 -2.798275e-02 9.808006e-01 -1.929952e-01 -8.733773e-03 -9.623298e-01 2.580241e-02 2.706578e-01 8.733954e+01
2.732907e-01 1.911658e-01 9.427448e-01 -6.809820e+00 -3.010315e-02 9.812737e-01 -1.902520e-01 -9.691092e-02 -9.614604e-01 2.361450e-02 2.739276e-01 8.752110e+01
2.781813e-01 1.997018e-01 9.395394e-01 -6.398021e+00 -3.024028e-02 9.794843e-01 -1.992386e-01 -3.645223e-01 -9.600524e-01 2.701251e-02 2.785133e-01 8.755679e+01
2.790734e-01 1.991907e-01 9.393834e-01 -5.822838e+00 -2.810597e-02 9.795247e-01 -1.993526e-01 -5.227748e-01 -9.598584e-01 2.923175e-02 2.789578e-01 8.772921e+01
2.797444e-01 1.992657e-01 9.391679e-01 -5.184325e+00 -2.629919e-02 9.794473e-01 -1.999783e-01 -6.759572e-01 -9.597143e-01 3.124344e-02 2.792354e-01 8.795272e+01
2.745697e-01 2.198710e-01 9.360920e-01 -4.428699e+00 -3.672050e-02 9.751940e-01 -2.182847e-01 -1.590349e-01 -9.608658e-01 2.556059e-02 2.758325e-01 8.789827e+01
2.752925e-01 2.197322e-01 9.359123e-01 -3.888364e+00 -3.374645e-02 9.751377e-01 -2.190152e-01 -2.772404e-01 -9.607680e-01 2.870953e-02 2.758633e-01 8.802429e+01
2.741881e-01 2.199290e-01 9.361902e-01 -3.222163e+00 -3.495779e-02 9.751345e-01 -2.188394e-01 -4.734948e-01 -9.610405e-01 2.727603e-02 2.750585e-01 8.825354e+01
2.715526e-01 2.318070e-01 9.340903e-01 -2.483491e+00 -3.858726e-02 9.724024e-01 -2.300968e-01 -2.854745e-01 -9.616497e-01 2.643941e-02 2.730032e-01 8.824095e+01
2.737535e-01 2.301779e-01 9.338507e-01 -1.858354e+00 -3.561701e-02 9.727009e-01 -2.293129e-01 -4.682865e-01 -9.611402e-01 2.951423e-02 2.744785e-01 8.836661e+01
2.761199e-01 2.288350e-01 9.334840e-01 -1.218917e+00 -3.041515e-02 9.728368e-01 -2.294853e-01 -6.256196e-01 -9.606418e-01 3.497342e-02 2.755797e-01 8.856084e+01
2.747237e-01 2.353521e-01 9.322748e-01 -3.877598e-01 -3.389873e-02 9.713491e-01 -2.352271e-01 -4.381071e-01 -9.609255e-01 3.301953e-02 2.748307e-01 8.861925e+01
2.801144e-01 2.343575e-01 9.309202e-01 2.772057e-01 -3.197504e-02 9.714820e-01 -2.349475e-01 -6.089985e-01 -9.594340e-01 3.604598e-02 2.796197e-01 8.879052e+01
2.861694e-01 2.333856e-01 9.293214e-01 1.001035e+00 -2.954094e-02 9.715707e-01 -2.348992e-01 -8.021224e-01 -9.577236e-01 3.976793e-02 2.849282e-01 8.905399e+01
2.904029e-01 2.342920e-01 9.277788e-01 1.839223e+00 -3.546552e-02 9.715317e-01 -2.342399e-01 -5.783088e-01 -9.562470e-01 3.511979e-02 2.904449e-01 8.905875e+01
2.999885e-01 2.320019e-01 9.253010e-01 2.521458e+00 -3.507502e-02 9.720020e-01 -2.323397e-01 -7.614354e-01 -9.532978e-01 3.724430e-02 2.997269e-01 8.926099e+01
3.091771e-01 2.305123e-01 9.226449e-01 3.396603e+00 -3.637264e-02 9.723357e-01 -2.307386e-01 -9.916108e-01 -9.503087e-01 3.778007e-02 3.090083e-01 8.963151e+01
3.156117e-01 2.273205e-01 9.212571e-01 4.070521e+00 -4.749531e-02 9.734479e-01 -2.239272e-01 -6.938587e-01 -9.476990e-01 2.691865e-02 3.180282e-01 8.951320e+01
3.246095e-01 2.275608e-01 9.180658e-01 4.873422e+00 -5.127536e-02 9.734335e-01 -2.231548e-01 -9.063991e-01 -9.444573e-01 2.536403e-02 3.276540e-01 8.984024e+01
3.344053e-01 2.296043e-01 9.140322e-01 5.505349e+00 -5.818608e-02 9.730480e-01 -2.231413e-01 -1.098890e+00 -9.406314e-01 2.143568e-02 3.387522e-01 9.001155e+01
3.424917e-01 2.283426e-01 9.113502e-01 6.295644e+00 -6.365479e-02 9.734266e-01 -2.199743e-01 -7.898469e-01 -9.373620e-01 1.732754e-02 3.479256e-01 8.994337e+01
3.496588e-01 2.331441e-01 9.074043e-01 7.065581e+00 -6.896933e-02 9.723190e-01 -2.232463e-01 -9.807681e-01 -9.343350e-01 1.547698e-02 3.560597e-01 9.027252e+01
3.525672e-01 2.364512e-01 9.054210e-01 7.929019e+00 -7.860780e-02 9.716145e-01 -2.231281e-01 -1.220826e+00 -9.324790e-01 7.494485e-03 3.611463e-01 9.071059e+01
3.527465e-01 2.265564e-01 9.078778e-01 8.801829e+00 -8.482874e-02 9.739937e-01 -2.100959e-01 -9.492417e-01 -9.318659e-01 -2.903523e-03 3.627914e-01 9.067918e+01
3.517774e-01 2.265006e-01 9.082677e-01 9.516682e+00 -8.969822e-02 9.739761e-01 -2.081461e-01 -1.123221e+00 -9.317762e-01 -8.248905e-03 3.629395e-01 9.098297e+01
3.498544e-01 2.265596e-01 9.089954e-01 1.029411e+01 -9.125963e-02 9.739427e-01 -2.076231e-01 -1.286732e+00 -9.323484e-01 -1.031672e-02 3.614139e-01 9.128398e+01
3.413702e-01 2.153226e-01 9.149331e-01 1.133486e+01 -9.677597e-02 9.762852e-01 -1.936533e-01 -1.125278e+00 -9.349336e-01 -2.243605e-02 3.541127e-01 9.141718e+01
3.358329e-01 2.166190e-01 9.166747e-01 1.208848e+01 -9.706771e-02 9.759741e-01 -1.950703e-01 -1.301128e+00 -9.369067e-01 -2.346848e-02 3.487909e-01 9.168753e+01
3.289272e-01 2.176491e-01 9.189319e-01 1.290270e+01 -1.017315e-01 9.755825e-01 -1.946525e-01 -1.504080e+00 -9.388597e-01 -2.945779e-02 3.430374e-01 9.195610e+01
3.171786e-01 2.055030e-01 9.258327e-01 1.373753e+01 -9.928008e-02 9.780710e-01 -1.830860e-01 -1.308209e+00 -9.431549e-01 -3.384577e-02 3.306256e-01 9.193934e+01
3.075814e-01 2.044915e-01 9.292884e-01 1.452221e+01 -9.705618e-02 9.782825e-01 -1.831486e-01 -1.467667e+00 -9.465589e-01 -3.386009e-02 3.207487e-01 9.219252e+01
2.963725e-01 2.015884e-01 9.335553e-01 1.524195e+01 -9.940076e-02 9.786729e-01 -1.797746e-01 -1.676549e+00 -9.498857e-01 -3.951587e-02 3.100897e-01 9.241303e+01
2.837058e-01 1.865844e-01 9.405835e-01 1.610977e+01 -9.089990e-02 9.817026e-01 -1.673234e-01 -1.445733e+00 -9.545932e-01 -3.802832e-02 2.954752e-01 9.241669e+01
2.738392e-01 1.859985e-01 9.436189e-01 1.687607e+01 -9.077978e-02 9.817402e-01 -1.671683e-01 -1.654723e+00 -9.574816e-01 -3.988427e-02 2.857239e-01 9.259596e+01
2.620801e-01 1.873593e-01 9.466839e-01 1.772293e+01 -8.591206e-02 9.816075e-01 -1.704872e-01 -1.799470e+00 -9.612144e-01 -3.665026e-02 2.733563e-01 9.287573e+01
2.490324e-01 1.738759e-01 9.527592e-01 1.871502e+01 -7.843989e-02 9.841414e-01 -1.591004e-01 -1.583152e+00 -9.653134e-01 -3.511316e-02 2.587219e-01 9.287948e+01
2.375059e-01 1.727282e-01 9.559058e-01 1.950136e+01 -7.489141e-02 9.843907e-01 -1.592676e-01 -1.729232e+00 -9.684948e-01 -3.376214e-02 2.467344e-01 9.308078e+01
2.265530e-01 1.713622e-01 9.588059e-01 2.025504e+01 -7.239611e-02 9.846411e-01 -1.588733e-01 -1.883944e+00 -9.713046e-01 -3.342059e-02 2.354793e-01 9.327604e+01
2.142690e-01 1.574427e-01 9.640024e-01 2.128575e+01 -6.891500e-02 9.869013e-01 -1.458649e-01 -1.728942e+00 -9.743406e-01 -3.517990e-02 2.223125e-01 9.325041e+01
2.079605e-01 1.575814e-01 9.653603e-01 2.209269e+01 -6.415307e-02 9.870099e-01 -1.472954e-01 -1.849716e+00 -9.760311e-01 -3.129921e-02 2.153684e-01 9.341207e+01
2.019606e-01 1.587978e-01 9.664343e-01 2.292688e+01 -6.245854e-02 9.868476e-01 -1.490997e-01 -1.988919e+00 -9.774000e-01 -3.024981e-02 2.092226e-01 9.362452e+01
1.960150e-01 1.470832e-01 9.695074e-01 2.390331e+01 -6.058687e-02 9.886147e-01 -1.377325e-01 -1.874291e+00 -9.787274e-01 -3.174178e-02 2.026946e-01 9.356744e+01
1.948369e-01 1.495890e-01 9.693615e-01 2.466516e+01 -5.859669e-02 9.883116e-01 -1.407357e-01 -1.984699e+00 -9.790838e-01 -2.938087e-02 2.013250e-01 9.369360e+01
1.940238e-01 1.516742e-01 9.692005e-01 2.554110e+01 -5.556897e-02 9.880882e-01 -1.435057e-01 -2.096616e+00 -9.794217e-01 -2.601396e-02 2.001410e-01 9.388921e+01
1.935463e-01 1.392156e-01 9.711637e-01 2.648111e+01 -5.122072e-02 9.899651e-01 -1.317028e-01 -1.945804e+00 -9.797532e-01 -2.425311e-02 1.987348e-01 9.381118e+01
1.957535e-01 1.387776e-01 9.707839e-01 2.729346e+01 -5.162128e-02 9.900218e-01 -1.311186e-01 -2.063964e+00 -9.792935e-01 -2.444619e-02 2.009641e-01 9.396793e+01
1.975503e-01 1.362979e-01 9.707712e-01 2.817232e+01 -5.546206e-02 9.902548e-01 -1.277470e-01 -2.218432e+00 -9.787225e-01 -2.860450e-02 2.031845e-01 9.416132e+01
1.996132e-01 1.215296e-01 9.723092e-01 2.892246e+01 -4.967686e-02 9.922581e-01 -1.138245e-01 -2.101090e+00 -9.786147e-01 -2.558040e-02 2.041050e-01 9.398523e+01
2.009595e-01 1.189654e-01 9.723490e-01 2.981410e+01 -5.472058e-02 9.924118e-01 -1.101108e-01 -2.265494e+00 -9.780700e-01 -3.107970e-02 2.059444e-01 9.420385e+01
2.039158e-01 1.174760e-01 9.719145e-01 3.058479e+01 -5.492211e-02 9.925834e-01 -1.084512e-01 -2.371107e+00 -9.774466e-01 -3.126468e-02 2.088555e-01 9.431548e+01
2.022048e-01 1.077148e-01 9.734016e-01 3.168561e+01 -4.822744e-02 9.938223e-01 -9.995625e-02 -2.207619e+00 -9.781551e-01 -2.673303e-02 2.061505e-01 9.432854e+01
2.004967e-01 1.094081e-01 9.735661e-01 3.253616e+01 -5.320004e-02 9.934943e-01 -1.006916e-01 -2.311385e+00 -9.782489e-01 -3.160542e-02 2.050128e-01 9.450206e+01
1.965802e-01 1.103704e-01 9.742559e-01 3.339274e+01 -5.725620e-02 9.932407e-01 -1.009683e-01 -2.428584e+00 -9.788146e-01 -3.593383e-02 2.015709e-01 9.468148e+01
1.873852e-01 1.015581e-01 9.770224e-01 3.435273e+01 -6.054529e-02 9.939439e-01 -9.170495e-02 -2.345879e+00 -9.804188e-01 -4.196995e-02 1.923993e-01 9.462760e+01
1.769204e-01 1.039383e-01 9.787216e-01 3.536208e+01 -6.491915e-02 9.934751e-01 -9.376986e-02 -2.442101e+00 -9.820818e-01 -4.694797e-02 1.825136e-01 9.484668e+01
1.648612e-01 1.065235e-01 9.805476e-01 3.608606e+01 -6.679835e-02 9.930741e-01 -9.665344e-02 -2.554576e+00 -9.840522e-01 -4.956456e-02 1.708349e-01 9.491316e+01
1.468884e-01 1.015542e-01 9.839261e-01 3.693331e+01 -6.595927e-02 9.935073e-01 -9.269618e-02 -2.500205e+00 -9.869515e-01 -5.128305e-02 1.526332e-01 9.477233e+01
1.302408e-01 1.022628e-01 9.861945e-01 3.778369e+01 -6.534117e-02 9.933897e-01 -9.437968e-02 -2.609649e+00 -9.893270e-01 -5.214702e-02 1.360619e-01 9.482642e+01
1.094217e-01 9.971060e-02 9.889816e-01 3.887226e+01 -6.169300e-02 9.937190e-01 -9.336246e-02 -2.686638e+00 -9.920791e-01 -5.079737e-02 1.148859e-01 9.502560e+01
8.659134e-02 8.565967e-02 9.925545e-01 3.970022e+01 -5.590509e-02 9.951445e-01 -8.100598e-02 -2.604487e+00 -9.946741e-01 -4.847443e-02 9.095971e-02 9.482585e+01
6.528944e-02 8.419311e-02 9.943082e-01 4.058224e+01 -5.318586e-02 9.953115e-01 -8.078571e-02 -2.693338e+00 -9.964480e-01 -4.760868e-02 6.946122e-02 9.488172e+01
4.443741e-02 8.387894e-02 9.954846e-01 4.146263e+01 -4.679161e-02 9.955501e-01 -8.179573e-02 -2.775875e+00 -9.979158e-01 -4.294554e-02 4.816450e-02 9.491618e+01
2.406906e-02 7.613731e-02 9.968068e-01 4.232360e+01 -3.649571e-02 9.964979e-01 -7.523249e-02 -2.750736e+00 -9.990439e-01 -3.456839e-02 2.676345e-02 9.463861e+01
3.567667e-03 7.423099e-02 9.972347e-01 4.331103e+01 -3.283105e-02 9.967121e-01 -7.407464e-02 -2.838548e+00 -9.994545e-01 -3.247599e-02 5.993018e-03 9.464258e+01
-1.479813e-02 7.304272e-02 9.972190e-01 4.408723e+01 -2.538073e-02 9.969794e-01 -7.340180e-02 -2.924406e+00 -9.995683e-01 -2.639635e-02 -1.289955e-02 9.459605e+01
-3.234776e-02 6.658548e-02 9.972562e-01 4.490281e+01 -1.821567e-02 9.975734e-01 -6.719751e-02 -2.854816e+00 -9.993107e-01 -2.033938e-02 -3.105637e-02 9.428863e+01
-4.736623e-02 6.741928e-02 9.965998e-01 4.577708e+01 -1.705721e-02 9.975195e-01 -6.829219e-02 -2.938403e+00 -9.987319e-01 -2.023395e-02 -4.609875e-02 9.424368e+01
-5.964241e-02 6.396247e-02 9.961685e-01 4.653294e+01 -1.263450e-02 9.978167e-01 -6.482475e-02 -3.003437e+00 -9.981398e-01 -1.645239e-02 -5.870406e-02 9.413919e+01
-7.330912e-02 4.687681e-02 9.962070e-01 4.754523e+01 -1.095832e-02 9.987966e-01 -4.780507e-02 -2.962533e+00 -9.972491e-01 -1.442130e-02 -7.270721e-02 9.389874e+01
-8.091077e-02 3.655126e-02 9.960509e-01 4.839334e+01 -1.187806e-02 9.992211e-01 -3.763246e-02 -3.004275e+00 -9.966506e-01 -1.487602e-02 -8.041359e-02 9.380625e+01
-8.678495e-02 3.191226e-02 9.957158e-01 4.936894e+01 -1.210125e-02 9.993793e-01 -3.308440e-02 -3.087205e+00 -9.961536e-01 -1.492064e-02 -8.634491e-02 9.377493e+01
-9.045826e-02 3.189401e-02 9.953894e-01 5.025228e+01 -9.991874e-03 9.994077e-01 -3.293079e-02 -3.092732e+00 -9.958501e-01 -1.292467e-02 -9.008600e-02 9.351335e+01
-9.033969e-02 4.357857e-02 9.949571e-01 5.105075e+01 -7.591644e-03 9.989830e-01 -4.444421e-02 -3.137693e+00 -9.958821e-01 -1.156844e-02 -8.991698e-02 9.340019e+01
-8.904991e-02 5.308678e-02 9.946114e-01 5.194084e+01 -8.133728e-03 9.985066e-01 -5.402291e-02 -3.192152e+00 -9.959940e-01 -1.290063e-02 -8.848513e-02 9.332183e+01
-8.971964e-02 4.758640e-02 9.948296e-01 5.282451e+01 -8.086983e-03 9.987902e-01 -4.850518e-02 -3.207487e+00 -9.959342e-01 -1.239704e-02 -8.922627e-02 9.300625e+01
-9.019582e-02 4.439344e-02 9.949341e-01 5.369945e+01 -6.870074e-03 9.989545e-01 -4.519563e-02 -3.249794e+00 -9.959004e-01 -1.091173e-02 -8.979654e-02 9.291041e+01
-9.066684e-02 3.806057e-02 9.951537e-01 5.440645e+01 -8.747829e-03 9.992004e-01 -3.901234e-02 -3.315632e+00 -9.958429e-01 -1.224256e-02 -9.026140e-02 9.274164e+01
-9.786482e-02 2.864735e-02 9.947873e-01 5.544320e+01 -7.238350e-03 9.995387e-01 -2.949627e-02 -3.272342e+00 -9.951734e-01 -1.008727e-02 -9.761231e-02 9.248211e+01
-1.032902e-01 2.636680e-02 9.943017e-01 5.623129e+01 -5.576672e-03 9.996175e-01 -2.708708e-02 -3.299490e+00 -9.946356e-01 -8.342724e-03 -1.031036e-01 9.233278e+01
-1.120808e-01 2.576228e-02 9.933651e-01 5.711358e+01 -8.891882e-03 9.995978e-01 -2.692718e-02 -3.391424e+00 -9.936593e-01 -1.185091e-02 -1.118067e-01 9.222935e+01
-1.276114e-01 2.586815e-02 9.914868e-01 5.807804e+01 -7.203709e-03 9.996093e-01 -2.700723e-02 -3.336090e+00 -9.917981e-01 -1.058881e-02 -1.273752e-01 9.200044e+01
-1.415275e-01 2.710141e-02 9.895633e-01 5.898095e+01 -5.309202e-03 9.995900e-01 -2.813534e-02 -3.394712e+00 -9.899201e-01 -9.235715e-03 -1.413255e-01 9.183980e+01
-1.562476e-01 2.795248e-02 9.873223e-01 5.991209e+01 -5.351540e-03 9.995608e-01 -2.914587e-02 -3.474252e+00 -9.877034e-01 -9.837667e-03 -1.560294e-01 9.165687e+01
-1.724083e-01 2.803418e-02 9.846266e-01 6.033035e+01 -6.635909e-03 9.995392e-01 -2.962072e-02 -3.429804e+00 -9.850032e-01 -1.164075e-02 -1.721428e-01 9.136477e+01
-1.847203e-01 3.765155e-02 9.820696e-01 6.129284e+01 -3.555758e-03 9.992337e-01 -3.897842e-02 -3.487896e+00 -9.827847e-01 -1.069211e-02 -1.844448e-01 9.115868e+01
-1.955174e-01 4.122573e-02 9.798333e-01 6.202269e+01 -2.248986e-03 9.990946e-01 -4.248490e-02 -3.534746e+00 -9.806977e-01 -1.051017e-02 -1.952477e-01 9.097109e+01
-2.051344e-01 3.822532e-02 9.779871e-01 6.341526e+01 5.206438e-03 9.992655e-01 -3.796495e-02 -3.462850e+00 -9.787200e-01 -2.696089e-03 -2.051828e-01 9.051823e+01
-2.093175e-01 3.185046e-02 9.773289e-01 6.430358e+01 6.129299e-03 9.994925e-01 -3.126003e-02 -3.522258e+00 -9.778285e-01 -5.529303e-04 -2.094065e-01 9.028816e+01
-2.126957e-01 3.024390e-02 9.766503e-01 6.516481e+01 6.716779e-03 9.995425e-01 -2.949001e-02 -3.553389e+00 -9.770954e-01 2.875455e-04 -2.128015e-01 9.011179e+01
-2.140508e-01 2.629694e-02 9.764685e-01 6.618117e+01 1.010267e-02 9.996437e-01 -2.470647e-02 -3.550268e+00 -9.767703e-01 4.576502e-03 -2.142402e-01 8.964558e+01
-2.152391e-01 2.589189e-02 9.762181e-01 6.688028e+01 7.613936e-03 9.996626e-01 -2.483496e-02 -3.595398e+00 -9.765317e-01 2.087410e-03 -2.153636e-01 8.946109e+01
-2.154847e-01 2.507687e-02 9.761852e-01 6.787534e+01 9.089246e-03 9.996784e-01 -2.367401e-02 -3.608847e+00 -9.764649e-01 3.771401e-03 -2.156434e-01 8.923297e+01
-2.174456e-01 2.233190e-02 9.758169e-01 6.886551e+01 9.832344e-03 9.997376e-01 -2.068835e-02 -3.614944e+00 -9.760229e-01 5.095979e-03 -2.176081e-01 8.883510e+01
-2.184121e-01 2.004819e-02 9.756507e-01 6.982702e+01 5.812774e-03 9.997979e-01 -1.924312e-02 -3.662368e+00 -9.758393e-01 1.468308e-03 -2.184845e-01 8.862502e+01
-2.204843e-01 1.934403e-02 9.751987e-01 7.070230e+01 1.235856e-03 9.998081e-01 -1.955276e-02 -3.687302e+00 -9.753897e-01 -3.105871e-03 -2.204659e-01 8.840874e+01
-2.251827e-01 1.566257e-02 9.741907e-01 7.163295e+01 -1.266491e-04 9.998703e-01 -1.610471e-02 -3.694047e+00 -9.743165e-01 -3.749883e-03 -2.251515e-01 8.797205e+01
-2.326277e-01 1.496786e-02 9.724507e-01 7.261912e+01 -4.760364e-03 9.998521e-01 -1.652838e-02 -3.724312e+00 -9.725542e-01 -8.474179e-03 -2.325221e-01 8.775431e+01
-2.433459e-01 8.573677e-03 9.699017e-01 7.368955e+01 -1.441063e-02 9.998186e-01 -1.245373e-02 -3.805425e+00 -9.698325e-01 -1.700746e-02 -2.431782e-01 8.754437e+01
-2.547035e-01 5.832088e-03 9.670016e-01 7.469552e+01 -9.819532e-03 9.999147e-01 -8.617007e-03 -3.781249e+00 -9.669693e-01 -1.169028e-02 -2.546245e-01 8.707145e+01
-2.673177e-01 4.511357e-03 9.635979e-01 7.569978e+01 -8.107793e-03 9.999431e-01 -6.930751e-03 -3.779846e+00 -9.635743e-01 -9.665365e-03 -2.672659e-01 8.681756e+01
-2.782429e-01 2.854243e-03 9.605065e-01 7.654692e+01 -1.248472e-02 9.999004e-01 -6.587924e-03 -3.847568e+00 -9.604296e-01 -1.382470e-02 -2.781795e-01 8.649025e+01
-2.943384e-01 2.747134e-03 9.556973e-01 7.756651e+01 -5.247919e-03 9.999761e-01 -4.490682e-03 -3.782657e+00 -9.556869e-01 -6.337202e-03 -2.943169e-01 8.608154e+01
-3.075032e-01 2.779187e-03 9.515430e-01 7.854672e+01 -5.566183e-03 9.999734e-01 -4.719421e-03 -3.813699e+00 -9.515308e-01 -6.747700e-03 -3.074796e-01 8.576047e+01
-3.215052e-01 3.586355e-03 9.469010e-01 7.939165e+01 -5.326899e-03 9.999702e-01 -5.596017e-03 -3.842734e+00 -9.468928e-01 -6.843195e-03 -3.214765e-01 8.543453e+01
-3.384172e-01 5.537127e-03 9.409799e-01 8.037368e+01 -4.158357e-03 9.999641e-01 -7.379741e-03 -3.823431e+00 -9.409870e-01 -6.410362e-03 -3.383820e-01 8.498684e+01
-3.525573e-01 5.427449e-03 9.357745e-01 8.123428e+01 -5.537316e-03 9.999536e-01 -7.885894e-03 -3.854726e+00 -9.357739e-01 -7.961908e-03 -3.525109e-01 8.464817e+01
-3.663544e-01 4.524721e-03 9.304644e-01 8.224163e+01 -5.395326e-03 9.999610e-01 -6.986991e-03 -3.885840e+00 -9.304597e-01 -7.579873e-03 -3.663157e-01 8.427532e+01
-3.813392e-01 1.167455e-03 9.244344e-01 8.296142e+01 -4.569364e-03 9.999846e-01 -3.147778e-03 -3.860071e+00 -9.244239e-01 -5.424449e-03 -3.813280e-01 8.374263e+01
-3.949851e-01 3.997040e-04 9.186875e-01 8.384555e+01 -4.507345e-03 9.999870e-01 -2.372986e-03 -3.883834e+00 -9.186765e-01 -5.078135e-03 -3.949781e-01 8.337749e+01
-4.054324e-01 2.543194e-03 9.141215e-01 8.476808e+01 -8.261606e-04 9.999947e-01 -3.148524e-03 -3.889202e+00 -9.141246e-01 -2.031725e-03 -4.054282e-01 8.290396e+01
-4.170477e-01 1.312524e-03 9.088836e-01 8.562220e+01 2.307089e-03 9.999973e-01 -3.854776e-04 -3.960258e+00 -9.088817e-01 1.936113e-03 -4.170496e-01 8.238885e+01
-4.237637e-01 2.675909e-03 9.057688e-01 8.645534e+01 5.853836e-03 9.999828e-01 -2.155297e-04 -3.963206e+00 -9.057539e-01 5.210889e-03 -4.237721e-01 8.198326e+01
-4.295415e-01 3.585652e-03 9.030400e-01 8.728942e+01 8.700432e-03 9.999621e-01 1.679661e-04 -3.969588e+00 -9.030052e-01 7.928987e-03 -4.295564e-01 8.162946e+01
-4.336819e-01 5.182269e-03 9.010511e-01 8.800370e+01 1.500871e-02 9.998863e-01 1.473087e-03 -3.960371e+00 -9.009410e-01 1.416247e-02 -4.337104e-01 8.115849e+01
-4.343764e-01 5.352216e-03 9.007156e-01 8.872170e+01 1.706562e-02 9.998518e-01 2.288713e-03 -4.009610e+00 -9.005698e-01 1.636543e-02 -4.344033e-01 8.078729e+01
-4.339024e-01 6.131792e-03 9.009390e-01 8.943575e+01 1.864369e-02 9.998238e-01 2.174208e-03 -4.010179e+00 -9.007670e-01 1.774022e-02 -4.339402e-01 8.045954e+01
-4.308071e-01 7.521101e-03 9.024127e-01 9.027429e+01 2.469509e-02 9.996891e-01 3.457460e-03 -3.976460e+00 -9.021061e-01 2.377466e-02 -4.308589e-01 7.982855e+01
-4.274844e-01 5.576048e-03 9.040055e-01 9.109427e+01 2.379424e-02 9.997039e-01 5.085444e-03 -4.027474e+00 -9.037095e-01 2.368407e-02 -4.274905e-01 7.948307e+01
-4.219845e-01 7.913779e-03 9.065685e-01 9.171694e+01 2.943830e-02 9.995542e-01 4.977291e-03 -4.046893e+00 -9.061250e-01 2.878817e-02 -4.220294e-01 7.919242e+01
-4.154944e-01 6.725908e-03 9.095709e-01 9.243237e+01 2.969367e-02 9.995400e-01 6.172953e-03 -4.025991e+00 -9.091109e-01 2.957332e-02 -4.155030e-01 7.866012e+01
-4.091418e-01 6.184698e-03 9.124499e-01 9.315204e+01 2.963444e-02 9.995396e-01 6.513056e-03 -4.036143e+00 -9.119895e-01 2.970470e-02 -4.091367e-01 7.832233e+01
-4.036049e-01 6.230139e-03 9.149122e-01 9.382754e+01 2.996504e-02 9.995304e-01 6.412446e-03 -4.032321e+00 -9.144425e-01 3.000348e-02 -4.036020e-01 7.803891e+01
-3.987151e-01 4.773805e-03 9.170624e-01 9.435971e+01 3.145945e-02 9.994691e-01 8.474982e-03 -4.048737e+00 -9.165351e-01 3.222938e-02 -3.986536e-01 7.762668e+01
-3.943122e-01 4.750297e-03 9.189642e-01 9.498784e+01 3.200841e-02 9.994509e-01 8.567926e-03 -4.050725e+00 -9.184189e-01 3.279302e-02 -3.942478e-01 7.735476e+01
-3.916841e-01 5.957827e-03 9.200805e-01 9.565872e+01 3.097485e-02 9.994976e-01 6.714109e-03 -4.064067e+00 -9.195782e-01 3.112916e-02 -3.916718e-01 7.707162e+01
-3.933745e-01 7.614905e-03 9.193468e-01 9.619217e+01 3.048293e-02 9.995239e-01 4.764175e-03 -4.087953e+00 -9.188728e-01 2.989849e-02 -3.934193e-01 7.673496e+01
-3.944963e-01 1.325783e-02 9.188019e-01 9.679463e+01 3.324813e-02 9.994471e-01 -1.461009e-04 -4.106335e+00 -9.182959e-01 3.049081e-02 -3.947189e-01 7.644997e+01
-3.964840e-01 2.087187e-02 9.178044e-01 9.734927e+01 3.923385e-02 9.992134e-01 -5.774496e-03 -4.094393e+00 -9.172029e-01 3.371951e-02 -3.969910e-01 7.616117e+01
-4.020679e-01 1.943655e-02 9.154035e-01 9.788299e+01 3.893671e-02 9.992332e-01 -4.114524e-03 -4.126267e+00 -9.147816e-01 3.398848e-02 -4.025164e-01 7.578396e+01
-4.061163e-01 1.550889e-02 9.136898e-01 9.852521e+01 4.004089e-02 9.991977e-01 8.370545e-04 -4.119528e+00 -9.129437e-01 3.692489e-02 -4.064115e-01 7.548842e+01
-4.120267e-01 5.558645e-03 9.111548e-01 9.910285e+01 3.820905e-02 9.992072e-01 1.118242e-02 -4.145414e+00 -9.103703e-01 3.942181e-02 -4.119125e-01 7.525741e+01
-4.180735e-01 -3.043144e-03 9.084081e-01 9.965218e+01 3.592486e-02 9.991567e-01 1.988072e-02 -4.172091e+00 -9.077026e-01 4.094604e-02 -4.176117e-01 7.484526e+01
-4.233640e-01 -3.495386e-03 9.059529e-01 1.002880e+02 3.353978e-02 9.992466e-01 1.952893e-02 -4.180952e+00 -9.053386e-01 3.865331e-02 -4.229278e-01 7.454612e+01
-4.272645e-01 1.567932e-03 9.041253e-01 1.008282e+02 3.337314e-02 9.993444e-01 1.403816e-02 -4.166998e+00 -9.035105e-01 3.617151e-02 -4.270367e-01 7.428964e+01
-4.320399e-01 4.783150e-03 9.018418e-01 1.013852e+02 3.057926e-02 9.994886e-01 9.348375e-03 -4.184221e+00 -9.013359e-01 3.161652e-02 -4.319652e-01 7.389469e+01
-4.344682e-01 6.083608e-03 9.006666e-01 1.019553e+02 2.783178e-02 9.995903e-01 6.673840e-03 -4.180933e+00 -9.002571e-01 2.796672e-02 -4.344595e-01 7.361337e+01
-4.365594e-01 6.243698e-03 8.996538e-01 1.026093e+02 2.611696e-02 9.996424e-01 5.735693e-03 -4.176218e+00 -8.992963e-01 2.600019e-02 -4.365664e-01 7.330788e+01
-4.387944e-01 5.560403e-03 8.985703e-01 1.032420e+02 2.570117e-02 9.996494e-01 6.364639e-03 -4.212006e+00 -8.982199e-01 2.588707e-02 -4.387835e-01 7.287283e+01
-4.394814e-01 6.229839e-03 8.982301e-01 1.038861e+02 2.502572e-02 9.996727e-01 5.311043e-03 -4.203245e+00 -8.979030e-01 2.481296e-02 -4.394935e-01 7.255599e+01
-4.388976e-01 5.834799e-03 8.985181e-01 1.044086e+02 2.579325e-02 9.996486e-01 6.107665e-03 -4.217796e+00 -8.981668e-01 2.585635e-02 -4.388939e-01 7.229389e+01
-4.387384e-01 3.728438e-04 8.986148e-01 1.050161e+02 2.695200e-02 9.995555e-01 1.274428e-02 -4.243882e+00 -8.982106e-01 2.981087e-02 -4.385534e-01 7.187781e+01
-4.348477e-01 -7.067708e-03 9.004763e-01 1.056589e+02 2.637083e-02 9.994404e-01 2.057917e-02 -4.234797e+00 -9.001178e-01 3.269511e-02 -4.344180e-01 7.157772e+01
-4.285242e-01 -1.119755e-02 9.034609e-01 1.062532e+02 2.762925e-02 9.992932e-01 2.549024e-02 -4.265802e+00 -9.031078e-01 3.588514e-02 -4.279119e-01 7.128409e+01
-4.203894e-01 -9.776283e-03 9.072911e-01 1.070435e+02 3.143060e-02 9.991849e-01 2.532969e-02 -4.242530e+00 -9.067992e-01 3.916504e-02 -4.197395e-01 7.077964e+01
-4.119201e-01 -8.030153e-03 9.111846e-01 1.077301e+02 2.816942e-02 9.993710e-01 2.154190e-02 -4.225519e+00 -9.107844e-01 3.454108e-02 -4.114348e-01 7.047597e+01
-4.045707e-01 -1.015931e-02 9.144503e-01 1.083333e+02 2.442486e-02 9.994615e-01 2.190980e-02 -4.215117e+00 -9.141805e-01 3.119939e-02 -4.041048e-01 7.022472e+01
-3.974802e-01 -1.472552e-02 9.174926e-01 1.089937e+02 1.822974e-02 9.995472e-01 2.394004e-02 -4.243032e+00 -9.174297e-01 2.624134e-02 -3.970317e-01 6.982807e+01
-3.913925e-01 -1.706917e-02 9.200655e-01 1.096805e+02 1.199646e-02 9.996483e-01 2.364885e-02 -4.245452e+00 -9.201457e-01 2.029352e-02 -3.910501e-01 6.954158e+01
-3.869577e-01 -1.465346e-02 9.219810e-01 1.103847e+02 1.065138e-03 9.998660e-01 1.633836e-02 -4.208126e+00 -9.220968e-01 7.304292e-03 -3.868902e-01 6.924846e+01
-3.855701e-01 -1.611724e-02 9.225378e-01 1.110184e+02 -1.333444e-02 9.998403e-01 1.189469e-02 -4.347525e+00 -9.225822e-01 -7.715285e-03 -3.857234e-01 6.888113e+01
-3.819976e-01 -1.588606e-02 9.240268e-01 1.117322e+02 -2.252068e-02 9.997153e-01 7.877150e-03 -4.338256e+00 -9.238889e-01 -1.780066e-02 -3.822466e-01 6.857447e+01
-3.814038e-01 -1.523780e-02 9.242829e-01 1.125531e+02 -2.099958e-02 9.997489e-01 7.816495e-03 -4.322226e+00 -9.241700e-01 -1.642832e-02 -3.816280e-01 6.830643e+01
-3.793160e-01 -1.742624e-02 9.251031e-01 1.132612e+02 -1.903243e-02 9.997580e-01 1.102873e-02 -4.323562e+00 -9.250714e-01 -1.342359e-02 -3.795559e-01 6.787767e+01
-3.772868e-01 -2.134907e-02 9.258504e-01 1.139907e+02 -2.215248e-02 9.996562e-01 1.402375e-02 -4.338755e+00 -9.258315e-01 -1.521891e-02 -3.776300e-01 6.755818e+01
-3.769985e-01 -2.168544e-02 9.259600e-01 1.148537e+02 -2.195983e-02 9.996541e-01 1.447051e-02 -4.320158e+00 -9.259535e-01 -1.487857e-02 -3.773443e-01 6.723682e+01
-3.790387e-01 -2.051353e-02 9.251534e-01 1.155621e+02 -2.049407e-02 9.996951e-01 1.376986e-02 -4.382722e+00 -9.251539e-01 -1.374085e-02 -3.793435e-01 6.685543e+01
-3.798908e-01 -1.756939e-02 9.248645e-01 1.163087e+02 -1.798401e-02 9.997709e-01 1.160538e-02 -4.390292e+00 -9.248565e-01 -1.222400e-02 -3.801197e-01 6.650144e+01
-3.815960e-01 -1.872417e-02 9.241395e-01 1.171432e+02 -1.978856e-02 9.997312e-01 1.208464e-02 -4.375743e+00 -9.241174e-01 -1.367594e-02 -3.818639e-01 6.615139e+01
-3.836944e-01 -2.036832e-02 9.232355e-01 1.179455e+02 -1.605588e-02 9.997527e-01 1.538366e-02 -4.397681e+00 -9.233205e-01 -8.920733e-03 -3.839266e-01 6.570695e+01
-3.845850e-01 -2.262746e-02 9.228122e-01 1.187632e+02 -1.335643e-02 9.997313e-01 1.894719e-02 -4.404801e+00 -9.229930e-01 -5.038671e-03 -3.847838e-01 6.534575e+01
-3.866949e-01 -2.526137e-02 9.218616e-01 1.196226e+02 -1.903693e-02 9.996304e-01 1.940698e-02 -4.412851e+00 -9.220112e-01 -1.004483e-02 -3.870329e-01 6.500507e+01
-3.886775e-01 -2.472682e-02 9.210420e-01 1.203874e+02 -2.009485e-02 9.996295e-01 1.835664e-02 -4.428780e+00 -9.211547e-01 -1.137339e-02 -3.890304e-01 6.457475e+01
-3.895951e-01 -2.352148e-02 9.206858e-01 1.212153e+02 -1.843805e-02 9.996727e-01 1.773722e-02 -4.423964e+00 -9.208017e-01 -1.006532e-02 -3.899012e-01 6.421320e+01
-3.921647e-01 -2.689718e-02 9.195017e-01 1.221660e+02 -1.990581e-02 9.995865e-01 2.075005e-02 -4.413471e+00 -9.196796e-01 -1.016599e-02 -3.925380e-01 6.383880e+01
-3.928538e-01 -3.393575e-02 9.189746e-01 1.226766e+02 -2.038787e-02 9.993947e-01 2.818985e-02 -4.479685e+00 -9.193749e-01 -7.661443e-03 -3.933079e-01 6.345934e+01
-3.943561e-01 -4.099615e-02 9.180428e-01 1.235704e+02 -2.077482e-02 9.991468e-01 3.569387e-02 -4.464258e+00 -9.187228e-01 -4.996073e-03 -3.948714e-01 6.308269e+01
-3.945216e-01 -4.838014e-02 9.176122e-01 1.244575e+02 -2.903606e-02 9.987707e-01 4.017526e-02 -4.466668e+00 -9.184278e-01 -1.079383e-02 -3.954414e-01 6.270565e+01
-3.940142e-01 -4.095361e-02 9.181915e-01 1.251641e+02 -1.824032e-02 9.991585e-01 3.673765e-02 -4.490804e+00 -9.189233e-01 -2.272950e-03 -3.944296e-01 6.221620e+01
-3.936095e-01 -3.904575e-02 9.184482e-01 1.260556e+02 -2.515636e-02 9.991809e-01 3.169693e-02 -4.477940e+00 -9.189335e-01 -1.062861e-02 -3.942693e-01 6.185315e+01
-3.933102e-01 -3.669421e-02 9.186733e-01 1.270678e+02 -3.186021e-02 9.991471e-01 2.626828e-02 -4.421048e+00 -9.188537e-01 -1.893754e-02 -3.941438e-01 6.147182e+01
-3.897127e-01 -3.628565e-02 9.202214e-01 1.274888e+02 -2.791153e-02 9.992298e-01 2.758057e-02 -4.434770e+00 -9.205134e-01 -1.493628e-02 -3.904254e-01 6.110063e+01
-3.865363e-01 -3.623551e-02 9.215621e-01 1.283351e+02 -2.502889e-02 9.992720e-01 2.879302e-02 -4.430018e+00 -9.219345e-01 -1.193613e-02 -3.871618e-01 6.071862e+01
-3.849430e-01 -3.204537e-02 9.223839e-01 1.292841e+02 -1.408684e-02 9.994846e-01 2.884507e-02 -4.423009e+00 -9.228328e-01 -1.889763e-03 -3.851960e-01 6.032563e+01
-3.826911e-01 -3.019136e-02 9.233829e-01 1.301014e+02 -1.465157e-02 9.995385e-01 2.660911e-02 -4.432518e+00 -9.237602e-01 -3.345936e-03 -3.829569e-01 5.998194e+01
-3.775243e-01 -2.304178e-02 9.257129e-01 1.309750e+02 -2.021884e-03 9.997085e-01 2.405903e-02 -4.444907e+00 -9.259975e-01 7.211186e-03 -3.774609e-01 5.961842e+01
-3.756497e-01 -2.282202e-02 9.264807e-01 1.318823e+02 1.575195e-03 9.996796e-01 2.526381e-02 -4.409312e+00 -9.267604e-01 1.094973e-02 -3.754934e-01 5.924407e+01
-3.760510e-01 -2.471264e-02 9.262694e-01 1.325587e+02 -3.608986e-03 9.996758e-01 2.520591e-02 -4.457424e+00 -9.265919e-01 6.135815e-03 -3.760183e-01 5.893595e+01
-3.762029e-01 -2.843179e-02 9.261010e-01 1.333141e+02 -5.195422e-03 9.995781e-01 2.857708e-02 -4.469618e+00 -9.265227e-01 5.939294e-03 -3.761919e-01 5.859676e+01
-3.758902e-01 -3.579893e-02 9.259724e-01 1.341711e+02 -1.146634e-02 9.993567e-01 3.398137e-02 -4.449349e+00 -9.265933e-01 2.155753e-03 -3.760589e-01 5.818601e+01
-3.789916e-01 -3.668443e-02 9.246727e-01 1.351008e+02 -1.046775e-02 9.993200e-01 3.535553e-02 -4.439584e+00 -9.253409e-01 3.720206e-03 -3.791179e-01 5.775467e+01
-3.807190e-01 -3.831755e-02 9.238966e-01 1.359915e+02 -1.099919e-02 9.992580e-01 3.691054e-02 -4.421008e+00 -9.246254e-01 3.890432e-03 -3.808579e-01 5.738169e+01
-3.815259e-01 -3.370694e-02 9.237434e-01 1.368527e+02 -8.713824e-03 9.994217e-01 3.286941e-02 -4.387047e+00 -9.243171e-01 4.491192e-03 -3.815989e-01 5.699171e+01
-3.837935e-01 -4.065608e-02 9.225235e-01 1.378750e+02 -1.989510e-02 9.991625e-01 3.575673e-02 -4.437094e+00 -9.232046e-01 -4.630501e-03 -3.842809e-01 5.647982e+01
-3.855802e-01 -3.342073e-02 9.220689e-01 1.387981e+02 -1.602643e-02 9.994356e-01 2.952317e-02 -4.405560e+00 -9.225351e-01 -3.393923e-03 -3.858982e-01 5.607423e+01
-3.859400e-01 -2.808702e-02 9.220962e-01 1.397393e+02 -1.479643e-02 9.995963e-01 2.425468e-02 -4.373800e+00 -9.224052e-01 -4.282878e-03 -3.861998e-01 5.564196e+01
-3.889124e-01 -2.276885e-02 9.209933e-01 1.404041e+02 -1.429105e-02 9.997234e-01 1.868046e-02 -4.464179e+00 -9.211639e-01 -5.896900e-03 -3.891302e-01 5.525893e+01
-3.898125e-01 -2.327632e-02 9.206001e-01 1.412618e+02 -8.487408e-03 9.997289e-01 2.168316e-02 -4.466352e+00 -9.208551e-01 6.388559e-04 -3.899043e-01 5.487479e+01
-3.904599e-01 -2.641094e-02 9.202410e-01 1.421781e+02 -8.859587e-03 9.996499e-01 2.493084e-02 -4.415907e+00 -9.205773e-01 1.581537e-03 -3.905572e-01 5.451450e+01
-3.915946e-01 -3.276431e-02 9.195543e-01 1.430591e+02 -7.968264e-03 9.994491e-01 3.221771e-02 -4.484737e+00 -9.201034e-01 5.289028e-03 -3.916399e-01 5.406603e+01
-3.915125e-01 -2.881435e-02 9.197215e-01 1.438947e+02 -3.903835e-03 9.995526e-01 2.965361e-02 -4.468543e+00 -9.201645e-01 8.019318e-03 -3.914499e-01 5.372114e+01
-3.902424e-01 -2.571660e-02 9.203529e-01 1.447412e+02 -8.097396e-03 9.996671e-01 2.449939e-02 -4.413405e+00 -9.206765e-01 2.108241e-03 -3.903207e-01 5.334344e+01
-3.916163e-01 -2.062744e-02 9.198974e-01 1.455526e+02 -4.117278e-03 9.997780e-01 2.066586e-02 -4.511803e+00 -9.201194e-01 4.305616e-03 -3.916143e-01 5.297553e+01
-3.903489e-01 -2.175691e-02 9.204099e-01 1.464115e+02 -6.737177e-03 9.997615e-01 2.077538e-02 -4.494738e+00 -9.206424e-01 1.908684e-03 -3.904024e-01 5.261075e+01
-3.907180e-01 -2.718255e-02 9.201090e-01 1.473012e+02 -9.522151e-03 9.996298e-01 2.548830e-02 -4.489835e+00 -9.204612e-01 1.197320e-03 -3.908322e-01 5.224940e+01
-3.905863e-01 -3.180302e-02 9.200168e-01 1.480631e+02 -3.665061e-03 9.994489e-01 3.299284e-02 -4.544533e+00 -9.205590e-01 9.514634e-03 -3.904876e-01 5.180082e+01
-3.917665e-01 -3.191947e-02 9.195108e-01 1.488726e+02 -1.370405e-03 9.994172e-01 3.410943e-02 -4.541483e+00 -9.200637e-01 1.210283e-02 -3.915819e-01 5.146036e+01
-3.934307e-01 -2.294606e-02 9.190679e-01 1.497065e+02 -2.352541e-03 9.997103e-01 2.395237e-02 -4.499176e+00 -9.193513e-01 7.261452e-03 -3.933707e-01 5.106985e+01
-3.957662e-01 -1.403249e-02 9.182441e-01 1.503534e+02 -2.119981e-03 9.998945e-01 1.436654e-02 -4.596480e+00 -9.183489e-01 3.739131e-03 -3.957542e-01 5.069658e+01
-3.994934e-01 -1.173648e-02 9.166609e-01 1.511104e+02 3.088177e-03 9.998951e-01 1.414804e-02 -4.584935e+00 -9.167309e-01 8.482861e-03 -3.994153e-01 5.036729e+01
-4.026697e-01 -2.028458e-02 9.151206e-01 1.517771e+02 4.787971e-03 9.996941e-01 2.426603e-02 -4.600829e+00 -9.153328e-01 1.415276e-02 -4.024493e-01 5.002779e+01
-4.143287e-01 -3.179566e-02 9.095718e-01 1.526791e+02 5.140300e-03 9.992919e-01 3.727350e-02 -4.632943e+00 -9.101128e-01 2.011895e-02 -4.138718e-01 4.968867e+01
-4.185343e-01 -3.722218e-02 9.074379e-01 1.533937e+02 2.745086e-03 9.991034e-01 4.224831e-02 -4.616736e+00 -9.081968e-01 2.017336e-02 -4.180569e-01 4.937192e+01
-4.222460e-01 -3.252443e-02 9.058976e-01 1.540700e+02 2.808775e-03 9.993044e-01 3.718721e-02 -4.590134e+00 -9.064769e-01 1.824661e-02 -4.218609e-01 4.903919e+01
-4.258754e-01 -2.161068e-02 9.045237e-01 1.546177e+02 9.623602e-03 9.995500e-01 2.841209e-02 -4.631584e+00 -9.047306e-01 2.080479e-02 -4.254758e-01 4.870755e+01
-4.285447e-01 -1.394947e-02 9.034129e-01 1.552020e+02 1.120655e-02 9.997218e-01 2.075252e-02 -4.630097e+00 -9.034511e-01 1.901753e-02 -4.282692e-01 4.842841e+01
-4.296705e-01 -1.003690e-02 9.029300e-01 1.558180e+02 1.403164e-02 9.997433e-01 1.779020e-02 -4.610816e+00 -9.028767e-01 2.031351e-02 -4.294193e-01 4.813012e+01
-4.264022e-01 -9.456824e-03 9.044842e-01 1.564192e+02 2.054169e-02 9.995862e-01 2.013516e-02 -4.632061e+00 -9.043004e-01 2.716531e-02 -4.260315e-01 4.777449e+01
-4.194555e-01 -7.237269e-03 9.077471e-01 1.569937e+02 2.951269e-02 9.993309e-01 2.160479e-02 -4.617482e+00 -9.072960e-01 3.585231e-02 -4.189612e-01 4.749835e+01
-4.061734e-01 -7.731202e-03 9.137633e-01 1.574469e+02 3.557876e-02 9.990722e-01 2.426796e-02 -4.634714e+00 -9.131031e-01 4.236756e-02 -4.055215e-01 4.731664e+01
-3.865327e-01 -3.406143e-03 9.222694e-01 1.578797e+02 4.418910e-02 9.987763e-01 2.220881e-02 -4.661422e+00 -9.212165e-01 4.933869e-02 -3.859092e-01 4.709301e+01
-3.589908e-01 9.065072e-04 9.333407e-01 1.584274e+02 5.377458e-02 9.983585e-01 1.971366e-02 -4.656223e+00 -9.317907e-01 5.726703e-02 -3.584502e-01 4.688337e+01
-3.245715e-01 2.868332e-03 9.458568e-01 1.588596e+02 6.258483e-02 9.978691e-01 1.844997e-02 -4.674388e+00 -9.437884e-01 6.518462e-02 -3.240594e-01 4.674089e+01
-2.877004e-01 3.608623e-03 9.577137e-01 1.596499e+02 5.290005e-02 9.985262e-01 1.212895e-02 -4.606134e+00 -9.562584e-01 5.415261e-02 -2.874672e-01 4.647006e+01
-2.459621e-01 5.238236e-04 9.692793e-01 1.601771e+02 5.071620e-02 9.986370e-01 1.232994e-02 -4.597368e+00 -9.679517e-01 5.219087e-02 -2.456534e-01 4.634901e+01
-2.038299e-01 -1.432473e-03 9.790053e-01 1.606111e+02 4.625954e-02 9.988679e-01 1.109282e-02 -4.625607e+00 -9.779128e-01 4.754938e-02 -2.035329e-01 4.632209e+01
-1.627089e-01 3.163586e-03 9.866690e-01 1.610089e+02 4.307394e-02 9.990643e-01 3.899877e-03 -4.607297e+00 -9.857335e-01 4.313427e-02 -1.626929e-01 4.633470e+01
-1.207157e-01 7.674237e-03 9.926575e-01 1.613486e+02 4.527631e-02 9.989720e-01 -2.217065e-03 -4.640864e+00 -9.916541e-01 4.467623e-02 -1.209391e-01 4.630546e+01
-7.756252e-02 1.193523e-02 9.969160e-01 1.618021e+02 4.999885e-02 9.987167e-01 -8.066752e-03 -4.669925e+00 -9.957330e-01 4.921898e-02 -7.805973e-02 4.631028e+01
-3.520385e-02 1.216593e-02 9.993061e-01 1.624883e+02 5.018461e-02 9.986859e-01 -1.039046e-02 -4.732427e+00 -9.981193e-01 4.978400e-02 -3.576813e-02 4.627941e+01
8.877427e-03 9.947455e-03 9.999111e-01 1.630296e+02 5.697704e-02 9.983209e-01 -1.043749e-02 -4.816881e+00 -9.983360e-01 5.706464e-02 8.295745e-03 4.629505e+01
4.964566e-02 4.685513e-03 9.987559e-01 1.634546e+02 5.080058e-02 9.986828e-01 -7.210340e-03 -4.808250e+00 -9.974741e-01 5.109534e-02 4.934224e-02 4.643168e+01
8.690260e-02 -4.500927e-04 9.962167e-01 1.639059e+02 4.970849e-02 9.987562e-01 -3.884963e-03 -4.932939e+00 -9.949759e-01 4.985805e-02 8.681689e-02 4.652367e+01
1.176439e-01 -8.993136e-03 9.930151e-01 1.644813e+02 4.243456e-02 9.990912e-01 4.020882e-03 -4.984354e+00 -9.921488e-01 4.166513e-02 1.179186e-01 4.665627e+01
1.479724e-01 -1.100636e-02 9.889302e-01 1.649577e+02 3.764329e-02 9.992762e-01 5.488987e-03 -5.018894e+00 -9.882748e-01 3.641437e-02 1.482796e-01 4.670561e+01
1.710910e-01 -1.147976e-02 9.851883e-01 1.653676e+02 3.160331e-02 9.994815e-01 6.157971e-03 -5.054157e+00 -9.847482e-01 3.008164e-02 1.713651e-01 4.678466e+01
1.889764e-01 -1.350662e-02 9.818887e-01 1.659589e+02 2.415234e-02 9.996668e-01 9.102764e-03 -5.069252e+00 -9.816846e-01 2.199470e-02 1.892396e-01 4.691571e+01
2.020899e-01 -1.213765e-02 9.792918e-01 1.667426e+02 1.424138e-02 9.998539e-01 9.453607e-03 -5.048447e+00 -9.792634e-01 1.203599e-02 2.022333e-01 4.713539e+01
2.092441e-01 -7.840402e-03 9.778320e-01 1.672452e+02 2.438992e-03 9.999689e-01 7.495984e-03 -5.125197e+00 -9.778604e-01 8.164343e-04 2.092567e-01 4.719565e+01
2.131516e-01 -4.583823e-03 9.770084e-01 1.679787e+02 -9.522173e-04 9.999875e-01 4.899377e-03 -5.114175e+00 -9.770187e-01 -1.974634e-03 2.131445e-01 4.740648e+01
2.151591e-01 -2.161014e-03 9.765766e-01 1.685243e+02 -2.797230e-03 9.999921e-01 2.829114e-03 -5.115874e+00 -9.765750e-01 -3.340419e-03 2.151514e-01 4.748995e+01
2.125860e-01 -3.507071e-03 9.771361e-01 1.692404e+02 -7.827474e-04 9.999926e-01 3.759401e-03 -5.140523e+00 -9.771420e-01 -1.564047e-03 2.125817e-01 4.763031e+01
2.095899e-01 -5.415150e-03 9.777744e-01 1.697992e+02 -1.804603e-03 9.999808e-01 5.924958e-03 -5.159999e+00 -9.777877e-01 -3.006306e-03 2.095761e-01 4.771721e+01
2.055959e-01 -9.564859e-03 9.785902e-01 1.704420e+02 -2.898243e-03 9.999419e-01 1.038246e-02 -5.157445e+00 -9.786327e-01 -4.970782e-03 2.055562e-01 4.782416e+01
1.996594e-01 -8.509524e-03 9.798284e-01 1.710902e+02 -1.062200e-03 9.999598e-01 8.900803e-03 -5.216139e+00 -9.798648e-01 -2.817902e-03 1.996423e-01 4.793188e+01
1.945144e-01 -5.062686e-04 9.808995e-01 1.717451e+02 -4.865595e-03 9.999871e-01 1.480978e-03 -5.225638e+00 -9.808876e-01 -5.060731e-03 1.945094e-01 4.805099e+01
1.880523e-01 8.670977e-03 9.821207e-01 1.724292e+02 -4.900793e-03 9.999569e-01 -7.890066e-03 -5.256114e+00 -9.821468e-01 -3.329426e-03 1.880867e-01 4.819978e+01
1.815929e-01 1.420724e-02 9.832712e-01 1.729681e+02 -5.247876e-03 9.998954e-01 -1.347826e-02 -5.309029e+00 -9.833598e-01 -2.712529e-03 1.816485e-01 4.819057e+01
1.756871e-01 1.163137e-02 9.843773e-01 1.736775e+02 -5.670223e-03 9.999256e-01 -1.080309e-02 -5.327611e+00 -9.844297e-01 -3.683676e-03 1.757400e-01 4.832167e+01
1.685636e-01 4.059711e-03 9.856824e-01 1.743389e+02 -6.759784e-03 9.999728e-01 -2.962564e-03 -5.344814e+00 -9.856676e-01 -6.163620e-03 1.685864e-01 4.842819e+01
1.617999e-01 9.463155e-05 9.868236e-01 1.750325e+02 -6.287030e-03 9.999798e-01 9.349300e-04 -5.351227e+00 -9.868036e-01 -6.355461e-03 1.617972e-01 4.850246e+01
1.554306e-01 -1.170698e-03 9.878461e-01 1.757625e+02 -1.049479e-02 9.999409e-01 2.836313e-03 -5.395948e+00 -9.877911e-01 -1.080809e-02 1.554092e-01 4.864375e+01
1.526529e-01 2.504535e-03 9.882767e-01 1.761850e+02 -1.331306e-02 9.999113e-01 -4.776345e-04 -5.408522e+00 -9.881902e-01 -1.308408e-02 1.526727e-01 4.855143e+01
1.486100e-01 4.324696e-03 9.888864e-01 1.769219e+02 -1.090992e-02 9.999367e-01 -2.733478e-03 -5.470506e+00 -9.888357e-01 -1.038245e-02 1.486478e-01 4.866780e+01
1.456921e-01 4.893218e-03 9.893179e-01 1.778132e+02 -5.289506e-03 9.999773e-01 -4.166980e-03 -5.524848e+00 -9.893158e-01 -4.625907e-03 1.457146e-01 4.883609e+01
1.458793e-01 2.708398e-03 9.892987e-01 1.783188e+02 -7.713702e-04 9.999963e-01 -2.623940e-03 -5.510648e+00 -9.893021e-01 -3.803370e-04 1.458808e-01 4.881305e+01
1.440188e-01 1.890759e-03 9.895731e-01 1.795311e+02 -4.428726e-03 9.999894e-01 -1.266120e-03 -5.601662e+00 -9.895650e-01 -4.200203e-03 1.440257e-01 4.909445e+01
1.462638e-01 -7.943084e-04 9.892453e-01 1.801391e+02 -9.041723e-03 9.999568e-01 2.139764e-03 -5.622603e+00 -9.892043e-01 -9.257452e-03 1.462503e-01 4.914160e+01
1.473109e-01 -1.719931e-03 9.890887e-01 1.813854e+02 -7.617894e-03 9.999669e-01 2.873425e-03 -5.655732e+00 -9.890609e-01 -7.958060e-03 1.472929e-01 4.941148e+01
1.500376e-01 -4.171841e-03 9.886715e-01 1.827923e+02 -7.989893e-04 9.999903e-01 4.340854e-03 -5.954340e+00 -9.886800e-01 -1.441229e-03 1.500328e-01 4.939658e+01
1.513514e-01 -6.705895e-03 9.884573e-01 1.831825e+02 -6.420645e-03 9.999492e-01 7.766980e-03 -6.072383e+00 -9.884592e-01 -7.522077e-03 1.513007e-01 4.934339e+01
1.522677e-01 -6.935722e-03 9.883149e-01 1.839043e+02 -9.026510e-03 9.999239e-01 8.407887e-03 -5.996982e+00 -9.882981e-01 -1.020128e-02 1.521935e-01 4.943525e+01
1.521561e-01 -1.139887e-02 9.882907e-01 1.849428e+02 -2.007108e-02 9.996916e-01 1.462049e-02 -6.238461e+00 -9.881527e-01 -2.206067e-02 1.518804e-01 4.956174e+01
1.547111e-01 -1.277552e-02 9.878771e-01 1.860018e+02 -1.926867e-02 9.996872e-01 1.594591e-02 -6.193546e+00 -9.877718e-01 -2.150209e-02 1.544166e-01 4.967622e+01
1.555986e-01 -1.199253e-02 9.877476e-01 1.866852e+02 -1.735083e-02 9.997389e-01 1.487138e-02 -6.242718e+00 -9.876680e-01 -1.945220e-02 1.553499e-01 4.975541e+01
1.555821e-01 -6.966428e-03 9.877984e-01 1.871970e+02 -1.459313e-02 9.998498e-01 9.349895e-03 -6.234547e+00 -9.877152e-01 -1.586975e-02 1.554570e-01 4.980136e+01
1.561099e-01 -2.862198e-03 9.877355e-01 1.880217e+02 -1.469816e-02 9.998783e-01 5.220404e-03 -6.231324e+00 -9.876303e-01 -1.533285e-02 1.560489e-01 4.989756e+01
1.556266e-01 1.253063e-03 9.878152e-01 1.888738e+02 -2.140983e-02 9.997686e-01 2.104814e-03 -6.162243e+00 -9.875839e-01 -2.147652e-02 1.556174e-01 4.998677e+01
1.540376e-01 -2.558926e-03 9.880617e-01 1.896883e+02 -1.959266e-02 9.997921e-01 5.643777e-03 -6.259152e+00 -9.878707e-01 -2.022811e-02 1.539555e-01 5.007198e+01
1.547659e-01 -4.295190e-03 9.879418e-01 1.903476e+02 -1.647729e-02 9.998402e-01 6.928167e-03 -6.190113e+00 -9.878138e-01 -1.735085e-02 1.546704e-01 5.005855e+01
1.523285e-01 -4.357898e-03 9.883203e-01 1.911405e+02 -2.116895e-02 9.997465e-01 7.671023e-03 -6.333422e+00 -9.881032e-01 -2.209022e-02 1.521976e-01 5.025521e+01
1.509389e-01 1.253644e-03 9.885423e-01 1.917121e+02 -2.252172e-02 9.997440e-01 2.170954e-03 -6.371154e+00 -9.882865e-01 -2.259136e-02 1.509285e-01 5.027013e+01
1.478520e-01 5.645901e-03 9.889934e-01 1.924745e+02 -2.266177e-02 9.997405e-01 -2.319377e-03 -6.385687e+00 -9.887498e-01 -2.206941e-02 1.479416e-01 5.041265e+01
1.450676e-01 5.649985e-03 9.894056e-01 1.931782e+02 -2.450263e-02 9.996975e-01 -2.116159e-03 -6.461086e+00 -9.891183e-01 -2.393605e-02 1.451622e-01 5.049895e+01
1.416500e-01 8.899926e-03 9.898768e-01 1.941958e+02 -2.313850e-02 9.997161e-01 -5.677304e-03 -6.394652e+00 -9.896464e-01 -2.210008e-02 1.418157e-01 5.058344e+01
1.417934e-01 6.649152e-03 9.898739e-01 1.948440e+02 -2.303603e-02 9.997288e-01 -3.415578e-03 -6.429347e+00 -9.896282e-01 -2.231846e-02 1.419081e-01 5.059835e+01
1.404882e-01 5.103972e-03 9.900692e-01 1.956340e+02 -1.904376e-02 9.998156e-01 -2.451958e-03 -6.444208e+00 -9.898992e-01 -1.851017e-02 1.405595e-01 5.068280e+01
1.385175e-01 -6.731253e-04 9.903598e-01 1.963119e+02 -1.192506e-02 9.999261e-01 2.347536e-03 -6.564361e+00 -9.902882e-01 -1.213527e-02 1.384993e-01 5.087099e+01
1.385051e-01 -4.036652e-03 9.903535e-01 1.971635e+02 -1.133200e-02 9.999198e-01 5.660471e-03 -6.571397e+00 -9.902969e-01 -1.200669e-02 1.384482e-01 5.098647e+01
1.385407e-01 -6.797144e-03 9.903334e-01 1.980267e+02 -5.958803e-03 9.999526e-01 7.696760e-03 -6.603819e+00 -9.903388e-01 -6.967516e-03 1.384936e-01 5.108209e+01
1.389880e-01 -6.571476e-03 9.902723e-01 1.987718e+02 -4.867994e-03 9.999614e-01 7.319013e-03 -6.701484e+00 -9.902821e-01 -5.837895e-03 1.389507e-01 5.113532e+01
1.382934e-01 -6.901187e-03 9.903673e-01 1.996917e+02 -3.505404e-03 9.999660e-01 7.457564e-03 -6.721705e+00 -9.903851e-01 -4.502969e-03 1.382645e-01 5.129035e+01
1.406631e-01 -7.976713e-03 9.900254e-01 2.004166e+02 6.007303e-03 9.999560e-01 7.203205e-03 -6.753548e+00 -9.900393e-01 4.934158e-03 1.407048e-01 5.135236e+01
1.429702e-01 -7.279319e-03 9.897002e-01 2.014417e+02 9.513888e-03 9.999369e-01 5.980252e-03 -6.820670e+00 -9.896813e-01 8.560899e-03 1.430305e-01 5.142622e+01
1.462670e-01 -7.482871e-03 9.892168e-01 2.021608e+02 2.874065e-03 9.999704e-01 7.139252e-03 -6.853665e+00 -9.892410e-01 1.798836e-03 1.462842e-01 5.147106e+01
1.496504e-01 -9.635391e-03 9.886920e-01 2.030976e+02 5.390526e-04 9.999532e-01 9.663545e-03 -6.847996e+00 -9.887388e-01 -9.131968e-04 1.496486e-01 5.165448e+01
1.502518e-01 -1.231074e-02 9.885711e-01 2.039195e+02 4.384014e-03 9.999209e-01 1.178576e-02 -6.960667e+00 -9.886380e-01 2.563078e-03 1.502939e-01 5.183467e+01
1.519381e-01 -5.185924e-03 9.883764e-01 2.048189e+02 5.042635e-03 9.999773e-01 4.471614e-03 -6.957000e+00 -9.883771e-01 4.304613e-03 1.519608e-01 5.199143e+01
1.525534e-01 3.552358e-03 9.882888e-01 2.056420e+02 1.458349e-03 9.999916e-01 -3.819535e-03 -7.007084e+00 -9.882942e-01 2.023953e-03 1.525469e-01 5.215847e+01
1.554692e-01 5.839429e-03 9.878235e-01 2.063468e+02 1.387357e-03 9.999803e-01 -6.129642e-03 -7.041505e+00 -9.878398e-01 2.323434e-03 1.554581e-01 5.218115e+01
1.565735e-01 -4.365069e-03 9.876567e-01 2.071294e+02 -2.755121e-03 9.999844e-01 4.856323e-03 -7.053087e+00 -9.876625e-01 -3.481485e-03 1.565590e-01 5.229755e+01
1.550355e-01 -1.528244e-02 9.877907e-01 2.079665e+02 -2.834520e-03 9.998693e-01 1.591420e-02 -7.073171e+00 -9.879048e-01 -5.267178e-03 1.549719e-01 5.244807e+01
1.538500e-01 -1.508776e-02 9.879790e-01 2.087158e+02 -5.528742e-03 9.998546e-01 1.613006e-02 -7.133688e+00 -9.880788e-01 -7.943890e-03 1.537442e-01 5.251391e+01
1.528922e-01 -6.952822e-03 9.882184e-01 2.095185e+02 -6.534855e-03 9.999463e-01 8.046376e-03 -7.139457e+00 -9.882213e-01 -7.688092e-03 1.528385e-01 5.263099e+01
1.527137e-01 -1.174327e-03 9.882698e-01 2.102817e+02 -1.546254e-02 9.998740e-01 3.577486e-03 -7.133395e+00 -9.881495e-01 -1.582750e-02 1.526764e-01 5.271246e+01
1.509017e-01 -1.122040e-03 9.885481e-01 2.111192e+02 -1.799854e-02 9.998305e-01 3.882321e-03 -7.206976e+00 -9.883849e-01 -1.837827e-02 1.508559e-01 5.282539e+01
1.505345e-01 -7.208463e-03 9.885785e-01 2.119564e+02 -1.570379e-02 9.998298e-01 9.681779e-03 -7.229672e+00 -9.884800e-01 -1.698187e-02 1.503957e-01 5.294115e+01
1.497424e-01 -1.329568e-02 9.886356e-01 2.128544e+02 -1.486757e-02 9.997662e-01 1.569727e-02 -7.231759e+00 -9.886132e-01 -1.704915e-02 1.495098e-01 5.309700e+01
1.495082e-01 -1.499006e-02 9.886469e-01 2.136468e+02 -9.980669e-03 9.998113e-01 1.666867e-02 -7.251670e+00 -9.887101e-01 -1.235946e-02 1.493304e-01 5.314316e+01
1.502975e-01 -1.173434e-02 9.885712e-01 2.144878e+02 -5.653571e-03 9.999030e-01 1.272839e-02 -7.249169e+00 -9.886246e-01 -7.502002e-03 1.502166e-01 5.325906e+01
1.501146e-01 -7.138499e-03 9.886428e-01 2.154045e+02 -3.348478e-03 9.999645e-01 7.728677e-03 -7.269000e+00 -9.886629e-01 -4.470636e-03 1.500853e-01 5.342510e+01
1.504784e-01 -4.435637e-03 9.886033e-01 2.162233e+02 -1.219422e-04 9.999898e-01 4.505287e-03 -7.338279e+00 -9.886133e-01 -7.985009e-04 1.504763e-01 5.354031e+01
1.524558e-01 -6.847211e-03 9.882866e-01 2.170994e+02 3.623269e-03 9.999732e-01 6.369245e-03 -7.314020e+00 -9.883036e-01 2.609799e-03 1.524766e-01 5.365095e+01
1.531926e-01 -1.229006e-02 9.881199e-01 2.179540e+02 7.479132e-03 9.999084e-01 1.127716e-02 -7.314100e+00 -9.881681e-01 5.662702e-03 1.532705e-01 5.377438e+01
1.539751e-01 -1.517936e-02 9.879581e-01 2.188639e+02 4.333317e-03 9.998827e-01 1.468722e-02 -7.422906e+00 -9.880652e-01 2.019669e-03 1.540228e-01 5.388115e+01
1.542020e-01 -1.215392e-02 9.879646e-01 2.197592e+02 -3.159313e-03 9.999132e-01 1.279402e-02 -7.394882e+00 -9.880343e-01 -5.094153e-03 1.541502e-01 5.402945e+01
1.541549e-01 -1.170787e-02 9.879773e-01 2.206406e+02 -6.027451e-03 9.999000e-01 1.278962e-02 -7.418626e+00 -9.880283e-01 -7.926568e-03 1.540689e-01 5.417830e+01
1.544877e-01 -1.100924e-02 9.879334e-01 2.214896e+02 -7.756167e-03 9.998936e-01 1.235539e-02 -7.410129e+00 -9.879643e-01 -9.571332e-03 1.543859e-01 5.425820e+01
1.535331e-01 -9.549922e-03 9.880974e-01 2.223588e+02 -1.208069e-02 9.998604e-01 1.154074e-02 -7.442738e+00 -9.880697e-01 -1.370878e-02 1.533963e-01 5.437486e+01
1.503526e-01 -7.912718e-03 9.886008e-01 2.232301e+02 -1.487788e-02 9.998366e-01 1.026537e-02 -7.425146e+00 -9.885205e-01 -1.625171e-02 1.502103e-01 5.456527e+01
1.485556e-01 -1.041846e-02 9.888492e-01 2.241317e+02 -1.203135e-02 9.998515e-01 1.234185e-02 -7.466631e+00 -9.888309e-01 -1.373064e-02 1.484082e-01 5.466039e+01
1.475306e-01 -1.572830e-02 9.889324e-01 2.249861e+02 -7.266098e-03 9.998293e-01 1.698558e-02 -7.498224e+00 -9.890308e-01 -9.691572e-03 1.473911e-01 5.475475e+01
1.472400e-01 -1.040337e-02 9.890461e-01 2.258846e+02 -9.006871e-03 9.998891e-01 1.185828e-02 -7.462672e+00 -9.890598e-01 -1.065422e-02 1.471300e-01 5.487779e+01
1.423392e-01 -5.076537e-03 9.898049e-01 2.267336e+02 -1.334398e-03 9.999850e-01 5.320642e-03 -7.533043e+00 -9.898170e-01 -2.078130e-03 1.423303e-01 5.503411e+01
1.420000e-01 -3.786147e-03 9.898594e-01 2.276018e+02 9.859756e-04 9.999927e-01 3.683463e-03 -7.535324e+00 -9.898662e-01 4.529255e-04 1.420027e-01 5.514731e+01
1.405881e-01 -1.003843e-02 9.900173e-01 2.285400e+02 -5.408485e-03 9.999259e-01 1.090693e-02 -7.547400e+00 -9.900534e-01 -6.887879e-03 1.405234e-01 5.530959e+01
1.397515e-01 -1.678745e-02 9.900443e-01 2.293529e+02 -1.129609e-02 9.997642e-01 1.854678e-02 -7.581987e+00 -9.901222e-01 -1.377557e-02 1.395289e-01 5.535683e+01
1.386144e-01 -1.802925e-02 9.901823e-01 2.302251e+02 -1.633988e-02 9.996565e-01 2.048916e-02 -7.596134e+00 -9.902116e-01 -1.901955e-02 1.382722e-01 5.548544e+01
1.371465e-01 -1.656150e-02 9.904123e-01 2.310782e+02 -1.631500e-02 9.996868e-01 1.897579e-02 -7.576382e+00 -9.904164e-01 -1.876104e-02 1.368333e-01 5.559421e+01
1.369332e-01 -1.162006e-02 9.905121e-01 2.319810e+02 -2.250749e-02 9.996365e-01 1.483865e-02 -7.705144e+00 -9.903245e-01 -2.432585e-02 1.366219e-01 5.569453e+01
1.366846e-01 -7.848223e-03 9.905835e-01 2.329007e+02 -2.151537e-02 9.997092e-01 1.088930e-02 -7.727337e+00 -9.903809e-01 -2.280117e-02 1.364760e-01 5.585225e+01
1.375177e-01 -1.254359e-03 9.904985e-01 2.337577e+02 -1.424216e-02 9.998933e-01 3.243593e-03 -7.696582e+00 -9.903969e-01 -1.455289e-02 1.374852e-01 5.594421e+01
1.381801e-01 -7.653044e-03 9.903775e-01 2.346320e+02 -9.316706e-03 9.999159e-01 9.026642e-03 -7.785530e+00 -9.903633e-01 -1.047436e-02 1.380972e-01 5.602702e+01
1.404638e-01 -1.306318e-02 9.899996e-01 2.356386e+02 -1.023296e-02 9.998404e-01 1.464491e-02 -7.835582e+00 -9.900329e-01 -1.218771e-02 1.403077e-01 5.618712e+01
1.420585e-01 -1.015088e-02 9.898062e-01 2.362824e+02 -1.376837e-02 9.998304e-01 1.222974e-02 -7.782325e+00 -9.897625e-01 -1.536535e-02 1.418947e-01 5.625268e+01
1.420093e-01 -3.859691e-03 9.898578e-01 2.372171e+02 -1.157232e-02 9.999176e-01 5.559132e-03 -7.857805e+00 -9.897977e-01 -1.224440e-02 1.419530e-01 5.641813e+01
1.448741e-01 -1.536724e-03 9.894489e-01 2.381133e+02 -9.699824e-03 9.999485e-01 2.973269e-03 -7.862587e+00 -9.894026e-01 -1.002823e-02 1.448517e-01 5.655297e+01
1.477668e-01 -5.233629e-03 9.890084e-01 2.389778e+02 -1.149985e-02 9.999093e-01 7.009495e-03 -7.835373e+00 -9.889554e-01 -1.240921e-02 1.476932e-01 5.666845e+01
1.493696e-01 -1.372798e-02 9.886861e-01 2.397960e+02 -7.336558e-03 9.998607e-01 1.499153e-02 -7.910868e+00 -9.887542e-01 -9.492833e-03 1.492481e-01 5.675423e+01
1.521498e-01 -1.244086e-02 9.882791e-01 2.406568e+02 -6.369670e-03 9.998877e-01 1.356763e-02 -7.919810e+00 -9.883369e-01 -8.359324e-03 1.520535e-01 5.687602e+01
1.543388e-01 -2.599724e-03 9.880146e-01 2.414902e+02 -8.272565e-03 9.999581e-01 3.923416e-03 -7.919706e+00 -9.879834e-01 -8.778950e-03 1.543108e-01 5.700574e+01
1.559513e-01 4.743594e-04 9.877646e-01 2.424285e+02 -6.758766e-03 9.999770e-01 5.868703e-04 -7.988988e+00 -9.877416e-01 -6.767593e-03 1.559509e-01 5.714089e+01
1.573809e-01 -3.186558e-03 9.875328e-01 2.433058e+02 -4.124112e-03 9.999840e-01 3.883986e-03 -7.989392e+00 -9.875294e-01 -4.683961e-03 1.573652e-01 5.728500e+01
1.578266e-01 -1.070006e-02 9.874089e-01 2.441902e+02 -8.916275e-03 9.998851e-01 1.226043e-02 -8.010762e+00 -9.874266e-01 -1.073903e-02 1.577130e-01 5.745363e+01
1.594346e-01 -1.281189e-02 9.871254e-01 2.451575e+02 -1.760700e-02 9.997198e-01 1.581914e-02 -8.086366e+00 -9.870515e-01 -1.990244e-02 1.591643e-01 5.761333e+01
1.622831e-01 -1.366763e-02 9.866496e-01 2.459529e+02 -1.400472e-02 9.997714e-01 1.615288e-02 -8.086630e+00 -9.866449e-01 -1.643909e-02 1.620546e-01 5.773266e+01
1.642051e-01 -1.239714e-02 9.863483e-01 2.468176e+02 -9.855502e-03 9.998505e-01 1.420757e-02 -8.093994e+00 -9.863770e-01 -1.205391e-02 1.640584e-01 5.789696e+01
1.645400e-01 -9.956696e-03 9.863202e-01 2.476728e+02 -9.359052e-03 9.998883e-01 1.165496e-02 -8.143442e+00 -9.863260e-01 -1.114873e-02 1.644284e-01 5.805203e+01
1.656564e-01 -9.516079e-03 9.861376e-01 2.484317e+02 -9.137910e-03 9.998957e-01 1.118388e-02 -8.138312e+00 -9.861412e-01 -1.086392e-02 1.655522e-01 5.818671e+01
1.668515e-01 -1.312872e-02 9.858946e-01 2.491938e+02 -1.446301e-02 9.997712e-01 1.576121e-02 -8.158410e+00 -9.858760e-01 -1.688879e-02 1.666234e-01 5.833053e+01
1.661705e-01 -2.036584e-02 9.858867e-01 2.499989e+02 -1.105385e-02 9.996854e-01 2.251400e-02 -8.211230e+00 -9.860351e-01 -1.463900e-02 1.658931e-01 5.846234e+01
1.662904e-01 -2.416246e-02 9.857808e-01 2.507634e+02 -1.243697e-02 9.995688e-01 2.659840e-02 -8.214571e+00 -9.859984e-01 -1.668319e-02 1.659182e-01 5.859055e+01
1.661658e-01 -2.133744e-02 9.858669e-01 2.514363e+02 -1.682388e-02 9.995590e-01 2.446941e-02 -8.235111e+00 -9.859543e-01 -2.065209e-02 1.657336e-01 5.868370e+01
1.664253e-01 -1.454292e-02 9.859468e-01 2.521839e+02 -9.323025e-03 9.998233e-01 1.632130e-02 -8.227151e+00 -9.860100e-01 -1.190828e-02 1.662603e-01 5.885250e+01
1.409058e-01 -5.597614e-03 9.900072e-01 2.527791e+02 -8.253059e-03 9.999426e-01 6.828432e-03 -8.238529e+00 -9.899886e-01 -9.132753e-03 1.408515e-01 5.887919e+01
1.392098e-01 -4.335537e-03 9.902534e-01 2.535126e+02 -1.011530e-02 9.999320e-01 5.799921e-03 -8.247802e+00 -9.902112e-01 -1.082412e-02 1.391565e-01 5.898553e+01
1.376639e-01 -4.443945e-03 9.904690e-01 2.542694e+02 -3.058050e-03 9.999833e-01 4.911667e-03 -8.269316e+00 -9.904743e-01 -3.705063e-03 1.376480e-01 5.907339e+01
1.335999e-01 -5.232377e-03 9.910215e-01 2.549420e+02 -2.268093e-03 9.999818e-01 5.585448e-03 -8.277106e+00 -9.910328e-01 -2.993944e-03 1.335856e-01 5.915260e+01
1.273434e-01 -4.977742e-03 9.918462e-01 2.556633e+02 -4.089044e-03 9.999763e-01 5.543537e-03 -8.277987e+00 -9.918503e-01 -4.761636e-03 1.273201e-01 5.923822e+01
1.192902e-01 -3.630994e-03 9.928528e-01 2.562549e+02 -3.156512e-03 9.999869e-01 4.036336e-03 -8.333537e+00 -9.928544e-01 -3.615447e-03 1.192772e-01 5.934402e+01
1.094351e-01 -3.381807e-03 9.939882e-01 2.568959e+02 -3.294265e-03 9.999875e-01 3.764906e-03 -8.338418e+00 -9.939885e-01 -3.686473e-03 1.094226e-01 5.940836e+01
9.853743e-02 -1.124648e-03 9.951327e-01 2.575917e+02 -3.038362e-03 9.999944e-01 1.430999e-03 -8.312628e+00 -9.951287e-01 -3.164580e-03 9.853346e-02 5.945086e+01
8.644615e-02 -5.190306e-03 9.962430e-01 2.582020e+02 2.530300e-04 9.999865e-01 5.187853e-03 -8.353031e+00 -9.962565e-01 -1.963905e-04 8.644630e-02 5.953509e+01
7.456996e-02 -9.337264e-03 9.971721e-01 2.588082e+02 6.014665e-03 9.999422e-01 8.913417e-03 -8.368406e+00 -9.971976e-01 5.332983e-03 7.462181e-02 5.956338e+01
6.281523e-02 -1.443541e-02 9.979208e-01 2.594020e+02 1.156827e-02 9.998387e-01 1.373498e-02 -8.370978e+00 -9.979581e-01 1.068145e-02 6.297209e-02 5.958358e+01
5.061100e-02 -2.126654e-02 9.984920e-01 2.601592e+02 1.231352e-02 9.997106e-01 2.066835e-02 -8.393311e+00 -9.986425e-01 1.124890e-02 5.085822e-02 5.968446e+01
3.920971e-02 -2.367638e-02 9.989505e-01 2.607405e+02 1.422679e-02 9.996311e-01 2.313410e-02 -8.390888e+00 -9.991297e-01 1.330478e-02 3.953209e-02 5.970112e+01
2.880489e-02 -2.304973e-02 9.993193e-01 2.613298e+02 1.747060e-02 9.995930e-01 2.255246e-02 -8.364995e+00 -9.994324e-01 1.680909e-02 2.919585e-02 5.968850e+01
1.681526e-02 -1.906722e-02 9.996768e-01 2.618226e+02 2.417733e-02 9.995336e-01 1.865781e-02 -8.384067e+00 -9.995663e-01 2.385578e-02 1.726841e-02 5.974330e+01
6.207807e-03 -1.610564e-02 9.998510e-01 2.623417e+02 2.731749e-02 9.994999e-01 1.593038e-02 -8.396635e+00 -9.996075e-01 2.721452e-02 6.644668e-03 5.973942e+01
-3.816066e-03 -1.410508e-02 9.998932e-01 2.628352e+02 2.999618e-02 9.994490e-01 1.421329e-02 -8.396841e+00 -9.995427e-01 3.004721e-02 -3.390865e-03 5.972404e+01
-1.151532e-02 -1.442767e-02 9.998296e-01 2.633019e+02 3.341661e-02 9.993318e-01 1.480536e-02 -8.404280e+00 -9.993752e-01 3.358140e-02 -1.102550e-02 5.971514e+01
-1.736120e-02 -1.729402e-02 9.996997e-01 2.637608e+02 3.624414e-02 9.991824e-01 1.791450e-02 -8.463510e+00 -9.991921e-01 3.654428e-02 -1.672020e-02 5.969242e+01
-2.370786e-02 -1.864805e-02 9.995450e-01 2.642051e+02 3.844688e-02 9.990694e-01 1.955109e-02 -8.488652e+00 -9.989794e-01 3.889290e-02 -2.296883e-02 5.970613e+01
-2.600876e-02 -1.612035e-02 9.995317e-01 2.645883e+02 4.091107e-02 9.990151e-01 1.717656e-02 -8.450641e+00 -9.988242e-01 4.133866e-02 -2.532365e-02 5.968741e+01
-2.516388e-02 -1.760871e-02 9.995282e-01 2.649733e+02 4.261026e-02 9.989173e-01 1.867070e-02 -8.475265e+00 -9.987748e-01 4.305999e-02 -2.438632e-02 5.965663e+01
-2.277432e-02 -2.053512e-02 9.995297e-01 2.653687e+02 4.511650e-02 9.987493e-01 2.154707e-02 -8.579131e+00 -9.987221e-01 4.558600e-02 -2.181937e-02 5.968233e+01
-1.837053e-02 -1.899070e-02 9.996509e-01 2.656839e+02 4.559652e-02 9.987635e-01 1.981177e-02 -8.521979e+00 -9.987910e-01 4.594455e-02 -1.748190e-02 5.969023e+01
-1.040932e-02 -1.800470e-02 9.997837e-01 2.660046e+02 4.468560e-02 9.988307e-01 1.845278e-02 -8.515060e+00 -9.989469e-01 4.486801e-02 -9.592599e-03 5.969435e+01
1.560063e-03 -1.473063e-02 9.998903e-01 2.663227e+02 4.392779e-02 9.989273e-01 1.464790e-02 -8.495925e+00 -9.990335e-01 4.390011e-02 2.205473e-03 5.970168e+01
1.538854e-02 -1.239938e-02 9.998047e-01 2.665878e+02 4.252732e-02 9.990264e-01 1.173516e-02 -8.526747e+00 -9.989768e-01 4.233843e-02 1.590087e-02 5.973524e+01
3.170810e-02 -1.021400e-02 9.994450e-01 2.668621e+02 4.283417e-02 9.990430e-01 8.850951e-03 -8.571488e+00 -9.985789e-01 4.252974e-02 3.211526e-02 5.976875e+01
5.181399e-02 -8.046004e-03 9.986243e-01 2.671291e+02 4.281912e-02 9.990658e-01 5.827876e-03 -8.541601e+00 -9.977384e-01 4.245825e-02 5.211011e-02 5.980390e+01
7.362090e-02 -1.168620e-02 9.972178e-01 2.674112e+02 4.488727e-02 9.989568e-01 8.392714e-03 -8.602818e+00 -9.962756e-01 4.414451e-02 7.406866e-02 5.987184e+01
9.877133e-02 -1.233410e-02 9.950337e-01 2.676700e+02 4.466408e-02 9.989704e-01 7.949351e-03 -8.585987e+00 -9.941073e-01 4.365710e-02 9.922053e-02 5.993095e+01
1.301437e-01 -1.268240e-02 9.914140e-01 2.679344e+02 4.273569e-02 9.990607e-01 7.170274e-03 -8.600927e+00 -9.905737e-01 4.143560e-02 1.305634e-01 5.999026e+01
1.625178e-01 -1.344240e-02 9.866140e-01 2.681551e+02 4.107665e-02 9.991325e-01 6.846707e-03 -8.600062e+00 -9.858502e-01 3.941409e-02 1.629290e-01 6.006697e+01
1.958838e-01 -1.740739e-02 9.804726e-01 2.683904e+02 3.976515e-02 9.991610e-01 9.794703e-03 -8.601740e+00 -9.798205e-01 3.707002e-02 1.964117e-01 6.015915e+01
2.313989e-01 -2.124800e-02 9.726269e-01 2.686329e+02 3.864863e-02 9.991730e-01 1.263299e-02 -8.598106e+00 -9.720910e-01 3.466743e-02 2.320287e-01 6.024607e+01
2.697227e-01 -2.392690e-02 9.626407e-01 2.688545e+02 3.576331e-02 9.992505e-01 1.481631e-02 -8.624821e+00 -9.622737e-01 3.043093e-02 2.703762e-01 6.035908e+01
3.103360e-01 -2.428313e-02 9.503167e-01 2.690648e+02 3.153837e-02 9.993864e-01 1.523781e-02 -8.636272e+00 -9.501036e-01 2.524260e-02 3.109114e-01 6.047050e+01
3.542414e-01 -2.172322e-02 9.349017e-01 2.692786e+02 2.409183e-02 9.996103e-01 1.409820e-02 -8.630882e+00 -9.348436e-01 1.752933e-02 3.546267e-01 6.059961e+01
3.994102e-01 -2.046146e-02 9.165440e-01 2.694628e+02 2.271932e-02 9.996648e-01 1.241651e-02 -8.647652e+00 -9.164908e-01 1.586398e-02 3.997412e-01 6.074083e+01
4.467099e-01 -1.807292e-02 8.944963e-01 2.696915e+02 2.117952e-02 9.997294e-01 9.622098e-03 -8.648913e+00 -8.944281e-01 1.464672e-02 4.469718e-01 6.088969e+01
4.948101e-01 -1.608902e-02 8.688522e-01 2.699353e+02 2.030136e-02 9.997697e-01 6.951700e-03 -8.650784e+00 -8.687640e-01 1.419911e-02 4.950228e-01 6.107078e+01
5.442243e-01 -1.837174e-02 8.387386e-01 2.701213e+02 2.787892e-02 9.996041e-01 3.805814e-03 -8.674426e+00 -8.384764e-01 2.131191e-02 5.445210e-01 6.124835e+01
5.947741e-01 -2.158913e-02 8.036029e-01 2.703525e+02 3.963691e-02 9.992110e-01 -2.492416e-03 -8.683061e+00 -8.029151e-01 3.333476e-02 5.951606e-01 6.143231e+01
6.418549e-01 -2.612446e-02 7.663810e-01 2.705302e+02 4.781240e-02 9.988383e-01 -5.995064e-03 -8.711937e+00 -7.653341e-01 4.049047e-02 6.423583e-01 6.164051e+01
6.875524e-01 -2.365332e-02 7.257494e-01 2.706591e+02 4.167176e-02 9.991074e-01 -6.916045e-03 -8.703313e+00 -7.249380e-01 3.499840e-02 6.879244e-01 6.186079e+01
7.318977e-01 -2.077924e-02 6.810976e-01 2.707627e+02 3.739806e-02 9.992534e-01 -9.701732e-03 -8.732710e+00 -6.803875e-01 3.257240e-02 7.321284e-01 6.207466e+01
7.749660e-01 -1.342978e-02 6.318603e-01 2.709322e+02 2.887552e-02 9.994825e-01 -1.417199e-02 -8.737141e+00 -6.313430e-01 2.922810e-02 7.749528e-01 6.236436e+01
8.151053e-01 -8.520970e-03 5.792502e-01 2.710595e+02 2.213474e-02 9.996198e-01 -1.644266e-02 -8.724451e+00 -5.788898e-01 2.622405e-02 8.149840e-01 6.260475e+01
8.531834e-01 -1.299439e-02 5.214492e-01 2.712229e+02 2.633326e-02 9.994879e-01 -1.817887e-02 -8.730338e+00 -5.209459e-01 2.924137e-02 8.530887e-01 6.289739e+01
8.860778e-01 -1.349576e-02 4.633400e-01 2.713765e+02 2.553294e-02 9.994795e-01 -1.971647e-02 -8.715062e+00 -4.628327e-01 2.930076e-02 8.859612e-01 6.324876e+01
9.131636e-01 -1.108559e-02 4.074424e-01 2.714755e+02 1.975632e-02 9.996589e-01 -1.707957e-02 -8.714762e+00 -4.071141e-01 2.364601e-02 9.130712e-01 6.361130e+01
9.358255e-01 -6.670293e-03 3.524005e-01 2.715931e+02 1.225101e-02 9.998323e-01 -1.360846e-02 -8.735631e+00 -3.522507e-01 1.705241e-02 9.357503e-01 6.400426e+01
9.540092e-01 -2.918794e-05 2.997775e-01 2.716409e+02 4.741741e-03 9.998764e-01 -1.499272e-02 -8.731986e+00 -2.997400e-01 1.572466e-02 9.538913e-01 6.434854e+01
9.681585e-01 3.615711e-03 2.503120e-01 2.716605e+02 5.862137e-04 9.998602e-01 -1.671016e-02 -8.736698e+00 -2.503375e-01 1.632482e-02 9.680210e-01 6.478492e+01
9.786308e-01 1.035490e-02 2.053645e-01 2.716991e+02 -6.657266e-03 9.998032e-01 -1.868802e-02 -8.734538e+00 -2.055176e-01 1.692150e-02 9.785071e-01 6.520079e+01
9.860273e-01 1.740479e-02 1.656722e-01 2.717186e+02 -1.407281e-02 9.996748e-01 -2.126457e-02 -8.752261e+00 -1.659885e-01 1.863597e-02 9.859516e-01 6.562605e+01
9.909983e-01 2.608741e-02 1.313081e-01 2.717218e+02 -2.306664e-02 9.994343e-01 -2.447409e-02 -8.765299e+00 -1.318723e-01 2.122494e-02 9.910395e-01 6.612549e+01
9.945636e-01 2.511616e-02 1.010570e-01 2.717468e+02 -2.283083e-02 9.994582e-01 -2.370790e-02 -8.781655e+00 -1.015977e-01 2.127180e-02 9.945981e-01 6.660483e+01
9.970119e-01 1.889835e-02 7.490042e-02 2.717584e+02 -1.715668e-02 9.995688e-01 -2.382873e-02 -8.784806e+00 -7.531845e-02 2.247248e-02 9.969063e-01 6.712106e+01
9.984911e-01 1.868488e-02 5.163637e-02 2.717390e+02 -1.744291e-02 9.995501e-01 -2.439924e-02 -8.810466e+00 -5.206903e-02 2.346174e-02 9.983678e-01 6.772082e+01
9.994159e-01 1.949316e-02 2.807044e-02 2.717164e+02 -1.879250e-02 9.995105e-01 -2.501197e-02 -8.821902e+00 -2.854426e-02 2.446985e-02 9.992930e-01 6.826949e+01
9.998339e-01 1.809861e-02 2.141249e-03 2.716832e+02 -1.804480e-02 9.995742e-01 -2.293124e-02 -8.837094e+00 -2.555361e-03 2.288879e-02 9.997348e-01 6.886116e+01
9.995516e-01 1.677488e-02 -2.480399e-02 2.716340e+02 -1.727616e-02 9.996480e-01 -2.013552e-02 -8.866852e+00 2.445749e-02 2.055501e-02 9.994895e-01 6.956514e+01
9.986845e-01 1.665391e-02 -4.849718e-02 2.715894e+02 -1.777001e-02 9.995850e-01 -2.267428e-02 -8.883132e+00 4.809944e-02 2.350625e-02 9.985659e-01 7.021064e+01
9.974263e-01 1.916714e-02 -6.909015e-02 2.715150e+02 -2.118786e-02 9.993654e-01 -2.863431e-02 -8.916036e+00 6.849747e-02 3.002449e-02 9.971994e-01 7.085153e+01
9.959114e-01 2.251577e-02 -8.748478e-02 2.714096e+02 -2.572407e-02 9.990307e-01 -3.571992e-02 -8.941985e+00 8.659572e-02 3.782433e-02 9.955252e-01 7.153766e+01
9.944253e-01 2.585202e-02 -1.022248e-01 2.713204e+02 -3.029750e-02 9.986507e-01 -4.217636e-02 -8.950726e+00 1.009965e-01 4.503840e-02 9.938668e-01 7.226067e+01
9.927851e-01 2.706629e-02 -1.168123e-01 2.712173e+02 -3.140812e-02 9.988764e-01 -3.548978e-02 -8.991771e+00 1.157204e-01 3.890258e-02 9.925197e-01 7.298830e+01
9.911253e-01 2.614417e-02 -1.303344e-01 2.711156e+02 -2.947974e-02 9.992837e-01 -2.372878e-02 -9.004004e+00 1.296207e-01 2.736042e-02 9.911861e-01 7.363502e+01
9.896944e-01 2.303656e-02 -1.413307e-01 2.710256e+02 -2.570507e-02 9.995236e-01 -1.708458e-02 -9.033182e+00 1.408698e-01 2.054143e-02 9.898150e-01 7.438834e+01
9.885317e-01 2.224083e-02 -1.493671e-01 2.709274e+02 -2.538091e-02 9.994944e-01 -1.914912e-02 -9.043061e+00 1.488656e-01 2.272058e-02 9.885964e-01 7.506315e+01
9.876780e-01 2.582855e-02 -1.543534e-01 2.707204e+02 -2.973265e-02 9.992924e-01 -2.303813e-02 -9.064077e+00 1.536491e-01 2.734359e-02 9.877471e-01 7.590098e+01
9.870098e-01 2.851630e-02 -1.581094e-01 2.705776e+02 -3.319361e-02 9.990836e-01 -2.702083e-02 -9.080804e+00 1.571939e-01 3.191804e-02 9.870518e-01 7.667025e+01
9.864345e-01 3.078531e-02 -1.612428e-01 2.704523e+02 -3.555883e-02 9.990081e-01 -2.680232e-02 -9.093977e+00 1.602578e-01 3.217234e-02 9.865507e-01 7.753799e+01
9.864322e-01 3.397814e-02 -1.606142e-01 2.702230e+02 -3.848128e-02 9.989463e-01 -2.500923e-02 -9.125058e+00 1.595952e-01 3.085055e-02 9.867004e-01 7.820223e+01
9.865152e-01 3.139779e-02 -1.606301e-01 2.701189e+02 -3.626168e-02 9.989656e-01 -2.743809e-02 -9.144610e+00 1.596025e-01 3.289281e-02 9.866332e-01 7.918287e+01
9.870370e-01 2.557828e-02 -1.584416e-01 2.699551e+02 -3.068238e-02 9.990833e-01 -2.985208e-02 -9.159186e+00 1.575328e-01 3.432647e-02 9.869170e-01 8.009700e+01
9.867879e-01 3.377294e-02 -1.584585e-01 2.699135e+02 -3.890424e-02 9.988106e-01 -2.939232e-02 -9.261866e+00 1.572773e-01 3.516869e-02 9.869281e-01 8.140520e+01
9.872985e-01 3.252571e-02 -1.555113e-01 2.697604e+02 -3.702609e-02 9.989726e-01 -2.612997e-02 -9.282423e+00 1.545016e-01 3.155606e-02 9.874885e-01 8.230657e+01
9.878523e-01 2.695761e-02 -1.530399e-01 2.696120e+02 -3.018282e-02 9.993678e-01 -1.878983e-02 -9.314667e+00 1.524366e-01 2.318075e-02 9.880414e-01 8.313167e+01
9.884701e-01 2.606202e-02 -1.491564e-01 2.694021e+02 -2.876370e-02 9.994584e-01 -1.598425e-02 -9.326695e+00 1.486590e-01 2.009024e-02 9.886844e-01 8.419010e+01
9.889114e-01 2.376658e-02 -1.465924e-01 2.692820e+02 -2.657490e-02 9.994984e-01 -1.722854e-02 -9.339506e+00 1.461094e-01 2.093318e-02 9.890469e-01 8.508588e+01
9.893608e-01 1.962319e-02 -1.441529e-01 2.691250e+02 -2.282754e-02 9.995270e-01 -2.060850e-02 -9.360502e+00 1.436803e-01 2.367990e-02 9.893408e-01 8.608747e+01
9.898272e-01 1.605606e-02 -1.413658e-01 2.689718e+02 -1.999809e-02 9.994485e-01 -2.650886e-02 -9.415019e+00 1.408622e-01 2.906624e-02 9.896024e-01 8.694743e+01
9.901468e-01 1.512473e-02 -1.392137e-01 2.688579e+02 -1.990143e-02 9.992577e-01 -3.298408e-02 -9.449297e+00 1.386115e-01 3.542964e-02 9.897129e-01 8.785252e+01
9.903654e-01 1.386491e-02 -1.377830e-01 2.687303e+02 -1.854324e-02 9.992922e-01 -3.272892e-02 -9.491011e+00 1.372317e-01 3.496853e-02 9.899215e-01 8.880203e+01
9.905573e-01 1.352682e-02 -1.364301e-01 2.685374e+02 -1.717532e-02 9.995247e-01 -2.560097e-02 -9.511211e+00 1.360190e-01 2.770246e-02 9.903188e-01 8.992689e+01
9.907124e-01 8.893393e-03 -1.356832e-01 2.683977e+02 -1.139757e-02 9.997785e-01 -1.769043e-02 -9.550945e+00 1.354958e-01 1.907259e-02 9.905943e-01 9.098814e+01
9.906544e-01 9.787500e-03 -1.360445e-01 2.682895e+02 -1.187696e-02 9.998235e-01 -1.455544e-02 -9.567235e+00 1.358781e-01 1.603521e-02 9.905958e-01 9.196828e+01
9.906968e-01 1.023212e-02 -1.357021e-01 2.680809e+02 -1.266164e-02 9.997744e-01 -1.705230e-02 -9.590165e+00 1.354970e-01 1.861187e-02 9.906029e-01 9.295525e+01
9.906272e-01 7.232598e-03 -1.364021e-01 2.679738e+02 -1.071351e-02 9.996350e-01 -2.480266e-02 -9.632938e+00 1.361729e-01 2.603154e-02 9.903430e-01 9.393190e+01
9.905867e-01 6.475139e-03 -1.367337e-01 2.678351e+02 -1.092197e-02 9.994347e-01 -3.179667e-02 -9.653041e+00 1.364505e-01 3.299075e-02 9.900974e-01 9.480981e+01
9.905643e-01 1.058118e-02 -1.366396e-01 2.676109e+02 -1.475565e-02 9.994537e-01 -2.957427e-02 -9.705473e+00 1.362520e-01 3.131142e-02 9.901793e-01 9.611003e+01
9.904743e-01 1.307454e-02 -1.370757e-01 2.674590e+02 -1.638610e-02 9.995998e-01 -2.305811e-02 -9.733354e+00 1.367193e-01 2.508460e-02 9.902922e-01 9.719717e+01
9.904351e-01 1.477748e-02 -1.371861e-01 2.672936e+02 -1.753122e-02 9.996679e-01 -1.888647e-02 -9.759304e+00 1.368615e-01 2.111087e-02 9.903652e-01 9.816815e+01
9.902427e-01 1.771761e-02 -1.382224e-01 2.671189e+02 -2.051422e-02 9.996121e-01 -1.883430e-02 -9.798091e+00 1.378351e-01 2.148605e-02 9.902221e-01 9.922286e+01
9.899866e-01 2.096089e-02 -1.395966e-01 2.669827e+02 -2.378179e-02 9.995447e-01 -1.856997e-02 -9.807559e+00 1.391438e-01 2.170388e-02 9.900343e-01 1.002466e+02
9.896318e-01 2.661444e-02 -1.411404e-01 2.668329e+02 -2.856546e-02 9.995221e-01 -1.181496e-02 -9.836216e+00 1.407585e-01 1.572420e-02 9.899191e-01 1.012903e+02
9.895933e-01 2.764582e-02 -1.412121e-01 2.665839e+02 -2.872997e-02 9.995713e-01 -5.644105e-03 -9.872138e+00 1.409956e-01 9.642388e-03 9.899633e-01 1.024676e+02
9.892530e-01 2.962043e-02 -1.431820e-01 2.664350e+02 -3.106591e-02 9.994864e-01 -7.869873e-03 -9.887637e+00 1.428753e-01 1.223337e-02 9.896651e-01 1.035354e+02
9.891167e-01 2.835802e-02 -1.443742e-01 2.662762e+02 -3.041200e-02 9.994649e-01 -1.203935e-02 -9.913026e+00 1.439555e-01 1.629904e-02 9.894499e-01 1.045128e+02
9.890447e-01 2.471373e-02 -1.455326e-01 2.660351e+02 -2.689763e-02 9.995529e-01 -1.305741e-02 -9.890989e+00 1.451448e-01 1.682884e-02 9.892673e-01 1.057602e+02
9.890611e-01 2.536598e-02 -1.453090e-01 2.658518e+02 -2.810851e-02 9.994628e-01 -1.685157e-02 -9.925195e+00 1.448035e-01 2.075165e-02 9.892428e-01 1.069156e+02
9.891237e-01 2.430050e-02 -1.450646e-01 2.657299e+02 -2.836095e-02 9.992599e-01 -2.598826e-02 -9.942535e+00 1.443257e-01 2.981977e-02 9.890808e-01 1.077650e+02
9.894514e-01 1.668009e-02 -1.439018e-01 2.655222e+02 -2.081238e-02 9.994117e-01 -2.725860e-02 -9.978651e+00 1.433624e-01 2.996600e-02 9.892165e-01 1.087153e+02
9.895002e-01 1.636770e-02 -1.436020e-01 2.654021e+02 -1.973360e-02 9.995622e-01 -2.204616e-02 -1.001659e+01 1.431782e-01 2.464847e-02 9.893899e-01 1.097151e+02
9.897632e-01 2.113976e-02 -1.411450e-01 2.652061e+02 -2.387051e-02 9.995587e-01 -1.768197e-02 -1.004105e+01 1.407089e-01 2.087016e-02 9.898310e-01 1.107692e+02
9.899141e-01 2.284363e-02 -1.398148e-01 2.650257e+02 -2.568584e-02 9.994978e-01 -1.855754e-02 -1.009225e+01 1.393207e-01 2.196163e-02 9.900038e-01 1.117010e+02
9.900553e-01 2.813211e-02 -1.378370e-01 2.648719e+02 -3.160563e-02 9.992340e-01 -2.307623e-02 -1.012140e+01 1.370822e-01 2.720317e-02 9.901861e-01 1.127015e+02
9.906797e-01 2.970756e-02 -1.329330e-01 2.646944e+02 -3.310064e-02 9.991783e-01 -2.338758e-02 -1.014407e+01 1.321290e-01 2.756976e-02 9.908491e-01 1.137683e+02
9.906671e-01 3.607755e-02 -1.314423e-01 2.645384e+02 -3.872349e-02 9.990944e-01 -1.762909e-02 -1.023299e+01 1.306873e-01 2.255447e-02 9.911671e-01 1.145123e+02
9.910476e-01 3.667530e-02 -1.283731e-01 2.644193e+02 -3.829110e-02 9.992152e-01 -1.014068e-02 -1.025944e+01 1.279004e-01 1.496545e-02 9.916741e-01 1.154966e+02
9.912760e-01 3.783125e-02 -1.262565e-01 2.642548e+02 -3.903193e-02 9.992131e-01 -7.048653e-03 -1.028906e+01 1.258905e-01 1.191520e-02 9.919726e-01 1.165482e+02
9.914904e-01 3.257677e-02 -1.260378e-01 2.640492e+02 -3.421056e-02 9.993561e-01 -1.081930e-02 -1.031623e+01 1.256042e-01 1.503905e-02 9.919664e-01 1.176959e+02
9.915606e-01 2.240880e-02 -1.276924e-01 2.639315e+02 -2.505637e-02 9.995023e-01 -1.916525e-02 -1.033936e+01 1.271993e-01 2.220302e-02 9.916286e-01 1.187197e+02
9.912719e-01 1.971845e-02 -1.303505e-01 2.638212e+02 -2.249403e-02 9.995498e-01 -1.985516e-02 -1.037090e+01 1.299003e-01 2.261397e-02 9.912692e-01 1.196869e+02
9.909557e-01 2.238338e-02 -1.323092e-01 2.635889e+02 -2.421733e-02 9.996314e-01 -1.226797e-02 -1.041424e+01 1.319859e-01 1.536119e-02 9.911326e-01 1.208029e+02
9.905769e-01 2.283612e-02 -1.350404e-01 2.634209e+02 -2.415086e-02 9.996755e-01 -8.105519e-03 -1.043990e+01 1.348115e-01 1.129048e-02 9.908069e-01 1.218376e+02
9.901882e-01 2.471942e-02 -1.375368e-01 2.632804e+02 -2.632480e-02 9.996048e-01 -9.865380e-03 -1.046447e+01 1.372385e-01 1.338921e-02 9.904475e-01 1.228503e+02
9.897321e-01 3.067243e-02 -1.396050e-01 2.630255e+02 -3.406461e-02 9.991780e-01 -2.197360e-02 -1.051604e+01 1.388162e-01 2.650357e-02 9.899634e-01 1.240664e+02
9.892868e-01 3.433791e-02 -1.418893e-01 2.628625e+02 -3.910138e-02 9.987567e-01 -3.092030e-02 -1.053748e+01 1.406512e-01 3.613711e-02 9.893995e-01 1.251963e+02
9.888599e-01 3.310485e-02 -1.451210e-01 2.627120e+02 -3.768937e-02 9.988699e-01 -2.895558e-02 -1.059911e+01 1.439985e-01 3.410253e-02 9.889901e-01 1.261982e+02
9.887972e-01 3.173335e-02 -1.458532e-01 2.625012e+02 -3.531333e-02 9.991336e-01 -2.202120e-02 -1.064601e+01 1.450280e-01 2.692506e-02 9.890611e-01 1.271775e+02
9.885215e-01 3.442712e-02 -1.471053e-01 2.623328e+02 -3.744743e-02 9.991399e-01 -1.781095e-02 -1.068823e+01 1.463655e-01 2.311522e-02 9.889605e-01 1.282467e+02
9.879988e-01 3.919849e-02 -1.494050e-01 2.621891e+02 -4.249153e-02 9.989178e-01 -1.891176e-02 -1.071826e+01 1.485020e-01 2.503325e-02 9.885952e-01 1.292930e+02
9.883880e-01 3.600345e-02 -1.476244e-01 2.619336e+02 -3.963175e-02 9.989785e-01 -2.170967e-02 -1.077492e+01 1.466920e-01 2.730819e-02 9.888052e-01 1.302885e+02
9.884389e-01 3.780979e-02 -1.468298e-01 2.617780e+02 -4.183102e-02 9.988268e-01 -2.439545e-02 -1.079108e+01 1.457352e-01 3.025545e-02 9.888609e-01 1.313848e+02
9.886104e-01 3.802188e-02 -1.456152e-01 2.616141e+02 -4.197953e-02 9.988253e-01 -2.420210e-02 -1.085219e+01 1.445239e-01 3.003930e-02 9.890452e-01 1.323898e+02
9.890184e-01 3.558760e-02 -1.434441e-01 2.613828e+02 -3.905180e-02 9.990079e-01 -2.140658e-02 -1.085505e+01 1.425400e-01 2.677325e-02 9.894269e-01 1.333778e+02
9.892585e-01 3.579192e-02 -1.417268e-01 2.612350e+02 -3.871150e-02 9.990902e-01 -1.789593e-02 -1.088153e+01 1.409573e-01 2.319016e-02 9.897440e-01 1.343871e+02
9.895195e-01 3.229154e-02 -1.407426e-01 2.611164e+02 -3.516462e-02 9.992199e-01 -1.797416e-02 -1.091655e+01 1.400524e-01 2.273494e-02 9.898831e-01 1.353645e+02
9.898879e-01 2.767041e-02 -1.391266e-01 2.608504e+02 -3.160884e-02 9.991574e-01 -2.617842e-02 -1.097098e+01 1.382850e-01 3.031133e-02 9.899285e-01 1.363742e+02
9.900722e-01 2.400097e-02 -1.384957e-01 2.607095e+02 -2.869310e-02 9.990765e-01 -3.198250e-02 -1.100420e+01 1.376002e-01 3.563886e-02 9.898465e-01 1.374010e+02
9.903206e-01 2.500856e-02 -1.365275e-01 2.605653e+02 -2.859868e-02 9.992932e-01 -2.439784e-02 -1.103217e+01 1.358208e-01 2.806619e-02 9.903358e-01 1.384582e+02
9.904684e-01 2.690021e-02 -1.350875e-01 2.603468e+02 -2.853730e-02 9.995407e-01 -1.019660e-02 -1.109282e+01 1.347512e-01 1.395444e-02 9.907812e-01 1.395054e+02
9.905174e-01 2.711821e-02 -1.346843e-01 2.602153e+02 -2.816974e-02 9.995857e-01 -5.907468e-03 -1.108662e+01 1.344683e-01 9.645471e-03 9.908710e-01 1.405523e+02
9.903216e-01 3.579201e-02 -1.340975e-01 2.601089e+02 -3.807056e-02 9.991703e-01 -1.446547e-02 -1.105033e+01 1.334685e-01 1.943063e-02 9.908626e-01 1.415163e+02
9.908106e-01 2.502162e-02 -1.329219e-01 2.599065e+02 -2.951802e-02 9.990530e-01 -3.196496e-02 -1.118516e+01 1.319962e-01 3.559481e-02 9.906109e-01 1.424989e+02
9.913491e-01 1.535029e-02 -1.303507e-01 2.597539e+02 -2.085653e-02 9.989422e-01 -4.098214e-02 -1.127432e+01 1.295838e-01 4.334627e-02 9.906206e-01 1.435024e+02
9.916710e-01 1.677601e-02 -1.276997e-01 2.596286e+02 -2.112115e-02 9.992404e-01 -3.274840e-02 -1.125266e+01 1.270533e-01 3.517280e-02 9.912721e-01 1.444846e+02
9.923214e-01 2.038003e-02 -1.219952e-01 2.593150e+02 -2.296463e-02 9.995398e-01 -1.981755e-02 -1.133782e+01 1.215352e-01 2.246695e-02 9.923328e-01 1.457263e+02
9.925870e-01 2.044908e-02 -1.198033e-01 2.592177e+02 -2.206138e-02 9.996828e-01 -1.214692e-02 -1.136578e+01 1.195169e-01 1.469990e-02 9.927233e-01 1.467133e+02
9.931625e-01 1.602334e-02 -1.156351e-01 2.590704e+02 -1.743865e-02 9.997848e-01 -1.123813e-02 -1.138092e+01 1.154302e-01 1.317781e-02 9.932282e-01 1.477833e+02
9.935888e-01 1.433066e-02 -1.121421e-01 2.589129e+02 -1.615639e-02 9.997510e-01 -1.538861e-02 -1.144523e+01 1.118936e-01 1.710176e-02 9.935730e-01 1.487944e+02
9.940061e-01 1.383198e-02 -1.084464e-01 2.588084e+02 -1.643009e-02 9.995981e-01 -2.310074e-02 -1.146835e+01 1.080833e-01 2.474406e-02 9.938339e-01 1.498259e+02
9.944508e-01 1.572489e-02 -1.040205e-01 2.587109e+02 -1.833608e-02 9.995391e-01 -2.419422e-02 -1.152496e+01 1.035921e-01 2.596729e-02 9.942808e-01 1.508354e+02
9.952492e-01 1.113589e-02 -9.672166e-02 2.585059e+02 -1.344064e-02 9.996403e-01 -2.320997e-02 -1.157292e+01 9.642841e-02 2.439970e-02 9.950408e-01 1.518209e+02
9.958798e-01 9.963540e-03 -9.013353e-02 2.584030e+02 -1.175431e-02 9.997435e-01 -1.935904e-02 -1.161515e+01 8.991752e-02 2.033873e-02 9.957415e-01 1.528427e+02
9.964309e-01 1.208002e-02 -8.354363e-02 2.583027e+02 -1.370644e-02 9.997270e-01 -1.892189e-02 -1.164170e+01 8.329225e-02 1.999944e-02 9.963245e-01 1.538449e+02
9.971959e-01 3.256071e-03 -7.476510e-02 2.589211e+02 -4.347468e-03 9.998863e-01 -1.443957e-02 -1.194999e+01 7.470959e-02 1.472412e-02 9.970966e-01 1.538375e+02
9.974961e-01 1.955238e-03 -7.069488e-02 2.588705e+02 -2.804311e-03 9.999251e-01 -1.191314e-02 -1.197749e+01 7.066629e-02 1.208156e-02 9.974268e-01 1.548329e+02
9.979118e-01 -4.490966e-03 -6.443429e-02 2.587835e+02 3.654224e-03 9.999075e-01 -1.309795e-02 -1.200489e+01 6.448716e-02 1.283515e-02 9.978360e-01 1.558233e+02
9.983247e-01 -4.287157e-03 -5.770027e-02 2.585805e+02 3.502291e-03 9.999001e-01 -1.369671e-02 -1.208690e+01 5.775322e-02 1.347168e-02 9.982400e-01 1.568714e+02
9.985124e-01 8.508366e-04 -5.451825e-02 2.585084e+02 -1.593794e-03 9.999064e-01 -1.358566e-02 -1.209834e+01 5.450159e-02 1.365234e-02 9.984203e-01 1.578812e+02
9.985760e-01 6.098361e-03 -5.299752e-02 2.585889e+02 -6.967686e-03 9.998439e-01 -1.623387e-02 -1.212500e+01 5.289025e-02 1.658002e-02 9.984627e-01 1.586656e+02
9.987997e-01 1.045469e-02 -4.785307e-02 2.583316e+02 -1.138752e-02 9.997496e-01 -1.926260e-02 -1.218206e+01 4.763970e-02 1.978440e-02 9.986686e-01 1.597913e+02
9.988880e-01 1.210913e-02 -4.556501e-02 2.582573e+02 -1.304432e-02 9.997092e-01 -2.028323e-02 -1.220265e+01 4.530615e-02 2.085504e-02 9.987554e-01 1.607750e+02
9.989064e-01 1.077230e-02 -4.549618e-02 2.582124e+02 -1.160102e-02 9.997709e-01 -1.799051e-02 -1.223238e+01 4.529195e-02 1.849863e-02 9.988025e-01 1.617537e+02
9.990593e-01 1.354013e-02 -4.119575e-02 2.578711e+02 -1.414524e-02 9.997958e-01 -1.443281e-02 -1.233953e+01 4.099192e-02 1.500196e-02 9.990468e-01 1.630377e+02
9.990184e-01 6.742195e-03 -4.378116e-02 2.578461e+02 -7.412910e-03 9.998574e-01 -1.517549e-02 -1.236837e+01 4.367260e-02 1.548514e-02 9.989259e-01 1.639855e+02
9.988882e-01 -1.109085e-03 -4.712885e-02 2.578287e+02 4.185968e-04 9.998925e-01 -1.465841e-02 -1.236226e+01 4.714004e-02 1.462238e-02 9.987813e-01 1.649127e+02
9.987065e-01 -3.922233e-03 -5.069368e-02 2.577149e+02 3.304228e-03 9.999193e-01 -1.226905e-02 -1.240360e+01 5.073771e-02 1.208567e-02 9.986389e-01 1.658113e+02
9.985088e-01 6.524681e-04 -5.458688e-02 2.576465e+02 -1.204633e-03 9.999484e-01 -1.008305e-02 -1.243364e+01 5.457748e-02 1.013377e-02 9.984581e-01 1.667879e+02
9.982963e-01 -4.872258e-03 -5.814424e-02 2.575388e+02 4.042009e-03 9.998883e-01 -1.438820e-02 -1.245233e+01 5.820785e-02 1.412866e-02 9.982045e-01 1.678272e+02
9.980480e-01 -7.496402e-03 -6.199989e-02 2.574421e+02 6.183955e-03 9.997533e-01 -2.133341e-02 -1.247425e+01 6.214452e-02 2.090836e-02 9.978481e-01 1.687271e+02
9.978550e-01 -1.043801e-02 -6.462514e-02 2.573942e+02 8.768415e-03 9.996218e-01 -2.606505e-02 -1.251486e+01 6.487277e-02 2.544248e-02 9.975691e-01 1.696503e+02
9.976006e-01 -1.195035e-02 -6.819271e-02 2.573993e+02 1.041387e-02 9.996848e-01 -2.284258e-02 -1.254688e+01 6.844420e-02 2.207762e-02 9.974106e-01 1.705097e+02
9.973368e-01 -1.793854e-02 -7.069346e-02 2.572908e+02 1.682845e-02 9.997261e-01 -1.626728e-02 -1.256276e+01 7.096590e-02 1.503429e-02 9.973654e-01 1.714606e+02
9.970722e-01 -2.576237e-02 -7.199596e-02 2.572308e+02 2.530390e-02 9.996533e-01 -7.272964e-03 -1.259858e+01 7.215837e-02 5.429892e-03 9.973784e-01 1.724191e+02
9.966536e-01 -3.539202e-02 -7.368246e-02 2.572204e+02 3.533791e-02 9.993733e-01 -2.038270e-03 -1.262826e+01 7.370842e-02 -5.723351e-04 9.972797e-01 1.732843e+02
9.964978e-01 -3.913938e-02 -7.389383e-02 2.570915e+02 3.902829e-02 9.992338e-01 -2.947299e-03 -1.265760e+01 7.395256e-02 5.302657e-05 9.972618e-01 1.742569e+02
9.965823e-01 -3.915277e-02 -7.273744e-02 2.570243e+02 3.855866e-02 9.992107e-01 -9.554616e-03 -1.267081e+01 7.305411e-02 6.717303e-03 9.973054e-01 1.751396e+02
9.968420e-01 -3.885961e-02 -6.925225e-02 2.569025e+02 3.790334e-02 9.991678e-01 -1.507002e-02 -1.273062e+01 6.978023e-02 1.239754e-02 9.974853e-01 1.760296e+02
9.972356e-01 -3.807422e-02 -6.380818e-02 2.567047e+02 3.713820e-02 9.991853e-01 -1.579215e-02 -1.278885e+01 6.435747e-02 1.337878e-02 9.978372e-01 1.769422e+02
9.973261e-01 -3.489840e-02 -6.420941e-02 2.567841e+02 3.455700e-02 9.993821e-01 -6.420238e-03 -1.292524e+01 6.439380e-02 4.184186e-03 9.979158e-01 1.777538e+02
9.978739e-01 -3.566040e-02 -5.455269e-02 2.565558e+02 3.548933e-02 9.993616e-01 -4.101740e-03 -1.286389e+01 5.466414e-02 2.156981e-03 9.985025e-01 1.786562e+02
9.979401e-01 -3.541937e-02 -5.348816e-02 2.565836e+02 3.536346e-02 9.993725e-01 -1.991492e-03 -1.291129e+01 5.352514e-02 9.586355e-05 9.985665e-01 1.794494e+02
9.982588e-01 -3.564342e-02 -4.699883e-02 2.565499e+02 3.557077e-02 9.993643e-01 -2.381494e-03 -1.293127e+01 4.705384e-02 7.055632e-04 9.988921e-01 1.802509e+02
9.984474e-01 -3.724710e-02 -4.141903e-02 2.565587e+02 3.716529e-02 9.993054e-01 -2.743820e-03 -1.295773e+01 4.149246e-02 1.200209e-03 9.991381e-01 1.810772e+02
9.987502e-01 -3.973009e-02 -3.032415e-02 2.564300e+02 3.952561e-02 9.991918e-01 -7.313136e-03 -1.298975e+01 3.059019e-02 6.105416e-03 9.995134e-01 1.818523e+02
9.989363e-01 -3.980738e-02 -2.327276e-02 2.564832e+02 3.960058e-02 9.991725e-01 -9.280728e-03 -1.298724e+01 2.362294e-02 8.349242e-03 9.996861e-01 1.826288e+02
9.992523e-01 -3.691649e-02 -1.148801e-02 2.564176e+02 3.682618e-02 9.992899e-01 -7.975970e-03 -1.300526e+01 1.177430e-02 7.546947e-03 9.999022e-01 1.834086e+02
9.994666e-01 -3.235197e-02 -4.450426e-03 2.564434e+02 3.234174e-02 9.994741e-01 -2.351736e-03 -1.308840e+01 4.524169e-03 2.206547e-03 9.999873e-01 1.841385e+02
9.995287e-01 -3.042940e-02 4.055853e-03 2.564612e+02 3.044757e-02 9.995263e-01 -4.496349e-03 -1.309438e+01 -3.917110e-03 4.617721e-03 9.999817e-01 1.848683e+02
9.995430e-01 -2.705525e-02 1.348374e-02 2.564705e+02 2.721777e-02 9.995573e-01 -1.201901e-02 -1.310391e+01 -1.315259e-02 1.238051e-02 9.998369e-01 1.855262e+02
9.994686e-01 -2.324285e-02 2.285258e-02 2.564362e+02 2.370371e-02 9.995168e-01 -2.010673e-02 -1.312158e+01 -2.237420e-02 2.063774e-02 9.995366e-01 1.862387e+02
9.993315e-01 -1.947833e-02 3.093934e-02 2.564533e+02 2.015054e-02 9.995643e-01 -2.156553e-02 -1.314892e+01 -3.050580e-02 2.217455e-02 9.992886e-01 1.868770e+02
9.991831e-01 -1.619090e-02 3.702801e-02 2.564803e+02 1.677513e-02 9.997388e-01 -1.552193e-02 -1.318341e+01 -3.676703e-02 1.613040e-02 9.991937e-01 1.875289e+02
9.989836e-01 -1.698914e-02 4.175164e-02 2.564859e+02 1.723683e-02 9.998359e-01 -5.579844e-03 -1.318826e+01 -4.164999e-02 6.293839e-03 9.991124e-01 1.881318e+02
9.986837e-01 -2.123552e-02 4.669048e-02 2.564968e+02 2.123711e-02 9.997744e-01 4.622374e-04 -1.319790e+01 -4.668976e-02 5.299417e-04 9.989093e-01 1.887104e+02
9.983796e-01 -2.824730e-02 4.939847e-02 2.565178e+02 2.825019e-02 9.996007e-01 6.398564e-04 -1.322248e+01 -4.939682e-02 7.566965e-04 9.987789e-01 1.892845e+02
9.983385e-01 -3.219140e-02 4.779085e-02 2.565699e+02 3.224572e-02 9.994799e-01 -3.660055e-04 -1.326323e+01 -4.775421e-02 1.906448e-03 9.988573e-01 1.898388e+02
9.984523e-01 -3.014361e-02 4.673798e-02 2.565877e+02 3.043123e-02 9.995220e-01 -5.454532e-03 -1.327018e+01 -4.655121e-02 6.868384e-03 9.988923e-01 1.903847e+02
9.987623e-01 -2.594004e-02 4.243736e-02 2.566080e+02 2.655589e-02 9.995491e-01 -1.401314e-02 -1.327069e+01 -4.205472e-02 1.512276e-02 9.990009e-01 1.909353e+02
9.988258e-01 -3.197019e-02 3.639843e-02 2.565954e+02 3.264396e-02 9.993037e-01 -1.806958e-02 -1.328161e+01 -3.579540e-02 1.923655e-02 9.991740e-01 1.914694e+02
9.987657e-01 -4.228797e-02 2.605244e-02 2.566314e+02 4.274271e-02 9.989389e-01 -1.715195e-02 -1.328158e+01 -2.529948e-02 1.824433e-02 9.995134e-01 1.920033e+02
9.988178e-01 -4.660066e-02 1.383677e-02 2.566080e+02 4.676286e-02 9.988382e-01 -1.163981e-02 -1.331293e+01 -1.327827e-02 1.227309e-02 9.998365e-01 1.925615e+02
9.991094e-01 -4.192817e-02 -4.743999e-03 2.566195e+02 4.187520e-02 9.990649e-01 -1.076344e-02 -1.328390e+01 5.190854e-03 1.055520e-02 9.999308e-01 1.931446e+02
9.989813e-01 -3.678788e-02 -2.613583e-02 2.565804e+02 3.662741e-02 9.993072e-01 -6.592237e-03 -1.331191e+01 2.636024e-02 5.628234e-03 9.996367e-01 1.936905e+02
9.979194e-01 -3.780203e-02 -5.222931e-02 2.565281e+02 3.745491e-02 9.992693e-01 -7.609351e-03 -1.331250e+01 5.247880e-02 5.637275e-03 9.986061e-01 1.942163e+02
9.957021e-01 -4.138868e-02 -8.285125e-02 2.564214e+02 4.062600e-02 9.991153e-01 -1.087092e-02 -1.335413e+01 8.322788e-02 7.458282e-03 9.965026e-01 1.947379e+02
9.923385e-01 -4.262690e-02 -1.159623e-01 2.563235e+02 4.082159e-02 9.990061e-01 -1.789981e-02 -1.335032e+01 1.166101e-01 1.302891e-02 9.930923e-01 1.952399e+02
9.869180e-01 -4.275817e-02 -1.554495e-01 2.562333e+02 3.956556e-02 9.989388e-01 -2.357569e-02 -1.336169e+01 1.562925e-01 1.711683e-02 9.875625e-01 1.957558e+02
9.798074e-01 -4.332517e-02 -1.951931e-01 2.559975e+02 3.902463e-02 9.989044e-01 -2.582609e-02 -1.340215e+01 1.960982e-01 1.768725e-02 9.804247e-01 1.962759e+02
9.701817e-01 -4.377053e-02 -2.383936e-01 2.558077e+02 3.808758e-02 9.988709e-01 -2.839522e-02 -1.341700e+01 2.393673e-01 1.846868e-02 9.707534e-01 1.967584e+02
9.568517e-01 -4.342766e-02 -2.873133e-01 2.556610e+02 3.728952e-02 9.989449e-01 -2.680455e-02 -1.343475e+01 2.881742e-01 1.493420e-02 9.574615e-01 1.972631e+02
9.397285e-01 -4.208861e-02 -3.393211e-01 2.554885e+02 3.621986e-02 9.990648e-01 -2.361307e-02 -1.346146e+01 3.399977e-01 9.899709e-03 9.403742e-01 1.977486e+02
9.196328e-01 -3.961886e-02 -3.907760e-01 2.552682e+02 3.286673e-02 9.991726e-01 -2.395430e-02 -1.348102e+01 3.914017e-01 9.185629e-03 9.201741e-01 1.982290e+02
8.959034e-01 -3.757932e-02 -4.426566e-01 2.550326e+02 2.989183e-02 9.992569e-01 -2.433310e-02 -1.348221e+01 4.432421e-01 8.568292e-03 8.963610e-01 1.986754e+02
8.690355e-01 -3.296893e-02 -4.936501e-01 2.546777e+02 2.438389e-02 9.994188e-01 -2.382113e-02 -1.350657e+01 4.941486e-01 8.664298e-03 8.693343e-01 1.991370e+02
8.376932e-01 -2.948208e-02 -5.453447e-01 2.543357e+02 2.058256e-02 9.995367e-01 -2.241986e-02 -1.351508e+01 5.457531e-01 7.556373e-03 8.379120e-01 1.995949e+02
8.028299e-01 -2.795873e-02 -5.955522e-01 2.539812e+02 1.918007e-02 9.995940e-01 -2.107127e-02 -1.351306e+01 5.958995e-01 5.493916e-03 8.030402e-01 2.000194e+02
7.658549e-01 -2.610379e-02 -6.424834e-01 2.535338e+02 1.817230e-02 9.996552e-01 -1.895371e-02 -1.350889e+01 6.427566e-01 2.840393e-03 7.660652e-01 2.003811e+02
7.244787e-01 -2.057927e-02 -6.889899e-01 2.531136e+02 1.414809e-02 9.997876e-01 -1.498558e-02 -1.351103e+01 6.891519e-01 1.108841e-03 7.246160e-01 2.007834e+02
6.808415e-01 -1.457145e-02 -7.322858e-01 2.528480e+02 1.102822e-02 9.998927e-01 -9.642973e-03 -1.356528e+01 7.323477e-01 -1.510472e-03 6.809291e-01 2.010049e+02
6.343307e-01 -8.818302e-03 -7.730115e-01 2.524418e+02 3.521904e-03 9.999575e-01 -8.517176e-03 -1.353844e+01 7.730538e-01 2.680233e-03 6.343348e-01 2.012695e+02
5.855278e-01 -4.611615e-03 -8.106392e-01 2.519832e+02 1.022965e-04 9.999842e-01 -5.614884e-03 -1.353328e+01 8.106524e-01 3.204745e-03 5.855190e-01 2.015760e+02
5.379848e-01 -2.197284e-04 -8.429545e-01 2.515806e+02 4.783161e-04 9.999999e-01 4.460318e-05 -1.356257e+01 8.429544e-01 -4.271945e-04 5.379849e-01 2.017637e+02
4.895446e-01 3.005073e-03 -8.719731e-01 2.510767e+02 -1.766168e-03 9.999954e-01 2.454710e-03 -1.356415e+01 8.719765e-01 3.383606e-04 4.895477e-01 2.019832e+02
4.409681e-01 1.823094e-03 -8.975209e-01 2.505858e+02 -1.695570e-03 9.999978e-01 1.198187e-03 -1.356504e+01 8.975212e-01 9.934476e-04 4.409702e-01 2.022167e+02
3.960328e-01 -6.069013e-04 -9.182362e-01 2.500272e+02 -4.966298e-03 9.999837e-01 -2.802883e-03 -1.358860e+01 9.182229e-01 5.670268e-03 3.960234e-01 2.024042e+02
3.540802e-01 -8.270566e-03 -9.351785e-01 2.493967e+02 -7.025102e-03 9.999092e-01 -1.150290e-02 -1.355560e+01 9.351887e-01 1.064267e-02 3.539900e-01 2.025533e+02
3.167988e-01 -1.356249e-02 -9.483958e-01 2.487858e+02 -1.339655e-02 9.997340e-01 -1.877158e-02 -1.355496e+01 9.483982e-01 1.865204e-02 3.165328e-01 2.027357e+02
2.884537e-01 -1.095351e-02 -9.574312e-01 2.481240e+02 -2.104334e-02 9.996205e-01 -1.777610e-02 -1.356920e+01 9.572626e-01 2.527513e-02 2.881138e-01 2.029026e+02
2.682029e-01 -4.195343e-03 -9.633533e-01 2.474430e+02 -2.744828e-02 9.995513e-01 -1.199474e-02 -1.355907e+01 9.629713e-01 2.965942e-02 2.679674e-01 2.029895e+02
2.535606e-01 2.337236e-03 -9.673167e-01 2.467536e+02 -3.040658e-02 9.995222e-01 -5.555358e-03 -1.356922e+01 9.668415e-01 3.082141e-02 2.535105e-01 2.031576e+02
2.444678e-01 7.798242e-03 -9.696260e-01 2.460193e+02 -3.466415e-02 9.993988e-01 -7.020397e-04 -1.358561e+01 9.690376e-01 3.378288e-02 2.445912e-01 2.033214e+02
2.398118e-01 1.064064e-02 -9.707611e-01 2.453227e+02 -3.787753e-02 9.992811e-01 1.596183e-03 -1.356986e+01 9.700802e-01 3.638725e-02 2.400425e-01 2.034440e+02
2.386057e-01 9.630320e-03 -9.710688e-01 2.445670e+02 -4.145632e-02 9.991403e-01 -2.777063e-04 -1.357636e+01 9.702313e-01 4.032320e-02 2.387998e-01 2.036297e+02
2.387957e-01 8.734071e-03 -9.710305e-01 2.438833e+02 -4.344111e-02 9.990545e-01 -1.696896e-03 -1.357345e+01 9.700977e-01 4.258786e-02 2.389494e-01 2.038148e+02
2.400032e-01 8.396521e-03 -9.707358e-01 2.430584e+02 -4.437760e-02 9.990121e-01 -2.330746e-03 -1.355737e+01 9.697572e-01 4.363831e-02 2.401387e-01 2.039851e+02
2.425123e-01 7.862916e-03 -9.701165e-01 2.423089e+02 -4.602837e-02 9.989343e-01 -3.409806e-03 -1.355992e+01 9.690558e-01 4.547980e-02 2.426157e-01 2.041503e+02
2.454776e-01 7.171478e-03 -9.693757e-01 2.415411e+02 -4.931039e-02 9.987705e-01 -5.098059e-03 -1.355962e+01 9.681473e-01 4.905175e-02 2.455294e-01 2.043355e+02
2.489680e-01 6.865913e-03 -9.684874e-01 2.407390e+02 -5.393355e-02 9.985215e-01 -6.785803e-03 -1.357561e+01 9.670089e-01 5.392341e-02 2.489702e-01 2.044800e+02
2.523707e-01 3.328786e-03 -9.676249e-01 2.399466e+02 -5.861672e-02 9.982102e-01 -1.185410e-02 -1.357541e+01 9.658536e-01 5.971062e-02 2.521142e-01 2.046660e+02
2.559990e-01 2.047319e-03 -9.666749e-01 2.391366e+02 -6.008605e-02 9.980978e-01 -1.379838e-02 -1.360656e+01 9.648078e-01 6.161605e-02 2.556351e-01 2.048688e+02
2.600598e-01 2.338444e-03 -9.655897e-01 2.383054e+02 -6.026337e-02 9.980869e-01 -1.381343e-02 -1.358579e+01 9.637101e-01 6.178201e-02 2.597032e-01 2.050389e+02
2.643457e-01 4.267852e-03 -9.644186e-01 2.374639e+02 -6.102748e-02 9.980602e-01 -1.231081e-02 -1.358530e+01 9.624952e-01 6.211035e-02 2.640933e-01 2.052496e+02
2.679363e-01 6.708748e-03 -9.634133e-01 2.365896e+02 -6.161894e-02 9.980478e-01 -1.018701e-02 -1.361259e+01 9.614641e-01 6.209397e-02 2.678267e-01 2.055015e+02
2.712400e-01 6.379074e-03 -9.624906e-01 2.357873e+02 -6.097338e-02 9.980834e-01 -1.056797e-02 -1.358526e+01 9.605785e-01 6.155276e-02 2.711091e-01 2.056160e+02
2.729951e-01 4.546381e-03 -9.620047e-01 2.348892e+02 -5.884630e-02 9.981951e-01 -1.198183e-02 -1.358333e+01 9.602139e-01 5.988140e-02 2.727699e-01 2.058626e+02
2.730712e-01 2.236013e-03 -9.619912e-01 2.340099e+02 -5.541591e-02 9.983733e-01 -1.340980e-02 -1.362624e+01 9.603964e-01 5.697145e-02 2.727509e-01 2.061360e+02
2.745094e-01 1.432968e-03 -9.615834e-01 2.331331e+02 -5.508566e-02 9.983801e-01 -1.423785e-02 -1.361280e+01 9.600053e-01 5.687788e-02 2.741436e-01 2.062933e+02
2.749451e-01 4.832749e-03 -9.614478e-01 2.321692e+02 -5.559501e-02 9.983941e-01 -1.088004e-02 -1.363097e+01 9.598512e-01 5.644311e-02 2.747723e-01 2.065694e+02
2.770205e-01 1.044890e-02 -9.608072e-01 2.312331e+02 -5.626386e-02 9.984015e-01 -5.364288e-03 -1.364039e+01 9.592153e-01 5.554474e-02 2.771656e-01 2.067913e+02
2.796567e-01 1.480331e-02 -9.599859e-01 2.303067e+02 -5.715512e-02 9.983645e-01 -1.254929e-03 -1.361590e+01 9.583973e-01 5.521906e-02 2.800455e-01 2.069907e+02
2.826461e-01 1.034678e-02 -9.591685e-01 2.293623e+02 -5.632593e-02 9.983954e-01 -5.828094e-03 -1.361941e+01 9.575691e-01 5.567335e-02 2.827754e-01 2.072715e+02
2.861416e-01 2.949628e-03 -9.581828e-01 2.284266e+02 -5.591508e-02 9.983426e-01 -1.362464e-02 -1.364545e+01 9.565545e-01 5.747544e-02 2.858323e-01 2.075353e+02
2.899962e-01 -1.114063e-03 -9.570271e-01 2.274370e+02 -5.667793e-02 9.982241e-01 -1.833644e-02 -1.366527e+01 9.553480e-01 5.955982e-02 2.894181e-01 2.077801e+02
2.945468e-01 1.940375e-04 -9.556370e-01 2.264753e+02 -5.959683e-02 9.980572e-01 -1.816630e-02 -1.366736e+01 9.537769e-01 6.230376e-02 2.939861e-01 2.080906e+02
3.011444e-01 5.689648e-03 -9.535616e-01 2.256167e+02 -5.763354e-02 9.982627e-01 -1.224489e-02 -1.371935e+01 9.518353e-01 5.864461e-02 3.009491e-01 2.083386e+02
3.099546e-01 1.099695e-02 -9.506877e-01 2.246316e+02 -5.811009e-02 9.982828e-01 -7.398248e-03 -1.370641e+01 9.489738e-01 5.753767e-02 3.100614e-01 2.085671e+02
3.196458e-01 1.253359e-02 -9.474542e-01 2.237146e+02 -5.866163e-02 9.982562e-01 -6.585231e-03 -1.373033e+01 9.457195e-01 5.768415e-02 3.198236e-01 2.088587e+02
3.292715e-01 9.543454e-03 -9.441871e-01 2.227741e+02 -5.834013e-02 9.982441e-01 -1.025543e-02 -1.374145e+01 9.424313e-01 5.846082e-02 3.292501e-01 2.091909e+02
3.397289e-01 6.348876e-03 -9.405020e-01 2.218192e+02 -5.442656e-02 9.984342e-01 -1.292006e-02 -1.373565e+01 9.389473e-01 5.557761e-02 3.395425e-01 2.094455e+02
3.496578e-01 5.357459e-03 -9.368622e-01 2.209006e+02 -5.149624e-02 9.985818e-01 -1.350914e-02 -1.375790e+01 9.354612e-01 5.296846e-02 3.494378e-01 2.097799e+02
3.583052e-01 6.133694e-03 -9.335844e-01 2.199614e+02 -4.968071e-02 9.986869e-01 -1.250580e-02 -1.378098e+01 9.322817e-01 5.086203e-02 3.581394e-01 2.101823e+02
3.694966e-01 6.824194e-03 -9.292070e-01 2.190072e+02 -4.440327e-02 9.989604e-01 -1.032037e-02 -1.377779e+01 9.281706e-01 4.507317e-02 3.694155e-01 2.103987e+02
3.780010e-01 6.208114e-03 -9.257844e-01 2.180874e+02 -3.795905e-02 9.992406e-01 -8.798118e-03 -1.378813e+01 9.250267e-01 3.846759e-02 3.779496e-01 2.107733e+02
3.852180e-01 7.979096e-03 -9.227911e-01 2.171838e+02 -3.513306e-02 9.993645e-01 -6.025048e-03 -1.381106e+01 9.221566e-01 3.474143e-02 3.852535e-01 2.111240e+02
3.912371e-01 6.064882e-03 -9.202699e-01 2.163217e+02 -2.978589e-02 9.995378e-01 -6.075679e-03 -1.381235e+01 9.198078e-01 2.978809e-02 3.912369e-01 2.113604e+02
3.937550e-01 1.901596e-04 -9.192154e-01 2.154490e+02 -2.011251e-02 9.997624e-01 -8.408569e-03 -1.382137e+01 9.189954e-01 2.179865e-02 3.936652e-01 2.117564e+02
3.955637e-01 -3.503397e-03 -9.184318e-01 2.145336e+02 -1.267677e-02 9.998766e-01 -9.273891e-03 -1.383940e+01 9.183510e-01 1.531117e-02 3.954705e-01 2.120613e+02
3.924624e-01 -2.784493e-03 -9.197638e-01 2.136896e+02 -1.087087e-02 9.999115e-01 -7.665723e-03 -1.383383e+01 9.197038e-01 1.300714e-02 3.923974e-01 2.124510e+02
3.892575e-01 -5.318051e-05 -9.211290e-01 2.127607e+02 -8.586313e-03 9.999563e-01 -3.686200e-03 -1.384972e+01 9.210890e-01 9.343983e-03 3.892401e-01 2.127993e+02
3.830313e-01 -7.677512e-04 -9.237350e-01 2.118485e+02 -5.062669e-03 9.999829e-01 -2.930385e-03 -1.387796e+01 9.237215e-01 5.798994e-03 3.830209e-01 2.132019e+02
3.781657e-01 -3.128116e-03 -9.257326e-01 2.108906e+02 2.869215e-03 9.999934e-01 -2.206962e-03 -1.383385e+01 9.257335e-01 -1.821528e-03 3.781722e-01 2.134514e+02
3.710991e-01 -2.195753e-03 -9.285907e-01 2.099484e+02 -4.251307e-04 9.999967e-01 -2.534499e-03 -1.384714e+01 9.285932e-01 1.335323e-03 3.710970e-01 2.138112e+02
3.635493e-01 -1.778326e-03 -9.315733e-01 2.090219e+02 -2.590091e-03 9.999924e-01 -2.919725e-03 -1.386423e+01 9.315714e-01 3.474324e-03 3.635419e-01 2.141698e+02
3.552847e-01 -8.074876e-03 -9.347233e-01 2.080907e+02 3.102105e-03 9.999674e-01 -7.459408e-03 -1.386833e+01 9.347530e-01 -2.493964e-04 3.552982e-01 2.144136e+02
3.478206e-01 -1.322477e-02 -9.374678e-01 2.071410e+02 6.560345e-03 9.999104e-01 -1.167162e-02 -1.390435e+01 9.375381e-01 -2.090483e-03 3.478762e-01 2.147536e+02
3.418087e-01 -1.725060e-02 -9.396112e-01 2.061768e+02 1.187785e-02 9.998309e-01 -1.403530e-02 -1.390195e+01 9.396945e-01 -6.363171e-03 3.419558e-01 2.150587e+02
3.340658e-01 -1.087728e-02 -9.424870e-01 2.051772e+02 1.380823e-02 9.998826e-01 -6.645343e-03 -1.391066e+01 9.424486e-01 -1.079410e-02 3.341767e-01 2.153078e+02
3.261796e-01 -7.180303e-03 -9.452805e-01 2.042102e+02 2.229237e-02 9.997515e-01 9.816826e-05 -1.394825e+01 9.450449e-01 -2.110456e-02 3.262586e-01 2.156368e+02
3.188633e-01 -6.620408e-03 -9.477776e-01 2.032514e+02 2.688628e-02 9.996364e-01 2.062769e-03 -1.394614e+01 9.474193e-01 -2.613995e-02 3.189254e-01 2.159569e+02
3.122791e-01 -7.732721e-03 -9.499589e-01 2.022579e+02 3.095949e-02 9.995186e-01 2.041145e-03 -1.391458e+01 9.494858e-01 -3.004765e-02 3.123682e-01 2.161629e+02
3.043585e-01 -8.651796e-03 -9.525183e-01 2.012839e+02 3.307976e-02 9.994516e-01 1.491893e-03 -1.394842e+01 9.519830e-01 -3.196315e-02 3.044778e-01 2.164838e+02
2.966010e-01 -1.389094e-02 -9.549005e-01 2.003342e+02 3.819475e-02 9.992667e-01 -2.672690e-03 -1.393016e+01 9.542374e-01 -3.567946e-02 2.969141e-01 2.167823e+02
2.916399e-01 -1.753897e-02 -9.563674e-01 1.993215e+02 4.108398e-02 9.991389e-01 -5.794994e-03 -1.391208e+01 9.556455e-01 -3.760133e-02 2.921093e-01 2.169239e+02
2.854084e-01 -1.789401e-02 -9.582389e-01 1.983393e+02 4.234735e-02 9.990847e-01 -6.043730e-03 -1.394125e+01 9.574700e-01 -3.885395e-02 2.859050e-01 2.172160e+02
2.804239e-01 -1.596694e-02 -9.597434e-01 1.973902e+02 4.506928e-02 9.989779e-01 -3.451043e-03 -1.397829e+01 9.588176e-01 -4.228719e-02 2.808569e-01 2.174914e+02
2.752661e-01 -1.171258e-02 -9.612967e-01 1.963964e+02 4.561852e-02 9.989585e-01 8.913405e-04 -1.394519e+01 9.602851e-01 -4.409829e-02 2.755137e-01 2.176895e+02
2.715589e-01 -8.138670e-03 -9.623874e-01 1.954149e+02 4.093164e-02 9.991571e-01 3.100147e-03 -1.396599e+01 9.615510e-01 -4.023397e-02 2.716632e-01 2.179516e+02
2.678112e-01 -7.226525e-03 -9.634443e-01 1.944227e+02 4.271683e-02 9.990776e-01 4.380313e-03 -1.395937e+01 9.625240e-01 -4.232838e-02 2.678729e-01 2.182388e+02
2.691607e-01 -6.793842e-03 -9.630713e-01 1.933828e+02 4.009233e-02 9.991873e-01 4.156453e-03 -1.391640e+01 9.622604e-01 -3.973053e-02 2.692144e-01 2.183790e+02
2.697371e-01 -7.108876e-03 -9.629078e-01 1.924219e+02 3.516161e-02 9.993786e-01 2.471610e-03 -1.394491e+01 9.622918e-01 -3.452407e-02 2.698195e-01 2.186233e+02
2.691296e-01 -1.415794e-02 -9.629999e-01 1.914763e+02 3.663713e-02 9.993187e-01 -4.452915e-03 -1.395217e+01 9.624069e-01 -3.408314e-02 2.694650e-01 2.188811e+02
2.692607e-01 -1.848885e-02 -9.628898e-01 1.904884e+02 3.585525e-02 9.993150e-01 -9.161771e-03 -1.391530e+01 9.623996e-01 -3.205775e-02 2.697392e-01 2.190702e+02
2.697888e-01 -1.921665e-02 -9.627277e-01 1.895434e+02 3.986445e-02 9.991666e-01 -8.772625e-03 -1.395271e+01 9.620940e-01 -3.601185e-02 2.703300e-01 2.193463e+02
2.721009e-01 -2.074114e-02 -9.620452e-01 1.886000e+02 3.666608e-02 9.992651e-01 -1.117309e-02 -1.396778e+01 9.615699e-01 -3.223421e-02 2.726615e-01 2.195922e+02
2.753034e-01 -2.332915e-02 -9.610743e-01 1.876336e+02 3.196170e-02 9.993750e-01 -1.510331e-02 -1.397251e+01 9.608259e-01 -2.655957e-02 2.758770e-01 2.197706e+02
2.784057e-01 -2.596350e-02 -9.601126e-01 1.866793e+02 2.871943e-02 9.994126e-01 -1.869843e-02 -1.399110e+01 9.600341e-01 -2.236814e-02 2.789878e-01 2.200488e+02
2.808080e-01 -2.157184e-02 -9.595215e-01 1.857609e+02 2.882192e-02 9.994860e-01 -1.403546e-02 -1.404603e+01 9.593311e-01 -2.371398e-02 2.812854e-01 2.203210e+02
2.842705e-01 -1.609349e-02 -9.586090e-01 1.847595e+02 2.501383e-02 9.996432e-01 -9.364667e-03 -1.403702e+01 9.584178e-01 -2.131639e-02 2.845717e-01 2.205106e+02
2.854396e-01 -1.346026e-02 -9.583022e-01 1.838072e+02 2.619022e-02 9.996375e-01 -6.239838e-03 -1.404221e+01 9.580388e-01 -2.331705e-02 2.856886e-01 2.208299e+02
2.851809e-01 -1.182191e-02 -9.584008e-01 1.828883e+02 2.916312e-02 9.995680e-01 -3.651957e-03 -1.407432e+01 9.580299e-01 -2.690849e-02 2.854025e-01 2.211266e+02
2.857133e-01 -1.012895e-02 -9.582616e-01 1.818581e+02 3.095538e-02 9.995199e-01 -1.335466e-03 -1.406415e+01 9.578151e-01 -2.928179e-02 2.858896e-01 2.213379e+02
2.846036e-01 -1.016990e-02 -9.585913e-01 1.809259e+02 3.144522e-02 9.995047e-01 -1.267944e-03 -1.410075e+01 9.581294e-01 -2.978225e-02 2.847825e-01 2.216205e+02
2.836179e-01 -1.409517e-02 -9.588338e-01 1.800907e+02 3.167760e-02 9.994840e-01 -5.322677e-03 -1.409448e+01 9.584140e-01 -2.886394e-02 2.839181e-01 2.218410e+02
2.835880e-01 -1.588950e-02 -9.588146e-01 1.791514e+02 2.844849e-02 9.995620e-01 -8.150575e-03 -1.413527e+01 9.585241e-01 -2.496542e-02 2.839159e-01 2.220210e+02
2.830150e-01 -1.554338e-02 -9.589895e-01 1.782753e+02 2.481616e-02 9.996526e-01 -8.878758e-03 -1.415174e+01 9.587944e-01 -2.128561e-02 2.833024e-01 2.222563e+02
2.817800e-01 -1.211953e-02 -9.594025e-01 1.774349e+02 2.429401e-02 9.996898e-01 -5.493217e-03 -1.415698e+01 9.591714e-01 -2.175986e-02 2.819871e-01 2.224817e+02
2.805562e-01 -8.545105e-03 -9.597996e-01 1.765535e+02 2.872869e-02 9.995871e-01 -5.017340e-04 -1.414912e+01 9.594076e-01 -2.743302e-02 2.806858e-01 2.226487e+02
2.789501e-01 -6.671472e-03 -9.602824e-01 1.756777e+02 3.358504e-02 9.994319e-01 2.812575e-03 -1.416320e+01 9.597181e-01 -3.303569e-02 2.790156e-01 2.229011e+02
2.776916e-01 -4.785007e-03 -9.606584e-01 1.748134e+02 2.954253e-02 9.995572e-01 3.560916e-03 -1.416143e+01 9.602159e-01 -2.936912e-02 2.777100e-01 2.231493e+02
2.764900e-01 -1.023804e-02 -9.609623e-01 1.739534e+02 2.822748e-02 9.995983e-01 -2.528001e-03 -1.417596e+01 9.606022e-01 -2.642658e-02 2.766679e-01 2.232994e+02
2.748872e-01 -2.086996e-02 -9.612500e-01 1.731807e+02 3.033014e-02 9.994551e-01 -1.302598e-02 -1.418339e+01 9.609980e-01 -2.557417e-02 2.753704e-01 2.235199e+02
2.726660e-01 -2.420454e-02 -9.618042e-01 1.723686e+02 3.476259e-02 9.992786e-01 -1.529261e-02 -1.421584e+01 9.614805e-01 -2.926503e-02 2.733107e-01 2.237679e+02
2.722431e-01 -1.759915e-02 -9.620676e-01 1.714991e+02 3.224635e-02 9.994380e-01 -9.157795e-03 -1.420130e+01 9.616880e-01 -2.853002e-02 2.726576e-01 2.238859e+02
2.697634e-01 -7.419373e-03 -9.628981e-01 1.707150e+02 3.174926e-02 9.994952e-01 1.193440e-03 -1.422613e+01 9.624031e-01 -3.089325e-02 2.698628e-01 2.241060e+02
2.674935e-01 -4.954577e-03 -9.635469e-01 1.699634e+02 3.152091e-02 9.994966e-01 3.611194e-03 -1.424465e+01 9.630440e-01 -3.133785e-02 2.675150e-01 2.243113e+02
2.656018e-01 -9.213362e-03 -9.640388e-01 1.691836e+02 3.131117e-02 9.995093e-01 -9.258289e-04 -1.423561e+01 9.635742e-01 -2.993928e-02 2.657600e-01 2.244330e+02
2.642638e-01 -1.375860e-02 -9.643523e-01 1.684758e+02 2.835954e-02 9.995767e-01 -6.489717e-03 -1.423847e+01 9.640334e-01 -2.563359e-02 2.645421e-01 2.246205e+02
2.636044e-01 -1.380983e-02 -9.645320e-01 1.677841e+02 2.403188e-02 9.996812e-01 -7.745222e-03 -1.427043e+01 9.643315e-01 -2.113784e-02 2.638522e-01 2.247992e+02
2.632373e-01 -1.124500e-02 -9.646656e-01 1.670912e+02 2.356420e-02 9.997087e-01 -5.223309e-03 -1.426237e+01 9.644433e-01 -2.135660e-02 2.634256e-01 2.248929e+02
2.613114e-01 -8.394165e-03 -9.652180e-01 1.664247e+02 2.163885e-02 9.997618e-01 -2.836341e-03 -1.429601e+01 9.650120e-01 -2.014504e-02 2.614308e-01 2.250942e+02
2.605273e-01 -4.754172e-03 -9.654548e-01 1.657314e+02 1.748736e-02 9.998471e-01 -2.045794e-04 -1.430276e+01 9.653081e-01 -1.682995e-02 2.605706e-01 2.252514e+02
2.602755e-01 1.834636e-04 -9.655344e-01 1.650590e+02 1.557457e-02 9.998691e-01 4.388365e-03 -1.429074e+01 9.654088e-01 -1.617996e-02 2.602385e-01 2.253312e+02
2.590465e-01 2.113381e-03 -9.658625e-01 1.644267e+02 1.837548e-02 9.998058e-01 7.115996e-03 -1.430166e+01 9.656900e-01 -1.959156e-02 2.589574e-01 2.255076e+02
2.579819e-01 -7.691208e-04 -9.661494e-01 1.638174e+02 2.165505e-02 9.997531e-01 4.986476e-03 -1.430770e+01 9.659070e-01 -2.220844e-02 2.579349e-01 2.256606e+02
2.592937e-01 -4.242497e-03 -9.657892e-01 1.632074e+02 2.181302e-02 9.997610e-01 1.464599e-03 -1.433794e+01 9.655522e-01 -2.144654e-02 2.593243e-01 2.257432e+02
2.611511e-01 -7.535647e-03 -9.652685e-01 1.626280e+02 1.960014e-02 9.998048e-01 -2.502492e-03 -1.433974e+01 9.650989e-01 -1.826587e-02 2.612478e-01 2.258709e+02
2.617099e-01 -7.735042e-03 -9.651156e-01 1.620836e+02 1.913292e-02 9.998130e-01 -2.824866e-03 -1.432736e+01 9.649569e-01 -1.772618e-02 2.618089e-01 2.260403e+02
2.661000e-01 -6.144259e-03 -9.639258e-01 1.615433e+02 2.108831e-02 9.997775e-01 -5.511753e-04 -1.432667e+01 9.637147e-01 -2.018090e-02 2.661704e-01 2.261019e+02
2.706257e-01 -3.164139e-03 -9.626795e-01 1.610420e+02 2.093254e-02 9.997775e-01 2.598422e-03 -1.435505e+01 9.624571e-01 -2.085453e-02 2.706317e-01 2.262439e+02
2.755766e-01 -3.129126e-03 -9.612740e-01 1.605882e+02 2.061899e-02 9.997839e-01 2.656539e-03 -1.436286e+01 9.610579e-01 -2.055258e-02 2.755816e-01 2.263811e+02
2.815640e-01 -5.219172e-03 -9.595283e-01 1.601326e+02 2.242513e-02 9.997479e-01 1.142492e-03 -1.435037e+01 9.592804e-01 -2.183923e-02 2.816100e-01 2.264521e+02
2.883360e-01 -6.746606e-03 -9.575055e-01 1.597137e+02 2.373168e-02 9.997184e-01 1.023407e-04 -1.436174e+01 9.572351e-01 -2.275272e-02 2.884149e-01 2.265820e+02
2.958293e-01 -5.685071e-03 -9.552239e-01 1.593403e+02 2.438005e-02 9.997015e-01 1.600628e-03 -1.435126e+01 9.549296e-01 -2.376191e-02 2.958796e-01 2.267125e+02
3.049231e-01 -2.491278e-04 -9.523770e-01 1.589476e+02 2.276836e-02 9.997161e-01 7.028247e-03 -1.434112e+01 9.521048e-01 -2.382713e-02 3.048422e-01 2.267572e+02
3.135386e-01 4.623160e-03 -9.495642e-01 1.586202e+02 2.204657e-02 9.996832e-01 1.214678e-02 -1.434097e+01 9.493195e-01 -2.474312e-02 3.133374e-01 2.268813e+02
3.230308e-01 6.842675e-03 -9.463637e-01 1.583151e+02 2.095568e-02 9.996770e-01 1.438115e-02 -1.434583e+01 9.461564e-01 -2.447725e-02 3.227831e-01 2.269882e+02
3.330554e-01 7.005546e-03 -9.428812e-01 1.580333e+02 1.917295e-02 9.997153e-01 1.420031e-02 -1.434276e+01 9.427123e-01 -2.280731e-02 3.328263e-01 2.270519e+02
3.433318e-01 6.425623e-03 -9.391922e-01 1.577883e+02 1.873425e-02 9.997308e-01 1.368831e-02 -1.434800e+01 9.390273e-01 -2.229470e-02 3.431190e-01 2.271498e+02
3.528255e-01 5.057082e-03 -9.356755e-01 1.575616e+02 1.922521e-02 9.997351e-01 1.265277e-02 -1.434873e+01 9.354916e-01 -2.245278e-02 3.526348e-01 2.272423e+02
3.624148e-01 1.971194e-03 -9.320148e-01 1.573150e+02 2.113338e-02 9.997233e-01 1.033213e-02 -1.434749e+01 9.317773e-01 -2.344114e-02 3.622729e-01 2.273114e+02
3.712758e-01 -1.620446e-03 -9.285212e-01 1.570979e+02 2.134079e-02 9.997492e-01 6.788515e-03 -1.435365e+01 9.282773e-01 -2.233579e-02 3.712173e-01 2.274083e+02
3.803434e-01 -3.545073e-03 -9.248385e-01 1.568762e+02 1.894154e-02 9.998128e-01 3.957320e-03 -1.436415e+01 9.246513e-01 -1.902301e-02 3.803393e-01 2.275089e+02
3.901664e-01 -5.399208e-03 -9.207285e-01 1.566389e+02 1.697332e-02 9.998551e-01 1.329374e-03 -1.435738e+01 9.205879e-01 -1.614649e-02 3.902015e-01 2.275733e+02
3.991814e-01 -7.210067e-03 -9.168436e-01 1.564163e+02 1.539337e-02 9.998808e-01 -1.161007e-03 -1.435790e+01 9.167427e-01 -1.364986e-02 3.992448e-01 2.276717e+02
4.071841e-01 -1.097856e-02 -9.132801e-01 1.562030e+02 1.745973e-02 9.998386e-01 -4.234693e-03 -1.436501e+01 9.131792e-01 -1.422133e-02 4.073100e-01 2.277877e+02
4.158733e-01 -1.356807e-02 -9.093213e-01 1.559799e+02 1.866484e-02 9.998054e-01 -6.381926e-03 -1.435773e+01 9.092310e-01 -1.431827e-02 4.160457e-01 2.278585e+02
4.241832e-01 -1.435636e-02 -9.054626e-01 1.557605e+02 1.770508e-02 9.998147e-01 -7.558020e-03 -1.436692e+01 9.054033e-01 -1.282530e-02 4.243588e-01 2.279728e+02
4.322442e-01 -1.301160e-02 -9.016627e-01 1.555406e+02 1.260690e-02 9.998854e-01 -8.385451e-03 -1.436813e+01 9.016685e-01 -7.742605e-03 4.323587e-01 2.280835e+02
4.406800e-01 -1.003608e-02 -8.976081e-01 1.553058e+02 6.912222e-03 9.999458e-01 -7.786764e-03 -1.436263e+01 8.976376e-01 -2.772995e-03 4.407255e-01 2.281327e+02
4.476673e-01 -7.832728e-03 -8.941659e-01 1.550826e+02 3.446387e-03 9.999693e-01 -7.034100e-03 -1.436763e+01 8.941935e-01 6.729528e-05 4.476806e-01 2.282485e+02
4.545672e-01 -1.289041e-02 -8.906191e-01 1.548673e+02 5.328561e-03 9.999167e-01 -1.175266e-02 -1.437474e+01 8.906965e-01 5.966572e-04 4.545981e-01 2.283735e+02
4.618437e-01 -2.311403e-02 -8.866601e-01 1.546170e+02 9.645776e-03 9.997322e-01 -2.103737e-02 -1.437252e+01 8.869089e-01 1.163450e-03 4.619429e-01 2.284590e+02
4.684489e-01 -3.070035e-02 -8.829570e-01 1.543592e+02 1.253023e-02 9.995264e-01 -2.810560e-02 -1.438451e+01 8.834017e-01 2.102385e-03 4.686117e-01 2.285955e+02
4.743230e-01 -3.261277e-02 -8.797466e-01 1.540827e+02 1.058575e-02 9.994526e-01 -3.134294e-02 -1.438134e+01 8.802873e-01 5.553896e-03 4.744086e-01 2.287552e+02
4.787289e-01 -2.970104e-02 -8.774602e-01 1.537095e+02 8.625551e-03 9.995385e-01 -2.912728e-02 -1.440102e+01 8.779204e-01 6.375493e-03 4.787642e-01 2.289096e+02
4.809057e-01 -2.719796e-02 -8.763503e-01 1.533593e+02 7.005284e-03 9.996060e-01 -2.717904e-02 -1.441671e+01 8.767443e-01 6.931472e-03 4.809068e-01 2.290948e+02
4.802861e-01 -2.572085e-02 -8.767347e-01 1.529948e+02 2.551975e-03 9.996067e-01 -2.792755e-02 -1.442564e+01 8.771082e-01 1.117581e-02 4.801628e-01 2.292968e+02
4.783625e-01 -2.626087e-02 -8.777697e-01 1.525799e+02 -1.349365e-03 9.995296e-01 -3.063902e-02 -1.440823e+01 8.781614e-01 1.584099e-02 4.781021e-01 2.294336e+02
4.744020e-01 -2.437184e-02 -8.799709e-01 1.521484e+02 -2.756705e-03 9.995706e-01 -2.917047e-02 -1.441747e+01 8.803040e-01 1.626435e-02 4.741311e-01 2.296559e+02
4.696679e-01 -2.343954e-02 -8.825320e-01 1.517163e+02 2.319531e-03 9.996768e-01 -2.531643e-02 -1.444898e+01 8.828401e-01 9.843253e-03 4.695704e-01 2.298846e+02
4.644258e-01 -2.142286e-02 -8.853529e-01 1.512344e+02 5.333277e-03 9.997569e-01 -2.139344e-02 -1.443145e+01 8.855960e-01 5.213832e-03 4.644271e-01 2.300485e+02
4.568263e-01 -1.650390e-02 -8.894028e-01 1.507360e+02 5.789317e-03 9.998619e-01 -1.558001e-02 -1.443660e+01 8.895371e-01 1.968326e-03 4.568588e-01 2.302974e+02
4.482292e-01 -7.513773e-03 -8.938871e-01 1.502343e+02 1.213757e-03 9.999689e-01 -7.796844e-03 -1.444334e+01 8.939179e-01 2.409811e-03 4.482243e-01 2.305348e+02
4.390946e-01 -3.059155e-03 -8.984356e-01 1.496611e+02 1.445676e-03 9.999953e-01 -2.698416e-03 -1.441156e+01 8.984397e-01 -1.139867e-04 4.390970e-01 2.306931e+02
4.283002e-01 3.333118e-04 -9.036364e-01 1.491318e+02 2.064297e-03 9.999970e-01 1.347278e-03 -1.442790e+01 9.036341e-01 -2.442414e-03 4.282983e-01 2.309483e+02
4.188740e-01 3.683004e-04 -9.080443e-01 1.485423e+02 9.031114e-03 9.999488e-01 4.571562e-03 -1.443426e+01 9.079994e-01 -1.011556e-02 4.188492e-01 2.311800e+02
4.085130e-01 -3.570659e-03 -9.127455e-01 1.479407e+02 1.298804e-02 9.999138e-01 1.901329e-03 -1.441971e+01 9.126601e-01 -1.263149e-02 4.085242e-01 2.313652e+02
3.973847e-01 -9.521097e-03 -9.176027e-01 1.473392e+02 1.589737e-02 9.998675e-01 -3.490033e-03 -1.443374e+01 9.175144e-01 -1.320058e-02 3.974834e-01 2.316307e+02
3.861453e-01 -1.299036e-02 -9.223465e-01 1.468022e+02 1.768015e-02 9.998214e-01 -6.679626e-03 -1.442974e+01 9.222685e-01 -1.372792e-02 3.863060e-01 2.318075e+02
3.746883e-01 -1.757218e-02 -9.269843e-01 1.460683e+02 2.250155e-02 9.996982e-01 -9.855413e-03 -1.442859e+01 9.268777e-01 -1.716588e-02 3.749707e-01 2.320098e+02
3.628899e-01 -2.185687e-02 -9.315757e-01 1.454337e+02 2.768257e-02 9.995365e-01 -1.266780e-02 -1.444716e+01 9.314207e-01 -2.119139e-02 3.633267e-01 2.322513e+02
3.524930e-01 -2.398025e-02 -9.355071e-01 1.447230e+02 3.548497e-02 9.992952e-01 -1.224485e-02 -1.445109e+01 9.351414e-01 -2.888022e-02 3.530955e-01 2.324850e+02
3.420941e-01 -2.472393e-02 -9.393404e-01 1.440590e+02 4.031212e-02 9.991196e-01 -1.161626e-02 -1.445356e+01 9.388006e-01 -3.389295e-02 3.427896e-01 2.326565e+02
3.332262e-01 -2.428916e-02 -9.425340e-01 1.433521e+02 4.190164e-02 9.990619e-01 -1.093186e-02 -1.445992e+01 9.419154e-01 -3.585094e-02 3.339314e-01 2.328798e+02
3.249645e-01 -2.060463e-02 -9.455017e-01 1.426773e+02 4.212116e-02 9.990859e-01 -7.295501e-03 -1.446856e+01 9.447877e-01 -3.745485e-02 3.255354e-01 2.331253e+02
3.192125e-01 -1.534113e-02 -9.475590e-01 1.419327e+02 4.780112e-02 9.988569e-01 -6.846901e-05 -1.446913e+01 9.464768e-01 -4.527253e-02 3.195809e-01 2.332467e+02
3.145988e-01 -1.084822e-02 -9.491627e-01 1.412321e+02 5.319133e-02 9.985650e-01 6.217345e-03 -1.448618e+01 9.477332e-01 -5.244320e-02 3.147244e-01 2.334842e+02
3.115452e-01 -8.489876e-03 -9.501934e-01 1.405145e+02 5.324965e-02 9.985447e-01 8.537371e-03 -1.449646e+01 9.487381e-01 -5.325725e-02 3.115439e-01 2.337250e+02
3.103127e-01 -1.102660e-02 -9.505706e-01 1.396967e+02 5.371220e-02 9.985387e-01 5.951262e-03 -1.447163e+01 9.491159e-01 -5.290399e-02 3.104515e-01 2.338597e+02
3.084857e-01 -1.611106e-02 -9.510925e-01 1.389311e+02 5.568920e-02 9.984475e-01 1.149492e-03 -1.447213e+01 9.495974e-01 -5.332018e-02 3.089040e-01 2.341016e+02
3.071989e-01 -1.522944e-02 -9.515235e-01 1.381544e+02 5.336063e-02 9.985745e-01 1.244942e-03 -1.448791e+01 9.501482e-01 -5.115634e-02 3.075736e-01 2.343694e+02
3.072766e-01 -1.246560e-02 -9.515386e-01 1.373232e+02 5.122253e-02 9.986813e-01 3.457895e-03 -1.444279e+01 9.502407e-01 -4.980275e-02 3.075099e-01 2.344835e+02
3.066658e-01 -9.542204e-03 -9.517694e-01 1.365480e+02 4.732751e-02 9.988657e-01 5.234829e-03 -1.445933e+01 9.506399e-01 -4.665022e-02 3.067696e-01 2.347162e+02
3.062701e-01 -1.059311e-02 -9.518857e-01 1.357391e+02 4.201185e-02 9.991142e-01 2.398652e-03 -1.446144e+01 9.510172e-01 -4.072511e-02 3.064438e-01 2.349651e+02
3.062329e-01 -1.397055e-02 -9.518541e-01 1.349389e+02 3.964026e-02 9.992122e-01 -1.912465e-03 -1.444655e+01 9.511309e-01 -3.714609e-02 3.065455e-01 2.350918e+02
3.052731e-01 -1.879449e-02 -9.520794e-01 1.341101e+02 3.770417e-02 9.992598e-01 -7.636458e-03 -1.445353e+01 9.515181e-01 -3.356615e-02 3.057557e-01 2.353685e+02
3.057889e-01 -1.975869e-02 -9.518943e-01 1.333134e+02 3.659555e-02 9.992898e-01 -8.986443e-03 -1.446850e+01 9.513958e-01 -3.208714e-02 3.062948e-01 2.355970e+02
3.064665e-01 -1.756700e-02 -9.517193e-01 1.324837e+02 3.812759e-02 9.992539e-01 -6.166797e-03 -1.447322e+01 9.511175e-01 -3.439685e-02 3.069076e-01 2.357190e+02
3.062967e-01 -1.284921e-02 -9.518494e-01 1.316426e+02 4.015652e-02 9.991932e-01 -5.663015e-04 -1.448785e+01 9.510887e-01 -3.804950e-02 3.065656e-01 2.359986e+02
3.068125e-01 -7.692287e-03 -9.517389e-01 1.307797e+02 4.155320e-02 9.991221e-01 5.320270e-03 -1.449782e+01 9.508625e-01 -4.118012e-02 3.068628e-01 2.362541e+02
3.078567e-01 -4.119838e-03 -9.514238e-01 1.299156e+02 4.214311e-02 9.990682e-01 9.310300e-03 -1.446834e+01 9.504989e-01 -4.296220e-02 3.077435e-01 2.363883e+02
3.089517e-01 -3.022563e-03 -9.510729e-01 1.290860e+02 3.799745e-02 9.992358e-01 9.167670e-03 -1.449621e+01 9.503184e-01 -3.897071e-02 3.088304e-01 2.366393e+02
3.095970e-01 -4.916339e-03 -9.508552e-01 1.282690e+02 3.462243e-02 9.993818e-01 6.105766e-03 -1.447394e+01 9.502373e-01 -3.481125e-02 3.095758e-01 2.369153e+02
3.114002e-01 -7.693119e-03 -9.502477e-01 1.274799e+02 3.327915e-02 9.994421e-01 2.814325e-03 -1.447524e+01 9.496959e-01 -3.249981e-02 3.114825e-01 2.369953e+02
3.119292e-01 -7.466310e-03 -9.500760e-01 1.266783e+02 3.262352e-02 9.994636e-01 2.856536e-03 -1.448023e+01 9.495451e-01 -3.188586e-02 3.120055e-01 2.372303e+02
3.115173e-01 -7.583870e-03 -9.502102e-01 1.258156e+02 3.339721e-02 9.994377e-01 2.972189e-03 -1.448361e+01 9.496534e-01 -3.266026e-02 3.115955e-01 2.375119e+02
3.120741e-01 -5.743717e-03 -9.500404e-01 1.249048e+02 3.466163e-02 9.993848e-01 5.343788e-03 -1.445570e+01 9.494253e-01 -3.459761e-02 3.120812e-01 2.376574e+02
3.113730e-01 -6.014790e-03 -9.502688e-01 1.240290e+02 3.536879e-02 9.993605e-01 5.263711e-03 -1.447115e+01 9.496294e-01 -3.524883e-02 3.113866e-01 2.379450e+02
3.111747e-01 -4.176181e-03 -9.503436e-01 1.232720e+02 3.344387e-02 9.994191e-01 6.558817e-03 -1.446831e+01 9.497641e-01 -3.382410e-02 3.111336e-01 2.381885e+02
3.115426e-01 -2.481626e-03 -9.502290e-01 1.223474e+02 3.451620e-02 9.993662e-01 8.706547e-03 -1.446371e+01 9.496051e-01 -3.551076e-02 3.114308e-01 2.383530e+02
3.117746e-01 -3.483237e-03 -9.501497e-01 1.215393e+02 3.819265e-02 9.992310e-01 8.869065e-03 -1.445636e+01 9.493882e-01 -3.905389e-02 3.116678e-01 2.386156e+02
3.116852e-01 -7.563173e-03 -9.501553e-01 1.207364e+02 3.807934e-02 9.992644e-01 4.537319e-03 -1.447684e+01 9.494221e-01 -3.759550e-02 3.117440e-01 2.388624e+02
3.115571e-01 -1.597399e-02 -9.500932e-01 1.199525e+02 4.158025e-02 9.991302e-01 -3.163342e-03 -1.448133e+01 9.493173e-01 -3.851955e-02 3.119503e-01 2.389403e+02
3.102813e-01 -2.073053e-02 -9.504187e-01 1.191682e+02 4.366296e-02 9.990179e-01 -7.536017e-03 -1.448350e+01 9.496415e-01 -3.915981e-02 3.108818e-01 2.391767e+02
3.086013e-01 -1.849534e-02 -9.510116e-01 1.184122e+02 4.825592e-02 9.988279e-01 -3.766328e-03 -1.448760e+01 9.499666e-01 -4.472965e-02 3.091321e-01 2.394368e+02
3.080154e-01 -1.127126e-02 -9.513146e-01 1.177288e+02 4.618824e-02 9.989279e-01 3.119377e-03 -1.447270e+01 9.502595e-01 -4.490036e-02 3.082057e-01 2.395384e+02
3.079840e-01 -9.898503e-03 -9.513400e-01 1.169451e+02 4.187527e-02 9.991178e-01 3.160956e-03 -1.448625e+01 9.504695e-01 -4.081114e-02 3.081269e-01 2.397733e+02
3.078406e-01 -1.337781e-02 -9.513439e-01 1.161284e+02 4.169264e-02 9.991303e-01 -5.586725e-04 -1.449605e+01 9.505240e-01 -3.949205e-02 3.081307e-01 2.400186e+02
3.061741e-01 -1.469399e-02 -9.518621e-01 1.153959e+02 4.744080e-02 9.988740e-01 -1.600069e-04 -1.450299e+01 9.507927e-01 -4.510811e-02 3.065264e-01 2.401350e+02
3.058409e-01 -1.239608e-02 -9.520019e-01 1.146748e+02 4.724945e-02 9.988808e-01 2.172910e-03 -1.451679e+01 9.509095e-01 -4.564614e-02 3.060843e-01 2.403383e+02
3.046818e-01 -9.380120e-03 -9.524080e-01 1.138767e+02 4.600922e-02 9.989291e-01 4.880363e-03 -1.453731e+01 9.513423e-01 -4.530650e-02 3.047871e-01 2.405689e+02
3.017457e-01 -1.052122e-02 -9.533304e-01 1.130622e+02 4.939672e-02 9.987686e-01 4.612231e-03 -1.452574e+01 9.521079e-01 -4.848312e-02 3.018938e-01 2.407345e+02
2.980430e-01 -1.111402e-02 -9.544877e-01 1.122263e+02 5.088709e-02 9.986953e-01 4.260952e-03 -1.451899e+01 9.531951e-01 -4.984105e-02 2.982198e-01 2.409772e+02
2.942499e-01 -8.689031e-03 -9.556890e-01 1.114025e+02 4.761444e-02 9.988502e-01 5.578698e-03 -1.453124e+01 9.545417e-01 -4.714613e-02 2.943253e-01 2.411747e+02
2.895685e-01 -7.691428e-03 -9.571264e-01 1.112037e+02 4.524789e-02 9.989597e-01 5.661672e-03 -1.454736e+01 9.560872e-01 -4.494739e-02 2.896153e-01 2.411056e+02
2.821058e-01 -4.340289e-03 -9.593735e-01 1.105717e+02 4.068884e-02 9.991441e-01 7.444422e-03 -1.454526e+01 9.585201e-01 -4.113591e-02 2.820409e-01 2.412760e+02
2.734579e-01 -2.399533e-03 -9.618810e-01 1.099857e+02 4.081179e-02 9.991253e-01 9.110141e-03 -1.455898e+01 9.610178e-01 -4.174733e-02 2.733166e-01 2.414185e+02
2.645726e-01 -3.920245e-03 -9.643578e-01 1.090967e+02 3.687442e-02 9.993016e-01 6.054240e-03 -1.454585e+01 9.636605e-01 -3.716192e-02 2.645323e-01 2.415251e+02
2.520757e-01 -1.060014e-02 -9.676495e-01 1.084710e+02 3.989596e-02 9.992037e-01 -5.527854e-04 -1.455184e+01 9.668848e-01 -3.846596e-02 2.522978e-01 2.416856e+02
2.374404e-01 -1.843710e-02 -9.712271e-01 1.081427e+02 4.263081e-02 9.990544e-01 -8.543207e-03 -1.456483e+01 9.704662e-01 -3.937570e-02 2.380018e-01 2.416961e+02
2.163260e-01 -2.120167e-02 -9.760909e-01 1.075722e+02 4.675194e-02 9.988422e-01 -1.133446e-02 -1.457622e+01 9.752012e-01 -4.318221e-02 2.170668e-01 2.417129e+02
1.901161e-01 -2.025539e-02 -9.815526e-01 1.072038e+02 4.451614e-02 9.989367e-01 -1.199184e-02 -1.457941e+01 9.807518e-01 -4.141510e-02 1.908157e-01 2.417437e+02
1.584272e-01 -1.466642e-02 -9.872617e-01 1.064545e+02 3.926246e-02 9.991924e-01 -8.543161e-03 -1.457056e+01 9.865897e-01 -3.740885e-02 1.588751e-01 2.418777e+02
1.283509e-01 -7.675668e-03 -9.916991e-01 1.058817e+02 3.737039e-02 9.992973e-01 -2.897806e-03 -1.458862e+01 9.910245e-01 -3.668825e-02 1.285475e-01 2.417943e+02
9.410068e-02 -3.601752e-03 -9.955562e-01 1.053407e+02 3.276069e-02 9.994631e-01 -5.193234e-04 -1.459914e+01 9.950235e-01 -3.256624e-02 9.416815e-02 2.418053e+02
5.745300e-02 5.828630e-04 -9.983480e-01 1.047529e+02 2.840344e-02 9.995941e-01 2.218153e-03 -1.461282e+01 9.979441e-01 -2.848396e-02 5.741312e-02 2.418214e+02
2.322038e-02 2.908704e-03 -9.997261e-01 1.042563e+02 2.394746e-02 9.997072e-01 3.464870e-03 -1.457995e+01 9.994435e-01 -2.402136e-02 2.314392e-02 2.416485e+02
-1.213648e-02 3.931412e-03 -9.999186e-01 1.037087e+02 1.961391e-02 9.998008e-01 3.692885e-03 -1.457401e+01 9.997340e-01 -1.956750e-02 -1.221117e-02 2.416045e+02
-4.807211e-02 5.670948e-03 -9.988278e-01 1.030999e+02 1.938559e-02 9.998008e-01 4.743472e-03 -1.458554e+01 9.986557e-01 -1.913484e-02 -4.817247e-02 2.415765e+02
-8.155760e-02 6.584382e-03 -9.966469e-01 1.025185e+02 1.416919e-02 9.998848e-01 5.446280e-03 -1.454186e+01 9.965679e-01 -1.367750e-02 -8.164150e-02 2.413495e+02
-1.155281e-01 4.663597e-03 -9.932933e-01 1.020090e+02 8.846854e-03 9.999541e-01 3.665910e-03 -1.456435e+01 9.932648e-01 -8.364005e-03 -1.155640e-01 2.412346e+02
-1.472563e-01 2.912156e-03 -9.890941e-01 1.014892e+02 2.686627e-04 9.999957e-01 2.904254e-03 -1.456254e+01 9.890983e-01 1.619370e-04 -1.472564e-01 2.411148e+02
-1.726213e-01 5.907865e-03 -9.849706e-01 1.009627e+02 -2.749333e-03 9.999752e-01 6.479698e-03 -1.455252e+01 9.849844e-01 3.826546e-03 -1.726007e-01 2.408819e+02
-1.943307e-01 1.013274e-02 -9.808837e-01 1.003634e+02 -3.399760e-03 9.999337e-01 1.100309e-02 -1.455324e+01 9.809302e-01 5.473006e-03 -1.942833e-01 2.407496e+02
-2.125066e-01 1.646823e-02 -9.770209e-01 9.978876e+01 -5.351360e-03 9.998234e-01 1.801652e-02 -1.454460e+01 9.771450e-01 9.057019e-03 -2.123809e-01 2.406215e+02
-2.238582e-01 2.464428e-02 -9.743101e-01 9.942454e+01 -4.442980e-03 9.996441e-01 2.630590e-02 -1.454908e+01 9.746116e-01 1.021763e-02 -2.236690e-01 2.403142e+02
-2.353498e-01 2.520289e-02 -9.715839e-01 9.879731e+01 -9.982633e-03 9.995483e-01 2.834641e-02 -1.456294e+01 9.718595e-01 1.637029e-02 -2.349919e-01 2.401478e+02
-2.446229e-01 2.614981e-02 -9.692656e-01 9.827322e+01 -1.296051e-02 9.994588e-01 3.023536e-02 -1.457098e+01 9.695317e-01 1.995844e-02 -2.441516e-01 2.400330e+02
-2.482263e-01 2.638416e-02 -9.683427e-01 9.746060e+01 -1.243690e-02 9.994598e-01 3.042010e-02 -1.450027e+01 9.686222e-01 1.959425e-02 -2.477641e-01 2.396440e+02
-2.497420e-01 2.677267e-02 -9.679422e-01 9.698417e+01 -8.694234e-03 9.995154e-01 2.988919e-02 -1.449192e+01 9.682734e-01 1.588010e-02 -2.493882e-01 2.394601e+02
-2.514737e-01 2.841720e-02 -9.674469e-01 9.636016e+01 -2.691928e-03 9.995445e-01 3.005975e-02 -1.449954e+01 9.678604e-01 1.016353e-02 -2.512827e-01 2.392742e+02
-2.522084e-01 2.609399e-02 -9.673211e-01 9.561324e+01 -1.791438e-03 9.996221e-01 2.743241e-02 -1.442718e+01 9.676713e-01 8.651579e-03 -2.520663e-01 2.389607e+02
-2.529014e-01 2.228702e-02 -9.672353e-01 9.489693e+01 2.711237e-03 9.997470e-01 2.232725e-02 -1.441722e+01 9.674883e-01 3.024189e-03 -2.528978e-01 2.387923e+02
-2.519182e-01 1.844717e-02 -9.675727e-01 9.434191e+01 6.237134e-03 9.998285e-01 1.743823e-02 -1.439518e+01 9.677284e-01 -1.641872e-03 -2.519900e-01 2.385885e+02
-2.509449e-01 1.664199e-02 -9.678583e-01 9.366112e+01 7.806897e-03 9.998545e-01 1.516799e-02 -1.432946e+01 9.679699e-01 -3.749640e-03 -2.510383e-01 2.382777e+02
-2.507477e-01 1.944083e-02 -9.678573e-01 9.284947e+01 8.517787e-03 9.998039e-01 1.787578e-02 -1.434068e+01 9.680150e-01 -3.761692e-03 -2.508641e-01 2.381045e+02
-2.495530e-01 2.421580e-02 -9.680583e-01 9.213389e+01 9.177048e-03 9.997015e-01 2.264162e-02 -1.429467e+01 9.683176e-01 -3.233632e-03 -2.497008e-01 2.379258e+02
-2.463048e-01 3.260749e-02 -9.686437e-01 9.142812e+01 1.462660e-02 9.994451e-01 2.992514e-02 -1.440220e+01 9.690820e-01 -6.797255e-03 -2.466451e-01 2.375312e+02
-2.431861e-01 2.807025e-02 -9.695734e-01 9.061566e+01 1.197083e-02 9.995919e-01 2.593682e-02 -1.440307e+01 9.699058e-01 -5.299121e-03 -2.434229e-01 2.373087e+02
-2.392379e-01 2.063643e-02 -9.707417e-01 8.991847e+01 1.161787e-02 9.997634e-01 1.839018e-02 -1.443773e+01 9.708915e-01 -6.878324e-03 -2.394210e-01 2.371015e+02
-2.351812e-01 1.454096e-02 -9.718428e-01 8.914341e+01 1.643342e-02 9.998046e-01 1.098252e-02 -1.429307e+01 9.718126e-01 -1.338782e-02 -2.353742e-01 2.367454e+02
-2.315079e-01 1.739048e-02 -9.726776e-01 8.819478e+01 2.197702e-02 9.996785e-01 1.264246e-02 -1.433043e+01 9.725848e-01 -1.844973e-02 -2.318157e-01 2.365729e+02
-2.251880e-01 2.089792e-02 -9.740912e-01 8.749822e+01 2.853864e-02 9.994824e-01 1.484517e-02 -1.430716e+01 9.738973e-01 -2.445628e-02 -2.256679e-01 2.363107e+02
-2.206951e-01 2.477268e-02 -9.750282e-01 8.653062e+01 2.842073e-02 9.994162e-01 1.895935e-02 -1.428489e+01 9.749287e-01 -2.352678e-02 -2.212703e-01 2.359244e+02
-2.158851e-01 2.756997e-02 -9.760295e-01 8.569944e+01 3.094117e-02 9.992924e-01 2.138330e-02 -1.427995e+01 9.759284e-01 -2.558316e-02 -2.165854e-01 2.357139e+02
-2.127992e-01 3.110484e-02 -9.766007e-01 8.478273e+01 3.277332e-02 9.991580e-01 2.468206e-02 -1.424875e+01 9.765462e-01 -2.675413e-02 -2.136395e-01 2.355405e+02
-1.946812e-01 3.514550e-02 -9.802367e-01 8.715327e+01 2.901796e-02 9.991268e-01 3.005963e-02 -1.534460e+01 9.804372e-01 -2.259242e-02 -1.955311e-01 2.338860e+02
-1.915187e-01 3.197782e-02 -9.809679e-01 8.621397e+01 3.494739e-02 9.990575e-01 2.574458e-02 -1.532025e+01 9.808666e-01 -2.935170e-02 -1.924557e-01 2.336852e+02
-1.918056e-01 2.872427e-02 -9.810125e-01 8.519962e+01 4.474351e-02 9.987882e-01 2.049659e-02 -1.529402e+01 9.804125e-01 -3.996258e-02 -1.928584e-01 2.335735e+02
-2.031918e-01 1.860026e-02 -9.789623e-01 8.107173e+01 4.622568e-02 9.988869e-01 9.384298e-03 -1.410644e+01 9.780472e-01 -4.334638e-02 -2.038254e-01 2.344178e+02
-2.029871e-01 1.378849e-02 -9.790843e-01 8.011142e+01 4.931823e-02 9.987757e-01 3.840976e-03 -1.410292e+01 9.779386e-01 -4.750704e-02 -2.034186e-01 2.342162e+02
-2.022717e-01 1.330028e-02 -9.792391e-01 7.924512e+01 5.237329e-02 9.986238e-01 2.745343e-03 -1.411624e+01 9.779280e-01 -5.073067e-02 -2.026899e-01 2.340171e+02
-2.010627e-01 2.058199e-02 -9.793621e-01 7.832109e+01 4.636030e-02 9.988589e-01 1.147398e-02 -1.411899e+01 9.784807e-01 -4.309653e-02 -2.017874e-01 2.336767e+02
-2.009416e-01 3.179174e-02 -9.790872e-01 7.730788e+01 4.253033e-02 9.988140e-01 2.370362e-02 -1.411315e+01 9.786795e-01 -3.687786e-02 -2.020554e-01 2.334356e+02
-2.019307e-01 4.103042e-02 -9.785400e-01 7.635499e+01 4.058994e-02 9.986143e-01 3.349603e-02 -1.410854e+01 9.785584e-01 -3.295501e-02 -2.033163e-01 2.332105e+02
-2.028803e-01 4.097514e-02 -9.783459e-01 7.538116e+01 3.925549e-02 9.986612e-01 3.368555e-02 -1.407601e+01 9.784164e-01 -3.157131e-02 -2.042172e-01 2.328235e+02
-2.057160e-01 3.256253e-02 -9.780698e-01 7.439159e+01 4.454395e-02 9.987219e-01 2.388123e-02 -1.407289e+01 9.775974e-01 -3.865434e-02 -2.069036e-01 2.326185e+02
-2.079815e-01 2.413391e-02 -9.778350e-01 7.341799e+01 4.498618e-02 9.988737e-01 1.508479e-02 -1.408612e+01 9.770977e-01 -4.085170e-02 -2.088329e-01 2.323869e+02
-2.081699e-01 2.027560e-02 -9.778825e-01 7.241270e+01 4.339027e-02 9.989923e-01 1.147645e-02 -1.407425e+01 9.771298e-01 -4.004153e-02 -2.088399e-01 2.319084e+02
-2.109944e-01 2.265294e-02 -9.772247e-01 7.142198e+01 4.379804e-02 9.989465e-01 1.369996e-02 -1.407253e+01 9.765056e-01 -3.990991e-02 -2.117643e-01 2.316990e+02
-2.133481e-01 2.587217e-02 -9.766336e-01 7.043197e+01 4.113051e-02 9.990009e-01 1.747964e-02 -1.408010e+01 9.761101e-01 -3.644019e-02 -2.141991e-01 2.314781e+02
-2.133170e-01 3.229489e-02 -9.764491e-01 6.973598e+01 4.091892e-02 9.988718e-01 2.409726e-02 -1.401741e+01 9.761258e-01 -3.481489e-02 -2.143978e-01 2.311460e+02
-2.144246e-01 3.913372e-02 -9.759563e-01 6.875155e+01 3.822614e-02 9.987678e-01 3.164986e-02 -1.399207e+01 9.759922e-01 -3.052053e-02 -2.156563e-01 2.309228e+02
-2.154738e-01 3.991108e-02 -9.756937e-01 6.772121e+01 3.766798e-02 9.987605e-01 3.253597e-02 -1.398151e+01 9.757828e-01 -2.974176e-02 -2.167101e-01 2.306719e+02
-2.150550e-01 3.183599e-02 -9.760829e-01 6.681235e+01 3.104591e-02 9.991862e-01 2.574935e-02 -1.394026e+01 9.761084e-01 -2.476586e-02 -2.158683e-01 2.302928e+02
-2.147202e-01 2.328529e-02 -9.763980e-01 6.589328e+01 3.160585e-02 9.993578e-01 1.688238e-02 -1.389565e+01 9.761641e-01 -2.723490e-02 -2.153183e-01 2.300579e+02
-2.168440e-01 2.247390e-02 -9.759475e-01 6.489155e+01 3.219774e-02 9.993557e-01 1.585898e-02 -1.389886e+01 9.756751e-01 -2.798438e-02 -2.174279e-01 2.298649e+02
-2.149732e-01 2.745034e-02 -9.762341e-01 6.421361e+01 3.317988e-02 9.992331e-01 2.079061e-02 -1.387836e+01 9.760561e-01 -2.792190e-02 -2.157192e-01 2.295622e+02
-2.147981e-01 3.387068e-02 -9.760710e-01 6.326126e+01 3.322710e-02 9.990734e-01 2.735679e-02 -1.386828e+01 9.760931e-01 -2.655582e-02 -2.157245e-01 2.293516e+02
-2.134036e-01 3.668603e-02 -9.762751e-01 6.226666e+01 3.418292e-02 9.989632e-01 3.006656e-02 -1.387417e+01 9.763659e-01 -2.695562e-02 -2.144364e-01 2.291097e+02
-2.113678e-01 3.309916e-02 -9.768460e-01 6.156162e+01 3.441775e-02 9.990587e-01 2.640457e-02 -1.380034e+01 9.768004e-01 -2.803977e-02 -2.123080e-01 2.287915e+02
-2.105759e-01 2.833408e-02 -9.771668e-01 6.062419e+01 3.553348e-02 9.991412e-01 2.131392e-02 -1.379864e+01 9.769315e-01 -3.023394e-02 -2.114018e-01 2.285916e+02
-2.108030e-01 2.487226e-02 -9.772121e-01 5.959679e+01 3.804073e-02 9.991277e-01 1.722397e-02 -1.378537e+01 9.767881e-01 -3.354299e-02 -2.115653e-01 2.284238e+02
-2.022265e-01 1.690967e-02 -9.791928e-01 5.863627e+01 2.181448e-02 9.996806e-01 1.275827e-02 -1.395855e+01 9.790958e-01 -1.878052e-02 -2.025308e-01 2.277902e+02
-2.018670e-01 1.587667e-02 -9.792842e-01 5.771665e+01 2.283639e-02 9.996731e-01 1.149979e-02 -1.395722e+01 9.791467e-01 -2.004189e-02 -2.021636e-01 2.276207e+02
-2.003510e-01 2.202686e-02 -9.794765e-01 5.681481e+01 2.521951e-02 9.995319e-01 1.731924e-02 -1.397199e+01 9.793995e-01 -2.123199e-02 -2.008127e-01 2.274396e+02
-1.971910e-01 3.210058e-02 -9.798394e-01 5.575792e+01 3.073574e-02 9.991749e-01 2.654852e-02 -1.397675e+01 9.798832e-01 -2.488096e-02 -1.980150e-01 2.270029e+02
-1.979821e-01 3.141848e-02 -9.797020e-01 5.469862e+01 3.111773e-02 9.991839e-01 2.575486e-02 -1.393560e+01 9.797116e-01 -2.538710e-02 -1.987982e-01 2.268527e+02
-1.953173e-01 3.050281e-02 -9.802656e-01 5.381640e+01 2.974401e-02 9.992407e-01 2.516678e-02 -1.393980e+01 9.802890e-01 -2.424153e-02 -1.960762e-01 2.266083e+02
-1.920534e-01 2.946751e-02 -9.809420e-01 5.287358e+01 3.468062e-02 9.991286e-01 2.322391e-02 -1.387068e+01 9.807715e-01 -2.955945e-02 -1.929079e-01 2.261371e+02
-1.929116e-01 2.830784e-02 -9.808077e-01 5.187913e+01 3.799216e-02 9.990497e-01 2.136179e-02 -1.386079e+01 9.804804e-01 -3.314207e-02 -1.938037e-01 2.259590e+02
-1.935062e-01 2.642555e-02 -9.807431e-01 5.094058e+01 3.724207e-02 9.991146e-01 1.957249e-02 -1.385136e+01 9.803920e-01 -3.273750e-02 -1.943190e-01 2.257754e+02
-1.912443e-01 3.198329e-02 -9.810212e-01 5.006475e+01 4.310230e-02 9.987785e-01 2.415968e-02 -1.379662e+01 9.805956e-01 -3.766387e-02 -1.923893e-01 2.253167e+02
-1.931771e-01 3.774768e-02 -9.804375e-01 4.913333e+01 4.610363e-02 9.985051e-01 2.935943e-02 -1.377225e+01 9.800801e-01 -3.953015e-02 -1.946286e-01 2.251323e+02
-1.950223e-01 3.782109e-02 -9.800693e-01 4.821655e+01 4.404553e-02 9.985858e-01 2.977110e-02 -1.374586e+01 9.798093e-01 -3.736164e-02 -1.964124e-01 2.249409e+02
-1.972695e-01 3.772715e-02 -9.796231e-01 4.737085e+01 4.491221e-02 9.985579e-01 2.941227e-02 -1.371100e+01 9.793200e-01 -3.819489e-02 -1.986794e-01 2.245948e+02
-2.023095e-01 3.875621e-02 -9.785545e-01 4.645859e+01 4.509858e-02 9.985252e-01 3.022334e-02 -1.368382e+01 9.782827e-01 -3.801694e-02 -2.037590e-01 2.244507e+02
-2.014215e-01 4.096116e-02 -9.786478e-01 4.547774e+01 4.302585e-02 9.985309e-01 3.293795e-02 -1.362989e+01 9.785592e-01 -3.547275e-02 -2.028880e-01 2.241291e+02
-2.044245e-01 4.219635e-02 -9.779724e-01 4.470746e+01 3.853054e-02 9.986431e-01 3.503423e-02 -1.361401e+01 9.781237e-01 -3.051995e-02 -2.057729e-01 2.237968e+02
-2.075137e-01 4.028061e-02 -9.774025e-01 4.381573e+01 3.487935e-02 9.988212e-01 3.375803e-02 -1.361002e+01 9.776101e-01 -2.708591e-02 -2.086740e-01 2.236054e+02
-2.087108e-01 3.738046e-02 -9.772628e-01 4.300520e+01 3.589941e-02 9.988886e-01 3.054073e-02 -1.356736e+01 9.773183e-01 -2.870897e-02 -2.098208e-01 2.233896e+02
-2.086656e-01 3.693497e-02 -9.772893e-01 4.222153e+01 3.847548e-02 9.988230e-01 2.953372e-02 -1.350913e+01 9.772299e-01 -3.143901e-02 -2.098411e-01 2.229879e+02
-2.093655e-01 3.540217e-02 -9.771964e-01 4.140479e+01 3.494544e-02 9.989769e-01 2.870414e-02 -1.348940e+01 9.772128e-01 -2.813890e-02 -2.103884e-01 2.228023e+02
-2.127119e-01 3.577236e-02 -9.764599e-01 4.059627e+01 3.336450e-02 9.990128e-01 2.933046e-02 -1.351295e+01 9.765452e-01 -2.634016e-02 -2.136954e-01 2.226840e+02
-2.138112e-01 3.797144e-02 -9.761367e-01 3.989562e+01 3.386539e-02 9.989317e-01 3.144035e-02 -1.348121e+01 9.762878e-01 -2.633495e-02 -2.148687e-01 2.223994e+02
-2.141130e-01 3.960695e-02 -9.760056e-01 3.911850e+01 3.086268e-02 9.989531e-01 3.376762e-02 -1.347112e+01 9.763212e-01 -2.289206e-02 -2.151112e-01 2.222388e+02
-2.200767e-01 4.086133e-02 -9.746264e-01 3.832804e+01 2.861093e-02 9.989628e-01 3.542111e-02 -1.346448e+01 9.750629e-01 -2.008961e-02 -2.210176e-01 2.222501e+02
-2.247453e-01 4.317245e-02 -9.734607e-01 3.755338e+01 2.775858e-02 9.988962e-01 3.789181e-02 -1.344860e+01 9.740221e-01 -1.850588e-02 -2.256956e-01 2.221091e+02
-2.268611e-01 4.285247e-02 -9.729839e-01 3.682917e+01 2.828023e-02 9.989001e-01 3.740006e-02 -1.338970e+01 9.735165e-01 -1.903160e-02 -2.278234e-01 2.221039e+02
-2.206962e-01 4.580400e-02 -9.742665e-01 3.613384e+01 2.705151e-02 9.987999e-01 4.082956e-02 -1.341731e+01 9.749674e-01 -1.734445e-02 -2.216704e-01 2.219518e+02
-2.134518e-01 4.657308e-02 -9.758429e-01 3.551252e+01 2.549631e-02 9.987884e-01 4.209122e-02 -1.337775e+01 9.766208e-01 -1.589594e-02 -2.143806e-01 2.216944e+02
-2.072202e-01 4.324840e-02 -9.773379e-01 3.485893e+01 2.336605e-02 9.989562e-01 3.925084e-02 -1.331934e+01 9.780153e-01 -1.470296e-02 -2.080144e-01 2.216551e+02
-1.952500e-01 4.075098e-02 -9.799065e-01 3.422758e+01 2.267719e-02 9.990569e-01 3.702887e-02 -1.330681e+01 9.804913e-01 -1.499165e-02 -1.959899e-01 2.215699e+02
-1.788848e-01 3.870157e-02 -9.831085e-01 3.365402e+01 2.410222e-02 9.990985e-01 3.494545e-02 -1.326052e+01 9.835748e-01 -1.744389e-02 -1.796563e-01 2.213522e+02
-1.630296e-01 3.564295e-02 -9.859772e-01 3.303379e+01 2.742048e-02 9.991249e-01 3.158431e-02 -1.320292e+01 9.862401e-01 -2.188679e-02 -1.638642e-01 2.213487e+02
-1.387088e-01 3.326878e-02 -9.897742e-01 3.244808e+01 2.716697e-02 9.991873e-01 2.977795e-02 -1.316482e+01 9.899605e-01 -2.275871e-02 -1.394999e-01 2.212422e+02
-1.154481e-01 3.608102e-02 -9.926580e-01 3.185873e+01 2.657008e-02 9.990947e-01 3.322482e-02 -1.315230e+01 9.929581e-01 -2.253926e-02 -1.163023e-01 2.211010e+02
-8.691681e-02 3.621286e-02 -9.955572e-01 3.126235e+01 2.344765e-02 9.991366e-01 3.429597e-02 -1.312941e+01 9.959396e-01 -2.036258e-02 -8.769087e-02 2.210530e+02
-6.153965e-02 2.920848e-02 -9.976772e-01 3.068923e+01 2.246475e-02 9.993590e-01 2.787203e-02 -1.299752e+01 9.978518e-01 -2.069733e-02 -6.215637e-02 2.211334e+02
-2.252832e-02 3.300357e-02 -9.992013e-01 3.012117e+01 2.191174e-02 9.992312e-01 3.251052e-02 -1.304837e+01 9.995061e-01 -2.116183e-02 -2.323417e-02 2.209442e+02
1.386923e-02 2.734576e-02 -9.995298e-01 2.955236e+01 1.851197e-02 9.994476e-01 2.760038e-02 -1.301001e+01 9.997324e-01 -1.888606e-02 1.335535e-02 2.209891e+02
5.323828e-02 1.890132e-02 -9.984029e-01 2.895820e+01 1.279239e-02 9.997259e-01 1.960850e-02 -1.294930e+01 9.984999e-01 -1.381588e-02 5.298189e-02 2.210453e+02
9.686852e-02 1.875852e-02 -9.951204e-01 2.841165e+01 7.212676e-03 9.997829e-01 1.954852e-02 -1.297772e+01 9.952711e-01 -9.071118e-03 9.671219e-02 2.209856e+02
1.419010e-01 1.618811e-02 -9.897485e-01 2.786122e+01 1.387882e-03 9.998620e-01 1.655251e-02 -1.297301e+01 9.898799e-01 -3.722472e-03 1.418590e-01 2.210899e+02
1.911086e-01 1.372838e-02 -9.814729e-01 2.730332e+01 -6.479318e-03 9.998980e-01 1.272447e-02 -1.296570e+01 9.815475e-01 3.927519e-03 1.911781e-01 2.212238e+02
2.460060e-01 1.179692e-02 -9.691965e-01 2.674098e+01 -1.641558e-02 9.998332e-01 8.003150e-03 -1.295483e+01 9.691293e-01 1.394110e-02 2.461586e-01 2.212361e+02
3.002131e-01 1.286705e-02 -9.537854e-01 2.622107e+01 -1.465963e-02 9.998532e-01 8.874270e-03 -1.295572e+01 9.537595e-01 1.131796e-02 3.003576e-01 2.214355e+02
3.555477e-01 1.612165e-02 -9.345191e-01 2.568497e+01 -1.648277e-02 9.998039e-01 1.097685e-02 -1.296012e+01 9.345128e-01 1.150067e-02 3.557437e-01 2.216751e+02
4.132595e-01 2.264430e-02 -9.103317e-01 2.516421e+01 -1.914084e-02 9.996859e-01 1.617767e-02 -1.298803e+01 9.104121e-01 1.073894e-02 4.135632e-01 2.218142e+02
4.684787e-01 2.373818e-02 -8.831558e-01 2.467957e+01 -1.711645e-02 9.996952e-01 1.779103e-02 -1.298232e+01 8.833090e-01 6.781777e-03 4.687422e-01 2.221186e+02
5.211629e-01 2.179214e-02 -8.531790e-01 2.420612e+01 -1.399470e-02 9.997578e-01 1.698746e-02 -1.298316e+01 8.533425e-01 3.086755e-03 5.213416e-01 2.224423e+02
5.713409e-01 1.664846e-02 -8.205439e-01 2.363110e+01 -1.170890e-02 9.998578e-01 1.213380e-02 -1.300604e+01 8.206293e-01 2.675134e-03 5.714547e-01 2.227201e+02
6.160732e-01 1.471570e-02 -7.875515e-01 2.332254e+01 -1.704674e-02 9.998404e-01 5.347345e-03 -1.302087e+01 7.875045e-01 1.013083e-02 6.162257e-01 2.230484e+02
6.604762e-01 8.888184e-03 -7.507944e-01 2.287230e+01 -2.263786e-02 9.997111e-01 -8.079644e-03 -1.300729e+01 7.505056e-01 2.233279e-02 6.604866e-01 2.234457e+02
7.004964e-01 1.068300e-02 -7.135760e-01 2.257735e+01 -2.804153e-02 9.995278e-01 -1.256353e-02 -1.309351e+01 7.131048e-01 2.881047e-02 7.004652e-01 2.236180e+02
7.385358e-01 1.175807e-03 -6.742132e-01 2.238404e+01 -1.750261e-02 9.996949e-01 -1.742899e-02 -1.311701e+01 6.739870e-01 2.467242e-02 7.383311e-01 2.239387e+02
7.743244e-01 -1.294977e-03 -6.327875e-01 2.203606e+01 -1.216379e-02 9.997827e-01 -1.693051e-02 -1.311744e+01 6.326719e-01 2.080680e-02 7.741404e-01 2.243662e+02
8.080070e-01 -6.978756e-04 -5.891725e-01 2.148424e+01 -1.002729e-02 9.998382e-01 -1.493600e-02 -1.317175e+01 5.890876e-01 1.797619e-02 8.078692e-01 2.250273e+02
8.373706e-01 4.460384e-04 -5.466354e-01 2.119984e+01 -1.054456e-02 9.998268e-01 -1.533700e-02 -1.320312e+01 5.465339e-01 1.860678e-02 8.372303e-01 2.255352e+02
8.635879e-01 -3.733712e-04 -5.041982e-01 2.090244e+01 -8.006511e-03 9.998635e-01 -1.445393e-02 -1.321980e+01 5.041347e-01 1.651911e-02 8.634670e-01 2.260771e+02
8.859660e-01 -2.681457e-03 -4.637425e-01 2.055436e+01 -4.404024e-03 9.998895e-01 -1.419533e-02 -1.328542e+01 4.637293e-01 1.461891e-02 8.858563e-01 2.267917e+02
9.067577e-01 -8.426453e-04 -4.216513e-01 2.022157e+01 -6.657503e-03 9.998447e-01 -1.631504e-02 -1.328900e+01 4.215996e-01 1.760093e-02 9.066113e-01 2.274840e+02
9.241745e-01 -1.125778e-03 -3.819689e-01 2.003841e+01 -6.785918e-03 9.997894e-01 -1.936522e-02 -1.331737e+01 3.819103e-01 2.048886e-02 9.239723e-01 2.280079e+02
9.379144e-01 -1.197678e-02 -3.466601e-01 1.974171e+01 1.981515e-03 9.995724e-01 -2.917315e-02 -1.340542e+01 3.468612e-01 2.667500e-02 9.375371e-01 2.290673e+02
9.480749e-01 -2.053207e-02 -3.173836e-01 1.956421e+01 9.012930e-03 9.992477e-01 -3.771994e-02 -1.341278e+01 3.179193e-01 3.290077e-02 9.475468e-01 2.297169e+02
9.564821e-01 -2.016619e-02 -2.910933e-01 1.941255e+01 8.962356e-03 9.991686e-01 -3.977108e-02 -1.345302e+01 2.916533e-01 3.543145e-02 9.558676e-01 2.303326e+02
9.627431e-01 -2.543009e-02 -2.692191e-01 1.924151e+01 1.607445e-02 9.991897e-01 -3.689900e-02 -1.356773e+01 2.699393e-01 3.119671e-02 9.623718e-01 2.319503e+02
9.675100e-01 -2.335362e-02 -2.517519e-01 1.905287e+01 1.722989e-02 9.995003e-01 -2.650174e-02 -1.359211e+01 2.522450e-01 2.130304e-02 9.674289e-01 2.326811e+02
9.714558e-01 -1.821917e-02 -2.365199e-01 1.888219e+01 1.488826e-02 9.997633e-01 -1.586154e-02 -1.363372e+01 2.367530e-01 1.188741e-02 9.714972e-01 2.333958e+02
9.844632e-01 -4.203298e-02 -1.704860e-01 3.176205e+01 4.203694e-02 9.991096e-01 -3.588212e-03 -1.013087e+01 1.704850e-01 -3.634246e-03 9.853536e-01 2.343257e+02
9.854327e-01 -5.014079e-02 -1.625062e-01 3.164746e+01 5.026570e-02 9.987303e-01 -3.345495e-03 -1.016127e+01 1.624676e-01 -4.871727e-03 9.867019e-01 2.350758e+02
9.860834e-01 -5.509395e-02 -1.568571e-01 3.150731e+01 5.468047e-02 9.984797e-01 -6.953335e-03 -1.017814e+01 1.570017e-01 -1.720453e-03 9.875968e-01 2.358506e+02
9.769214e-01 -4.408319e-02 -2.090004e-01 1.857800e+01 4.056396e-02 9.989542e-01 -2.109700e-02 -1.398327e+01 2.097119e-01 1.213222e-02 9.776880e-01 2.375417e+02
9.767927e-01 -5.154257e-02 -2.078925e-01 1.835166e+01 4.713450e-02 9.985474e-01 -2.610514e-02 -1.392580e+01 2.089360e-01 1.570040e-02 9.778033e-01 2.383812e+02
9.767272e-01 -5.083321e-02 -2.083746e-01 1.823777e+01 4.672061e-02 9.986047e-01 -2.461428e-02 -1.397475e+01 2.093350e-01 1.430605e-02 9.777393e-01 2.391105e+02
9.769982e-01 -5.351546e-02 -2.064234e-01 1.787844e+01 4.993858e-02 9.984987e-01 -2.250335e-02 -1.401537e+01 2.073178e-01 1.167724e-02 9.782040e-01 2.399358e+02
9.767519e-01 -5.556216e-02 -2.070472e-01 1.772977e+01 5.285576e-02 9.984292e-01 -1.858475e-02 -1.413154e+01 2.077546e-01 7.209051e-03 9.781544e-01 2.407243e+02
9.767798e-01 -5.491803e-02 -2.070876e-01 1.747347e+01 5.103061e-02 9.984070e-01 -2.407132e-02 -1.421041e+01 2.080796e-01 1.294457e-02 9.780262e-01 2.416024e+02
9.762938e-01 -6.056782e-02 -2.078026e-01 1.738062e+01 5.503081e-02 9.979611e-01 -3.232922e-02 -1.425731e+01 2.093370e-01 2.012727e-02 9.776364e-01 2.423441e+02
9.755675e-01 -7.109712e-02 -2.078781e-01 1.717650e+01 6.450938e-02 9.971815e-01 -3.830841e-02 -1.432193e+01 2.100158e-01 2.396236e-02 9.774043e-01 2.431745e+02
9.743466e-01 -8.076583e-02 -2.100611e-01 1.705541e+01 7.378786e-02 9.964366e-01 -4.085991e-02 -1.436573e+01 2.126127e-01 2.431175e-02 9.768341e-01 2.439538e+02
9.734994e-01 -8.719561e-02 -2.114141e-01 1.691589e+01 8.021697e-02 9.959181e-01 -4.138095e-02 -1.445523e+01 2.141594e-01 2.332533e-02 9.765202e-01 2.447663e+02
9.726296e-01 -9.114288e-02 -2.137398e-01 1.671018e+01 8.524386e-02 9.956849e-01 -3.667493e-02 -1.451131e+01 2.161602e-01 1.745111e-02 9.762019e-01 2.456431e+02
9.719761e-01 -9.009973e-02 -2.171279e-01 1.650947e+01 8.591820e-02 9.958904e-01 -2.864220e-02 -1.457955e+01 2.188162e-01 9.184294e-03 9.757229e-01 2.464969e+02
9.715953e-01 -8.861362e-02 -2.194313e-01 1.628268e+01 8.613647e-02 9.960652e-01 -2.084999e-02 -1.460669e+01 2.204155e-01 1.356709e-03 9.754051e-01 2.474299e+02
9.717578e-01 -8.086403e-02 -2.216932e-01 1.609380e+01 7.918934e-02 9.967239e-01 -1.644731e-02 -1.464121e+01 2.222969e-01 -1.572933e-03 9.749778e-01 2.482595e+02
9.722249e-01 -7.251674e-02 -2.225310e-01 1.591971e+01 7.146089e-02 9.973612e-01 -1.280420e-02 -1.466608e+01 2.228723e-01 -3.453705e-03 9.748415e-01 2.490452e+02
9.722879e-01 -6.894796e-02 -2.233884e-01 1.562972e+01 6.792305e-02 9.976150e-01 -1.227801e-02 -1.469963e+01 2.237021e-01 -3.235456e-03 9.746522e-01 2.500454e+02
9.725823e-01 -6.570389e-02 -2.230843e-01 1.543601e+01 6.335390e-02 9.978345e-01 -1.768264e-02 -1.474370e+01 2.237630e-01 3.064564e-03 9.746388e-01 2.508966e+02
9.724159e-01 -6.756206e-02 -2.232547e-01 1.511436e+01 6.304141e-02 9.976368e-01 -2.732273e-02 -1.476659e+01 2.245731e-01 1.249477e-02 9.743771e-01 2.519517e+02
9.724848e-01 -6.664670e-02 -2.232296e-01 1.505186e+01 6.068723e-02 9.975959e-01 -3.345908e-02 -1.481068e+01 2.249229e-01 1.899126e-02 9.741915e-01 2.526117e+02
9.726258e-01 -6.719939e-02 -2.224485e-01 1.476700e+01 6.131661e-02 9.975642e-01 -3.325526e-02 -1.486191e+01 2.241414e-01 1.870514e-02 9.743771e-01 2.536205e+02
9.730256e-01 -6.085650e-02 -2.225259e-01 1.467208e+01 5.625688e-02 9.980523e-01 -2.695681e-02 -1.489565e+01 2.237330e-01 1.371106e-02 9.745540e-01 2.543231e+02
9.739824e-01 -5.553833e-02 -2.197132e-01 1.431578e+01 5.172926e-02 9.983950e-01 -2.305646e-02 -1.496095e+01 2.206410e-01 1.109099e-02 9.752920e-01 2.554774e+02
9.742178e-01 -5.181671e-02 -2.195784e-01 1.409917e+01 4.907096e-02 9.986341e-01 -1.794404e-02 -1.496260e+01 2.202083e-01 6.706481e-03 9.754298e-01 2.564560e+02
9.747640e-01 -4.811125e-02 -2.179917e-01 1.383924e+01 4.633732e-02 9.988380e-01 -1.324545e-02 -1.501015e+01 2.183757e-01 2.810034e-03 9.758607e-01 2.575064e+02
9.752202e-01 -4.862520e-02 -2.158269e-01 1.360063e+01 4.707839e-02 9.988154e-01 -1.230525e-02 -1.505669e+01 2.161696e-01 1.839543e-03 9.763541e-01 2.584740e+02
9.753295e-01 -4.939434e-02 -2.151571e-01 1.336773e+01 4.633993e-02 9.987408e-01 -1.922055e-02 -1.510050e+01 2.158356e-01 8.776005e-03 9.763903e-01 2.594902e+02
9.751647e-01 -5.396190e-02 -2.148068e-01 1.314154e+01 4.858883e-02 9.983616e-01 -3.021961e-02 -1.512797e+01 2.160856e-01 1.903188e-02 9.761889e-01 2.604934e+02
9.752430e-01 -5.630216e-02 -2.138486e-01 1.272355e+01 5.048081e-02 9.981932e-01 -3.259023e-02 -1.523296e+01 2.152971e-01 2.098814e-02 9.763230e-01 2.618569e+02
9.751050e-01 -5.021698e-02 -2.159828e-01 1.252889e+01 4.648092e-02 9.986692e-01 -2.234609e-02 -1.530090e+01 2.168175e-01 1.175071e-02 9.761414e-01 2.628053e+02
9.744626e-01 -5.118192e-02 -2.186390e-01 1.239996e+01 4.965605e-02 9.986885e-01 -1.247184e-02 -1.529147e+01 2.189906e-01 1.296593e-03 9.757261e-01 2.637173e+02
9.743449e-01 -4.950109e-02 -2.195486e-01 1.211566e+01 4.808197e-02 9.987736e-01 -1.180586e-02 -1.535077e+01 2.198637e-01 9.466500e-04 9.755301e-01 2.649355e+02
9.743221e-01 -5.127777e-02 -2.192420e-01 1.184726e+01 4.863573e-02 9.986644e-01 -1.743471e-02 -1.536354e+01 2.198432e-01 6.324034e-03 9.755147e-01 2.659502e+02
9.736390e-01 -5.577517e-02 -2.211699e-01 1.165019e+01 5.204080e-02 9.983874e-01 -2.268063e-02 -1.538686e+01 2.220783e-01 1.057289e-02 9.749715e-01 2.669851e+02
9.735332e-01 -5.264857e-02 -2.223990e-01 1.139104e+01 4.838305e-02 9.985262e-01 -2.458856e-02 -1.544533e+01 2.233658e-01 1.317744e-02 9.746456e-01 2.681142e+02
9.734972e-01 -5.155574e-02 -2.228121e-01 1.113192e+01 4.759833e-02 9.985994e-01 -2.309881e-02 -1.548041e+01 2.236909e-01 1.188114e-02 9.745877e-01 2.691609e+02
9.730064e-01 -5.250112e-02 -2.247267e-01 1.095795e+01 4.901272e-02 9.985757e-01 -2.107742e-02 -1.549027e+01 2.255132e-01 9.493997e-03 9.741938e-01 2.701368e+02
9.734693e-01 -4.513663e-02 -2.243215e-01 1.065797e+01 4.188740e-02 9.989374e-01 -1.922496e-02 -1.555069e+01 2.249509e-01 9.318665e-03 9.743255e-01 2.712329e+02
9.735070e-01 -4.338448e-02 -2.245035e-01 1.040435e+01 4.078469e-02 9.990365e-01 -1.620682e-02 -1.558413e+01 2.249903e-01 6.621151e-03 9.743385e-01 2.722694e+02
9.733350e-01 -4.298272e-02 -2.253251e-01 1.017280e+01 4.108460e-02 9.990697e-01 -1.310843e-02 -1.562197e+01 2.256789e-01 3.501505e-03 9.741955e-01 2.732961e+02
9.731503e-01 -4.487583e-02 -2.257536e-01 9.972914e+00 4.275061e-02 9.989835e-01 -1.429630e-02 -1.564705e+01 2.261656e-01 4.261340e-03 9.740795e-01 2.742968e+02
9.727562e-01 -5.010858e-02 -2.263502e-01 9.751532e+00 4.704658e-02 9.987138e-01 -1.890554e-02 -1.567972e+01 2.270064e-01 7.741481e-03 9.738625e-01 2.753331e+02
9.728041e-01 -5.052949e-02 -2.260506e-01 9.446436e+00 4.634299e-02 9.986422e-01 -2.379218e-02 -1.572691e+01 2.269459e-01 1.266927e-02 9.738250e-01 2.764214e+02
9.725485e-01 -5.133300e-02 -2.269677e-01 9.219947e+00 4.713706e-02 9.986031e-01 -2.387219e-02 -1.575496e+01 2.278761e-01 1.251827e-02 9.736097e-01 2.774402e+02
9.720435e-01 -5.375230e-02 -2.285654e-01 9.016384e+00 4.919909e-02 9.984615e-01 -2.557670e-02 -1.579449e+01 2.295886e-01 1.361645e-02 9.731925e-01 2.784349e+02
9.716772e-01 -5.482525e-02 -2.298644e-01 8.764285e+00 4.912675e-02 9.983284e-01 -3.044521e-02 -1.582622e+01 2.311493e-01 1.829042e-02 9.727463e-01 2.794873e+02
9.717183e-01 -5.543928e-02 -2.295433e-01 8.448218e+00 4.959412e-02 9.982833e-01 -3.116014e-02 -1.588561e+01 2.308767e-01 1.889489e-02 9.727995e-01 2.805731e+02
9.715743e-01 -5.123781e-02 -2.311236e-01 8.237127e+00 4.692264e-02 9.986070e-01 -2.413258e-02 -1.591623e+01 2.320382e-01 1.260167e-02 9.726251e-01 2.815697e+02
9.716222e-01 -4.844890e-02 -2.315232e-01 7.968731e+00 4.621577e-02 9.988179e-01 -1.506269e-02 -1.596703e+01 2.319793e-01 3.935224e-03 9.727128e-01 2.825925e+02
9.717844e-01 -4.878450e-02 -2.307707e-01 7.663025e+00 4.664115e-02 9.988030e-01 -1.473739e-02 -1.600287e+01 2.312134e-01 3.558160e-03 9.728966e-01 2.836724e+02
9.721955e-01 -4.798927e-02 -2.292008e-01 7.391359e+00 4.428347e-02 9.987922e-01 -2.128751e-02 -1.603895e+01 2.299455e-01 1.054582e-02 9.731464e-01 2.846992e+02
9.723373e-01 -4.788473e-02 -2.286202e-01 7.186383e+00 4.352551e-02 9.987622e-01 -2.407479e-02 -1.609243e+01 2.294900e-01 1.345801e-02 9.732180e-01 2.856620e+02
9.731638e-01 -4.417468e-02 -2.258336e-01 6.884216e+00 3.937446e-02 9.988935e-01 -2.571805e-02 -1.613007e+01 2.267198e-01 1.613580e-02 9.738264e-01 2.867074e+02
9.736837e-01 -3.993502e-02 -2.243775e-01 6.606790e+00 3.574469e-02 9.991029e-01 -2.270803e-02 -1.618372e+01 2.250831e-01 1.409013e-02 9.742377e-01 2.877420e+02
9.739609e-01 -3.742419e-02 -2.236059e-01 6.393841e+00 3.356058e-02 9.992149e-01 -2.105538e-02 -1.622827e+01 2.242184e-01 1.300278e-02 9.744522e-01 2.887165e+02
9.741366e-01 -3.585750e-02 -2.230966e-01 6.140905e+00 3.259098e-02 9.993011e-01 -1.830762e-02 -1.622836e+01 2.235971e-01 1.056318e-02 9.746244e-01 2.897441e+02
9.745240e-01 -3.578444e-02 -2.214100e-01 5.840372e+00 3.207598e-02 9.992788e-01 -2.032348e-02 -1.629268e+01 2.219776e-01 1.270378e-02 9.749690e-01 2.907782e+02
9.745908e-01 -3.596610e-02 -2.210865e-01 5.597715e+00 3.145593e-02 9.992196e-01 -2.388827e-02 -1.631582e+01 2.217731e-01 1.632680e-02 9.749616e-01 2.917676e+02
9.742319e-01 -3.692510e-02 -2.225058e-01 5.393210e+00 3.172060e-02 9.991342e-01 -2.692026e-02 -1.634387e+01 2.233071e-01 1.916856e-02 9.745596e-01 2.928163e+02
9.742790e-01 -3.450453e-02 -2.226877e-01 5.160321e+00 2.986045e-02 9.992613e-01 -2.418920e-02 -1.637476e+01 2.233578e-01 1.691748e-02 9.745897e-01 2.938236e+02
9.744641e-01 -3.263826e-02 -2.221585e-01 4.937807e+00 2.873872e-02 9.993713e-01 -2.076396e-02 -1.641371e+01 2.226965e-01 1.384919e-02 9.747894e-01 2.947946e+02
9.745709e-01 -3.131147e-02 -2.218812e-01 4.669863e+00 2.839129e-02 9.994633e-01 -1.633912e-02 -1.644915e+01 2.222737e-01 9.624135e-03 9.749368e-01 2.958631e+02
9.745625e-01 -2.969892e-02 -2.221394e-01 4.426620e+00 2.673767e-02 9.995091e-01 -1.632677e-02 -1.649218e+01 2.225152e-01 9.971967e-03 9.748782e-01 2.968646e+02
9.741789e-01 -3.442605e-02 -2.231376e-01 4.195055e+00 3.126456e-02 9.993546e-01 -1.768666e-02 -1.650198e+01 2.236025e-01 1.025368e-02 9.746265e-01 2.978927e+02
9.735947e-01 -4.179939e-02 -2.244242e-01 3.936373e+00 3.848363e-02 9.990761e-01 -1.913039e-02 -1.656520e+01 2.250164e-01 9.988590e-03 9.743038e-01 2.989673e+02
9.732472e-01 -4.203489e-02 -2.258824e-01 3.704760e+00 3.850863e-02 9.990582e-01 -1.999663e-02 -1.660193e+01 2.265102e-01 1.076324e-02 9.739493e-01 2.999391e+02
9.726773e-01 -4.014905e-02 -2.286634e-01 3.441717e+00 3.566414e-02 9.990824e-01 -2.371397e-02 -1.663546e+01 2.294056e-01 1.491096e-02 9.732167e-01 3.009826e+02
9.721441e-01 -4.258103e-02 -2.304835e-01 3.203520e+00 3.861168e-02 9.990185e-01 -2.170706e-02 -1.666208e+01 2.311816e-01 1.220304e-02 9.728341e-01 3.019463e+02
9.715876e-01 -3.774484e-02 -2.336510e-01 2.956160e+00 3.573560e-02 9.992789e-01 -1.282835e-02 -1.668990e+01 2.339667e-01 4.114211e-03 9.722359e-01 3.029220e+02
9.712154e-01 -3.188199e-02 -2.360596e-01 2.684794e+00 3.128573e-02 9.994908e-01 -6.272007e-03 -1.671739e+01 2.361393e-01 -1.293826e-03 9.717183e-01 3.039037e+02
9.703951e-01 -3.406144e-02 -2.391092e-01 2.408352e+00 3.361646e-02 9.994172e-01 -5.940136e-03 -1.673579e+01 2.391722e-01 -2.273727e-03 9.709745e-01 3.049177e+02
9.695716e-01 -3.571130e-02 -2.421893e-01 2.153204e+00 3.422276e-02 9.993606e-01 -1.035163e-02 -1.674401e+01 2.424042e-01 1.748257e-03 9.701738e-01 3.058947e+02
9.686526e-01 -4.459244e-02 -2.443843e-01 1.791356e+00 4.116565e-02 9.989695e-01 -1.911446e-02 -1.680465e+01 2.449848e-01 8.455034e-03 9.694900e-01 3.070116e+02
9.677529e-01 -4.771641e-02 -2.473408e-01 1.570373e+00 4.248001e-02 9.987467e-01 -2.646735e-02 -1.682294e+01 2.482937e-01 1.510682e-02 9.685670e-01 3.079356e+02
9.669084e-01 -4.910217e-02 -2.503540e-01 1.306825e+00 4.407952e-02 9.986991e-01 -2.563345e-02 -1.685826e+01 2.512870e-01 1.374972e-02 9.678150e-01 3.089219e+02
9.656146e-01 -5.190094e-02 -2.547444e-01 1.053460e+00 4.769392e-02 9.986047e-01 -2.266812e-02 -1.689712e+01 2.555655e-01 9.738907e-03 9.667427e-01 3.098410e+02
9.642228e-01 -5.217595e-02 -2.599077e-01 8.048288e-01 4.657915e-02 9.985318e-01 -2.765084e-02 -1.692673e+01 2.609688e-01 1.455529e-02 9.652375e-01 3.107611e+02
9.630192e-01 -5.351089e-02 -2.640656e-01 5.195888e-01 4.636173e-02 9.983716e-01 -3.323614e-02 -1.694543e+01 2.654141e-01 1.976451e-02 9.639319e-01 3.117977e+02
9.616963e-01 -5.077010e-02 -2.693746e-01 2.413551e-01 4.354315e-02 9.985149e-01 -3.274035e-02 -1.697189e+01 2.706368e-01 1.975685e-02 9.624788e-01 3.127349e+02
9.607276e-01 -4.805639e-02 -2.733002e-01 -8.441527e-02 4.275481e-02 9.987646e-01 -2.532487e-02 -1.702459e+01 2.741796e-01 1.264541e-02 9.615954e-01 3.137429e+02
9.593270e-01 -4.418740e-02 -2.788174e-01 -3.762028e-01 3.948401e-02 9.989676e-01 -2.246524e-02 -1.707722e+01 2.795222e-01 1.054269e-02 9.600813e-01 3.147118e+02
9.577623e-01 -4.388081e-02 -2.841932e-01 -7.004590e-01 3.950880e-02 9.989964e-01 -2.110091e-02 -1.708077e+01 2.848339e-01 8.981523e-03 9.585348e-01 3.157517e+02
9.569397e-01 -3.967127e-02 -2.875632e-01 -9.600623e-01 3.448282e-02 9.991386e-01 -2.308752e-02 -1.710198e+01 2.882314e-01 1.217738e-02 9.574834e-01 3.166533e+02
9.565222e-01 -2.922326e-02 -2.901918e-01 -1.228541e+00 2.408570e-02 9.994838e-01 -2.126068e-02 -1.715194e+01 2.906633e-01 1.334684e-02 9.567323e-01 3.175456e+02
9.565840e-01 -1.561353e-02 -2.910381e-01 -1.524464e+00 9.772383e-03 9.997208e-01 -2.151287e-02 -1.721226e+01 2.912928e-01 1.773473e-02 9.564696e-01 3.184306e+02
9.564831e-01 -7.984159e-03 -2.916783e-01 -1.745628e+00 1.866229e-03 9.997725e-01 -2.124713e-02 -1.716765e+01 2.917816e-01 1.977818e-02 9.562805e-01 3.191755e+02
9.567475e-01 -2.952969e-03 -2.909047e-01 -2.025298e+00 -4.728098e-03 9.996586e-01 -2.569761e-02 -1.720381e+01 2.908813e-01 2.596155e-02 9.564069e-01 3.200942e+02
9.572189e-01 -3.784390e-03 -2.893400e-01 -2.318516e+00 -4.724013e-03 9.995768e-01 -2.870223e-02 -1.722542e+01 2.893262e-01 2.884117e-02 9.567960e-01 3.210328e+02
9.581045e-01 -3.811045e-03 -2.863936e-01 -2.623623e+00 -5.357405e-03 9.994981e-01 -3.122307e-02 -1.724396e+01 2.863688e-01 3.144929e-02 9.576032e-01 3.219716e+02
9.591994e-01 -9.129891e-04 -2.827291e-01 -2.885461e+00 -6.905779e-03 9.996208e-01 -2.665683e-02 -1.732117e+01 2.826462e-01 2.752168e-02 9.588293e-01 3.228864e+02
9.605494e-01 1.970820e-03 -2.781024e-01 -3.072711e+00 -8.919925e-03 9.996787e-01 -2.372450e-02 -1.733090e+01 2.779663e-01 2.526921e-02 9.602584e-01 3.237065e+02
9.622190e-01 3.656239e-03 -2.722522e-01 -3.425779e+00 -9.153417e-03 9.997790e-01 -1.892421e-02 -1.736993e+01 2.721229e-01 2.070128e-02 9.620398e-01 3.248305e+02
9.639323e-01 7.521163e-03 -2.660412e-01 -3.707876e+00 -1.171810e-02 9.998306e-01 -1.419165e-02 -1.739272e+01 2.658894e-01 1.679729e-02 9.638572e-01 3.257949e+02
9.653587e-01 1.437107e-02 -2.605302e-01 -3.981493e+00 -1.815670e-02 9.997616e-01 -1.212943e-02 -1.739896e+01 2.602938e-01 1.643962e-02 9.653895e-01 3.268062e+02
9.669729e-01 1.841635e-02 -2.542130e-01 -4.293216e+00 -2.347318e-02 9.995821e-01 -1.687275e-02 -1.745436e+01 2.537960e-01 2.228268e-02 9.670011e-01 3.278071e+02
9.682879e-01 1.973373e-02 -2.490563e-01 -4.569636e+00 -2.670594e-02 9.993395e-01 -2.464642e-02 -1.748743e+01 2.484055e-01 3.051612e-02 9.681753e-01 3.288213e+02
9.696772e-01 2.046504e-02 -2.435311e-01 -4.785880e+00 -2.844491e-02 9.991660e-01 -2.929568e-02 -1.752655e+01 2.427284e-01 3.533457e-02 9.694506e-01 3.297376e+02
9.713794e-01 1.374140e-02 -2.371354e-01 -5.216221e+00 -2.078595e-02 9.994130e-01 -2.723220e-02 -1.755034e+01 2.366220e-01 3.138188e-02 9.710949e-01 3.310029e+02
9.725023e-01 9.056191e-03 -2.327172e-01 -5.479700e+00 -1.462296e-02 9.996465e-01 -2.220667e-02 -1.759592e+01 2.324339e-01 2.499905e-02 9.722909e-01 3.320056e+02
9.735833e-01 2.368891e-03 -2.283197e-01 -5.740402e+00 -7.742109e-03 9.997137e-01 -2.264095e-02 -1.760057e+01 2.282007e-01 2.381053e-02 9.733229e-01 3.329860e+02
9.738361e-01 -1.322863e-04 -2.272514e-01 -5.917834e+00 -6.081713e-03 9.996265e-01 -2.664375e-02 -1.764555e+01 2.271700e-01 2.732872e-02 9.734716e-01 3.340049e+02
9.744783e-01 1.424217e-03 -2.244773e-01 -6.093824e+00 -7.481997e-03 9.996303e-01 -2.613784e-02 -1.767951e+01 2.243571e-01 2.715030e-02 9.741287e-01 3.349222e+02
9.754743e-01 2.808398e-03 -2.200955e-01 -6.419197e+00 -8.285098e-03 9.996785e-01 -2.396417e-02 -1.772148e+01 2.199574e-01 2.519994e-02 9.751839e-01 3.361236e+02
9.763761e-01 9.145163e-03 -2.158846e-01 -6.700269e+00 -1.497328e-02 9.995658e-01 -2.537634e-02 -1.779068e+01 2.155588e-01 2.800935e-02 9.760891e-01 3.371261e+02
9.769300e-01 1.230626e-02 -2.132048e-01 -6.962126e+00 -1.879334e-02 9.994192e-01 -2.842650e-02 -1.783318e+01 2.127312e-01 3.177753e-02 9.765939e-01 3.381529e+02
9.773353e-01 1.176535e-02 -2.113699e-01 -7.254372e+00 -1.739519e-02 9.995412e-01 -2.479532e-02 -1.785484e+01 2.109812e-01 2.791016e-02 9.770916e-01 3.393004e+02
9.775024e-01 1.337001e-02 -2.105002e-01 -7.443886e+00 -1.718095e-02 9.997198e-01 -1.628575e-02 -1.789726e+01 2.102235e-01 1.953595e-02 9.774581e-01 3.402484e+02
9.776808e-01 1.327175e-02 -2.096764e-01 -7.685697e+00 -1.662577e-02 9.997604e-01 -1.424158e-02 -1.791433e+01 2.094372e-01 1.740975e-02 9.776671e-01 3.412740e+02
9.778120e-01 1.409393e-02 -2.090097e-01 -7.964833e+00 -1.871808e-02 9.996215e-01 -2.016255e-02 -1.794710e+01 2.086464e-01 2.362744e-02 9.777057e-01 3.423570e+02
9.780014e-01 1.621064e-02 -2.079674e-01 -8.193636e+00 -2.238033e-02 9.993754e-01 -2.734793e-02 -1.798323e+01 2.073942e-01 3.140070e-02 9.777534e-01 3.433276e+02
9.779834e-01 1.276722e-02 -2.082918e-01 -8.392557e+00 -1.929019e-02 9.993841e-01 -2.931523e-02 -1.799702e+01 2.077893e-01 3.268779e-02 9.776273e-01 3.443009e+02
9.782187e-01 1.171462e-02 -2.072460e-01 -8.605052e+00 -1.691498e-02 9.995845e-01 -2.333844e-02 -1.804944e+01 2.068865e-01 2.633566e-02 9.780104e-01 3.452649e+02
9.782423e-01 6.978990e-03 -2.073481e-01 -8.829056e+00 -1.141383e-02 9.997308e-01 -2.019976e-02 -1.804412e+01 2.071513e-01 2.212689e-02 9.780587e-01 3.462767e+02
9.784132e-01 5.747634e-03 -2.065781e-01 -9.082331e+00 -1.049572e-02 9.997052e-01 -2.189588e-02 -1.804581e+01 2.063913e-01 2.359140e-02 9.781851e-01 3.473107e+02
9.784353e-01 6.861799e-03 -2.064397e-01 -9.281827e+00 -1.157690e-02 9.996988e-01 -2.164077e-02 -1.804253e+01 2.062290e-01 2.356402e-02 9.782200e-01 3.482895e+02
9.784248e-01 3.465927e-03 -2.065741e-01 -9.494681e+00 -7.265851e-03 9.998180e-01 -1.763916e-02 -1.811551e+01 2.064753e-01 1.875952e-02 9.782720e-01 3.492111e+02
9.786793e-01 2.673533e-03 -2.053771e-01 -9.734982e+00 -5.784816e-03 9.998774e-01 -1.455018e-02 -1.815368e+01 2.053130e-01 1.542803e-02 9.785748e-01 3.502067e+02
9.788898e-01 7.287432e-04 -2.043875e-01 -9.935098e+00 -4.531489e-03 9.998252e-01 -1.813816e-02 -1.819204e+01 2.043385e-01 1.868144e-02 9.787220e-01 3.511572e+02
9.788308e-01 -5.329309e-03 -2.046015e-01 -1.012636e+01 8.748486e-04 9.997608e-01 -2.185568e-02 -1.818516e+01 2.046690e-01 2.121402e-02 9.786013e-01 3.520846e+02
9.789682e-01 -9.490551e-03 -2.037920e-01 -1.032898e+01 5.013434e-03 9.997349e-01 -2.247410e-02 -1.824632e+01 2.039513e-01 2.097973e-02 9.787562e-01 3.530313e+02
9.792157e-01 -1.169641e-02 -2.024843e-01 -1.051405e+01 7.303094e-03 9.997217e-01 -2.243061e-02 -1.827526e+01 2.026903e-01 2.048564e-02 9.790286e-01 3.539344e+02
9.797614e-01 -1.348547e-02 -1.997140e-01 -1.069201e+01 8.917415e-03 9.996780e-01 -2.375493e-02 -1.828725e+01 1.999700e-01 2.149324e-02 9.795662e-01 3.547996e+02
9.805607e-01 -7.012823e-03 -1.960908e-01 -1.094078e+01 2.512237e-03 9.997279e-01 -2.319086e-02 -1.832062e+01 1.962001e-01 2.224742e-02 9.803115e-01 3.557584e+02
9.813967e-01 -1.755357e-03 -1.919827e-01 -1.106260e+01 -2.388374e-03 9.997692e-01 -2.135033e-02 -1.835804e+01 1.919758e-01 2.141168e-02 9.811661e-01 3.565800e+02
9.823709e-01 -4.950300e-04 -1.869417e-01 -1.128553e+01 -3.743266e-03 9.997439e-01 -2.231808e-02 -1.837385e+01 1.869048e-01 2.262440e-02 9.821175e-01 3.575476e+02
9.835571e-01 1.555166e-03 -1.805910e-01 -1.147009e+01 -6.502797e-03 9.996194e-01 -2.680808e-02 -1.840549e+01 1.804806e-01 2.754162e-02 9.831929e-01 3.584072e+02
9.844962e-01 1.698181e-03 -1.753976e-01 -1.160533e+01 -6.981752e-03 9.995401e-01 -2.951072e-02 -1.843458e+01 1.752668e-01 3.027777e-02 9.840553e-01 3.592330e+02
9.855227e-01 1.193270e-03 -1.695396e-01 -1.179398e+01 -5.725947e-03 9.996390e-01 -2.624880e-02 -1.845764e+01 1.694471e-01 2.683957e-02 9.851738e-01 3.600793e+02
9.864511e-01 -5.913712e-04 -1.640542e-01 -1.194490e+01 -2.555450e-03 9.998168e-01 -1.896989e-02 -1.846567e+01 1.640354e-01 1.913210e-02 9.862689e-01 3.609038e+02
9.871598e-01 -4.874149e-03 -1.596612e-01 -1.207626e+01 3.198634e-03 9.999371e-01 -1.074951e-02 -1.850356e+01 1.597036e-01 1.010079e-02 9.871133e-01 3.617250e+02
9.878463e-01 -9.207480e-03 -1.551606e-01 -1.221362e+01 7.913365e-03 9.999286e-01 -8.956102e-03 -1.854359e+01 1.552320e-01 7.619410e-03 9.878487e-01 3.624732e+02
9.881582e-01 -8.869135e-03 -1.531821e-01 -1.233675e+01 6.957062e-03 9.998911e-01 -1.301387e-02 -1.857132e+01 1.532808e-01 1.179406e-02 9.881123e-01 3.632163e+02
9.883382e-01 -1.080321e-02 -1.518908e-01 -1.246268e+01 8.196072e-03 9.998083e-01 -1.778022e-02 -1.860409e+01 1.520538e-01 1.632796e-02 9.882373e-01 3.639318e+02
9.883504e-01 -1.473427e-02 -1.514808e-01 -1.259549e+01 1.171171e-02 9.997145e-01 -2.082639e-02 -1.861900e+01 1.517444e-01 1.880967e-02 9.882408e-01 3.646609e+02
9.882640e-01 -2.057312e-02 -1.513635e-01 -1.269680e+01 1.700772e-02 9.995474e-01 -2.481238e-02 -1.863722e+01 1.518055e-01 2.194684e-02 9.881667e-01 3.653579e+02
9.882764e-01 -2.139228e-02 -1.511691e-01 -1.280971e+01 1.711992e-02 9.994179e-01 -2.950742e-02 -1.869949e+01 1.517123e-01 2.657349e-02 9.880674e-01 3.660305e+02
9.881583e-01 -2.284485e-02 -1.517279e-01 -1.295627e+01 1.770641e-02 9.992258e-01 -3.513151e-02 -1.870287e+01 1.524130e-01 3.202893e-02 9.877978e-01 3.667429e+02
9.878715e-01 -2.274081e-02 -1.535992e-01 -1.307102e+01 1.726340e-02 9.991698e-01 -3.690063e-02 -1.873074e+01 1.543108e-01 3.380144e-02 9.874440e-01 3.674082e+02
9.873056e-01 -2.605757e-02 -1.566804e-01 -1.318893e+01 2.113207e-02 9.992312e-01 -3.302092e-02 -1.876041e+01 1.574204e-01 2.929076e-02 9.870972e-01 3.681112e+02
9.864346e-01 -3.088666e-02 -1.612230e-01 -1.330178e+01 2.723405e-02 9.993210e-01 -2.481708e-02 -1.877960e+01 1.618800e-01 2.008967e-02 9.866059e-01 3.687584e+02
9.853593e-01 -3.327330e-02 -1.672121e-01 -1.342256e+01 3.035035e-02 9.993391e-01 -2.000636e-02 -1.881689e+01 1.677672e-01 1.463851e-02 9.857179e-01 3.694293e+02
9.838423e-01 -3.471076e-02 -1.756403e-01 -1.355210e+01 3.144162e-02 9.992773e-01 -2.136229e-02 -1.883928e+01 1.762548e-01 1.549471e-02 9.842226e-01 3.701044e+02
9.817315e-01 -3.685525e-02 -1.866678e-01 -1.369827e+01 3.285510e-02 9.991603e-01 -2.447884e-02 -1.885191e+01 1.874132e-01 1.789866e-02 9.821181e-01 3.707430e+02
9.792831e-01 -3.621137e-02 -1.992320e-01 -1.384719e+01 3.147963e-02 9.991432e-01 -2.686753e-02 -1.888632e+01 2.000342e-01 2.003917e-02 9.795840e-01 3.713763e+02
9.762859e-01 -3.864477e-02 -2.130079e-01 -1.398948e+01 3.330090e-02 9.990355e-01 -2.862004e-02 -1.889037e+01 2.139085e-01 2.084799e-02 9.766312e-01 3.720221e+02
9.729148e-01 -3.862626e-02 -2.279141e-01 -1.416530e+01 3.303724e-02 9.990537e-01 -2.828825e-02 -1.890547e+01 2.287911e-01 1.999241e-02 9.732702e-01 3.726558e+02
9.695870e-01 -3.314020e-02 -2.424929e-01 -1.434742e+01 2.716153e-02 9.992400e-01 -2.795772e-02 -1.892989e+01 2.432351e-01 2.052096e-02 9.697503e-01 3.733240e+02
9.661788e-01 -2.517393e-02 -2.566416e-01 -1.454359e+01 1.896235e-02 9.994650e-01 -2.664977e-02 -1.893314e+01 2.571751e-01 2.088191e-02 9.661392e-01 3.739860e+02
9.626944e-01 -2.200669e-02 -2.696946e-01 -1.480357e+01 1.524942e-02 9.995157e-01 -2.712513e-02 -1.898756e+01 2.701610e-01 2.200052e-02 9.625638e-01 3.746986e+02
9.593221e-01 -2.149929e-02 -2.814940e-01 -1.501155e+01 1.359782e-02 9.994576e-01 -2.999334e-02 -1.899911e+01 2.819862e-01 2.494557e-02 9.590941e-01 3.753821e+02
9.568745e-01 -1.611386e-02 -2.900544e-01 -1.523040e+01 7.212234e-03 9.994704e-01 -3.173240e-02 -1.903839e+01 2.904121e-01 2.827199e-02 9.564839e-01 3.760590e+02
9.552851e-01 -8.241513e-03 -2.955713e-01 -1.544577e+01 -2.256574e-03 9.993792e-01 -3.515926e-02 -1.902986e+01 2.956776e-01 3.425409e-02 9.546735e-01 3.766971e+02
9.542594e-01 -2.842200e-03 -2.989665e-01 -1.568936e+01 -8.869814e-03 9.992456e-01 -3.781079e-02 -1.906326e+01 2.988484e-01 3.873308e-02 9.535142e-01 3.774142e+02
9.540394e-01 -3.849593e-03 -2.996564e-01 -1.590035e+01 -7.634486e-03 9.992808e-01 -3.714395e-02 -1.910085e+01 2.995839e-01 3.772452e-02 9.533238e-01 3.781343e+02
9.544920e-01 5.975093e-04 -2.982358e-01 -1.617610e+01 -1.071346e-02 9.994213e-01 -3.228570e-02 -1.913254e+01 2.980439e-01 3.401159e-02 9.539460e-01 3.789376e+02
9.556227e-01 8.886929e-03 -2.944594e-01 -1.642861e+01 -1.684210e-02 9.995582e-01 -2.449129e-02 -1.916962e+01 2.941116e-01 2.836375e-02 9.553501e-01 3.797202e+02
9.572521e-01 1.340563e-02 -2.889442e-01 -1.666920e+01 -1.961159e-02 9.996348e-01 -1.859355e-02 -1.922696e+01 2.885894e-01 2.346537e-02 9.571654e-01 3.805339e+02
9.594727e-01 5.076018e-03 -2.817560e-01 -1.689679e+01 -1.221404e-02 9.996473e-01 -2.358355e-02 -1.921105e+01 2.815369e-01 2.606915e-02 9.591962e-01 3.812428e+02
9.620104e-01 2.022233e-04 -2.730127e-01 -1.712663e+01 -8.992141e-03 9.994806e-01 -3.094514e-02 -1.924601e+01 2.728646e-01 3.222452e-02 9.615126e-01 3.820812e+02
9.645094e-01 2.633679e-03 -2.640354e-01 -1.731151e+01 -1.242993e-02 9.992946e-01 -3.543829e-02 -1.925603e+01 2.637558e-01 3.746250e-02 9.638617e-01 3.828586e+02
9.672808e-01 5.991679e-03 -2.536376e-01 -1.757929e+01 -1.459355e-02 9.993798e-01 -3.204611e-02 -1.929787e+01 2.532883e-01 3.469905e-02 9.667683e-01 3.837543e+02
9.698040e-01 9.824799e-03 -2.436878e-01 -1.778828e+01 -1.662107e-02 9.995277e-01 -2.584871e-02 -1.934594e+01 2.433188e-01 2.911854e-02 9.695092e-01 3.846647e+02
9.729607e-01 1.197701e-02 -2.306601e-01 -1.803030e+01 -1.802121e-02 9.995468e-01 -2.411492e-02 -1.936507e+01 2.302667e-01 2.761964e-02 9.727355e-01 3.855783e+02
9.756984e-01 9.323059e-03 -2.189196e-01 -1.824294e+01 -1.633685e-02 9.994089e-01 -3.024986e-02 -1.936669e+01 2.185082e-01 3.309119e-02 9.752739e-01 3.864588e+02
9.781253e-01 7.364434e-03 -2.078861e-01 -1.845600e+01 -1.566339e-02 9.991434e-01 -3.830284e-02 -1.939639e+01 2.074260e-01 4.072118e-02 9.774028e-01 3.873760e+02
9.798262e-01 3.738513e-03 -1.998167e-01 -1.864280e+01 -1.278519e-02 9.989496e-01 -4.400371e-02 -1.941507e+01 1.994423e-01 4.567068e-02 9.788447e-01 3.883521e+02
9.811473e-01 7.258383e-03 -1.931252e-01 -1.887680e+01 -1.580883e-02 9.989599e-01 -4.276999e-02 -1.935716e+01 1.926138e-01 4.501675e-02 9.802415e-01 3.894338e+02
9.823224e-01 6.761650e-03 -1.870750e-01 -1.907495e+01 -1.421994e-02 9.991553e-01 -3.855472e-02 -1.934820e+01 1.866562e-01 4.053336e-02 9.815888e-01 3.904117e+02
9.833247e-01 2.335421e-03 -1.818436e-01 -1.924478e+01 -8.511268e-03 9.994128e-01 -3.318945e-02 -1.939582e+01 1.816594e-01 3.418372e-02 9.827672e-01 3.913585e+02
9.842816e-01 7.997210e-03 -1.764248e-01 -1.944998e+01 -1.316094e-02 9.995180e-01 -2.811802e-02 -1.930445e+01 1.761149e-01 2.999797e-02 9.839124e-01 3.925013e+02
9.848644e-01 5.927630e-03 -1.732250e-01 -1.963170e+01 -1.146875e-02 9.994534e-01 -3.100461e-02 -1.928607e+01 1.729466e-01 3.252202e-02 9.843941e-01 3.935196e+02
9.851283e-01 4.684549e-03 -1.717568e-01 -1.983625e+01 -1.057050e-02 9.993871e-01 -3.337057e-02 -1.931541e+01 1.714952e-01 3.468985e-02 9.845740e-01 3.945292e+02
9.850868e-01 -7.442544e-04 -1.720566e-01 -2.005695e+01 -4.880103e-03 9.994675e-01 -3.226370e-02 -1.930738e+01 1.719890e-01 3.262220e-02 9.845586e-01 3.956062e+02
9.845484e-01 -3.453764e-03 -1.750788e-01 -2.020722e+01 -1.727511e-03 9.995653e-01 -2.943293e-02 -1.931496e+01 1.751043e-01 2.928059e-02 9.841144e-01 3.966241e+02
9.839518e-01 -1.479703e-03 -1.784284e-01 -2.036155e+01 -3.727445e-03 9.995770e-01 -2.884464e-02 -1.935547e+01 1.783956e-01 2.904682e-02 9.835300e-01 3.976331e+02
9.835844e-01 -1.279179e-03 -1.804442e-01 -2.061799e+01 -4.280634e-03 9.995281e-01 -3.041905e-02 -1.938567e+01 1.803979e-01 3.069212e-02 9.831147e-01 3.986962e+02
9.829000e-01 -4.287123e-03 -1.840900e-01 -2.082016e+01 -1.142974e-03 9.995676e-01 -2.938073e-02 -1.942546e+01 1.841364e-01 2.908873e-02 9.824702e-01 3.997476e+02
9.821480e-01 -7.656865e-03 -1.879537e-01 -2.103717e+01 2.938872e-03 9.996739e-01 -2.536773e-02 -1.946668e+01 1.880867e-01 2.436250e-02 9.818502e-01 4.008290e+02
9.814000e-01 -1.154345e-02 -1.916265e-01 -2.127181e+01 6.794471e-03 9.996537e-01 -2.542113e-02 -1.946866e+01 1.918536e-01 2.364630e-02 9.811386e-01 4.018922e+02
9.804247e-01 -1.666379e-02 -1.961881e-01 -2.147887e+01 1.064928e-02 9.994416e-01 -3.167201e-02 -1.949526e+01 1.966063e-01 2.896276e-02 9.800547e-01 4.029541e+02
9.795247e-01 -2.196385e-02 -2.001222e-01 -2.167164e+01 1.474967e-02 9.991889e-01 -3.746895e-02 -1.954243e+01 2.007828e-01 3.375003e-02 9.790542e-01 4.039439e+02
9.791256e-01 -1.962675e-02 -2.023065e-01 -2.197285e+01 1.273593e-02 9.992954e-01 -3.530702e-02 -1.959791e+01 2.028569e-01 3.199344e-02 9.786856e-01 4.050543e+02
9.785806e-01 -1.742064e-02 -2.051256e-01 -2.220772e+01 1.172958e-02 9.995127e-01 -2.892770e-02 -1.962947e+01 2.055296e-01 2.590205e-02 9.783081e-01 4.061280e+02
9.783516e-01 -1.113217e-02 -2.066500e-01 -2.245840e+01 6.781070e-03 9.997404e-01 -2.175178e-02 -1.968227e+01 2.068385e-01 1.987958e-02 9.781731e-01 4.071938e+02
9.782852e-01 -7.458163e-03 -2.071292e-01 -2.276035e+01 3.062654e-03 9.997634e-01 -2.153366e-02 -1.971101e+01 2.072408e-01 2.043170e-02 9.780766e-01 4.082786e+02
9.778228e-01 -7.991275e-03 -2.092816e-01 -2.298713e+01 2.762255e-03 9.996769e-01 -2.526594e-02 -1.973848e+01 2.094159e-01 2.412752e-02 9.775289e-01 4.093280e+02
9.774370e-01 -6.793400e-03 -2.111178e-01 -2.320326e+01 1.488565e-03 9.996794e-01 -2.527614e-02 -1.979670e+01 2.112218e-01 2.439157e-02 9.771338e-01 4.103419e+02
9.771242e-01 -6.459727e-03 -2.125713e-01 -2.347565e+01 1.189910e-03 9.996890e-01 -2.490943e-02 -1.980486e+01 2.126661e-01 2.408666e-02 9.768280e-01 4.114013e+02
9.767591e-01 -5.282586e-03 -2.142751e-01 -2.370662e+01 -8.429579e-04 9.995938e-01 -2.848585e-02 -1.985215e+01 2.143385e-01 2.800444e-02 9.763579e-01 4.124278e+02
9.768438e-01 -4.147001e-03 -2.139134e-01 -2.396648e+01 -3.112002e-03 9.994310e-01 -3.358641e-02 -1.989279e+01 2.139309e-01 3.347438e-02 9.762751e-01 4.134725e+02
9.767722e-01 -2.814481e-03 -2.142618e-01 -2.418347e+01 -4.508427e-03 9.994225e-01 -3.368105e-02 -1.994120e+01 2.142328e-01 3.386470e-02 9.761954e-01 4.144464e+02
9.769004e-01 -2.814550e-03 -2.136766e-01 -2.442429e+01 -3.631183e-03 9.995503e-01 -2.976736e-02 -1.999067e+01 2.136643e-01 2.985565e-02 9.764508e-01 4.154820e+02
9.769552e-01 -2.099137e-03 -2.134339e-01 -2.464866e+01 -2.735196e-03 9.997464e-01 -2.235244e-02 -2.003955e+01 2.134267e-01 2.242112e-02 9.767018e-01 4.165072e+02
9.770699e-01 -2.211518e-03 -2.129073e-01 -2.491406e+01 -1.267416e-03 9.998679e-01 -1.620227e-02 -2.005306e+01 2.129150e-01 1.610059e-02 9.769381e-01 4.175003e+02
9.770838e-01 -3.052020e-03 -2.128332e-01 -2.513441e+01 -4.214215e-04 9.998675e-01 -1.627274e-02 -2.008738e+01 2.128546e-01 1.598952e-02 9.769530e-01 4.185304e+02
9.771737e-01 -4.436515e-03 -2.123956e-01 -2.533812e+01 -2.219433e-04 9.997601e-01 -2.190407e-02 -2.011326e+01 2.124418e-01 2.145122e-02 9.769382e-01 4.194972e+02
9.773675e-01 -2.174639e-03 -2.115372e-01 -2.561410e+01 -3.537314e-03 9.996394e-01 -2.661995e-02 -2.014614e+01 2.115188e-01 2.676575e-02 9.770074e-01 4.205563e+02
9.773450e-01 8.262263e-04 -2.116507e-01 -2.583576e+01 -7.508696e-03 9.994982e-01 -3.077134e-02 -2.018545e+01 2.115191e-01 3.166344e-02 9.768608e-01 4.215468e+02
9.776357e-01 -2.091350e-03 -2.102950e-01 -2.608026e+01 -5.203203e-03 9.994039e-01 -3.412797e-02 -2.022994e+01 2.102410e-01 3.445893e-02 9.770421e-01 4.225607e+02
9.777992e-01 -4.438318e-03 -2.094971e-01 -2.633309e+01 -3.306437e-03 9.993244e-01 -3.660361e-02 -2.026549e+01 2.095180e-01 3.648367e-02 9.771239e-01 4.235687e+02
9.779933e-01 -8.642306e-03 -2.084573e-01 -2.655147e+01 1.483783e-03 9.994045e-01 -3.447242e-02 -2.030523e+01 2.086311e-01 3.340449e-02 9.774238e-01 4.245710e+02
9.779324e-01 -1.028248e-02 -2.086685e-01 -2.676882e+01 4.747470e-03 9.996239e-01 -2.700889e-02 -2.036059e+01 2.088677e-01 2.542222e-02 9.776134e-01 4.255718e+02
9.778023e-01 -1.236358e-02 -2.091644e-01 -2.692111e+01 7.915870e-03 9.997247e-01 -2.208796e-02 -2.037436e+01 2.093799e-01 1.994194e-02 9.776310e-01 4.264427e+02
9.778964e-01 -1.299567e-02 -2.086858e-01 -2.712251e+01 8.062852e-03 9.996680e-01 -2.447086e-02 -2.041156e+01 2.089346e-01 2.224737e-02 9.776765e-01 4.273951e+02
9.779751e-01 -1.123466e-02 -2.084192e-01 -2.734014e+01 5.508133e-03 9.995917e-01 -2.803610e-02 -2.046129e+01 2.086491e-01 2.627061e-02 9.776377e-01 4.283582e+02
9.778641e-01 -5.131023e-03 -2.091780e-01 -2.760738e+01 -1.455583e-03 9.995083e-01 -3.132195e-02 -2.045918e+01 2.092359e-01 3.093308e-02 9.773758e-01 4.293107e+02
9.774071e-01 -5.041246e-03 -2.113052e-01 -2.784149e+01 -1.560511e-03 9.995162e-01 -3.106437e-02 -2.049806e+01 2.113595e-01 3.069228e-02 9.769264e-01 4.302253e+02
9.762078e-01 -5.920059e-03 -2.167564e-01 -2.798463e+01 -5.687597e-04 9.995539e-01 -2.986138e-02 -2.053347e+01 2.168365e-01 2.927420e-02 9.757689e-01 4.310896e+02
9.752148e-01 -6.291888e-03 -2.211706e-01 -2.829810e+01 -2.980310e-04 9.995573e-01 -2.974965e-02 -2.054850e+01 2.212598e-01 2.907822e-02 9.747813e-01 4.320627e+02
9.739427e-01 -8.417179e-03 -2.266381e-01 -2.852135e+01 2.042573e-03 9.995961e-01 -2.834665e-02 -2.059664e+01 2.267851e-01 2.714509e-02 9.735665e-01 4.329402e+02
9.725519e-01 -1.009269e-02 -2.324669e-01 -2.877165e+01 4.239398e-03 9.996616e-01 -2.566492e-02 -2.063639e+01 2.326473e-01 2.397495e-02 9.722656e-01 4.338243e+02
9.709523e-01 -4.084276e-03 -2.392382e-01 -2.901814e+01 -6.687672e-04 9.998041e-01 -1.978286e-02 -2.064723e+01 2.392721e-01 1.936821e-02 9.707593e-01 4.346707e+02
9.693621e-01 -2.432561e-03 -2.456241e-01 -2.926028e+01 -1.918812e-03 9.998455e-01 -1.747470e-02 -2.068802e+01 2.456287e-01 1.741062e-02 9.692076e-01 4.355154e+02
9.676257e-01 -9.815886e-04 -2.523876e-01 -2.947357e+01 -3.899284e-03 9.998149e-01 -1.883791e-02 -2.069974e+01 2.523594e-01 1.921218e-02 9.674428e-01 4.363044e+02
9.661548e-01 -1.347541e-03 -2.579594e-01 -2.976524e+01 -4.077835e-03 9.997816e-01 -2.049573e-02 -2.073752e+01 2.579307e-01 2.085396e-02 9.659383e-01 4.371655e+02
9.645423e-01 -2.162503e-03 -2.639194e-01 -2.999596e+01 -4.395542e-03 9.996961e-01 -2.425564e-02 -2.076672e+01 2.638916e-01 2.455566e-02 9.642397e-01 4.379513e+02
9.627345e-01 -1.768452e-03 -2.704424e-01 -3.022275e+01 -6.014420e-03 9.995913e-01 -2.794687e-02 -2.078903e+01 2.703813e-01 2.853198e-02 9.623304e-01 4.386913e+02
9.605581e-01 -1.993991e-03 -2.780723e-01 -3.048455e+01 -6.598488e-03 9.995293e-01 -2.996085e-02 -2.081879e+01 2.780011e-01 3.061400e-02 9.600928e-01 4.394601e+02
9.579106e-01 -1.831678e-04 -2.870668e-01 -3.071137e+01 -9.115143e-03 9.994761e-01 -3.105397e-02 -2.084565e+01 2.869221e-01 3.236358e-02 9.574071e-01 4.401776e+02
9.550736e-01 -3.573029e-04 -2.963685e-01 -3.094158e+01 -8.737443e-03 9.995306e-01 -2.936221e-02 -2.088953e+01 2.962399e-01 3.063258e-02 9.546222e-01 4.408935e+02
9.525475e-01 2.085932e-03 -3.043827e-01 -3.121347e+01 -1.086054e-02 9.995727e-01 -2.713736e-02 -2.090141e+01 3.041960e-01 2.915539e-02 9.521632e-01 4.416045e+02
9.500328e-01 5.613803e-03 -3.120997e-01 -3.147316e+01 -1.425019e-02 9.995758e-01 -2.539806e-02 -2.092915e+01 3.118247e-01 2.857647e-02 9.497098e-01 4.422938e+02
9.478217e-01 1.191932e-02 -3.185779e-01 -3.170527e+01 -2.020133e-02 9.995381e-01 -2.270542e-02 -2.096584e+01 3.181601e-01 2.795639e-02 9.476247e-01 4.429192e+02
9.457482e-01 2.095871e-02 -3.242239e-01 -3.186099e+01 -2.902965e-02 9.993769e-01 -2.007589e-02 -2.097483e+01 3.236011e-01 2.839884e-02 9.457673e-01 4.434361e+02
9.456427e-01 3.046963e-02 -3.237769e-01 -3.209010e+01 -3.826675e-02 9.991101e-01 -1.774111e-02 -2.099794e+01 3.229482e-01 2.916665e-02 9.459671e-01 4.440374e+02
9.473770e-01 3.974618e-02 -3.176430e-01 -3.227221e+01 -4.689847e-02 9.987885e-01 -1.489882e-02 -2.103021e+01 3.166660e-01 2.901177e-02 9.480933e-01 4.445752e+02
9.505771e-01 4.286360e-02 -3.075157e-01 -3.246437e+01 -4.970314e-02 9.986596e-01 -1.443997e-02 -2.103271e+01 3.064846e-01 2.901080e-02 9.514334e-01 4.451621e+02
9.554371e-01 4.522877e-02 -2.917093e-01 -3.263585e+01 -5.231429e-02 9.984938e-01 -1.653142e-02 -2.105665e+01 2.905222e-01 3.105529e-02 9.563642e-01 4.457136e+02
9.617172e-01 4.860879e-02 -2.696984e-01 -3.277149e+01 -5.608126e-02 9.982245e-01 -2.006623e-02 -2.108322e+01 2.682442e-01 3.442307e-02 9.627358e-01 4.462204e+02
9.691150e-01 5.203173e-02 -2.410577e-01 -3.288162e+01 -5.922097e-02 9.979874e-01 -2.267059e-02 -2.107418e+01 2.393929e-01 3.624608e-02 9.702460e-01 4.467146e+02
9.771790e-01 5.570023e-02 -2.049848e-01 -3.296788e+01 -6.161720e-02 9.978442e-01 -2.259134e-02 -2.109680e+01 2.032845e-01 3.470637e-02 9.785044e-01 4.472299e+02
9.854707e-01 5.396562e-02 -1.610441e-01 -3.302465e+01 -5.853759e-02 9.980020e-01 -2.377787e-02 -2.110553e+01 1.594392e-01 3.285953e-02 9.866607e-01 4.477395e+02
9.927569e-01 5.024684e-02 -1.091283e-01 -3.309298e+01 -5.331655e-02 9.982547e-01 -2.539426e-02 -2.112692e+01 1.076619e-01 3.102868e-02 9.937032e-01 4.482810e+02
9.972662e-01 5.143959e-02 -5.304715e-02 -3.308613e+01 -5.305489e-02 9.981556e-01 -2.950465e-02 -2.114391e+01 5.143161e-02 3.223840e-02 9.981560e-01 4.487765e+02
9.985044e-01 5.403246e-02 8.338036e-03 -3.304880e+01 -5.372293e-02 9.979866e-01 -3.371227e-02 -2.116690e+01 -1.014281e-02 3.321390e-02 9.993968e-01 4.492644e+02
9.961316e-01 4.947740e-02 7.262157e-02 -3.295070e+01 -4.695383e-02 9.982461e-01 -3.605580e-02 -2.120067e+01 -7.427815e-02 3.250646e-02 9.967076e-01 4.497630e+02
9.893272e-01 3.792253e-02 1.406898e-01 -3.283576e+01 -3.282971e-02 9.987251e-01 -3.834577e-02 -2.122214e+01 -1.419646e-01 3.331770e-02 9.893109e-01 4.502077e+02
9.769660e-01 3.105450e-02 2.111233e-01 -3.266779e+01 -2.283784e-02 9.988879e-01 -4.124687e-02 -2.123438e+01 -2.121694e-01 3.547519e-02 9.765888e-01 4.506937e+02
9.588005e-01 2.451955e-02 2.830201e-01 -3.252784e+01 -1.310060e-02 9.990246e-01 -4.216936e-02 -2.128524e+01 -2.837781e-01 3.672427e-02 9.581865e-01 4.510686e+02
9.351633e-01 2.452932e-02 3.533666e-01 -3.231938e+01 -1.016905e-02 9.990473e-01 -4.243817e-02 -2.130439e+01 -3.540709e-01 3.609322e-02 9.345218e-01 4.514893e+02
9.076186e-01 1.839491e-02 4.193925e-01 -3.210403e+01 -2.873412e-03 9.992883e-01 -3.761120e-02 -2.133972e+01 -4.197858e-01 3.293153e-02 9.070256e-01 4.518320e+02
8.764627e-01 1.142177e-02 4.813342e-01 -3.186966e+01 4.531337e-03 9.994786e-01 -3.196816e-02 -2.136038e+01 -4.814484e-01 3.019999e-02 8.759540e-01 4.521831e+02
8.403909e-01 3.608588e-03 5.419687e-01 -3.158850e+01 1.333598e-02 9.995374e-01 -2.733434e-02 -2.136402e+01 -5.418167e-01 3.019921e-02 8.399540e-01 4.525224e+02
8.014167e-01 -3.648480e-03 5.980952e-01 -3.130087e+01 2.113656e-02 9.995295e-01 -2.222461e-02 -2.140447e+01 -5.977328e-01 3.045285e-02 8.011168e-01 4.527848e+02
7.588451e-01 -7.915395e-03 6.512230e-01 -3.100891e+01 2.603008e-02 9.994958e-01 -1.818331e-02 -2.141020e+01 -6.507507e-01 3.074970e-02 7.586686e-01 4.530854e+02
7.129983e-01 -1.049549e-02 7.010872e-01 -3.072759e+01 3.256634e-02 9.993046e-01 -1.815973e-02 -2.142820e+01 -7.004091e-01 3.577970e-02 7.128443e-01 4.532904e+02
6.643947e-01 -1.306710e-02 7.472677e-01 -3.050495e+01 3.694805e-02 9.991989e-01 -1.537796e-02 -2.141649e+01 -7.464680e-01 3.782712e-02 6.643452e-01 4.534695e+02
6.142784e-01 -1.510562e-02 7.889448e-01 -3.019984e+01 3.698505e-02 9.992691e-01 -9.664219e-03 -2.139684e+01 -7.882222e-01 3.511569e-02 6.143881e-01 4.536656e+02
5.626145e-01 -1.469709e-02 8.265887e-01 -3.002810e+01 3.079983e-02 9.995205e-01 -3.191899e-03 -2.139631e+01 -8.261454e-01 2.725460e-02 5.627974e-01 4.537243e+02
5.095691e-01 -1.112734e-02 8.603578e-01 -2.964399e+01 2.780851e-02 9.996070e-01 -3.542001e-03 -2.138113e+01 -8.599802e-01 2.573016e-02 5.096783e-01 4.539215e+02
4.583662e-01 -1.210197e-02 8.886810e-01 -2.926681e+01 3.859206e-02 9.992352e-01 -6.297628e-03 -2.136570e+01 -8.879252e-01 3.718265e-02 4.584826e-01 4.540410e+02
4.089625e-01 -1.493316e-02 9.124290e-01 -2.877739e+01 4.989420e-02 9.987364e-01 -6.017535e-03 -2.136939e+01 -9.111862e-01 4.798586e-02 4.091909e-01 4.542466e+02
3.651389e-01 -1.394905e-02 9.308486e-01 -2.837162e+01 5.244821e-02 9.986079e-01 -5.609129e-03 -2.140115e+01 -9.294745e-01 5.086945e-02 3.653621e-01 4.543251e+02
3.246760e-01 -7.235841e-03 9.457976e-01 -2.794453e+01 4.558373e-02 9.989284e-01 -8.005791e-03 -2.139697e+01 -9.447262e-01 4.571227e-02 3.246580e-01 4.544910e+02
2.888685e-01 -2.729762e-04 9.573688e-01 -2.750452e+01 4.075188e-02 9.990971e-01 -1.201126e-02 -2.135989e+01 -9.565011e-01 4.248425e-02 2.886188e-01 4.545676e+02
2.566216e-01 1.608157e-03 9.665106e-01 -2.697512e+01 3.789481e-02 9.992130e-01 -1.172416e-02 -2.143558e+01 -9.657688e-01 3.963441e-02 2.563587e-01 4.546991e+02
2.306687e-01 -6.111538e-04 9.730322e-01 -2.643390e+01 4.326992e-02 9.990170e-01 -9.630165e-03 -2.143439e+01 -9.720698e-01 4.432440e-02 2.304684e-01 4.548501e+02
2.118548e-01 -1.484985e-03 9.773000e-01 -2.590510e+01 4.651978e-02 9.988806e-01 -8.566580e-03 -2.145768e+01 -9.761933e-01 4.727865e-02 2.116868e-01 4.549075e+02
1.975022e-01 -1.082985e-03 9.803018e-01 -2.540817e+01 5.103012e-02 9.986549e-01 -9.177819e-03 -2.146931e+01 -9.789733e-01 5.183756e-02 1.972918e-01 4.550222e+02
1.910988e-01 -1.378377e-03 9.815698e-01 -2.484277e+01 5.232230e-02 9.985916e-01 -8.784185e-03 -2.149243e+01 -9.801753e-01 5.303664e-02 1.909017e-01 4.551347e+02
1.900527e-01 -3.145991e-03 9.817689e-01 -2.422271e+01 5.125658e-02 9.986629e-01 -6.722218e-03 -2.151636e+01 -9.804350e-01 5.159968e-02 1.899598e-01 4.552881e+02
1.930097e-01 -5.090211e-03 9.811837e-01 -2.368910e+01 5.133681e-02 9.986693e-01 -4.917595e-03 -2.152732e+01 -9.798529e-01 5.131999e-02 1.930141e-01 4.553793e+02
1.952507e-01 -6.653479e-03 9.807308e-01 -2.310161e+01 4.889878e-02 9.987994e-01 -2.959049e-03 -2.155070e+01 -9.795336e-01 4.853429e-02 1.953416e-01 4.555256e+02
1.975909e-01 -6.557831e-03 9.802626e-01 -2.247776e+01 4.951862e-02 9.987677e-01 -3.299809e-03 -2.155314e+01 -9.790331e-01 4.919327e-02 1.976722e-01 4.556492e+02
2.000448e-01 -6.510873e-03 9.797651e-01 -2.189219e+01 5.081754e-02 9.987010e-01 -3.739029e-03 -2.156516e+01 -9.784680e-01 5.053723e-02 2.001158e-01 4.557806e+02
2.028226e-01 -6.260940e-03 9.791955e-01 -2.126790e+01 5.118320e-02 9.986804e-01 -4.216146e-03 -2.155730e+01 -9.778769e-01 5.097349e-02 2.028754e-01 4.559069e+02
2.054317e-01 -7.792504e-03 9.786404e-01 -2.058660e+01 5.111769e-02 9.986888e-01 -2.778250e-03 -2.158168e+01 -9.773356e-01 5.059657e-02 2.055607e-01 4.560639e+02
2.085955e-01 -6.753311e-03 9.779787e-01 -1.995330e+01 5.189034e-02 9.986441e-01 -4.171808e-03 -2.159676e+01 -9.766244e-01 5.161787e-02 2.086631e-01 4.561870e+02
2.103449e-01 -2.016113e-03 9.776252e-01 -1.923746e+01 4.960719e-02 9.987317e-01 -8.613798e-03 -2.159958e+01 -9.763678e-01 5.030911e-02 2.101782e-01 4.564005e+02
2.128840e-01 4.382232e-03 9.770677e-01 -1.855776e+01 4.952789e-02 9.986560e-01 -1.527022e-02 -2.160679e+01 -9.758214e-01 5.164289e-02 2.123809e-01 4.565444e+02
2.156010e-01 8.344004e-03 9.764459e-01 -1.789861e+01 4.872245e-02 9.986260e-01 -1.929154e-02 -2.161702e+01 -9.752653e-01 5.173411e-02 2.148982e-01 4.566860e+02
2.179036e-01 6.228825e-03 9.759504e-01 -1.715368e+01 4.764544e-02 9.987194e-01 -1.701210e-02 -2.164158e+01 -9.748066e-01 5.020658e-02 2.173278e-01 4.568806e+02
2.197780e-01 2.177770e-03 9.755475e-01 -1.640458e+01 4.419519e-02 9.989486e-01 -1.218660e-02 -2.164774e+01 -9.745483e-01 4.579285e-02 2.194507e-01 4.570449e+02
2.214820e-01 -4.010590e-03 9.751562e-01 -1.570272e+01 4.496472e-02 9.989699e-01 -6.104068e-03 -2.165483e+01 -9.741272e-01 4.519957e-02 2.214342e-01 4.572116e+02
2.222865e-01 -4.131189e-03 9.749726e-01 -1.482416e+01 4.414352e-02 9.990082e-01 -5.831359e-03 -2.169051e+01 -9.739816e-01 4.433496e-02 2.222484e-01 4.574830e+02
2.245648e-01 -4.200617e-03 9.744501e-01 -1.406557e+01 4.434081e-02 9.989990e-01 -5.912022e-03 -2.169903e+01 -9.734498e-01 4.453554e-02 2.245262e-01 4.576371e+02
2.257576e-01 -6.234524e-03 9.741636e-01 -1.324751e+01 4.296466e-02 9.990702e-01 -3.562924e-03 -2.173077e+01 -9.732356e-01 4.265896e-02 2.258156e-01 4.578387e+02
2.268135e-01 -1.002191e-02 9.738866e-01 -1.246621e+01 4.559771e-02 9.989598e-01 -3.395541e-04 -2.175402e+01 -9.728702e-01 4.448402e-02 2.270346e-01 4.580403e+02
2.278207e-01 -1.183279e-02 9.736312e-01 -1.166284e+01 4.772466e-02 9.988601e-01 9.722743e-04 -2.176171e+01 -9.725328e-01 4.624472e-02 2.281257e-01 4.582089e+02
2.277839e-01 -8.551016e-03 9.736742e-01 -1.079988e+01 4.674028e-02 9.989047e-01 -2.161948e-03 -2.178234e+01 -9.725892e-01 4.600226e-02 2.279341e-01 4.584274e+02
2.277480e-01 5.327158e-04 9.737200e-01 -9.958273e+00 4.417210e-02 9.989647e-01 -1.087815e-02 -2.182937e+01 -9.727177e-01 4.548873e-02 2.274887e-01 4.586824e+02
2.272558e-01 1.018457e-02 9.737818e-01 -9.160642e+00 4.207974e-02 9.989087e-01 -2.026771e-02 -2.185168e+01 -9.729255e-01 4.558245e-02 2.265792e-01 4.588433e+02
2.259961e-01 1.295611e-02 9.740421e-01 -8.289836e+00 4.272265e-02 9.988176e-01 -2.319812e-02 -2.187057e+01 -9.731909e-01 4.685634e-02 2.251753e-01 4.590625e+02
2.238042e-01 9.363659e-03 9.745891e-01 -7.455473e+00 3.829527e-02 9.990972e-01 -1.839324e-02 -2.189522e+01 -9.738815e-01 4.143864e-02 2.232435e-01 4.592576e+02
2.204266e-01 2.265232e-03 9.754009e-01 -6.521506e+00 3.279526e-02 9.994147e-01 -9.732258e-03 -2.194137e+01 -9.748521e-01 3.413378e-02 2.202232e-01 4.594978e+02
2.177702e-01 -2.185731e-03 9.759976e-01 -5.493614e+00 3.258141e-02 9.994564e-01 -5.031485e-03 -2.191585e+01 -9.754561e-01 3.289508e-02 2.177231e-01 4.596935e+02
2.150718e-01 -5.823863e-03 9.765809e-01 -4.754699e+00 3.879563e-02 9.992438e-01 -2.584924e-03 -2.198796e+01 -9.758274e-01 3.844302e-02 2.151351e-01 4.598958e+02
2.131723e-01 -6.276097e-03 9.769945e-01 -3.807546e+00 4.072602e-02 9.991673e-01 -2.467558e-03 -2.200691e+01 -9.761654e-01 4.031511e-02 2.132504e-01 4.601056e+02
2.116647e-01 -5.576568e-03 9.773264e-01 -2.973136e+00 4.713474e-02 9.988784e-01 -4.508673e-03 -2.205834e+01 -9.762051e-01 4.702035e-02 2.116901e-01 4.602891e+02
2.111464e-01 -5.354475e-03 9.774398e-01 -1.987035e+00 4.566786e-02 9.989470e-01 -4.392871e-03 -2.209266e+01 -9.763870e-01 4.556512e-02 2.111686e-01 4.605122e+02
2.117059e-01 -5.244975e-03 9.773194e-01 -1.025955e+00 4.295585e-02 9.990692e-01 -3.943351e-03 -2.210400e+01 -9.763890e-01 4.281642e-02 2.117341e-01 4.607320e+02
2.127120e-01 -5.308555e-03 9.771005e-01 -3.600557e-02 4.081137e-02 9.991609e-01 -3.456110e-03 -2.215331e+01 -9.762623e-01 4.061196e-02 2.127502e-01 4.609194e+02
2.132579e-01 -8.947919e-03 9.769550e-01 7.208729e-01 4.660329e-02 9.989130e-01 -1.023924e-03 -2.227465e+01 -9.758838e-01 4.574768e-02 2.134431e-01 4.611446e+02
2.144132e-01 -1.228922e-02 9.766657e-01 1.614679e+00 5.038230e-02 9.987289e-01 1.506114e-03 -2.234374e+01 -9.754428e-01 4.888373e-02 2.147598e-01 4.613712e+02
2.143984e-01 -8.856739e-03 9.767061e-01 2.558911e+00 4.243233e-02 9.990993e-01 -2.545937e-04 -2.230504e+01 -9.758242e-01 4.149850e-02 2.145811e-01 4.615721e+02
2.147787e-01 -1.017780e-02 9.766097e-01 3.190285e+00 5.163117e-02 9.986658e-01 -9.472155e-04 -2.245728e+01 -9.752970e-01 5.062695e-02 2.150177e-01 4.618381e+02
2.150149e-01 -6.746598e-03 9.765875e-01 4.180066e+00 5.068061e-02 9.987058e-01 -4.258933e-03 -2.248932e+01 -9.752949e-01 5.040978e-02 2.150786e-01 4.620788e+02
2.154215e-01 -5.812861e-03 9.765039e-01 5.123039e+00 4.826664e-02 9.988234e-01 -4.702134e-03 -2.246539e+01 -9.753276e-01 4.814550e-02 2.154486e-01 4.622912e+02
2.163272e-01 -8.333944e-03 9.762853e-01 5.853236e+00 5.249638e-02 9.986163e-01 -3.107682e-03 -2.251762e+01 -9.749085e-01 5.192373e-02 2.164654e-01 4.624686e+02
2.165654e-01 -1.161466e-02 9.761990e-01 6.841230e+00 5.197858e-02 9.986481e-01 3.505418e-04 -2.254452e+01 -9.748834e-01 5.066553e-02 2.168763e-01 4.627073e+02
2.148152e-01 -1.748095e-02 9.764983e-01 7.776196e+00 5.458018e-02 9.984921e-01 5.867843e-03 -2.262158e+01 -9.751284e-01 5.203695e-02 2.154454e-01 4.629490e+02
2.151525e-01 -2.352405e-02 9.762971e-01 8.807433e+00 5.787763e-02 9.982597e-01 1.129840e-02 -2.262539e+01 -9.748639e-01 5.407488e-02 2.161396e-01 4.632012e+02
2.138704e-01 -2.529101e-02 9.765346e-01 9.800171e+00 5.640644e-02 9.983166e-01 1.350158e-02 -2.265732e+01 -9.752322e-01 5.219525e-02 2.149370e-01 4.634168e+02
2.130330e-01 -2.339110e-02 9.767650e-01 1.075560e+01 5.506929e-02 9.984116e-01 1.189884e-02 -2.263345e+01 -9.754918e-01 5.125491e-02 2.139828e-01 4.636345e+02
2.105641e-01 -2.083501e-02 9.773580e-01 1.167343e+01 5.566990e-02 9.984060e-01 9.290059e-03 -2.268498e+01 -9.759937e-01 5.245327e-02 2.113884e-01 4.638783e+02
2.088754e-01 -1.850206e-02 9.777672e-01 1.260287e+01 5.830842e-02 9.982779e-01 6.434045e-03 -2.268524e+01 -9.762024e-01 5.566815e-02 2.095946e-01 4.640736e+02
2.072411e-01 -1.820746e-02 9.781204e-01 1.348639e+01 5.845202e-02 9.982710e-01 6.197921e-03 -2.270749e+01 -9.765421e-01 5.588865e-02 2.079471e-01 4.642465e+02
2.064467e-01 -2.149543e-02 9.782217e-01 1.451649e+01 6.320514e-02 9.979636e-01 8.590245e-03 -2.274017e+01 -9.764143e-01 6.005522e-02 2.073850e-01 4.644907e+02
2.067190e-01 -2.392097e-02 9.781079e-01 1.548155e+01 6.664103e-02 9.977237e-01 1.031640e-02 -2.273184e+01 -9.761282e-01 6.304952e-02 2.078426e-01 4.646929e+02
2.071618e-01 -2.302589e-02 9.780357e-01 1.639597e+01 6.582283e-02 9.977856e-01 9.548655e-03 -2.274256e+01 -9.760898e-01 6.239896e-02 2.082187e-01 4.648922e+02
2.079093e-01 -1.766427e-02 9.779886e-01 1.732051e+01 6.454098e-02 9.979058e-01 4.303330e-03 -2.276422e+01 -9.760165e-01 6.222564e-02 2.086139e-01 4.651242e+02
2.087854e-01 -1.066648e-02 9.779033e-01 1.823352e+01 6.064327e-02 9.981574e-01 -2.060122e-03 -2.277671e+01 -9.760794e-01 5.973337e-02 2.090476e-01 4.653284e+02
2.092207e-01 -1.830041e-03 9.778667e-01 1.913931e+01 5.501012e-02 9.984367e-01 -9.901225e-03 -2.279155e+01 -9.763199e-01 5.586411e-02 2.089943e-01 4.655398e+02
2.106379e-01 2.687948e-05 9.775642e-01 2.005146e+01 5.500636e-02 9.984153e-01 -1.187979e-02 -2.282320e+01 -9.760154e-01 5.627458e-02 2.103026e-01 4.657398e+02
2.106601e-01 -6.379907e-03 9.775385e-01 2.095885e+01 5.661240e-02 9.983801e-01 -5.684076e-03 -2.284680e+01 -9.759187e-01 5.653821e-02 2.106800e-01 4.659372e+02
2.107205e-01 -1.573984e-02 9.774196e-01 2.190410e+01 5.251050e-02 9.986090e-01 4.760396e-03 -2.285971e+01 -9.761350e-01 5.032168e-02 2.112539e-01 4.661486e+02
2.103754e-01 -2.533360e-02 9.772924e-01 2.286575e+01 5.635541e-02 9.983161e-01 1.374732e-02 -2.290148e+01 -9.759950e-01 5.218361e-02 2.114488e-01 4.664053e+02
2.114956e-01 -2.381289e-02 9.770888e-01 2.378439e+01 5.887469e-02 9.981982e-01 1.158364e-02 -2.290267e+01 -9.756041e-01 5.507591e-02 2.125165e-01 4.666042e+02
2.116334e-01 -2.242209e-02 9.770919e-01 2.463779e+01 6.370247e-02 9.979274e-01 9.102566e-03 -2.290746e+01 -9.752709e-01 6.031675e-02 2.126232e-01 4.667790e+02
2.111416e-01 -1.650146e-02 9.773162e-01 2.537479e+01 6.090619e-02 9.981367e-01 3.694695e-03 -2.293706e+01 -9.755561e-01 5.874450e-02 2.117532e-01 4.670110e+02
2.120440e-01 -1.186486e-02 9.771881e-01 2.624136e+01 5.826687e-02 9.983009e-01 -5.223530e-04 -2.295794e+01 -9.755216e-01 5.704845e-02 2.123750e-01 4.672035e+02
2.144879e-01 -9.063009e-03 9.766846e-01 2.712606e+01 5.956441e-02 9.982172e-01 -3.818014e-03 -2.300858e+01 -9.749087e-01 5.899456e-02 2.146453e-01 4.673684e+02
2.143846e-01 -3.989801e-03 9.767412e-01 2.778662e+01 5.540553e-02 9.984312e-01 -8.082538e-03 -2.299512e+01 -9.751766e-01 5.584963e-02 2.142693e-01 4.675825e+02
2.150577e-01 -3.154220e-03 9.765962e-01 2.866720e+01 5.245143e-02 9.985888e-01 -8.325156e-03 -2.301658e+01 -9.751918e-01 5.301426e-02 2.149197e-01 4.677921e+02
2.192958e-01 -6.974117e-03 9.756335e-01 2.950452e+01 5.152663e-02 9.986617e-01 -4.443054e-03 -2.308007e+01 -9.742968e-01 5.124545e-02 2.193617e-01 4.679231e+02
2.217208e-01 -9.984851e-03 9.750591e-01 3.034502e+01 4.639676e-02 9.989230e-01 -3.210359e-04 -2.304886e+01 -9.740058e-01 4.531076e-02 2.219453e-01 4.682439e+02
2.272183e-01 -1.637858e-02 9.737061e-01 3.125191e+01 4.800654e-02 9.988313e-01 5.598688e-03 -2.306346e+01 -9.726599e-01 4.547214e-02 2.277391e-01 4.684647e+02
2.355375e-01 -1.926358e-02 9.716743e-01 3.212036e+01 4.898673e-02 9.987680e-01 7.926151e-03 -2.307513e+01 -9.706299e-01 4.573224e-02 2.361909e-01 4.686685e+02
2.443498e-01 -2.438689e-02 9.693804e-01 3.283788e+01 5.574250e-02 9.983839e-01 1.106563e-02 -2.310331e+01 -9.680836e-01 5.133181e-02 2.453143e-01 4.688425e+02
2.555988e-01 -2.729801e-02 9.663975e-01 3.362582e+01 6.034892e-02 9.981024e-01 1.223213e-02 -2.311204e+01 -9.648976e-01 5.519453e-02 2.567611e-01 4.689857e+02
2.650347e-01 -2.470728e-02 9.639223e-01 3.449980e+01 5.583331e-02 9.983876e-01 1.023908e-02 -2.313109e+01 -9.626210e-01 5.110526e-02 2.659868e-01 4.692555e+02
2.758017e-01 -2.142139e-02 9.609758e-01 3.531363e+01 5.360839e-02 9.985384e-01 6.873011e-03 -2.320726e+01 -9.597185e-01 4.962078e-02 2.765469e-01 4.695288e+02
2.869534e-01 -1.689790e-02 9.577955e-01 3.612155e+01 5.345494e-02 9.985690e-01 1.602264e-03 -2.320252e+01 -9.564519e-01 5.073912e-02 2.874461e-01 4.697441e+02
2.944481e-01 -1.832398e-02 9.554918e-01 3.699218e+01 4.819521e-02 9.988287e-01 4.303044e-03 -2.326233e+01 -9.544514e-01 4.478310e-02 2.949864e-01 4.700770e+02
3.043573e-01 -2.215714e-02 9.523002e-01 3.783744e+01 4.826318e-02 9.988041e-01 7.814128e-03 -2.322395e+01 -9.513345e-01 4.358275e-02 3.050627e-01 4.703909e+02
3.138582e-01 -2.563676e-02 9.491237e-01 3.868507e+01 4.856689e-02 9.987603e-01 1.091729e-02 -2.323785e+01 -9.482269e-01 4.266951e-02 3.147142e-01 4.706714e+02
3.225429e-01 -2.391742e-02 9.462526e-01 3.950773e+01 4.654220e-02 9.988723e-01 9.382903e-03 -2.323708e+01 -9.454099e-01 4.101429e-02 3.232923e-01 4.709584e+02
3.329812e-01 -1.796506e-02 9.427623e-01 4.034041e+01 4.932476e-02 9.987815e-01 1.611169e-03 -2.326218e+01 -9.416425e-01 4.596504e-02 3.334616e-01 4.711916e+02
3.402815e-01 -1.514363e-02 9.402017e-01 4.113293e+01 4.879755e-02 9.988075e-01 -1.573422e-03 -2.327150e+01 -9.390566e-01 4.641494e-02 3.406147e-01 4.714492e+02
3.484076e-01 -1.777034e-02 9.371747e-01 4.195476e+01 5.192193e-02 9.986511e-01 -3.666606e-04 -2.325588e+01 -9.359040e-01 4.878767e-02 3.488603e-01 4.717468e+02
3.551732e-01 -2.569190e-02 9.344474e-01 4.281119e+01 5.267787e-02 9.985839e-01 7.433008e-03 -2.329027e+01 -9.333151e-01 4.658469e-02 3.560236e-01 4.721182e+02
3.630391e-01 -3.411967e-02 9.311490e-01 4.360717e+01 5.559491e-02 9.983421e-01 1.490629e-02 -2.330034e+01 -9.301139e-01 4.635558e-02 3.643341e-01 4.724100e+02
3.719237e-01 -3.171387e-02 9.277214e-01 4.442206e+01 5.333834e-02 9.984951e-01 1.274990e-02 -2.332366e+01 -9.267296e-01 4.474113e-02 3.730556e-01 4.727552e+02
3.807753e-01 -2.523199e-02 9.243233e-01 4.512506e+01 5.368175e-02 9.985448e-01 5.143861e-03 -2.336083e+01 -9.231080e-01 4.766064e-02 3.815757e-01 4.731022e+02
3.897088e-01 -2.075919e-02 9.207041e-01 4.590036e+01 5.521939e-02 9.984739e-01 -8.601850e-04 -2.337662e+01 -9.192812e-01 5.117594e-02 3.902604e-01 4.734405e+02
3.986353e-01 -2.773391e-02 9.166901e-01 4.670278e+01 5.985210e-02 9.981985e-01 4.172385e-03 -2.343424e+01 -9.151544e-01 5.320257e-02 3.995772e-01 4.738032e+02
4.083377e-01 -3.576914e-02 9.121299e-01 4.756004e+01 6.399399e-02 9.978952e-01 1.048392e-02 -2.341739e+01 -9.105850e-01 5.408985e-02 4.097673e-01 4.742259e+02
4.199768e-01 -4.134174e-02 9.065927e-01 4.833242e+01 6.809337e-02 9.975815e-01 1.394686e-02 -2.341434e+01 -9.049767e-01 5.587559e-02 4.217762e-01 4.745668e+02
4.320423e-01 -4.136467e-02 9.009042e-01 4.913182e+01 7.497577e-02 9.971369e-01 9.827383e-03 -2.342941e+01 -8.987314e-01 6.330014e-02 4.339067e-01 4.749215e+02
4.409048e-01 -3.601418e-02 8.968311e-01 4.984743e+01 7.790696e-02 9.969591e-01 1.734016e-03 -2.347408e+01 -8.941664e-01 6.910485e-02 4.423698e-01 4.753500e+02
4.500122e-01 -3.137968e-02 8.924709e-01 5.052502e+01 8.267285e-02 9.965546e-01 -6.646980e-03 -2.348827e+01 -8.891874e-01 7.677434e-02 4.510560e-01 4.756728e+02
4.590434e-01 -3.011357e-02 8.879033e-01 5.161142e+01 8.436934e-02 9.963861e-01 -9.825895e-03 -2.352610e+01 -8.843986e-01 7.942233e-02 4.599251e-01 4.762288e+02
4.656418e-01 -2.778830e-02 8.845369e-01 5.216692e+01 7.873843e-02 9.968438e-01 -1.013334e-02 -2.351163e+01 -8.814635e-01 7.436555e-02 4.663602e-01 4.766333e+02
4.717585e-01 -3.248829e-02 8.811291e-01 5.291035e+01 7.761718e-02 9.969717e-01 -4.796869e-03 -2.353572e+01 -8.783049e-01 7.065372e-02 4.728515e-01 4.770648e+02
4.788126e-01 -4.039277e-02 8.769874e-01 5.363282e+01 8.119088e-02 9.966973e-01 1.578310e-03 -2.356296e+01 -8.741548e-01 7.044767e-02 4.805107e-01 4.774507e+02
4.852073e-01 -4.485807e-02 8.732477e-01 5.445051e+01 7.968433e-02 9.967961e-01 6.929214e-03 -2.357061e+01 -8.707607e-01 6.622206e-02 4.872272e-01 4.779335e+02
4.923090e-01 -4.297921e-02 8.693587e-01 5.514137e+01 7.510554e-02 9.971526e-01 6.765563e-03 -2.358141e+01 -8.671741e-01 6.196291e-02 4.941352e-01 4.783086e+02
4.980485e-01 -3.678159e-02 8.663687e-01 5.588102e+01 7.447567e-02 9.972227e-01 -4.767649e-04 -2.359632e+01 -8.639451e-01 6.476084e-02 4.994046e-01 4.787864e+02
5.054613e-01 -3.385835e-02 8.621847e-01 5.653435e+01 7.923519e-02 9.968292e-01 -7.306250e-03 -2.361450e+01 -8.592035e-01 7.200840e-02 5.065414e-01 4.791905e+02
5.116315e-01 -3.098344e-02 8.586462e-01 5.722327e+01 7.602722e-02 9.970622e-01 -9.323396e-03 -2.362897e+01 -8.558347e-01 7.005062e-02 5.124840e-01 4.796230e+02
5.182468e-01 -3.413971e-02 8.545494e-01 5.788425e+01 7.414168e-02 9.972346e-01 -5.123630e-03 -2.364190e+01 -8.520113e-01 6.601303e-02 5.193448e-01 4.800215e+02
5.250734e-01 -3.898533e-02 8.501636e-01 5.861389e+01 7.666506e-02 9.970556e-01 -1.628199e-03 -2.366807e+01 -8.475969e-01 6.603276e-02 5.265161e-01 4.805171e+02
5.317659e-01 -3.786927e-02 8.460443e-01 5.930885e+01 8.031240e-02 9.967525e-01 -5.863883e-03 -2.368895e+01 -8.430747e-01 7.106606e-02 5.330804e-01 4.809493e+02
5.382261e-01 -3.134101e-02 8.422176e-01 5.997937e+01 7.949387e-02 9.967411e-01 -1.371001e-02 -2.370282e+01 -8.390431e-01 7.433022e-02 5.389635e-01 4.813752e+02
5.446455e-01 -2.481021e-02 8.382993e-01 6.063528e+01 7.731783e-02 9.967909e-01 -2.073271e-02 -2.372711e+01 -8.350947e-01 7.610746e-02 5.448160e-01 4.818420e+02
5.520520e-01 -2.457827e-02 8.334473e-01 6.132018e+01 7.661129e-02 9.968325e-01 -2.134868e-02 -2.374533e+01 -8.302826e-01 7.563706e-02 5.521864e-01 4.823176e+02
5.599697e-01 -2.637398e-02 8.280932e-01 6.199017e+01 7.467143e-02 9.970321e-01 -1.873947e-02 -2.378613e+01 -8.251413e-01 7.232844e-02 5.602771e-01 4.827909e+02
5.682945e-01 -2.554861e-02 8.224285e-01 6.261561e+01 7.162490e-02 9.972598e-01 -1.851277e-02 -2.381059e+01 -8.197019e-01 6.942707e-02 5.685672e-01 4.832573e+02
5.764251e-01 -2.333788e-02 8.168167e-01 6.327902e+01 6.834290e-02 9.974668e-01 -1.973001e-02 -2.384333e+01 -8.142871e-01 6.719650e-02 5.765598e-01 4.837471e+02
5.844638e-01 -2.288334e-02 8.110971e-01 6.389988e+01 6.773524e-02 9.974893e-01 -2.066696e-02 -2.388452e+01 -8.085877e-01 6.701895e-02 5.845463e-01 4.841707e+02
5.913055e-01 -2.418085e-02 8.060850e-01 6.451775e+01 6.714162e-02 9.975562e-01 -1.932730e-02 -2.392535e+01 -8.036478e-01 6.555020e-02 5.914840e-01 4.847272e+02
5.992514e-01 -2.451948e-02 8.001853e-01 6.514062e+01 6.572232e-02 9.976637e-01 -1.864817e-02 -2.395311e+01 -7.978586e-01 6.376497e-02 5.994628e-01 4.851796e+02
6.064034e-01 -2.307610e-02 7.948223e-01 6.576074e+01 6.292401e-02 9.978367e-01 -1.903715e-02 -2.399731e+01 -7.926636e-01 6.155760e-02 6.065436e-01 4.856615e+02
6.132274e-01 -2.031545e-02 7.896451e-01 6.638084e+01 6.659769e-02 9.974396e-01 -2.605740e-02 -2.400095e+01 -7.870940e-01 6.856765e-02 6.130103e-01 4.862823e+02
6.229947e-01 -1.642991e-02 7.820535e-01 6.696895e+01 6.535177e-02 9.973773e-01 -3.110655e-02 -2.404271e+01 -7.794914e-01 7.048779e-02 6.224345e-01 4.866370e+02
6.295330e-01 -1.392698e-02 7.768489e-01 6.759248e+01 6.536196e-02 9.972445e-01 -3.508908e-02 -2.408581e+01 -7.742196e-01 7.286610e-02 6.287086e-01 4.871905e+02
6.354305e-01 -1.603743e-02 7.719915e-01 6.817388e+01 6.665112e-02 9.971919e-01 -3.414515e-02 -2.409806e+01 -7.692761e-01 7.315097e-02 6.347151e-01 4.877997e+02
6.426514e-01 -2.399349e-02 7.657830e-01 6.877880e+01 6.495985e-02 9.976168e-01 -2.325754e-02 -2.415770e+01 -7.633999e-01 6.469164e-02 6.426784e-01 4.883044e+02
6.503584e-01 -3.427224e-02 7.588539e-01 6.937579e+01 6.714783e-02 9.976649e-01 -1.248981e-02 -2.419534e+01 -7.566539e-01 5.907825e-02 6.511411e-01 4.887908e+02
6.566405e-01 -3.842951e-02 7.532240e-01 6.994363e+01 6.984640e-02 9.975077e-01 -9.997341e-03 -2.421402e+01 -7.509626e-01 5.917464e-02 6.576881e-01 4.893706e+02
6.640881e-01 -3.844843e-02 7.466650e-01 7.050342e+01 7.151549e-02 9.973643e-01 -1.224846e-02 -2.423766e+01 -7.442261e-01 6.153217e-02 6.650874e-01 4.898580e+02
6.711897e-01 -3.393777e-02 7.405083e-01 7.103573e+01 7.049899e-02 9.973460e-01 -1.819089e-02 -2.425012e+01 -7.379256e-01 6.441462e-02 6.718009e-01 4.903514e+02
6.793355e-01 -3.181345e-02 7.331379e-01 7.157114e+01 6.901315e-02 9.974016e-01 -2.066773e-02 -2.430115e+01 -7.305754e-01 6.463648e-02 6.797659e-01 4.908360e+02
6.862969e-01 -2.972678e-02 7.267138e-01 7.209183e+01 6.737876e-02 9.974663e-01 -2.282931e-02 -2.432494e+01 -7.241938e-01 6.463276e-02 6.865609e-01 4.913109e+02
6.918809e-01 -2.944428e-02 7.214110e-01 7.258695e+01 6.572797e-02 9.975879e-01 -2.232108e-02 -2.435430e+01 -7.190136e-01 6.286041e-02 6.921474e-01 4.917967e+02
6.962528e-01 -2.912419e-02 7.172055e-01 7.302737e+01 6.481771e-02 9.976454e-01 -2.241183e-02 -2.437097e+01 -7.148641e-01 6.209192e-02 6.965012e-01 4.922922e+02
7.002826e-01 -2.780618e-02 7.133240e-01 7.349743e+01 6.224543e-02 9.978137e-01 -2.221152e-02 -2.439772e+01 -7.111468e-01 5.995550e-02 7.004824e-01 4.927458e+02
7.018457e-01 -2.775877e-02 7.117880e-01 7.395795e+01 6.170475e-02 9.978535e-01 -2.192792e-02 -2.442368e+01 -7.096515e-01 5.931071e-02 7.020520e-01 4.932290e+02
7.026348e-01 -2.658741e-02 7.110537e-01 7.437155e+01 6.011548e-02 9.979470e-01 -2.208890e-02 -2.446832e+01 -7.090066e-01 5.826577e-02 7.027906e-01 4.937010e+02
7.021016e-01 -2.288829e-02 7.117088e-01 7.478671e+01 5.797469e-02 9.980026e-01 -2.509672e-02 -2.449872e+01 -7.097128e-01 5.888154e-02 7.020262e-01 4.941345e+02
7.014931e-01 -1.876831e-02 7.124291e-01 7.520621e+01 5.550667e-02 9.980554e-01 -2.836174e-02 -2.452432e+01 -7.105114e-01 5.944013e-02 7.011707e-01 4.945059e+02
6.990496e-01 -1.874119e-02 7.148276e-01 7.560182e+01 5.372057e-02 9.982079e-01 -2.636404e-02 -2.458468e+01 -7.130524e-01 5.683071e-02 6.988036e-01 4.948658e+02
6.931124e-01 -1.754050e-02 7.206161e-01 7.598475e+01 5.236384e-02 9.982878e-01 -2.606598e-02 -2.459661e+01 -7.189250e-01 5.580088e-02 6.928442e-01 4.952375e+02
6.860025e-01 -2.014978e-02 7.273202e-01 7.637798e+01 5.171803e-02 9.984384e-01 -2.111914e-02 -2.460412e+01 -7.257588e-01 5.210335e-02 6.859733e-01 4.955713e+02
6.759225e-01 -2.544713e-02 7.365333e-01 7.671364e+01 5.243711e-02 9.985313e-01 -1.362282e-02 -2.460661e+01 -7.351049e-01 4.782964e-02 6.762641e-01 4.959205e+02
6.655810e-01 -3.168391e-02 7.456527e-01 7.706966e+01 5.525458e-02 9.984485e-01 -6.895492e-03 -2.461867e+01 -7.442774e-01 4.579024e-02 6.662991e-01 4.962146e+02
6.547060e-01 -3.721290e-02 7.549670e-01 7.740299e+01 5.949148e-02 9.982260e-01 -2.387584e-03 -2.463446e+01 -7.535388e-01 4.647727e-02 6.557584e-01 4.964768e+02
6.423313e-01 -4.076530e-02 7.653422e-01 7.770079e+01 6.435910e-02 9.979264e-01 -8.611803e-04 -2.465817e+01 -7.637201e-01 4.980990e-02 6.436230e-01 4.967421e+02
6.298496e-01 -4.079802e-02 7.756449e-01 7.801260e+01 6.744071e-02 9.977207e-01 -2.285162e-03 -2.466981e+01 -7.737837e-01 5.374935e-02 6.311654e-01 4.969519e+02
6.143975e-01 -3.764701e-02 7.880980e-01 7.833076e+01 7.196834e-02 9.973710e-01 -8.462311e-03 -2.467076e+01 -7.857075e-01 6.191733e-02 6.154916e-01 4.971822e+02
5.968747e-01 -3.247423e-02 8.016770e-01 7.862783e+01 7.152529e-02 9.973560e-01 -1.285215e-02 -2.470672e+01 -7.991400e-01 6.501130e-02 5.976193e-01 4.974350e+02
5.772726e-01 -2.622058e-02 8.161304e-01 7.895379e+01 6.938197e-02 9.974448e-01 -1.703004e-02 -2.470430e+01 -8.135984e-01 6.645571e-02 5.776168e-01 4.976433e+02
5.542963e-01 -2.232101e-02 8.320201e-01 7.927757e+01 6.425410e-02 9.978047e-01 -1.603783e-02 -2.470869e+01 -8.298356e-01 6.235041e-02 5.545136e-01 4.978321e+02
5.260282e-01 -2.330478e-02 8.501477e-01 7.957488e+01 6.478877e-02 9.978177e-01 -1.273520e-02 -2.472118e+01 -8.479957e-01 6.177910e-02 5.263902e-01 4.980408e+02
4.968082e-01 -2.511923e-02 8.674968e-01 7.989567e+01 6.665759e-02 9.977327e-01 -9.283901e-03 -2.472191e+01 -8.652967e-01 6.243756e-02 4.973561e-01 4.981767e+02
4.637053e-01 -2.788279e-02 8.855507e-01 8.023799e+01 7.027956e-02 9.975128e-01 -5.392764e-03 -2.472478e+01 -8.831977e-01 6.473676e-02 4.645115e-01 4.983233e+02
4.290046e-01 -3.363420e-02 9.026759e-01 8.053835e+01 7.531192e-02 9.971591e-01 1.362051e-03 -2.475543e+01 -9.001573e-01 6.739793e-02 4.303189e-01 4.984594e+02
3.930614e-01 -3.564852e-02 9.188209e-01 8.086208e+01 7.783219e-02 9.969519e-01 5.384103e-03 -2.476611e+01 -9.162122e-01 6.939756e-02 3.946380e-01 4.985636e+02
3.553159e-01 -3.256104e-02 9.341790e-01 8.118994e+01 7.721964e-02 9.969996e-01 5.380104e-03 -2.476412e+01 -9.315512e-01 7.022532e-02 3.567642e-01 4.986478e+02
3.219012e-01 -3.274867e-02 9.462067e-01 8.138514e+01 6.627657e-02 9.977293e-01 1.198449e-02 -2.485210e+01 -9.444506e-01 5.885352e-02 3.233408e-01 4.985735e+02
2.796944e-01 -2.614325e-02 9.597331e-01 8.171169e+01 6.094218e-02 9.980968e-01 9.427947e-03 -2.483620e+01 -9.581530e-01 5.585128e-02 2.807553e-01 4.986238e+02
2.338437e-01 -2.494621e-02 9.719541e-01 8.206906e+01 5.916661e-02 9.981832e-01 1.138443e-02 -2.484974e+01 -9.704723e-01 5.484505e-02 2.348949e-01 4.986782e+02
1.919559e-01 -2.256861e-02 9.811440e-01 8.239346e+01 5.763914e-02 9.982691e-01 1.168572e-02 -2.485587e+01 -9.797095e-01 5.430915e-02 1.929245e-01 4.986025e+02
1.416048e-01 -2.199728e-02 9.896788e-01 8.277894e+01 5.904046e-02 9.981611e-01 1.373821e-02 -2.486561e+01 -9.881611e-01 5.648570e-02 1.426431e-01 4.986199e+02
8.968370e-02 -2.137744e-02 9.957408e-01 8.315558e+01 5.956788e-02 9.980950e-01 1.606286e-02 -2.482374e+01 -9.941874e-01 5.787360e-02 9.078627e-02 4.986211e+02
3.701727e-02 -2.697680e-02 9.989504e-01 8.356307e+01 5.334574e-02 9.982636e-01 2.498147e-02 -2.484025e+01 -9.978898e-01 5.236500e-02 3.839209e-02 4.986365e+02
-1.638775e-02 -3.155083e-02 9.993678e-01 8.398395e+01 4.626037e-02 9.984078e-01 3.227910e-02 -2.482595e+01 -9.987950e-01 4.676011e-02 -1.490211e-02 4.986090e+02
-7.032864e-02 -3.535016e-02 9.968973e-01 8.440920e+01 4.088995e-02 9.984297e-01 3.828918e-02 -2.481212e+01 -9.966855e-01 4.345591e-02 -6.877274e-02 4.985422e+02
-1.233659e-01 -3.607094e-02 9.917055e-01 8.480243e+01 3.973390e-02 9.983582e-01 4.125573e-02 -2.477463e+01 -9.915655e-01 4.449388e-02 -1.217302e-01 4.984361e+02
-1.809565e-01 -3.999463e-02 9.826775e-01 8.536976e+01 3.460456e-02 9.982952e-01 4.700257e-02 -2.479706e+01 -9.828821e-01 4.251055e-02 -1.792640e-01 4.983032e+02
-2.390079e-01 -4.177461e-02 9.701186e-01 8.573318e+01 2.933118e-02 9.983076e-01 5.021479e-02 -2.478174e+01 -9.705745e-01 4.045645e-02 -2.373781e-01 4.981504e+02
-2.968202e-01 -4.373086e-02 9.539315e-01 8.597721e+01 2.122637e-02 9.984019e-01 5.237419e-02 -2.477629e+01 -9.546974e-01 3.579422e-02 -2.954176e-01 4.980637e+02
-3.541806e-01 -4.443172e-02 9.341209e-01 8.645757e+01 1.525240e-02 9.984634e-01 5.327527e-02 -2.475096e+01 -9.350526e-01 3.311666e-02 -3.529587e-01 4.978679e+02
-4.068249e-01 -4.618045e-02 9.123381e-01 8.688883e+01 9.689676e-03 9.984470e-01 5.485985e-02 -2.473642e+01 -9.134548e-01 3.115862e-02 -4.057457e-01 4.976363e+02
-4.540231e-01 -4.666643e-02 8.897670e-01 8.738273e+01 7.536261e-03 9.983906e-01 5.620905e-02 -2.473805e+01 -8.909580e-01 3.222573e-02 -4.529407e-01 4.973928e+02
-4.930404e-01 -4.891825e-02 8.686300e-01 8.784360e+01 3.006442e-03 9.983162e-01 5.792821e-02 -2.470126e+01 -8.700012e-01 3.117243e-02 -4.920632e-01 4.970482e+02
-5.266255e-01 -4.798992e-02 8.487417e-01 8.835994e+01 4.520757e-03 9.982331e-01 5.924755e-02 -2.468209e+01 -8.500853e-01 3.503823e-02 -5.254781e-01 4.967324e+02
-5.524096e-01 -5.003521e-02 8.320698e-01 8.905050e+01 1.507283e-03 9.981353e-01 6.102197e-02 -2.468561e+01 -8.335715e-01 3.496329e-02 -5.513041e-01 4.962279e+02
-5.726278e-01 -5.033763e-02 8.182686e-01 8.952865e+01 7.298480e-05 9.981100e-01 6.145205e-02 -2.464720e+01 -8.198154e-01 3.524887e-02 -5.715419e-01 4.958178e+02
-5.910306e-01 -4.592498e-02 8.053407e-01 9.001400e+01 5.359394e-03 9.981324e-01 6.085222e-02 -2.461406e+01 -8.066313e-01 4.028167e-02 -5.896807e-01 4.955724e+02
-6.049397e-01 -4.402017e-02 7.950536e-01 9.054352e+01 7.592100e-03 9.981065e-01 6.103938e-02 -2.465687e+01 -7.962351e-01 4.296127e-02 -6.034600e-01 4.951451e+02
-6.165148e-01 -4.410004e-02 7.861073e-01 9.111278e+01 6.482222e-03 9.981120e-01 6.107711e-02 -2.462833e+01 -7.873167e-01 4.275066e-02 -6.150649e-01 4.946571e+02
-6.271835e-01 -4.267474e-02 7.777016e-01 9.112649e+01 5.323903e-03 9.982397e-01 5.906981e-02 -2.449217e+01 -7.788534e-01 4.118802e-02 -6.258522e-01 4.948421e+02
-6.356273e-01 -4.522552e-02 7.706702e-01 9.237733e+01 3.352986e-03 9.981114e-01 6.133798e-02 -2.458381e+01 -7.719888e-01 4.157214e-02 -6.342752e-01 4.935601e+02
-6.430141e-01 -4.266504e-02 7.646650e-01 9.252696e+01 7.983862e-03 9.980194e-01 6.239892e-02 -2.451260e+01 -7.658128e-01 4.622836e-02 -6.413999e-01 4.936203e+02
-6.476301e-01 -4.355838e-02 7.607089e-01 9.352449e+01 1.038386e-02 9.977674e-01 6.597272e-02 -2.446682e+01 -7.618842e-01 5.062501e-02 -6.457319e-01 4.926334e+02
-6.509299e-01 -4.451356e-02 7.578316e-01 9.401617e+01 1.146952e-02 9.975888e-01 6.844802e-02 -2.449229e+01 -7.590512e-01 5.324683e-02 -6.488498e-01 4.923279e+02
-6.519028e-01 -4.782746e-02 7.567928e-01 9.450672e+01 3.039232e-03 9.978362e-01 6.567882e-02 -2.441889e+01 -7.582965e-01 4.511627e-02 -6.503468e-01 4.918300e+02
-6.536918e-01 -4.036156e-02 7.556838e-01 9.549298e+01 9.653778e-03 9.980507e-01 6.165738e-02 -2.436807e+01 -7.566993e-01 4.760013e-02 -6.520279e-01 4.909850e+02
-6.553869e-01 -4.132986e-02 7.541617e-01 9.625051e+01 5.074945e-03 9.982382e-01 5.911610e-02 -2.437241e+01 -7.552763e-01 4.257124e-02 -6.540225e-01 4.903597e+02
-6.567155e-01 -4.383348e-02 7.528635e-01 9.718671e+01 3.462311e-03 9.981236e-01 6.113324e-02 -2.427157e+01 -7.541305e-01 4.275379e-02 -6.553314e-01 4.895075e+02
-6.586646e-01 -4.671528e-02 7.509851e-01 9.788630e+01 5.031236e-03 9.977751e-01 6.647967e-02 -2.423181e+01 -7.524198e-01 4.756619e-02 -6.569641e-01 4.888886e+02
-6.605462e-01 -4.492648e-02 7.494400e-01 9.847978e+01 1.074466e-02 9.975401e-01 6.926946e-02 -2.423263e+01 -7.507085e-01 5.380816e-02 -6.584386e-01 4.884474e+02
-6.619497e-01 -4.616359e-02 7.481254e-01 9.951418e+01 8.259876e-03 9.975918e-01 6.886551e-02 -2.410953e+01 -7.495028e-01 5.176493e-02 -6.599742e-01 4.875324e+02
-6.621029e-01 -4.464151e-02 7.480822e-01 1.005921e+02 1.086804e-02 9.975473e-01 6.914718e-02 -2.404199e+01 -7.493342e-01 5.391274e-02 -6.599937e-01 4.864871e+02
-6.626523e-01 -4.155541e-02 7.477734e-01 1.010457e+02 1.434539e-02 9.975720e-01 6.814969e-02 -2.407478e+01 -7.487898e-01 5.588665e-02 -6.604472e-01 4.862085e+02
-6.624094e-01 -3.928211e-02 7.481114e-01 1.016723e+02 1.630795e-02 9.976315e-01 6.682375e-02 -2.404932e+01 -7.489645e-01 5.646484e-02 -6.601999e-01 4.856771e+02
-6.614101e-01 -3.783410e-02 7.490696e-01 1.029447e+02 1.677966e-02 9.977305e-01 6.520953e-02 -2.393319e+01 -7.498367e-01 5.569937e-02 -6.592742e-01 4.845380e+02
-6.595598e-01 -3.652515e-02 7.507642e-01 1.038434e+02 1.821291e-02 9.977488e-01 6.454148e-02 -2.392659e+01 -7.514314e-01 5.624257e-02 -6.574097e-01 4.837295e+02
-6.583062e-01 -3.616496e-02 7.518810e-01 1.047156e+02 1.954958e-02 9.976869e-01 6.510460e-02 -2.387927e+01 -7.524964e-01 5.755771e-02 -6.560764e-01 4.830027e+02
-6.569115e-01 -3.665784e-02 7.530760e-01 1.053405e+02 2.093872e-02 9.975451e-01 6.682292e-02 -2.384988e+01 -7.536769e-01 5.966519e-02 -6.545313e-01 4.824712e+02
-6.557595e-01 -3.705660e-02 7.540599e-01 1.060393e+02 2.275731e-02 9.973706e-01 6.880420e-02 -2.385517e+01 -7.546268e-01 6.227938e-02 -6.531919e-01 4.819441e+02
-6.548465e-01 -3.530280e-02 7.549369e-01 1.069534e+02 2.597169e-02 9.972672e-01 6.916313e-02 -2.378976e+01 -7.553155e-01 6.489822e-02 -6.521401e-01 4.811994e+02
-6.533198e-01 -3.485856e-02 7.562791e-01 1.075700e+02 2.653110e-02 9.972717e-01 6.888561e-02 -2.374999e+01 -7.566171e-01 6.506925e-02 -6.506125e-01 4.806413e+02
-6.534773e-01 -3.813776e-02 7.559847e-01 1.077741e+02 2.295405e-02 9.972722e-01 7.015178e-02 -2.387775e+01 -7.565980e-01 6.319551e-02 -6.508193e-01 4.807033e+02
-6.508583e-01 -3.703046e-02 7.582956e-01 1.082174e+02 2.492481e-02 9.972291e-01 7.009189e-02 -2.380898e+01 -7.587900e-01 6.452027e-02 -6.481319e-01 4.802363e+02
-6.503069e-01 -3.394440e-02 7.589128e-01 1.091908e+02 2.729020e-02 9.973125e-01 6.799223e-02 -2.375557e+01 -7.591812e-01 6.492670e-02 -6.476329e-01 4.794162e+02
-6.490543e-01 -2.850619e-02 7.602078e-01 1.100472e+02 3.258868e-02 9.973385e-01 6.522183e-02 -2.373012e+01 -7.600437e-01 6.710668e-02 -6.463979e-01 4.786966e+02
-6.484624e-01 -2.690076e-02 7.607713e-01 1.107428e+02 3.404604e-02 9.973506e-01 6.428616e-02 -2.369065e+01 -7.604850e-01 6.758840e-02 -6.458285e-01 4.781410e+02
-6.466397e-01 -2.900935e-02 7.622438e-01 1.123602e+02 3.417024e-02 9.971718e-01 6.693808e-02 -2.360436e+01 -7.620299e-01 6.933087e-02 -6.438196e-01 4.766231e+02
-6.468993e-01 -3.296874e-02 7.618624e-01 1.126396e+02 3.119403e-02 9.970847e-01 6.963464e-02 -2.363647e+01 -7.619371e-01 6.881216e-02 -6.439850e-01 4.765083e+02
-6.467998e-01 -3.334897e-02 7.619304e-01 1.137670e+02 3.205052e-02 9.969724e-01 7.084409e-02 -2.357830e+01 -7.619861e-01 7.024221e-02 -6.437726e-01 4.755103e+02
-6.466800e-01 -3.467989e-02 7.619726e-01 1.148242e+02 2.957726e-02 9.970744e-01 7.048214e-02 -2.350684e+01 -7.621877e-01 6.811645e-02 -6.437624e-01 4.746257e+02
-6.469301e-01 -3.456852e-02 7.617653e-01 1.154301e+02 2.780638e-02 9.972381e-01 6.886876e-02 -2.351965e+01 -7.620421e-01 6.573521e-02 -6.441822e-01 4.742003e+02
-6.467434e-01 -3.449310e-02 7.619273e-01 1.163452e+02 2.762816e-02 9.972617e-01 6.859838e-02 -2.346157e+01 -7.622071e-01 6.541620e-02 -6.440195e-01 4.734033e+02
-6.476300e-01 -3.301448e-02 7.612394e-01 1.169246e+02 3.015457e-02 9.971677e-01 6.890077e-02 -2.342620e+01 -7.613581e-01 6.757705e-02 -6.448002e-01 4.729571e+02
-6.483031e-01 -3.420457e-02 7.606136e-01 1.185719e+02 2.906786e-02 9.971502e-01 6.961731e-02 -2.340462e+01 -7.608273e-01 6.724253e-02 -6.454613e-01 4.715861e+02
-6.492974e-01 -3.159262e-02 7.598782e-01 1.192533e+02 3.245759e-02 9.970754e-01 6.918853e-02 -2.332077e+01 -7.598417e-01 6.958775e-02 -6.463731e-01 4.710472e+02
-6.496076e-01 -3.345145e-02 7.595334e-01 1.201011e+02 2.972894e-02 9.971498e-01 6.934291e-02 -2.324236e+01 -7.596882e-01 6.762580e-02 -6.467617e-01 4.703069e+02
-6.501267e-01 -3.084897e-02 7.591994e-01 1.210105e+02 3.256888e-02 9.971258e-01 6.840654e-02 -2.328390e+01 -7.591275e-01 6.919918e-02 -6.472533e-01 4.695331e+02
-6.498982e-01 -2.529527e-02 7.596002e-01 1.218345e+02 3.948892e-02 9.969722e-01 6.698583e-02 -2.317252e+01 -7.589947e-01 7.352977e-02 -6.469315e-01 4.688234e+02
-6.498116e-01 -3.063510e-02 7.594777e-01 1.224960e+02 3.459795e-02 9.969597e-01 6.981654e-02 -2.317910e+01 -7.593075e-01 7.164396e-02 -6.467760e-01 4.682664e+02
-6.494625e-01 -3.220062e-02 7.597115e-01 1.233557e+02 3.764714e-02 9.965160e-01 7.442145e-02 -2.316360e+01 -7.594611e-01 7.693491e-02 -6.459875e-01 4.675874e+02
-6.484375e-01 -3.501395e-02 7.604623e-01 1.240577e+02 3.707688e-02 9.963036e-01 7.748782e-02 -2.311613e+01 -7.603645e-01 7.844158e-02 -6.447424e-01 4.669794e+02
-6.466470e-01 -4.047427e-02 7.617149e-01 1.242999e+02 2.825778e-02 9.966347e-01 7.694595e-02 -2.307964e+01 -7.622658e-01 7.128124e-02 -6.433271e-01 4.666783e+02
-6.459347e-01 -4.148632e-02 7.622646e-01 1.262592e+02 2.810118e-02 9.965533e-01 7.805015e-02 -2.306040e+01 -7.628753e-01 7.183583e-02 -6.425425e-01 4.653117e+02
-6.435692e-01 -4.051012e-02 7.643151e-01 1.271835e+02 2.660885e-02 9.968105e-01 7.523801e-02 -2.298105e+01 -7.649252e-01 6.875841e-02 -6.404387e-01 4.645963e+02
-6.415280e-01 -3.809502e-02 7.661531e-01 1.278350e+02 2.700314e-02 9.970256e-01 7.218528e-02 -2.293612e+01 -7.666242e-01 6.699742e-02 -6.385911e-01 4.640483e+02
-6.395642e-01 -3.713700e-02 7.678402e-01 1.279669e+02 2.772209e-02 9.970686e-01 7.131457e-02 -2.292414e+01 -7.682377e-01 6.689638e-02 -6.366598e-01 4.638633e+02
-6.379783e-01 -3.923649e-02 7.690541e-01 1.287445e+02 2.602566e-02 9.970319e-01 7.245764e-02 -2.285739e+01 -7.696144e-01 6.624155e-02 -6.350636e-01 4.632300e+02
-6.366877e-01 -3.521254e-02 7.703173e-01 1.296725e+02 2.843659e-02 9.972052e-01 6.908758e-02 -2.279695e+01 -7.705972e-01 6.589241e-02 -6.339070e-01 4.624796e+02
-6.361693e-01 -2.807741e-02 7.710384e-01 1.314710e+02 3.586089e-02 9.971816e-01 6.590058e-02 -2.274765e+01 -7.707156e-01 6.957405e-02 -6.333695e-01 4.612109e+02
-6.355147e-01 -2.904943e-02 7.715421e-01 1.324690e+02 3.576992e-02 9.971112e-01 6.700583e-02 -2.268235e+01 -7.712597e-01 7.018119e-02 -6.326397e-01 4.604319e+02
-6.352908e-01 -3.277570e-02 7.715772e-01 1.329294e+02 3.095430e-02 9.972154e-01 6.784728e-02 -2.264501e+01 -7.716524e-01 6.698638e-02 -6.325072e-01 4.599902e+02
-6.353803e-01 -3.166188e-02 7.715500e-01 1.337525e+02 3.065102e-02 9.973375e-01 6.616893e-02 -2.265015e+01 -7.715908e-01 6.569123e-02 -6.327182e-01 4.592738e+02
-6.360345e-01 -3.367626e-02 7.709254e-01 1.346217e+02 2.585776e-02 9.975561e-01 6.490950e-02 -2.258585e+01 -7.712272e-01 6.121908e-02 -6.336093e-01 4.585768e+02
-6.362071e-01 -3.657121e-02 7.706511e-01 1.350516e+02 2.336918e-02 9.975041e-01 6.662881e-02 -2.254558e+01 -7.711643e-01 6.039921e-02 -6.337646e-01 4.581180e+02
-6.374512e-01 -3.875384e-02 7.695155e-01 1.362139e+02 2.264257e-02 9.973607e-01 6.898509e-02 -2.251065e+01 -7.701579e-01 6.139844e-02 -6.348913e-01 4.572456e+02
-6.382326e-01 -4.074886e-02 7.687644e-01 1.370728e+02 2.225845e-02 9.972039e-01 7.133654e-02 -2.245651e+01 -7.695217e-01 6.264081e-02 -6.355410e-01 4.565608e+02
-6.383278e-01 -4.073806e-02 7.686859e-01 1.376824e+02 2.470943e-02 9.969996e-01 7.335707e-02 -2.241891e+01 -7.693679e-01 6.581965e-02 -6.354060e-01 4.560071e+02
-6.387078e-01 -3.809973e-02 7.685055e-01 1.384262e+02 2.934024e-02 9.968410e-01 7.380457e-02 -2.242085e+01 -7.688898e-01 6.968769e-02 -6.355723e-01 4.554146e+02
-6.386312e-01 -3.797900e-02 7.685751e-01 1.391229e+02 2.904340e-02 9.968801e-01 7.339364e-02 -2.237084e+01 -7.689647e-01 6.919351e-02 -6.355357e-01 4.548007e+02
-6.385562e-01 -3.707246e-02 7.686817e-01 1.403240e+02 2.844214e-02 9.970198e-01 7.171223e-02 -2.225841e+01 -7.690494e-01 6.765524e-02 -6.355987e-01 4.538545e+02
-6.379188e-01 -3.641800e-02 7.692420e-01 1.411409e+02 2.953295e-02 9.969895e-01 7.169133e-02 -2.226867e+01 -7.695371e-01 6.845124e-02 -6.349229e-01 4.532292e+02
-6.364811e-01 -3.749503e-02 7.703804e-01 1.421008e+02 2.759406e-02 9.970713e-01 7.132621e-02 -2.219240e+01 -7.707985e-01 6.665571e-02 -6.335824e-01 4.524658e+02
-6.352230e-01 -3.784958e-02 7.714007e-01 1.432405e+02 2.546510e-02 9.972289e-01 6.989975e-02 -2.209886e+01 -7.719088e-01 6.404572e-02 -6.324989e-01 4.515644e+02
-6.339208e-01 -3.940587e-02 7.723934e-01 1.441304e+02 2.241475e-02 9.973455e-01 6.927874e-02 -2.212333e+01 -7.730731e-01 6.123024e-02 -6.313548e-01 4.508331e+02
-6.325549e-01 -3.876870e-02 7.735447e-01 1.450790e+02 2.267239e-02 9.973916e-01 6.852753e-02 -2.205132e+01 -7.741836e-01 6.088553e-02 -6.300259e-01 4.501000e+02
-6.314732e-01 -3.783207e-02 7.744743e-01 1.460809e+02 2.236660e-02 9.975047e-01 6.696358e-02 -2.200123e+01 -7.750751e-01 5.960806e-02 -6.290513e-01 4.492834e+02
-6.298497e-01 -3.487772e-02 7.759335e-01 1.467062e+02 2.358319e-02 9.976720e-01 6.398794e-02 -2.201028e+01 -7.763589e-01 5.860178e-02 -6.275609e-01 4.486959e+02
-6.289236e-01 -3.484472e-02 7.766859e-01 1.476231e+02 2.168231e-02 9.978205e-01 6.232287e-02 -2.193843e+01 -7.771647e-01 5.603667e-02 -6.267974e-01 4.479771e+02
-6.284307e-01 -3.620978e-02 7.770224e-01 1.486177e+02 2.050062e-02 9.977980e-01 6.307832e-02 -2.185954e+01 -7.775954e-01 5.556979e-02 -6.263045e-01 4.472347e+02
-6.270860e-01 -3.678328e-02 7.780811e-01 1.494685e+02 2.170640e-02 9.976714e-01 6.465831e-02 -2.186236e+01 -7.786475e-01 5.743566e-02 -6.248273e-01 4.464724e+02
-6.270807e-01 -3.907662e-02 7.779735e-01 1.504138e+02 2.007402e-02 9.975985e-01 6.628864e-02 -2.178887e+01 -7.786956e-01 5.718538e-02 -6.247903e-01 4.457465e+02
-6.266286e-01 -4.267622e-02 7.781487e-01 1.510889e+02 1.765385e-02 9.974659e-01 6.892061e-02 -2.180310e+01 -7.791181e-01 5.692494e-02 -6.242872e-01 4.451425e+02
-6.280299e-01 -4.098575e-02 7.771091e-01 1.519834e+02 2.008953e-02 9.974253e-01 6.884111e-02 -2.174974e+01 -7.779299e-01 5.884603e-02 -6.255895e-01 4.445296e+02
-6.292423e-01 -4.233411e-02 7.760554e-01 1.530228e+02 2.083775e-02 9.972376e-01 7.129537e-02 -2.169082e+01 -7.769298e-01 6.103331e-02 -6.266219e-01 4.437683e+02
-6.293329e-01 -4.651917e-02 7.757423e-01 1.538523e+02 1.756345e-02 9.971004e-01 7.404203e-02 -2.167338e+01 -7.769374e-01 6.022179e-02 -6.266910e-01 4.429510e+02
-6.314218e-01 -4.329475e-02 7.742300e-01 1.542954e+02 2.218210e-02 9.970231e-01 7.384386e-02 -2.162951e+01 -7.751222e-01 6.380067e-02 -6.285817e-01 4.426732e+02
-6.337161e-01 -4.298798e-02 7.723704e-01 1.550313e+02 2.245850e-02 9.970114e-01 7.391768e-02 -2.158101e+01 -7.732396e-01 6.418910e-02 -6.308567e-01 4.421013e+02
-6.368803e-01 -4.422026e-02 7.696935e-01 1.559066e+02 1.996420e-02 9.970730e-01 7.380293e-02 -2.145687e+01 -7.707042e-01 6.236995e-02 -6.341333e-01 4.413525e+02
-6.411405e-01 -4.336281e-02 7.661975e-01 1.566754e+02 2.048174e-02 9.970798e-01 7.356832e-02 -2.144381e+01 -7.671502e-01 6.286068e-02 -6.383801e-01 4.407109e+02
-6.455587e-01 -4.179724e-02 7.625661e-01 1.574225e+02 2.087940e-02 9.971621e-01 7.233143e-02 -2.141272e+01 -7.634252e-01 6.261611e-02 -6.428539e-01 4.400732e+02
-6.514316e-01 -4.159505e-02 7.575663e-01 1.581200e+02 1.998366e-02 9.972090e-01 7.193687e-02 -2.130061e+01 -7.584441e-01 6.200090e-02 -6.487822e-01 4.394356e+02
-6.831877e-01 -4.184069e-02 7.290432e-01 1.726078e+02 2.086790e-02 9.968308e-01 7.676470e-02 -2.196770e+01 -7.299446e-01 6.765829e-02 -6.801494e-01 4.331968e+02
-6.918776e-01 -4.090478e-02 7.208552e-01 1.731462e+02 2.054606e-02 9.968741e-01 7.628755e-02 -2.189089e+01 -7.217224e-01 6.759238e-02 -6.888744e-01 4.326700e+02
-7.030068e-01 -4.091214e-02 7.100054e-01 1.737931e+02 1.866046e-02 9.969391e-01 7.592244e-02 -2.184446e+01 -7.109382e-01 6.662301e-02 -7.000916e-01 4.320612e+02
-7.164960e-01 -4.070506e-02 6.964026e-01 1.745778e+02 1.639233e-02 9.970381e-01 7.514264e-02 -2.188344e+01 -6.973986e-01 6.525506e-02 -7.137065e-01 4.312690e+02
-7.333979e-01 -3.915975e-02 6.786708e-01 1.751250e+02 1.346822e-02 9.973065e-01 7.209952e-02 -2.179504e+01 -6.796662e-01 6.201812e-02 -7.308951e-01 4.307516e+02
-7.520874e-01 -3.633909e-02 6.580608e-01 1.755730e+02 1.405445e-02 9.973674e-01 7.113871e-02 -2.174197e+01 -6.589135e-01 6.275121e-02 -7.495968e-01 4.301687e+02
-7.743354e-01 -3.662094e-02 6.317148e-01 1.760245e+02 1.105642e-02 9.973885e-01 7.137190e-02 -2.182635e+01 -6.326788e-01 6.225029e-02 -7.719083e-01 4.295690e+02
-7.989580e-01 -3.617489e-02 6.002978e-01 1.764376e+02 8.014133e-03 9.974601e-01 7.077483e-02 -2.178092e+01 -6.013334e-01 6.135698e-02 -7.966389e-01 4.290037e+02
-8.262657e-01 -3.505320e-02 5.621888e-01 1.768124e+02 5.399941e-03 9.975230e-01 7.013331e-02 -2.175270e+01 -5.632546e-01 6.098453e-02 -8.240298e-01 4.284712e+02
-8.553773e-01 -3.335464e-02 5.169305e-01 1.771051e+02 2.718698e-03 9.976220e-01 6.886967e-02 -2.175974e+01 -5.179984e-01 6.031493e-02 -8.532525e-01 4.278988e+02
-8.834652e-01 -3.353464e-02 4.672951e-01 1.774089e+02 4.390203e-04 9.973752e-01 7.240496e-02 -2.172824e+01 -4.684966e-01 6.417241e-02 -8.811315e-01 4.272551e+02
-9.112789e-01 -3.445082e-02 4.103462e-01 1.776349e+02 -2.469876e-03 9.969336e-01 7.821307e-02 -2.174168e+01 -4.117824e-01 7.026041e-02 -9.085696e-01 4.267095e+02
-9.362099e-01 -3.506481e-02 3.496876e-01 1.778762e+02 -7.466586e-03 9.967701e-01 7.996069e-02 -2.163752e+01 -3.513619e-01 7.224902e-02 -9.334478e-01 4.257294e+02
-9.592737e-01 -3.433979e-02 2.803833e-01 1.780309e+02 -1.195144e-02 9.966284e-01 8.117214e-02 -2.160387e+01 -2.822254e-01 7.451531e-02 -9.564498e-01 4.251120e+02
-9.773942e-01 -3.260161e-02 2.088962e-01 1.781007e+02 -1.595627e-02 9.965963e-01 8.087785e-02 -2.158589e+01 -2.108220e-01 7.571634e-02 -9.745877e-01 4.245050e+02
-9.903972e-01 -3.015206e-02 1.349228e-01 1.781906e+02 -1.962638e-02 9.967072e-01 7.867357e-02 -2.157622e+01 -1.368507e-01 7.527004e-02 -9.877279e-01 4.240212e+02
-9.977539e-01 -2.796963e-02 6.086792e-02 1.781969e+02 -2.321768e-02 9.967279e-01 7.742313e-02 -2.155189e+01 -6.283425e-02 7.583602e-02 -9.951386e-01 4.234645e+02
-9.995816e-01 -2.517257e-02 -1.424363e-02 1.781839e+02 -2.618601e-02 9.967551e-01 7.611592e-02 -2.155411e+01 1.228138e-02 7.645706e-02 -9.969972e-01 4.228779e+02
-9.957926e-01 -2.487427e-02 -8.819538e-02 1.781217e+02 -3.138614e-02 9.968208e-01 7.323393e-02 -2.147041e+01 8.609335e-02 7.569391e-02 -9.934075e-01 4.222220e+02
-9.869405e-01 -2.240220e-02 -1.595197e-01 1.779683e+02 -3.410312e-02 9.968935e-01 7.099525e-02 -2.142294e+01 1.574337e-01 7.550821e-02 -9.846386e-01 4.217093e+02
-9.729072e-01 -2.004732e-02 -2.303254e-01 1.778317e+02 -3.751949e-02 9.967181e-01 7.173093e-02 -2.143318e+01 2.281315e-01 7.842923e-02 -9.704663e-01 4.212111e+02
-9.550132e-01 -1.681441e-02 -2.960862e-01 1.776336e+02 -3.944899e-02 9.967216e-01 7.063829e-02 -2.138919e+01 2.939277e-01 7.914080e-02 -9.525457e-01 4.206426e+02
-9.340507e-01 -1.430649e-02 -3.568536e-01 1.774122e+02 -4.246056e-02 9.965589e-01 7.118619e-02 -2.136867e+01 3.546072e-01 8.164372e-02 -9.314440e-01 4.201478e+02
-9.103650e-01 -1.319506e-02 -4.135959e-01 1.771437e+02 -4.739148e-02 9.962397e-01 7.252997e-02 -2.134426e+01 4.110836e-01 8.562966e-02 -9.075670e-01 4.196037e+02
-8.849848e-01 -1.115813e-02 -4.654861e-01 1.768928e+02 -4.925835e-02 9.963464e-01 6.976692e-02 -2.130615e+01 4.630070e-01 8.467175e-02 -8.823011e-01 4.190612e+02
-8.591513e-01 -9.756614e-03 -5.116287e-01 1.765310e+02 -5.058053e-02 9.965412e-01 6.593349e-02 -2.122304e+01 5.092158e-01 8.252529e-02 -8.566731e-01 4.185509e+02
-8.338140e-01 -1.110196e-02 -5.519338e-01 1.761930e+02 -5.610388e-02 9.963253e-01 6.471615e-02 -2.120535e+01 5.491872e-01 8.492686e-02 -8.313729e-01 4.181020e+02
-8.093045e-01 -7.669063e-03 -5.873392e-01 1.758122e+02 -5.248743e-02 9.968589e-01 5.930703e-02 -2.110054e+01 5.850395e-01 7.882538e-02 -8.071650e-01 4.175584e+02
-7.864911e-01 -8.320557e-03 -6.175455e-01 1.753939e+02 -5.642319e-02 9.966957e-01 5.843015e-02 -2.105853e+01 6.150188e-01 8.079869e-02 -7.843618e-01 4.170532e+02
-7.632431e-01 -9.574671e-03 -6.460405e-01 1.749785e+02 -6.151220e-02 9.964253e-01 5.790398e-02 -2.102625e+01 6.431767e-01 8.393419e-02 -7.611036e-01 4.165515e+02
-7.388907e-01 -9.764345e-03 -6.737545e-01 1.745902e+02 -6.446684e-02 9.963327e-01 5.625998e-02 -2.098379e+01 6.707343e-01 8.500481e-02 -7.368105e-01 4.160944e+02
-7.125686e-01 -1.329694e-02 -7.014764e-01 1.741219e+02 -7.189828e-02 9.959406e-01 5.415649e-02 -2.096980e+01 6.979087e-01 8.902516e-02 -7.106321e-01 4.156012e+02
-6.868073e-01 -1.552204e-02 -7.266737e-01 1.736201e+02 -7.405487e-02 9.960636e-01 4.871579e-02 -2.082863e+01 7.230571e-01 8.727209e-02 -6.852533e-01 4.152019e+02
-6.586072e-01 -1.331121e-02 -7.523691e-01 1.730055e+02 -6.883008e-02 9.967177e-01 4.261801e-02 -2.081335e+01 7.493323e-01 7.985416e-02 -6.573617e-01 4.144855e+02
-6.335201e-01 -1.530909e-02 -7.735748e-01 1.725491e+02 -7.187678e-02 9.966453e-01 3.913991e-02 -2.080435e+01 7.703804e-01 8.039799e-02 -6.324952e-01 4.141682e+02
-6.071219e-01 -1.476680e-02 -7.944715e-01 1.717818e+02 -7.109341e-02 9.968270e-01 3.580043e-02 -2.078179e+01 7.914220e-01 7.821691e-02 -6.062453e-01 4.135733e+02
-5.819865e-01 -1.495372e-02 -8.130609e-01 1.712315e+02 -7.328695e-02 9.967268e-01 3.412689e-02 -2.075663e+01 8.098893e-01 7.944814e-02 -5.811775e-01 4.130939e+02
-5.580967e-01 -1.305287e-02 -8.296732e-01 1.705327e+02 -6.844051e-02 9.971935e-01 3.034952e-02 -2.073476e+01 8.269486e-01 7.372123e-02 -5.574237e-01 4.126831e+02
-5.350425e-01 -1.174302e-02 -8.447435e-01 1.699531e+02 -6.335521e-02 9.976455e-01 2.625928e-02 -2.069323e+01 8.424462e-01 6.756873e-02 -5.345267e-01 4.123711e+02
-5.114040e-01 -1.269570e-02 -8.592466e-01 1.691081e+02 -6.767873e-02 9.973801e-01 2.554416e-02 -2.073592e+01 8.566712e-01 7.121610e-02 -5.109234e-01 4.118894e+02
-4.896943e-01 -1.023063e-02 -8.718342e-01 1.683751e+02 -6.062190e-02 9.979108e-01 2.234019e-02 -2.072536e+01 8.697841e-01 6.379211e-02 -4.892914e-01 4.115311e+02
-4.686655e-01 -7.258675e-03 -8.833459e-01 1.677208e+02 -5.601846e-02 9.981978e-01 2.151855e-02 -2.073004e+01 8.815978e-01 5.956868e-02 -4.682275e-01 4.112325e+02
-4.486616e-01 -1.208974e-03 -8.937009e-01 1.668168e+02 -4.877469e-02 9.985418e-01 2.313539e-02 -2.071990e+01 8.923698e-01 5.396995e-02 -4.480664e-01 4.107277e+02
-4.273141e-01 4.481711e-03 -9.040921e-01 1.662503e+02 -4.646089e-02 9.985576e-01 2.690947e-02 -2.073394e+01 9.029087e-01 5.350372e-02 -4.264895e-01 4.103548e+02
-4.123158e-01 6.667830e-03 -9.110166e-01 1.652947e+02 -4.420856e-02 9.986488e-01 2.731752e-02 -2.071719e+01 9.099677e-01 5.153818e-02 -4.114639e-01 4.100131e+02
-3.947891e-01 4.212827e-03 -9.187621e-01 1.644697e+02 -4.853803e-02 9.984974e-01 2.543508e-02 -2.072636e+01 9.174887e-01 5.463640e-02 -3.939915e-01 4.095351e+02
-3.793033e-01 5.683779e-04 -9.252722e-01 1.636761e+02 -5.002948e-02 9.985244e-01 2.112231e-02 -2.072322e+01 9.239189e-01 5.430265e-02 -3.787151e-01 4.092229e+02
-3.631414e-01 -1.941862e-03 -9.317320e-01 1.627556e+02 -5.109090e-02 9.985348e-01 1.783152e-02 -2.070704e+01 9.303322e-01 5.407839e-02 -3.627085e-01 4.088822e+02
-3.446972e-01 -1.434119e-03 -9.387128e-01 1.620363e+02 -5.835152e-02 9.980977e-01 1.990195e-02 -2.073227e+01 9.368986e-01 6.163547e-02 -3.441251e-01 4.085160e+02
-3.292491e-01 1.675334e-03 -9.442416e-01 1.611793e+02 -5.507941e-02 9.982616e-01 2.097691e-02 -2.072925e+01 9.426353e-01 5.891490e-02 -3.285845e-01 4.082116e+02
-3.165099e-01 2.172742e-03 -9.485867e-01 1.602038e+02 -5.222442e-02 9.984408e-01 1.971238e-02 -2.072050e+01 9.471505e-01 5.577856e-02 -3.159029e-01 4.079224e+02
-3.052418e-01 -2.952042e-04 -9.522748e-01 1.593363e+02 -4.742491e-02 9.987638e-01 1.489195e-02 -2.070641e+01 9.510932e-01 4.970719e-02 -3.048784e-01 4.076037e+02
-2.960165e-01 -5.528128e-03 -9.551668e-01 1.583561e+02 -4.395205e-02 9.990029e-01 7.839382e-03 -2.070579e+01 9.541711e-01 4.430213e-02 -2.959644e-01 4.073009e+02
-2.871174e-01 -9.234271e-03 -9.578509e-01 1.573899e+02 -4.049380e-02 9.991766e-01 2.505407e-03 -2.071371e+01 9.570391e-01 3.950637e-02 -2.872549e-01 4.070060e+02
-2.795047e-01 -9.294776e-03 -9.600993e-01 1.565882e+02 -3.863982e-02 9.992520e-01 1.575032e-03 -2.072918e+01 9.593665e-01 3.753830e-02 -2.796547e-01 4.067196e+02
-2.762757e-01 -8.345091e-03 -9.610422e-01 1.555203e+02 -4.034256e-02 9.991816e-01 2.921212e-03 -2.071929e+01 9.602313e-01 3.957796e-02 -2.763863e-01 4.064387e+02
-2.726864e-01 -5.650489e-03 -9.620864e-01 1.545160e+02 -3.967257e-02 9.991983e-01 5.376038e-03 -2.072209e+01 9.612847e-01 3.963441e-02 -2.726920e-01 4.061505e+02
-2.682304e-01 -3.915450e-03 -9.633468e-01 1.535784e+02 -3.694592e-02 9.992979e-01 6.225499e-03 -2.073889e+01 9.626461e-01 3.726160e-02 -2.681867e-01 4.058331e+02
-2.648986e-01 -3.274786e-03 -9.642707e-01 1.525951e+02 -3.726460e-02 9.992820e-01 6.843419e-03 -2.074517e+01 9.635559e-01 3.774598e-02 -2.648305e-01 4.055565e+02
-2.624919e-01 -4.241813e-03 -9.649249e-01 1.515177e+02 -3.804720e-02 9.992582e-01 5.957370e-03 -2.073347e+01 9.641838e-01 3.827645e-02 -2.624585e-01 4.052572e+02
-2.593985e-01 -3.353768e-03 -9.657646e-01 1.504350e+02 -3.785804e-02 9.992607e-01 6.698349e-03 -2.075968e+01 9.650281e-01 3.829949e-02 -2.593337e-01 4.049258e+02
-2.564535e-01 -4.495681e-03 -9.665461e-01 1.494048e+02 -3.812269e-02 9.992581e-01 5.467253e-03 -2.076211e+01 9.658045e-01 3.824943e-02 -2.564346e-01 4.046554e+02
-2.538675e-01 -5.095827e-03 -9.672256e-01 1.482495e+02 -3.924156e-02 9.992171e-01 5.035351e-03 -2.078506e+01 9.664426e-01 3.923375e-02 -2.538687e-01 4.043564e+02
-2.510470e-01 -5.975964e-03 -9.679565e-01 1.472121e+02 -4.380171e-02 9.990268e-01 5.192527e-03 -2.078821e+01 9.669834e-01 4.370172e-02 -2.510644e-01 4.040494e+02
-2.492489e-01 -5.087680e-03 -9.684261e-01 1.461071e+02 -4.440400e-02 9.989945e-01 6.180217e-03 -2.079654e+01 9.674209e-01 4.454240e-02 -2.492242e-01 4.037731e+02
-2.458171e-01 -5.613095e-03 -9.693000e-01 1.450428e+02 -4.622008e-02 9.989136e-01 5.936954e-03 -2.081155e+01 9.682136e-01 4.626053e-02 -2.458095e-01 4.034864e+02
-2.425437e-01 -5.621329e-03 -9.701242e-01 1.438792e+02 -4.829813e-02 9.988132e-01 6.287596e-03 -2.081932e+01 9.689375e-01 4.838020e-02 -2.425273e-01 4.031536e+02
-2.393564e-01 -4.988719e-03 -9.709190e-01 1.427840e+02 -5.039948e-02 9.987025e-01 7.293290e-03 -2.082680e+01 9.696228e-01 5.067951e-02 -2.392973e-01 4.028726e+02
-2.373666e-01 -5.870901e-03 -9.714024e-01 1.416698e+02 -5.094245e-02 9.986810e-01 6.412253e-03 -2.081592e+01 9.700835e-01 5.100767e-02 -2.373526e-01 4.026117e+02
-2.349559e-01 -4.442726e-03 -9.719959e-01 1.403840e+02 -4.604414e-02 9.989178e-01 6.564253e-03 -2.080882e+01 9.709148e-01 4.629703e-02 -2.349062e-01 4.022124e+02
-2.328174e-01 -3.498768e-03 -9.725142e-01 1.392423e+02 -4.778607e-02 9.988268e-01 7.846429e-03 -2.082286e+01 9.713457e-01 4.829941e-02 -2.327114e-01 4.019432e+02
-2.321118e-01 1.281299e-03 -9.726883e-01 1.374578e+02 -4.108064e-02 9.990940e-01 1.111912e-02 -2.084302e+01 9.718212e-01 4.253954e-02 -2.318489e-01 4.015896e+02
-2.270286e-01 7.604798e-04 -9.738878e-01 1.371205e+02 -4.669351e-02 9.988412e-01 1.166496e-02 -2.084791e+01 9.727681e-01 4.812252e-02 -2.267300e-01 4.013732e+02
-2.240921e-01 -1.336806e-03 -9.745670e-01 1.360360e+02 -4.975662e-02 9.987106e-01 1.007112e-02 -2.085741e+01 9.732970e-01 5.074802e-02 -2.238697e-01 4.011222e+02
-2.216304e-01 -2.191438e-03 -9.751283e-01 1.349484e+02 -5.010753e-02 9.987020e-01 9.144193e-03 -2.086544e+01 9.738425e-01 5.088790e-02 -2.214525e-01 4.008848e+02
-2.186371e-01 -3.419550e-04 -9.758062e-01 1.337566e+02 -4.832649e-02 9.987766e-01 1.047793e-02 -2.087879e+01 9.746088e-01 4.944815e-02 -2.183861e-01 4.005223e+02
-2.159381e-01 -6.809013e-04 -9.764068e-01 1.326389e+02 -4.894669e-02 9.987500e-01 1.012837e-02 -2.088914e+01 9.751794e-01 4.997898e-02 -2.157015e-01 4.002635e+02
-2.138746e-01 -6.502103e-04 -9.768609e-01 1.314590e+02 -4.706270e-02 9.988454e-01 9.639096e-03 -2.088432e+01 9.757268e-01 4.803527e-02 -2.136582e-01 3.999689e+02
-2.116609e-01 3.133429e-03 -9.773381e-01 1.305295e+02 -4.549848e-02 9.988791e-01 1.305604e-02 -2.097862e+01 9.762835e-01 4.723085e-02 -2.112811e-01 3.997279e+02
-2.098745e-01 3.903536e-03 -9.777205e-01 1.293123e+02 -4.797141e-02 9.987466e-01 1.428488e-02 -2.095282e+01 9.765508e-01 4.990066e-02 -2.094242e-01 3.994515e+02
-2.086452e-01 4.541273e-03 -9.779809e-01 1.280251e+02 -4.982588e-02 9.986412e-01 1.526720e-02 -2.098739e+01 9.767213e-01 5.191419e-02 -2.081354e-01 3.992487e+02
-2.065660e-01 6.760673e-03 -9.784093e-01 1.271463e+02 -4.773631e-02 9.987156e-01 1.697928e-02 -2.103919e+01 9.772675e-01 5.021299e-02 -2.059779e-01 3.989825e+02
-2.051971e-01 8.618973e-03 -9.786827e-01 1.260174e+02 -4.720846e-02 9.987101e-01 1.869338e-02 -2.104271e+01 9.775815e-01 5.003793e-02 -2.045255e-01 3.987452e+02
-2.038610e-01 9.955776e-03 -9.789492e-01 1.249007e+02 -4.633643e-02 9.987295e-01 1.980626e-02 -2.098402e+01 9.779027e-01 4.939874e-02 -2.031407e-01 3.984999e+02
-2.022580e-01 1.277064e-02 -9.792490e-01 1.238599e+02 -4.605469e-02 9.986847e-01 2.253642e-02 -2.105829e+01 9.782488e-01 4.965718e-02 -2.014038e-01 3.982696e+02
-2.012110e-01 1.348810e-02 -9.794551e-01 1.228375e+02 -4.472767e-02 9.987357e-01 2.294209e-02 -2.104246e+01 9.785262e-01 4.842495e-02 -2.003533e-01 3.980669e+02
-1.996637e-01 1.288454e-02 -9.797798e-01 1.217620e+02 -4.290641e-02 9.988395e-01 2.187884e-02 -2.105835e+01 9.789246e-01 4.640725e-02 -1.988792e-01 3.978386e+02
-1.982697e-01 1.198322e-02 -9.800742e-01 1.206967e+02 -4.142077e-02 9.989295e-01 2.059321e-02 -2.111236e+01 9.792719e-01 4.467844e-02 -1.975611e-01 3.976004e+02
-1.969141e-01 9.774619e-03 -9.803720e-01 1.196828e+02 -4.239131e-02 9.989303e-01 1.847422e-02 -2.107454e+01 9.795039e-01 4.519709e-02 -1.962891e-01 3.973402e+02
-1.973594e-01 8.876901e-03 -9.802910e-01 1.185453e+02 -4.393192e-02 9.988743e-01 1.788988e-02 -2.102819e+01 9.793463e-01 4.659680e-02 -1.967473e-01 3.971630e+02
-1.969215e-01 1.287677e-02 -9.803347e-01 1.176218e+02 -3.961514e-02 9.989926e-01 2.107941e-02 -2.108108e+01 9.796186e-01 4.298709e-02 -1.962130e-01 3.968964e+02
-1.969927e-01 1.465088e-02 -9.802955e-01 1.165421e+02 -3.762378e-02 9.990388e-01 2.249160e-02 -2.107039e+01 9.796828e-01 4.131310e-02 -1.962521e-01 3.966738e+02
-1.969221e-01 1.595755e-02 -9.802893e-01 1.154294e+02 -3.694424e-02 9.990366e-01 2.368415e-02 -2.109629e+01 9.797228e-01 4.087998e-02 -1.961429e-01 3.964473e+02
-1.973115e-01 1.527966e-02 -9.802218e-01 1.143261e+02 -4.112692e-02 9.988693e-01 2.384888e-02 -2.106849e+01 9.794778e-01 4.501916e-02 -1.964600e-01 3.962495e+02
-1.974813e-01 1.456361e-02 -9.801985e-01 1.133111e+02 -4.101679e-02 9.988913e-01 2.310503e-02 -2.107199e+01 9.794482e-01 4.476741e-02 -1.966650e-01 3.960239e+02
-1.978463e-01 1.466807e-02 -9.801233e-01 1.122143e+02 -4.153937e-02 9.988644e-01 2.333362e-02 -2.106823e+01 9.793525e-01 4.533018e-02 -1.970123e-01 3.958375e+02
-1.973066e-01 1.477687e-02 -9.802305e-01 1.111488e+02 -4.324587e-02 9.987819e-01 2.376132e-02 -2.109151e+01 9.793875e-01 4.707918e-02 -1.964272e-01 3.955792e+02
-1.973107e-01 1.482345e-02 -9.802289e-01 1.100962e+02 -4.327037e-02 9.987795e-01 2.381389e-02 -2.109416e+01 9.793856e-01 4.711360e-02 -1.964284e-01 3.953610e+02
-1.964089e-01 1.476057e-02 -9.804110e-01 1.090899e+02 -4.214050e-02 9.988358e-01 2.348010e-02 -2.107891e+01 9.796161e-01 4.592671e-02 -1.955582e-01 3.951420e+02
-1.958454e-01 1.618234e-02 -9.805013e-01 1.080509e+02 -3.924780e-02 9.989334e-01 2.432591e-02 -2.111594e+01 9.798491e-01 4.324663e-02 -1.950014e-01 3.948973e+02
-1.955378e-01 1.596094e-02 -9.805663e-01 1.069704e+02 -3.943032e-02 9.989311e-01 2.412279e-02 -2.111029e+01 9.799032e-01 4.338096e-02 -1.946994e-01 3.946949e+02
-1.942438e-01 1.529982e-02 -9.808340e-01 1.059890e+02 -3.966337e-02 9.989382e-01 2.343713e-02 -2.109466e+01 9.801511e-01 4.345569e-02 -1.934307e-01 3.944873e+02
-1.924196e-01 1.427603e-02 -9.812089e-01 1.049634e+02 -4.020124e-02 9.989401e-01 2.241766e-02 -2.110704e+01 9.804889e-01 4.375942e-02 -1.916418e-01 3.942653e+02
-1.900880e-01 1.133693e-02 -9.817016e-01 1.039648e+02 -3.989435e-02 9.990182e-01 1.926170e-02 -2.110307e+01 9.809562e-01 4.282577e-02 -1.894491e-01 3.940450e+02
-1.871389e-01 8.808873e-03 -9.822940e-01 1.030244e+02 -3.921615e-02 9.990957e-01 1.643070e-02 -2.111371e+01 9.815504e-01 4.159661e-02 -1.866242e-01 3.938202e+02
-1.846225e-01 8.325978e-03 -9.827742e-01 1.019854e+02 -3.708423e-02 9.991930e-01 1.543167e-02 -2.113501e+01 9.821096e-01 3.929446e-02 -1.841648e-01 3.936476e+02
-1.819534e-01 9.458026e-03 -9.832617e-01 1.009861e+02 -3.758725e-02 9.991560e-01 1.656647e-02 -2.113874e+01 9.825885e-01 3.997243e-02 -1.814444e-01 3.934538e+02
-1.790111e-01 1.136995e-02 -9.837814e-01 1.000148e+02 -3.440501e-02 9.992493e-01 1.780914e-02 -2.114419e+01 9.832453e-01 3.703504e-02 -1.784855e-01 3.932662e+02
-1.761624e-01 1.527872e-02 -9.842425e-01 9.906802e+01 -3.206009e-02 9.992600e-01 2.125005e-02 -2.119343e+01 9.838389e-01 3.529836e-02 -1.755422e-01 3.930736e+02
-1.730143e-01 1.606056e-02 -9.847884e-01 9.815112e+01 -3.074304e-02 9.992918e-01 2.169824e-02 -2.120984e+01 9.844394e-01 3.402950e-02 -1.723981e-01 3.928936e+02
-1.690536e-01 1.604066e-02 -9.854763e-01 9.722251e+01 -3.226912e-02 9.992414e-01 2.180032e-02 -2.120462e+01 9.850785e-01 3.548588e-02 -1.684077e-01 3.927440e+02
-1.654066e-01 1.625747e-02 -9.860915e-01 9.634275e+01 -3.008627e-02 9.993156e-01 2.152215e-02 -2.123321e+01 9.857664e-01 3.322772e-02 -1.648042e-01 3.925709e+02
-1.613834e-01 1.544838e-02 -9.867709e-01 9.544889e+01 -2.948326e-02 9.993557e-01 2.046730e-02 -2.122118e+01 9.864513e-01 3.239631e-02 -1.608239e-01 3.924206e+02
-1.588902e-01 1.705776e-02 -9.871489e-01 9.454516e+01 -2.694636e-02 9.994033e-01 2.160677e-02 -2.123989e+01 9.869285e-01 3.003318e-02 -1.583357e-01 3.922878e+02
-1.573649e-01 1.684079e-02 -9.873969e-01 9.376323e+01 -2.409328e-02 9.994915e-01 2.088690e-02 -2.125958e+01 9.872466e-01 2.707650e-02 -1.568791e-01 3.921439e+02
-1.588008e-01 1.630889e-02 -9.871759e-01 9.294660e+01 -2.052967e-02 9.995928e-01 1.981650e-02 -2.126472e+01 9.870972e-01 2.341327e-02 -1.584013e-01 3.920077e+02
-1.616767e-01 1.591417e-02 -9.867155e-01 9.210714e+01 -1.655831e-02 9.996855e-01 1.883649e-02 -2.125941e+01 9.867049e-01 1.938376e-02 -1.613623e-01 3.918904e+02
-1.647134e-01 1.920877e-02 -9.861544e-01 9.134453e+01 -1.393578e-02 9.996652e-01 2.179957e-02 -2.131999e+01 9.862430e-01 1.733351e-02 -1.643905e-01 3.917481e+02
-1.704412e-01 2.264595e-02 -9.851076e-01 9.056104e+01 -1.069368e-02 9.996345e-01 2.483009e-02 -2.131539e+01 9.853098e-01 1.476649e-02 -1.701367e-01 3.916163e+02
-1.788526e-01 2.485493e-02 -9.835619e-01 8.973151e+01 -7.110455e-03 9.996221e-01 2.655375e-02 -2.131997e+01 9.838502e-01 1.174278e-02 -1.786083e-01 3.914792e+02
-1.880781e-01 2.446052e-02 -9.818494e-01 8.902140e+01 -7.816336e-03 9.996209e-01 2.640051e-02 -2.133614e+01 9.821230e-01 1.263982e-02 -1.878156e-01 3.912845e+02
-2.003821e-01 2.341170e-02 -9.794380e-01 8.828739e+01 -5.606704e-03 9.996707e-01 2.504239e-02 -2.131503e+01 9.797018e-01 1.050947e-02 -2.001849e-01 3.911195e+02
-2.138218e-01 2.518941e-02 -9.765479e-01 8.761511e+01 -4.262744e-03 9.996339e-01 2.671825e-02 -2.133221e+01 9.768634e-01 9.875718e-03 -2.136361e-01 3.909639e+02
-2.282933e-01 2.710480e-02 -9.732150e-01 8.694838e+01 -3.394684e-03 9.995842e-01 2.863551e-02 -2.135002e+01 9.735865e-01 9.841053e-03 -2.281063e-01 3.907511e+02
-2.466118e-01 2.972968e-02 -9.686582e-01 8.626736e+01 -1.485357e-03 9.995166e-01 3.105493e-02 -2.133608e+01 9.691132e-01 9.097314e-03 -2.464484e-01 3.905595e+02
-2.685105e-01 3.255176e-02 -9.627266e-01 8.568808e+01 1.485908e-03 9.994417e-01 3.337874e-02 -2.131418e+01 9.632756e-01 7.532018e-03 -2.684089e-01 3.903796e+02
-2.980155e-01 3.707710e-02 -9.538407e-01 8.514768e+01 7.814390e-03 9.993066e-01 3.640292e-02 -2.135526e+01 9.545290e-01 3.394952e-03 -2.980987e-01 3.902012e+02
-3.339814e-01 3.825298e-02 -9.418031e-01 8.460737e+01 1.232074e-02 9.992680e-01 3.621785e-02 -2.131395e+01 9.424991e-01 4.923755e-04 -3.342083e-01 3.899881e+02
-3.747428e-01 3.870346e-02 -9.263206e-01 8.410023e+01 1.103419e-02 9.992437e-01 3.728645e-02 -2.133186e+01 9.270631e-01 3.751634e-03 -3.748865e-01 3.897417e+02
-4.216486e-01 4.089331e-02 -9.058367e-01 8.372763e+01 1.145038e-02 9.991430e-01 3.977563e-02 -2.139093e+01 9.066870e-01 6.399166e-03 -4.217555e-01 3.895352e+02
-4.723271e-01 4.074242e-02 -8.804812e-01 8.330080e+01 1.113078e-02 9.991272e-01 4.026149e-02 -2.137410e+01 8.813531e-01 9.216153e-03 -4.723683e-01 3.892504e+02
-5.263376e-01 4.071605e-02 -8.493002e-01 8.294950e+01 9.796376e-03 9.990769e-01 4.182533e-02 -2.138808e+01 8.502192e-01 1.369418e-02 -5.262506e-01 3.890095e+02
-5.816873e-01 4.292671e-02 -8.122790e-01 8.258814e+01 1.609539e-02 9.990184e-01 4.126918e-02 -2.138272e+01 8.132533e-01 1.093181e-02 -5.818072e-01 3.886955e+02
-6.385601e-01 4.668340e-02 -7.681547e-01 8.223965e+01 2.100155e-02 9.988437e-01 4.324477e-02 -2.137912e+01 7.692854e-01 1.148194e-02 -6.388021e-01 3.884053e+02
-6.932976e-01 4.996716e-02 -7.189171e-01 8.187551e+01 2.554877e-02 9.986705e-01 4.477266e-02 -2.136308e+01 7.201984e-01 1.267333e-02 -6.936524e-01 3.880271e+02
-7.446658e-01 5.133744e-02 -6.654602e-01 8.162146e+01 2.690847e-02 9.985361e-01 4.692162e-02 -2.137725e+01 6.668949e-01 1.703441e-02 -7.449571e-01 3.875988e+02
-7.922533e-01 4.695986e-02 -6.083827e-01 8.139172e+01 2.435751e-02 9.986734e-01 4.536658e-02 -2.136685e+01 6.097060e-01 2.112313e-02 -7.923461e-01 3.872058e+02
-8.350421e-01 4.660602e-02 -5.482084e-01 8.119124e+01 2.634475e-02 9.986498e-01 4.477149e-02 -2.134326e+01 5.495549e-01 2.294367e-02 -8.351425e-01 3.868271e+02
-8.721061e-01 4.898800e-02 -4.868585e-01 8.106252e+01 2.901867e-02 9.984026e-01 4.847895e-02 -2.135469e+01 4.884556e-01 2.815080e-02 -8.721345e-01 3.863785e+02
-9.048801e-01 4.830462e-02 -4.229168e-01 8.094001e+01 2.872545e-02 9.982050e-01 5.255128e-02 -2.133896e+01 4.246962e-01 3.540414e-02 -9.046434e-01 3.859871e+02
-9.328220e-01 4.531208e-02 -3.574770e-01 8.081796e+01 2.633566e-02 9.979821e-01 5.777760e-02 -2.132098e+01 3.593737e-01 4.448183e-02 -9.321330e-01 3.855325e+02
-9.552756e-01 4.053407e-02 -2.929258e-01 8.076074e+01 2.394856e-02 9.979118e-01 5.998772e-02 -2.131847e+01 2.947457e-01 5.028965e-02 -9.542515e-01 3.850651e+02
-9.718140e-01 3.896030e-02 -2.325074e-01 8.081470e+01 2.495532e-02 9.977093e-01 6.287595e-02 -2.136296e+01 2.344244e-01 5.530144e-02 -9.705601e-01 3.848322e+02
-9.838241e-01 3.895141e-02 -1.748511e-01 8.068208e+01 2.862125e-02 9.977140e-01 6.121832e-02 -2.132422e+01 1.768359e-01 5.522360e-02 -9.826899e-01 3.842913e+02
-9.915493e-01 3.616366e-02 -1.245880e-01 8.075453e+01 2.919712e-02 9.979302e-01 5.729627e-02 -2.130245e+01 1.264022e-01 5.317447e-02 -9.905529e-01 3.837550e+02
-9.963003e-01 3.354714e-02 -7.912207e-02 8.082677e+01 2.943805e-02 9.981848e-01 5.254041e-02 -2.131796e+01 8.074103e-02 5.001682e-02 -9.954794e-01 3.834322e+02
-9.987809e-01 2.910110e-02 -3.987155e-02 8.081144e+01 2.718920e-02 9.984924e-01 4.768225e-02 -2.129864e+01 4.119905e-02 4.654004e-02 -9.980665e-01 3.829658e+02
-9.997592e-01 2.009349e-02 -8.817711e-03 8.094284e+01 1.966327e-02 9.987281e-01 4.642870e-02 -2.129155e+01 9.739410e-03 4.624414e-02 -9.988827e-01 3.826352e+02
-9.997208e-01 1.603223e-02 1.735523e-02 8.100733e+01 1.685530e-02 9.986874e-01 4.836679e-02 -2.128328e+01 -1.655702e-02 4.864581e-02 -9.986789e-01 3.822366e+02
-9.989756e-01 1.587888e-02 4.237575e-02 8.100836e+01 1.803991e-02 9.985300e-01 5.111169e-02 -2.125757e+01 -4.150187e-02 5.182378e-02 -9.977935e-01 3.816522e+02
-9.977762e-01 2.137101e-02 6.313429e-02 8.111771e+01 2.479495e-02 9.982354e-01 5.395663e-02 -2.125968e+01 -6.186978e-02 5.540206e-02 -9.965454e-01 3.809901e+02
-9.964144e-01 2.092502e-02 8.197830e-02 8.112222e+01 2.556314e-02 9.981067e-01 5.594267e-02 -2.129858e+01 -8.065249e-02 5.783770e-02 -9.950628e-01 3.803802e+02
-9.952082e-01 1.914207e-02 9.588648e-02 8.122540e+01 2.431357e-02 9.982953e-01 5.305889e-02 -2.126459e+01 -9.470737e-02 5.513599e-02 -9.939771e-01 3.797792e+02
-9.941507e-01 1.436575e-02 1.070424e-01 8.141081e+01 1.967368e-02 9.986198e-01 4.869734e-02 -2.118980e+01 -1.061950e-01 5.051841e-02 -9.930612e-01 3.793163e+02
-9.929839e-01 1.684064e-02 1.170445e-01 8.147278e+01 2.236985e-02 9.986869e-01 4.608823e-02 -2.115913e+01 -1.161147e-01 4.838314e-02 -9.920567e-01 3.787673e+02
-9.919980e-01 2.267174e-02 1.242014e-01 8.158086e+01 2.856664e-02 9.985380e-01 4.588877e-02 -2.115786e+01 -1.229795e-01 4.906958e-02 -9.911954e-01 3.781545e+02
-9.912200e-01 2.486057e-02 1.298644e-01 8.173054e+01 3.098157e-02 9.984916e-01 4.532790e-02 -2.114601e+01 -1.285417e-01 4.895332e-02 -9.904951e-01 3.774728e+02
-9.908864e-01 2.556937e-02 1.322513e-01 8.184511e+01 3.173683e-02 9.984945e-01 4.473846e-02 -2.112248e+01 -1.309082e-01 4.852796e-02 -9.902061e-01 3.767818e+02
-9.906382e-01 2.473186e-02 1.342544e-01 8.192609e+01 3.073030e-02 9.986113e-01 4.279264e-02 -2.108599e+01 -1.330096e-01 4.651770e-02 -9.900225e-01 3.761596e+02
-9.898862e-01 3.026731e-02 1.385974e-01 8.211231e+01 3.625085e-02 9.985073e-01 4.085277e-02 -2.109403e+01 -1.371540e-01 4.546386e-02 -9.895058e-01 3.753616e+02
-9.890095e-01 3.592350e-02 1.434217e-01 8.222854e+01 4.197518e-02 9.983417e-01 3.939381e-02 -2.106380e+01 -1.417687e-01 4.498101e-02 -9.888773e-01 3.746598e+02
-9.880340e-01 4.118640e-02 1.486352e-01 8.235181e+01 4.731802e-02 9.981586e-01 3.795371e-02 -2.105515e+01 -1.467984e-01 4.453268e-02 -9.881635e-01 3.739991e+02
-9.869869e-01 4.266943e-02 1.550360e-01 8.254222e+01 4.915139e-02 9.980599e-01 3.821778e-02 -2.103394e+01 -1.531045e-01 4.534069e-02 -9.871693e-01 3.731056e+02
-9.856885e-01 4.493768e-02 1.624768e-01 8.260006e+01 5.208877e-02 9.978402e-01 4.002222e-02 -2.112517e+01 -1.603274e-01 4.791266e-02 -9.859004e-01 3.722792e+02
-9.848066e-01 4.538957e-02 1.676178e-01 8.279000e+01 5.257297e-02 9.978682e-01 3.866777e-02 -2.109046e+01 -1.655053e-01 4.689244e-02 -9.850934e-01 3.716679e+02
-9.841288e-01 4.522002e-02 1.715974e-01 8.305050e+01 5.220039e-02 9.979736e-01 3.638471e-02 -2.107574e+01 -1.696044e-01 4.476470e-02 -9.844950e-01 3.707686e+02
-9.838100e-01 4.205613e-02 1.742102e-01 8.321912e+01 4.848894e-02 9.982839e-01 3.283353e-02 -2.098694e+01 -1.725304e-01 4.074922e-02 -9.841609e-01 3.699152e+02
-9.826542e-01 5.134456e-02 1.781979e-01 8.335798e+01 5.841640e-02 9.976903e-01 3.466454e-02 -2.111020e+01 -1.760065e-01 4.447294e-02 -9.833839e-01 3.691576e+02
-9.824175e-01 4.970749e-02 1.799582e-01 8.362294e+01 5.663750e-02 9.978301e-01 3.357472e-02 -2.094929e+01 -1.778988e-01 4.317677e-02 -9.831011e-01 3.682521e+02
-9.815740e-01 5.594397e-02 1.827093e-01 8.382833e+01 6.385220e-02 9.972475e-01 3.768650e-02 -2.100066e+01 -1.800980e-01 4.865848e-02 -9.824444e-01 3.673897e+02
-9.808615e-01 5.631994e-02 1.863833e-01 8.394235e+01 6.486894e-02 9.970883e-01 4.008673e-02 -2.093708e+01 -1.835830e-01 5.141003e-02 -9.816590e-01 3.664970e+02
-9.804513e-01 5.522706e-02 1.888525e-01 8.422623e+01 6.405249e-02 9.971061e-01 4.094787e-02 -2.091969e+01 -1.860446e-01 5.224386e-02 -9.811514e-01 3.655024e+02
-9.803884e-01 4.855982e-02 1.909987e-01 8.442361e+01 5.752514e-02 9.974738e-01 4.167480e-02 -2.087338e+01 -1.884925e-01 5.184472e-02 -9.807052e-01 3.645532e+02
-9.801986e-01 4.271623e-02 1.933548e-01 8.459867e+01 5.245542e-02 9.975848e-01 4.553113e-02 -2.087647e+01 -1.909429e-01 5.477205e-02 -9.800719e-01 3.636649e+02
-9.802033e-01 3.629031e-02 1.946393e-01 8.488266e+01 4.680880e-02 9.976659e-01 4.971525e-02 -2.089248e+01 -1.923808e-01 5.784188e-02 -9.796142e-01 3.624596e+02
-9.802116e-01 3.307199e-02 1.951705e-01 8.507360e+01 4.372630e-02 9.977646e-01 5.053508e-02 -2.088117e+01 -1.930629e-01 5.806916e-02 -9.794665e-01 3.614441e+02
-9.804970e-01 3.256272e-02 1.938175e-01 8.529706e+01 4.204199e-02 9.981021e-01 4.499660e-02 -2.084356e+01 -1.919844e-01 5.226750e-02 -9.800051e-01 3.603738e+02
-9.803479e-01 3.652701e-02 1.938655e-01 8.558392e+01 4.504360e-02 9.981957e-01 3.970432e-02 -2.079150e+01 -1.920655e-01 4.765645e-02 -9.802243e-01 3.595499e+02
-9.803772e-01 3.802399e-02 1.934287e-01 8.579841e+01 4.666762e-02 9.980961e-01 4.032633e-02 -2.078871e+01 -1.915271e-01 4.856187e-02 -9.802852e-01 3.584374e+02
-9.805565e-01 3.950882e-02 1.922187e-01 8.608720e+01 4.867801e-02 9.978793e-01 4.321383e-02 -2.079395e+01 -1.901037e-01 5.173042e-02 -9.804002e-01 3.575347e+02
-9.800141e-01 4.344743e-02 1.941257e-01 8.633979e+01 5.234481e-02 9.977896e-01 4.093871e-02 -2.074695e+01 -1.919179e-01 5.028198e-02 -9.801221e-01 3.559734e+02
-9.802798e-01 3.976892e-02 1.935717e-01 8.655332e+01 4.860365e-02 9.979719e-01 4.110573e-02 -2.072468e+01 -1.915444e-01 4.970341e-02 -9.802246e-01 3.550055e+02
-9.805829e-01 3.329822e-02 1.932573e-01 8.667037e+01 4.282677e-02 9.980533e-01 4.533751e-02 -2.096247e+01 -1.913714e-01 5.273378e-02 -9.801001e-01 3.542999e+02
-9.804530e-01 3.842653e-02 1.929645e-01 8.702963e+01 4.747035e-02 9.979696e-01 4.246346e-02 -2.075408e+01 -1.909410e-01 5.079352e-02 -9.802865e-01 3.535018e+02
-9.804258e-01 3.565746e-02 1.936332e-01 8.716752e+01 4.411445e-02 9.982437e-01 3.953920e-02 -2.074844e+01 -1.918832e-01 4.730727e-02 -9.802769e-01 3.527390e+02
-9.796271e-01 4.429220e-02 1.958800e-01 8.749755e+01 5.294923e-02 9.978283e-01 3.917952e-02 -2.086112e+01 -1.937193e-01 4.875302e-02 -9.798449e-01 3.509818e+02
-9.792557e-01 4.589483e-02 1.973623e-01 8.768219e+01 5.410466e-02 9.978714e-01 3.640592e-02 -2.072456e+01 -1.952713e-01 4.632892e-02 -9.796544e-01 3.505169e+02
-9.786842e-01 4.583214e-02 2.001914e-01 8.784502e+01 5.406775e-02 9.978930e-01 3.586406e-02 -2.073304e+01 -1.981259e-01 4.592348e-02 -9.791002e-01 3.493941e+02
-9.789316e-01 4.013866e-02 2.002042e-01 8.809310e+01 4.915786e-02 9.979784e-01 4.028222e-02 -2.070585e+01 -1.981826e-01 4.927515e-02 -9.789257e-01 3.486813e+02
-9.783395e-01 4.830864e-02 2.012909e-01 8.830323e+01 5.852572e-02 9.972659e-01 4.511614e-02 -2.087483e+01 -1.985610e-01 5.591959e-02 -9.784920e-01 3.478742e+02
-9.783802e-01 4.686362e-02 2.014346e-01 8.851425e+01 5.652245e-02 9.974978e-01 4.246584e-02 -2.083892e+01 -1.989405e-01 5.293331e-02 -9.785810e-01 3.465833e+02
-9.789250e-01 4.265587e-02 1.997154e-01 8.881105e+01 5.147235e-02 9.979063e-01 3.916078e-02 -2.086166e+01 -1.976268e-01 4.861529e-02 -9.790711e-01 3.456050e+02
-9.786320e-01 5.058010e-02 1.993016e-01 8.905625e+01 5.944722e-02 9.974788e-01 3.875718e-02 -2.086536e+01 -1.968388e-01 4.977694e-02 -9.791715e-01 3.449176e+02
-9.786881e-01 5.251324e-02 1.985244e-01 8.928157e+01 6.259057e-02 9.970321e-01 4.482702e-02 -2.080021e+01 -1.955812e-01 5.629743e-02 -9.790703e-01 3.438187e+02
-9.785675e-01 5.633662e-02 1.980700e-01 8.946518e+01 6.782683e-02 9.963563e-01 5.170792e-02 -2.085655e+01 -1.944353e-01 6.403416e-02 -9.788230e-01 3.428741e+02
-9.795966e-01 4.757368e-02 1.952619e-01 8.985028e+01 5.869281e-02 9.969439e-01 5.155633e-02 -2.079316e+01 -1.922125e-01 6.196488e-02 -9.793951e-01 3.419118e+02
-9.793250e-01 4.709338e-02 1.967351e-01 8.993735e+01 5.753051e-02 9.972048e-01 4.767488e-02 -2.074224e+01 -1.939400e-01 5.800748e-02 -9.792969e-01 3.403677e+02
-9.800649e-01 4.429062e-02 1.936779e-01 9.027137e+01 5.373484e-02 9.975950e-01 4.378162e-02 -2.071730e+01 -1.912730e-01 5.331608e-02 -9.800878e-01 3.397861e+02
-9.803252e-01 4.576661e-02 1.920103e-01 9.052882e+01 5.508792e-02 9.975340e-01 4.348892e-02 -2.076165e+01 -1.895465e-01 5.321073e-02 -9.804289e-01 3.391276e+02
-9.801215e-01 4.611548e-02 1.929644e-01 9.063150e+01 5.659170e-02 9.971877e-01 4.913317e-02 -2.072472e+01 -1.901559e-01 5.907666e-02 -9.799748e-01 3.377892e+02
-9.808623e-01 3.727894e-02 1.911006e-01 9.096815e+01 4.818802e-02 9.974440e-01 5.275839e-02 -2.069134e+01 -1.886454e-01 6.095747e-02 -9.801516e-01 3.366187e+02
-9.809910e-01 3.961640e-02 1.899661e-01 9.134276e+01 5.002097e-02 9.974812e-01 5.029054e-02 -2.067864e+01 -1.874953e-01 5.883686e-02 -9.805018e-01 3.356620e+02
-9.808821e-01 4.406538e-02 1.895481e-01 9.156402e+01 5.370250e-02 9.974965e-01 4.600813e-02 -2.063397e+01 -1.870462e-01 5.530776e-02 -9.807929e-01 3.345611e+02
-9.809035e-01 4.376985e-02 1.895062e-01 9.171989e+01 5.329248e-02 9.975442e-01 4.544664e-02 -2.063560e+01 -1.870516e-01 5.467802e-02 -9.808272e-01 3.335552e+02
-9.807995e-01 5.026646e-02 1.884292e-01 9.207206e+01 6.071715e-02 9.968967e-01 5.010309e-02 -2.066430e+01 -1.853260e-01 6.058197e-02 -9.808079e-01 3.325769e+02
-9.806304e-01 5.177731e-02 1.888999e-01 9.225697e+01 6.319613e-02 9.964882e-01 5.493153e-02 -2.063508e+01 -1.853923e-01 6.580527e-02 -9.804587e-01 3.314655e+02
-9.805745e-01 5.556798e-02 1.881112e-01 9.248273e+01 6.704033e-02 9.962233e-01 5.517971e-02 -2.059815e+01 -1.843345e-01 6.671885e-02 -9.805964e-01 3.305991e+02
-9.806091e-01 5.963982e-02 1.866788e-01 9.285463e+01 7.079677e-02 9.960456e-01 5.367490e-02 -2.060582e+01 -1.827395e-01 6.585035e-02 -9.809536e-01 3.293914e+02
-9.800706e-01 6.316489e-02 1.883397e-01 9.297326e+01 7.465956e-02 9.957149e-01 5.456847e-02 -2.055734e+01 -1.840858e-01 6.754231e-02 -9.805868e-01 3.280268e+02
-9.801449e-01 6.634662e-02 1.868533e-01 9.323832e+01 7.816912e-02 9.953308e-01 5.662315e-02 -2.056450e+01 -1.822241e-01 7.010505e-02 -9.807546e-01 3.271485e+02
-9.802408e-01 6.885941e-02 1.854354e-01 9.367209e+01 8.044944e-02 9.952005e-01 5.571159e-02 -2.053469e+01 -1.807091e-01 6.952895e-02 -9.810759e-01 3.261319e+02
-9.795798e-01 7.382245e-02 1.870124e-01 9.383918e+01 8.498406e-02 9.950048e-01 5.237610e-02 -2.050258e+01 -1.822117e-01 6.719964e-02 -9.809603e-01 3.248656e+02
-9.795369e-01 7.679447e-02 1.860378e-01 9.410375e+01 8.746295e-02 9.949211e-01 4.982184e-02 -2.057287e+01 -1.812669e-01 6.507375e-02 -9.812786e-01 3.240403e+02
-9.794120e-01 7.645811e-02 1.868322e-01 9.434241e+01 8.651821e-02 9.951744e-01 4.628652e-02 -2.046999e+01 -1.823917e-01 6.149797e-02 -9.813008e-01 3.230582e+02
-9.794025e-01 7.410583e-02 1.878274e-01 9.452710e+01 8.453075e-02 9.952591e-01 4.810335e-02 -2.042019e+01 -1.833722e-01 6.298973e-02 -9.810234e-01 3.218231e+02
-9.793130e-01 7.427648e-02 1.882261e-01 9.472104e+01 8.558048e-02 9.949393e-01 5.264670e-02 -2.041656e+01 -1.833631e-01 6.766607e-02 -9.807137e-01 3.208365e+02
-9.797083e-01 7.196860e-02 1.870619e-01 9.511528e+01 8.371209e-02 9.949350e-01 5.564652e-02 -2.038229e+01 -1.821097e-01 7.017670e-02 -9.807708e-01 3.197652e+02
-9.799125e-01 7.230610e-02 1.858583e-01 9.533837e+01 8.468548e-02 9.946270e-01 5.954409e-02 -2.033980e+01 -1.805542e-01 7.408749e-02 -9.807707e-01 3.185616e+02
-9.797739e-01 7.160505e-02 1.868576e-01 9.548393e+01 8.450680e-02 9.944915e-01 6.200952e-02 -2.029826e+01 -1.813881e-01 7.654605e-02 -9.804280e-01 3.172617e+02
-9.796225e-01 7.739819e-02 1.853358e-01 9.591242e+01 8.951368e-02 9.943007e-01 5.790861e-02 -2.023324e+01 -1.797975e-01 7.331867e-02 -9.809675e-01 3.160017e+02
-9.798021e-01 7.741838e-02 1.843750e-01 9.610693e+01 8.872181e-02 9.945995e-01 5.385512e-02 -2.019150e+01 -1.792099e-01 6.912545e-02 -9.813794e-01 3.147424e+02
-9.797678e-01 7.712801e-02 1.846788e-01 9.631086e+01 8.847422e-02 9.946140e-01 5.399428e-02 -2.013148e+01 -1.795196e-01 6.924117e-02 -9.813146e-01 3.134977e+02
-9.799658e-01 7.779270e-02 1.833448e-01 9.674572e+01 8.922848e-02 9.944937e-01 5.495935e-02 -2.009758e+01 -1.780598e-01 7.021785e-02 -9.815112e-01 3.124003e+02
-9.799838e-01 7.699062e-02 1.835870e-01 9.695445e+01 8.781317e-02 9.948019e-01 5.155635e-02 -2.005726e+01 -1.786633e-01 6.664574e-02 -9.816505e-01 3.112560e+02
-9.792940e-01 7.949581e-02 1.861819e-01 9.712158e+01 8.991462e-02 9.947830e-01 4.818817e-02 -2.004883e+01 -1.813799e-01 6.393086e-02 -9.813329e-01 3.097113e+02
-9.792864e-01 8.073584e-02 1.856876e-01 9.748792e+01 9.122681e-02 9.946410e-01 4.865160e-02 -2.019267e+01 -1.807646e-01 6.458353e-02 -9.814037e-01 3.088806e+02
-9.789601e-01 8.140914e-02 1.871089e-01 9.767852e+01 9.238680e-02 9.944314e-01 5.070406e-02 -2.016009e+01 -1.819392e-01 6.692365e-02 -9.810297e-01 3.076144e+02
-9.788502e-01 7.940208e-02 1.885405e-01 9.793788e+01 9.125404e-02 9.943064e-01 5.502288e-02 -2.010957e+01 -1.830981e-01 7.106424e-02 -9.805228e-01 3.063824e+02
-9.782569e-01 8.262798e-02 1.902261e-01 9.834472e+01 9.555841e-02 9.936247e-01 5.982078e-02 -2.015149e+01 -1.840705e-01 7.669779e-02 -9.799161e-01 3.053036e+02
-9.783701e-01 7.899357e-02 1.911857e-01 9.857410e+01 9.172390e-02 9.940549e-01 5.866532e-02 -2.013159e+01 -1.854149e-01 7.493269e-02 -9.797992e-01 3.040330e+02
-9.780352e-01 8.139629e-02 1.918900e-01 9.878929e+01 9.254234e-02 9.944605e-01 4.984247e-02 -2.010336e+01 -1.867700e-01 6.650564e-02 -9.801500e-01 3.028838e+02
-9.774493e-01 8.259182e-02 1.943490e-01 9.907376e+01 9.232399e-02 9.948619e-01 4.154671e-02 -2.013955e+01 -1.899190e-01 5.855288e-02 -9.800522e-01 3.017826e+02
-9.770099e-01 8.378138e-02 1.960416e-01 9.929151e+01 9.360655e-02 9.947488e-01 4.138461e-02 -2.012045e+01 -1.915449e-01 5.878396e-02 -9.797219e-01 3.005984e+02
-9.760663e-01 8.495064e-02 2.001949e-01 9.940798e+01 9.592880e-02 9.943352e-01 4.577267e-02 -2.005178e+01 -1.951725e-01 6.388162e-02 -9.786863e-01 2.991977e+02
-9.768103e-01 8.513243e-02 1.964540e-01 9.999718e+01 9.728312e-02 9.938427e-01 5.303482e-02 -2.007198e+01 -1.907294e-01 7.091661e-02 -9.790777e-01 2.983282e+02
-9.765295e-01 8.351993e-02 1.985309e-01 1.001807e+02 9.696596e-02 9.935385e-01 5.898260e-02 -2.002644e+01 -1.923219e-01 7.684898e-02 -9.783182e-01 2.972060e+02
-9.767440e-01 8.339148e-02 1.975271e-01 1.004501e+02 9.733737e-02 9.933208e-01 6.196218e-02 -1.999819e+01 -1.910406e-01 7.974795e-02 -9.783372e-01 2.961037e+02
-9.767527e-01 8.484545e-02 1.968638e-01 1.008560e+02 9.850607e-02 9.932864e-01 6.065230e-02 -1.996798e+01 -1.903961e-01 7.863458e-02 -9.785530e-01 2.949306e+02
-9.772257e-01 8.338896e-02 1.951312e-01 1.011000e+02 9.705061e-02 9.933765e-01 6.151614e-02 -1.991766e+01 -1.887089e-01 7.905275e-02 -9.788461e-01 2.938302e+02
-9.768521e-01 8.756607e-02 1.951719e-01 1.013076e+02 1.014886e-01 9.928717e-01 6.249609e-02 -1.992918e+01 -1.883081e-01 8.085716e-02 -9.787759e-01 2.926899e+02
-9.771281e-01 9.013328e-02 1.926048e-01 1.017318e+02 1.027995e-01 9.930794e-01 5.679381e-02 -1.987394e+01 -1.861529e-01 7.529451e-02 -9.796315e-01 2.915971e+02
-9.769985e-01 9.139149e-02 1.926693e-01 1.019206e+02 1.024819e-01 9.935575e-01 4.838299e-02 -1.986926e+01 -1.870062e-01 6.701522e-02 -9.800702e-01 2.904587e+02
-9.768002e-01 1.006354e-01 1.890342e-01 1.023736e+02 1.120767e-01 9.923994e-01 5.081663e-02 -2.012084e+01 -1.824834e-01 7.082402e-02 -9.806548e-01 2.896017e+02
-9.775492e-01 9.115726e-02 1.899681e-01 1.026369e+02 1.031582e-01 9.931843e-01 5.425257e-02 -1.996682e+01 -1.837278e-01 7.263132e-02 -9.802902e-01 2.882319e+02
-9.784049e-01 8.250784e-02 1.895160e-01 1.028747e+02 9.584247e-02 9.934454e-01 6.229403e-02 -1.991439e+01 -1.831340e-01 7.911246e-02 -9.798996e-01 2.871456e+02
-9.788694e-01 7.941796e-02 1.884343e-01 1.031238e+02 9.434372e-02 9.929619e-01 7.159620e-02 -1.984137e+01 -1.814221e-01 8.786092e-02 -9.794726e-01 2.860046e+02
-9.797833e-01 7.611579e-02 1.850166e-01 1.035935e+02 9.139932e-02 9.929465e-01 7.552089e-02 -1.965159e+01 -1.779632e-01 9.090449e-02 -9.798293e-01 2.848964e+02
-9.799718e-01 7.535721e-02 1.843273e-01 1.038170e+02 9.073678e-02 9.929350e-01 7.646551e-02 -1.962017e+01 -1.772627e-01 9.165931e-02 -9.798860e-01 2.837780e+02
-9.793777e-01 8.619563e-02 1.827280e-01 1.040150e+02 1.001691e-01 9.925988e-01 6.865764e-02 -1.964919e+01 -1.754576e-01 8.554546e-02 -9.807633e-01 2.829172e+02
-9.786001e-01 9.787664e-02 1.810029e-01 1.043472e+02 1.086352e-01 9.927987e-01 5.048888e-02 -1.951000e+01 -1.747578e-01 6.907171e-02 -9.821857e-01 2.817169e+02
-9.778987e-01 1.035606e-01 1.816298e-01 1.045064e+02 1.132991e-01 9.925835e-01 4.405956e-02 -1.949012e+01 -1.757199e-01 6.366428e-02 -9.823794e-01 2.806485e+02
-9.784385e-01 9.923000e-02 1.811392e-01 1.047546e+02 1.101237e-01 9.926043e-01 5.108306e-02 -1.946157e+01 -1.747306e-01 6.992935e-02 -9.821299e-01 2.796733e+02
-9.787684e-01 9.626145e-02 1.809590e-01 1.051829e+02 1.090204e-01 9.921095e-01 6.191382e-02 -1.934334e+01 -1.735712e-01 8.032752e-02 -9.815399e-01 2.784037e+02
-9.789445e-01 9.318526e-02 1.816156e-01 1.053885e+02 1.074913e-01 9.916984e-01 7.056832e-02 -1.927294e+01 -1.735320e-01 8.860456e-02 -9.808343e-01 2.772916e+02
-9.790485e-01 8.967504e-02 1.828178e-01 1.055547e+02 1.053468e-01 9.913814e-01 7.787807e-02 -1.920378e+01 -1.742584e-01 9.550568e-02 -9.800575e-01 2.761935e+02
-9.807197e-01 7.868957e-02 1.788766e-01 1.060767e+02 9.429521e-02 9.922866e-01 8.047206e-02 -1.908806e+01 -1.711645e-01 9.578774e-02 -9.805750e-01 2.749851e+02
-9.806868e-01 7.696268e-02 1.798058e-01 1.062614e+02 9.227203e-02 9.926441e-01 7.838134e-02 -1.902246e+01 -1.724507e-01 9.345859e-02 -9.805745e-01 2.738968e+02
-9.804392e-01 7.951431e-02 1.800459e-01 1.064283e+02 9.369929e-02 9.930161e-01 7.168979e-02 -1.899433e+01 -1.730882e-01 8.715765e-02 -9.810423e-01 2.729352e+02
-9.805383e-01 8.128510e-02 1.787101e-01 1.068595e+02 9.370267e-02 9.936575e-01 6.216497e-02 -1.886506e+01 -1.725235e-01 7.770075e-02 -9.819360e-01 2.716030e+02
-9.805664e-01 8.328775e-02 1.776306e-01 1.070361e+02 9.445953e-02 9.939872e-01 5.537826e-02 -1.878097e+01 -1.719502e-01 7.108096e-02 -9.825378e-01 2.704550e+02
-9.808189e-01 8.661901e-02 1.746177e-01 1.072460e+02 9.696110e-02 9.939509e-01 5.157686e-02 -1.879471e+01 -1.690939e-01 6.751869e-02 -9.832845e-01 2.694711e+02
-9.822142e-01 8.026042e-02 1.697453e-01 1.075611e+02 8.992844e-02 9.946901e-01 5.004402e-02 -1.875976e+01 -1.648274e-01 6.441888e-02 -9.842165e-01 2.686412e+02
-9.824269e-01 7.884096e-02 1.691790e-01 1.077319e+02 8.916864e-02 9.945336e-01 5.433114e-02 -1.869006e+01 -1.639706e-01 6.846183e-02 -9.840867e-01 2.675690e+02
-9.822886e-01 8.177036e-02 1.685902e-01 1.078946e+02 9.412802e-02 9.933267e-01 6.664805e-02 -1.867824e+01 -1.620153e-01 8.133669e-02 -9.834304e-01 2.665896e+02
-9.826990e-01 7.520941e-02 1.692519e-01 1.082181e+02 8.927987e-02 9.930172e-01 7.710989e-02 -1.864359e+01 -1.622707e-01 9.088661e-02 -9.825517e-01 2.656040e+02
-9.827419e-01 7.065344e-02 1.709575e-01 1.084017e+02 8.523620e-02 9.931830e-01 7.951329e-02 -1.854630e+01 -1.641742e-01 9.271281e-02 -9.820647e-01 2.644824e+02
-9.834646e-01 6.471641e-02 1.691424e-01 1.085989e+02 7.877527e-02 9.938543e-01 7.776881e-02 -1.853849e+01 -1.630700e-01 8.980711e-02 -9.825186e-01 2.636334e+02
-9.836762e-01 6.066994e-02 1.694117e-01 1.090258e+02 7.267481e-02 9.951973e-01 6.557941e-02 -1.836339e+01 -1.646193e-01 7.682087e-02 -9.833611e-01 2.622895e+02
-9.833351e-01 6.440572e-02 1.700118e-01 1.092029e+02 7.477369e-02 9.956662e-01 5.529612e-02 -1.831387e+01 -1.657136e-01 6.708703e-02 -9.838894e-01 2.613396e+02
-9.829926e-01 6.618326e-02 1.713046e-01 1.093805e+02 7.575365e-02 9.958752e-01 4.994035e-02 -1.827695e+01 -1.672927e-01 6.206794e-02 -9.839516e-01 2.604140e+02
-9.871633e-01 3.457708e-02 1.559266e-01 1.100613e+02 4.149334e-02 9.982840e-01 4.132041e-02 -1.814089e+01 -1.542303e-01 4.725991e-02 -9.869040e-01 2.592958e+02
-9.867936e-01 3.662545e-02 1.577879e-01 1.101950e+02 4.473720e-02 9.978369e-01 4.816689e-02 -1.813866e+01 -1.556824e-01 5.458977e-02 -9.862976e-01 2.584168e+02
-9.864767e-01 3.778702e-02 1.594865e-01 1.103396e+02 4.664450e-02 9.975486e-01 5.216315e-02 -1.811220e+01 -1.571245e-01 5.889690e-02 -9.858210e-01 2.574997e+02
-9.863613e-01 3.902082e-02 1.599023e-01 1.105696e+02 4.768907e-02 9.975729e-01 5.073435e-02 -1.807890e+01 -1.575345e-01 5.766799e-02 -9.858282e-01 2.567868e+02
-9.861359e-01 3.970806e-02 1.611189e-01 1.107188e+02 4.734691e-02 9.979155e-01 4.385078e-02 -1.805445e+01 -1.590418e-01 5.087131e-02 -9.859603e-01 2.559199e+02
-9.859602e-01 4.107312e-02 1.618499e-01 1.108486e+02 4.817041e-02 9.980310e-01 4.017218e-02 -1.803037e+01 -1.598812e-01 4.740455e-02 -9.859974e-01 2.550840e+02
-9.855339e-01 3.893267e-02 1.649462e-01 1.110614e+02 4.565250e-02 9.982666e-01 3.714485e-02 -1.790910e+01 -1.632141e-01 4.413771e-02 -9.856029e-01 2.541931e+02
-9.853818e-01 3.673181e-02 1.663534e-01 1.112069e+02 4.354958e-02 9.983464e-01 3.752191e-02 -1.788479e+01 -1.647001e-01 4.421803e-02 -9.853520e-01 2.533201e+02
-9.849180e-01 3.795603e-02 1.688070e-01 1.113319e+02 4.476773e-02 9.983220e-01 3.672953e-02 -1.786283e+01 -1.671297e-01 4.373268e-02 -9.849645e-01 2.525285e+02
-9.853835e-01 3.194066e-02 1.673296e-01 1.116228e+02 3.893734e-02 9.984919e-01 3.870036e-02 -1.785215e+01 -1.658411e-01 4.465006e-02 -9.851412e-01 2.517699e+02
-9.851347e-01 2.401639e-02 1.700966e-01 1.117442e+02 3.183248e-02 9.985517e-01 4.337345e-02 -1.781968e+01 -1.688086e-01 4.814329e-02 -9.844724e-01 2.509417e+02
-9.845797e-01 2.076107e-02 1.737001e-01 1.118469e+02 3.031601e-02 9.981587e-01 5.253705e-02 -1.786499e+01 -1.722895e-01 5.699280e-02 -9.833962e-01 2.501455e+02
-9.840093e-01 2.189847e-02 1.767658e-01 1.121619e+02 3.040091e-02 9.985000e-01 4.553574e-02 -1.737737e+01 -1.755035e-01 5.018143e-02 -9.831990e-01 2.493867e+02
-9.832681e-01 2.574844e-02 1.803353e-01 1.122805e+02 3.344789e-02 9.986483e-01 3.978480e-02 -1.729520e+01 -1.790671e-01 4.515097e-02 -9.828003e-01 2.485429e+02
-9.833062e-01 2.286533e-02 1.805161e-01 1.124453e+02 3.034446e-02 9.987870e-01 3.877940e-02 -1.735067e+01 -1.794104e-01 4.360969e-02 -9.828073e-01 2.479989e+02
-9.826429e-01 3.117919e-02 1.828681e-01 1.127093e+02 3.807867e-02 9.986845e-01 3.433926e-02 -1.733294e+01 -1.815569e-01 4.070661e-02 -9.825376e-01 2.472386e+02
-9.821579e-01 2.949048e-02 1.857316e-01 1.128332e+02 3.708399e-02 9.986067e-01 3.754314e-02 -1.732848e+01 -1.843656e-01 4.376096e-02 -9.818830e-01 2.465944e+02
-9.818243e-01 3.037424e-02 1.873458e-01 1.129488e+02 4.029984e-02 9.979657e-01 4.940017e-02 -1.752992e+01 -1.854642e-01 5.605230e-02 -9.810511e-01 2.459700e+02
-9.823750e-01 2.121340e-02 1.857131e-01 1.132578e+02 2.972656e-02 9.986251e-01 4.317621e-02 -1.719360e+01 -1.845419e-01 4.793584e-02 -9.816550e-01 2.452952e+02
-9.826817e-01 1.836906e-02 1.843886e-01 1.133774e+02 2.694400e-02 9.986634e-01 4.410726e-02 -1.718379e+01 -1.833319e-01 4.831157e-02 -9.818632e-01 2.447149e+02
-9.836391e-01 1.617342e-02 1.794226e-01 1.135376e+02 2.449254e-02 9.987203e-01 4.424808e-02 -1.715621e+01 -1.784773e-01 4.791866e-02 -9.827765e-01 2.441542e+02
-9.849388e-01 1.582504e-02 1.721775e-01 1.137625e+02 2.410272e-02 9.986464e-01 4.609245e-02 -1.722530e+01 -1.712151e-01 4.954819e-02 -9.839870e-01 2.435834e+02
-9.862064e-01 1.487757e-02 1.648505e-01 1.138411e+02 2.235817e-02 9.987982e-01 4.361578e-02 -1.720455e+01 -1.640035e-01 4.669992e-02 -9.853537e-01 2.430497e+02
-9.879007e-01 1.199698e-02 1.546232e-01 1.139252e+02 1.831688e-02 9.990511e-01 3.951322e-02 -1.717761e+01 -1.540024e-01 4.186735e-02 -9.871830e-01 2.425084e+02
-9.903394e-01 9.276049e-03 1.383538e-01 1.141083e+02 1.505065e-02 9.990560e-01 4.075028e-02 -1.718336e+01 -1.378452e-01 4.243892e-02 -9.895442e-01 2.420373e+02
-9.930171e-01 8.904604e-03 1.176343e-01 1.141821e+02 1.388266e-02 9.990393e-01 4.156668e-02 -1.717233e+01 -1.171512e-01 4.290950e-02 -9.921867e-01 2.415520e+02
-9.954065e-01 1.334919e-02 9.480385e-02 1.141846e+02 1.744288e-02 9.989449e-01 4.248407e-02 -1.713568e+01 -9.413669e-02 4.394257e-02 -9.945890e-01 2.410943e+02
-9.975948e-01 1.853365e-02 6.679188e-02 1.143189e+02 2.144272e-02 9.988405e-01 4.310389e-02 -1.712083e+01 -6.591556e-02 4.443242e-02 -9.968354e-01 2.406099e+02
-9.992100e-01 2.124837e-02 3.358368e-02 1.143199e+02 2.263377e-02 9.988852e-01 4.142518e-02 -1.710695e+01 -3.266602e-02 4.215258e-02 -9.985770e-01 2.401646e+02
-9.997717e-01 2.117240e-02 -2.887868e-03 1.142842e+02 2.103312e-02 9.989026e-01 4.184804e-02 -1.710172e+01 3.770722e-03 4.177775e-02 -9.991198e-01 2.397228e+02
-9.988149e-01 2.261962e-02 -4.309495e-02 1.143414e+02 2.083365e-02 9.989233e-01 4.145042e-02 -1.708019e+01 4.398614e-02 4.050347e-02 -9.982107e-01 2.392948e+02
-9.961409e-01 2.986381e-02 -8.253133e-02 1.142593e+02 2.651078e-02 9.987897e-01 4.142904e-02 -1.705948e+01 8.366867e-02 3.908120e-02 -9.957270e-01 2.388641e+02
-9.917934e-01 3.707786e-02 -1.223566e-01 1.141436e+02 3.230724e-02 9.986471e-01 4.074635e-02 -1.704604e+01 1.237019e-01 3.645896e-02 -9.916494e-01 2.384429e+02
-9.846312e-01 4.384902e-02 -1.690524e-01 1.141882e+02 3.721707e-02 9.984157e-01 4.220269e-02 -1.707291e+01 1.706351e-01 3.526244e-02 -9.847031e-01 2.380524e+02
-9.759532e-01 4.777316e-02 -2.126806e-01 1.140683e+02 3.939555e-02 9.982782e-01 4.345811e-02 -1.705941e+01 2.143905e-01 3.403441e-02 -9.761549e-01 2.376518e+02
-9.657258e-01 4.899058e-02 -2.548991e-01 1.139290e+02 3.898106e-02 9.982630e-01 4.417618e-02 -1.700917e+01 2.566205e-01 3.272584e-02 -9.659580e-01 2.372502e+02
-9.526624e-01 5.382291e-02 -2.992280e-01 1.138780e+02 4.043436e-02 9.978920e-01 5.076115e-02 -1.706001e+01 3.013293e-01 3.625915e-02 -9.528305e-01 2.368766e+02
-9.369649e-01 5.701448e-02 -3.447407e-01 1.136924e+02 4.054015e-02 9.976732e-01 5.481546e-02 -1.704819e+01 3.470638e-01 3.738432e-02 -9.370961e-01 2.365005e+02
-9.172613e-01 5.932024e-02 -3.938436e-01 1.134856e+02 4.052305e-02 9.976147e-01 5.588137e-02 -1.701904e+01 3.962190e-01 3.529808e-02 -9.174773e-01 2.361227e+02
-8.942099e-01 6.093802e-02 -4.434808e-01 1.133614e+02 3.922236e-02 9.975466e-01 5.798557e-02 -1.701749e+01 4.459263e-01 3.445691e-02 -8.944062e-01 2.357500e+02
-8.687810e-01 6.295742e-02 -4.911780e-01 1.130914e+02 3.655811e-02 9.973329e-01 6.317162e-02 -1.702633e+01 4.938451e-01 3.692576e-02 -8.687655e-01 2.353794e+02
-8.401736e-01 6.225001e-02 -5.387330e-01 1.128042e+02 3.289363e-02 9.974108e-01 6.395092e-02 -1.696576e+01 5.413191e-01 3.600899e-02 -8.400458e-01 2.350076e+02
-8.079273e-01 6.260598e-02 -5.859471e-01 1.126116e+02 3.014688e-02 9.974296e-01 6.500344e-02 -1.697531e+01 5.885105e-01 3.485358e-02 -8.077379e-01 2.346462e+02
-7.724886e-01 5.847279e-02 -6.323309e-01 1.122633e+02 2.389714e-02 9.977231e-01 6.306727e-02 -1.693937e+01 6.345788e-01 3.360785e-02 -7.721271e-01 2.342734e+02
-7.340395e-01 5.417870e-02 -6.769421e-01 1.118990e+02 1.845548e-02 9.980359e-01 5.986514e-02 -1.691802e+01 6.788559e-01 3.145008e-02 -7.335977e-01 2.339058e+02
-6.938845e-01 4.976027e-02 -7.183650e-01 1.116058e+02 1.526058e-02 9.984016e-01 5.441754e-02 -1.694132e+01 7.199246e-01 2.679682e-02 -6.935348e-01 2.335349e+02
-6.533961e-01 4.731126e-02 -7.555364e-01 1.111289e+02 1.581609e-02 9.986805e-01 4.885888e-02 -1.688783e+01 7.568510e-01 1.997457e-02 -6.532822e-01 2.331983e+02
-6.112683e-01 4.497469e-02 -7.901445e-01 1.108565e+02 9.408095e-03 9.987264e-01 4.956883e-02 -1.690922e+01 7.913675e-01 2.286610e-02 -6.109129e-01 2.329942e+02
-5.679769e-01 4.385044e-02 -8.218755e-01 1.105602e+02 3.388638e-03 9.986958e-01 5.094274e-02 -1.694060e+01 8.230375e-01 2.614926e-02 -5.673848e-01 2.327091e+02
-5.259201e-01 4.563022e-02 -8.493091e-01 1.100854e+02 -3.970585e-04 9.985466e-01 5.389407e-02 -1.693637e+01 8.505339e-01 2.868120e-02 -5.251376e-01 2.324571e+02
-4.843201e-01 4.701507e-02 -8.736267e-01 1.095408e+02 -2.472067e-03 9.984775e-01 5.510450e-02 -1.689532e+01 8.748874e-01 2.884788e-02 -4.834665e-01 2.322315e+02
-4.422003e-01 5.003895e-02 -8.955194e-01 1.092062e+02 -1.832606e-03 9.983900e-01 5.669199e-02 -1.695151e+01 8.969145e-01 2.671035e-02 -4.413967e-01 2.320353e+02
-4.010971e-01 5.141545e-02 -9.145915e-01 1.086774e+02 -4.506619e-03 9.983007e-01 5.809771e-02 -1.692235e+01 9.160245e-01 2.742454e-02 -4.001838e-01 2.318168e+02
-3.650920e-01 4.858218e-02 -9.297029e-01 1.080181e+02 -9.196445e-03 9.984005e-01 5.578344e-02 -1.691056e+01 9.309260e-01 2.891605e-02 -3.640613e-01 2.316493e+02
-3.311602e-01 4.493141e-02 -9.425041e-01 1.075634e+02 -1.043818e-02 9.986300e-01 5.127464e-02 -1.698983e+01 9.435168e-01 2.681815e-02 -3.302376e-01 2.314683e+02
-2.996885e-01 4.200730e-02 -9.531118e-01 1.070713e+02 -8.455484e-03 9.988740e-01 4.668288e-02 -1.697963e+01 9.539996e-01 2.204935e-02 -2.989959e-01 2.312899e+02
-2.752689e-01 4.248158e-02 -9.604282e-01 1.063261e+02 -9.654175e-04 9.990105e-01 4.446484e-02 -1.697695e+01 9.613668e-01 1.316700e-02 -2.749555e-01 2.311863e+02
-2.512161e-01 4.456531e-02 -9.669046e-01 1.058348e+02 5.071928e-03 9.989864e-01 4.472622e-02 -1.706559e+01 9.679177e-01 6.331876e-03 -2.511875e-01 2.310293e+02
-2.307547e-01 4.628697e-02 -9.719104e-01 1.051610e+02 8.312253e-03 9.989252e-01 4.560002e-02 -1.703854e+01 9.729764e-01 2.443654e-03 -2.308914e-01 2.309009e+02
-2.137600e-01 4.460901e-02 -9.758672e-01 1.044355e+02 3.989769e-03 9.989884e-01 4.479199e-02 -1.699607e+01 9.768781e-01 5.681251e-03 -2.137217e-01 2.307601e+02
-1.979813e-01 4.695732e-02 -9.790804e-01 1.038422e+02 7.814026e-03 9.988957e-01 4.632759e-02 -1.709739e+01 9.801746e-01 1.521439e-03 -1.981296e-01 2.306127e+02
-1.861585e-01 4.848052e-02 -9.813229e-01 1.031376e+02 8.589113e-03 9.988240e-01 4.771577e-02 -1.706428e+01 9.824822e-01 4.540025e-04 -1.863560e-01 2.304845e+02
-1.765559e-01 5.137496e-02 -9.829489e-01 1.024568e+02 1.259870e-02 9.986731e-01 4.993384e-02 -1.701305e+01 9.842100e-01 -3.567766e-03 -1.769689e-01 2.303695e+02
-1.680220e-01 5.429115e-02 -9.842871e-01 1.018434e+02 1.352200e-02 9.985153e-01 5.276768e-02 -1.709340e+01 9.856905e-01 -4.443398e-03 -1.685066e-01 2.302467e+02
-1.599773e-01 5.295798e-02 -9.856991e-01 1.011292e+02 1.100013e-02 9.985935e-01 5.186545e-02 -1.705712e+01 9.870594e-01 -2.545520e-03 -1.603349e-01 2.301032e+02
-1.527269e-01 4.988260e-02 -9.870087e-01 1.003719e+02 1.376313e-02 9.987358e-01 4.834561e-02 -1.704168e+01 9.881726e-01 -6.200653e-03 -1.532204e-01 2.300001e+02
-1.581092e-01 4.435081e-02 -9.864251e-01 9.654933e+01 2.043777e-02 9.989238e-01 4.163689e-02 -1.599146e+01 9.872101e-01 -1.357715e-02 -1.588455e-01 2.313527e+02
-1.518041e-01 3.712390e-02 -9.877132e-01 9.573570e+01 2.126318e-02 9.991858e-01 3.428712e-02 -1.596386e+01 9.881819e-01 -1.579700e-02 -1.524699e-01 2.312372e+02
-1.469984e-01 3.261780e-02 -9.885988e-01 9.494641e+01 2.494933e-02 9.992604e-01 2.925976e-02 -1.592617e+01 9.888220e-01 -2.036374e-02 -1.477035e-01 2.310853e+02
-1.449223e-01 3.172339e-02 -9.889344e-01 9.417415e+01 2.946981e-02 9.991809e-01 2.773346e-02 -1.594215e+01 9.890041e-01 -2.512451e-02 -1.457384e-01 2.309586e+02
-2.130772e-01 1.487966e-03 -9.770342e-01 9.621459e+01 2.287942e-02 9.997322e-01 -3.467141e-03 -1.708115e+01 9.767674e-01 -2.309275e-02 -2.130542e-01 2.284629e+02
-2.138957e-01 7.646224e-03 -9.768266e-01 9.529604e+01 2.057001e-02 9.997829e-01 3.321704e-03 -1.708618e+01 9.766399e-01 -1.938283e-02 -2.140065e-01 2.283139e+02
-2.134743e-01 1.648174e-02 -9.768096e-01 9.442245e+01 1.796812e-02 9.997548e-01 1.294210e-02 -1.709090e+01 9.767834e-01 -1.478863e-02 -2.137181e-01 2.280956e+02
-2.140901e-01 2.233475e-02 -9.765585e-01 9.346935e+01 1.501000e-02 9.996957e-01 1.957328e-02 -1.709542e+01 9.766986e-01 -1.046770e-02 -2.143602e-01 2.278854e+02
-2.127891e-01 2.091626e-02 -9.768742e-01 9.254877e+01 1.418527e-02 9.997316e-01 1.831574e-02 -1.711581e+01 9.769952e-01 -9.959830e-03 -2.130287e-01 2.276382e+02
-2.123652e-01 1.285802e-02 -9.771058e-01 9.175766e+01 1.833342e-02 9.997899e-01 9.171918e-03 -1.711071e+01 9.770184e-01 -1.596589e-02 -2.125563e-01 2.274332e+02
-2.132469e-01 6.775164e-03 -9.769749e-01 9.078565e+01 1.852463e-02 9.998242e-01 2.890200e-03 -1.710291e+01 9.768227e-01 -1.748177e-02 -2.133349e-01 2.272432e+02
-2.124092e-01 7.846924e-03 -9.771493e-01 8.987849e+01 2.232325e-02 9.997458e-01 3.175836e-03 -1.715291e+01 9.769258e-01 -2.113857e-02 -2.125304e-01 2.270259e+02
-2.122991e-01 1.187452e-02 -9.771326e-01 8.895475e+01 2.263843e-02 9.997176e-01 7.230385e-03 -1.718781e+01 9.769425e-01 -2.058575e-02 -2.125080e-01 2.268065e+02
-2.120285e-01 1.246123e-02 -9.771840e-01 8.791497e+01 1.883330e-02 9.997851e-01 8.663007e-03 -1.720193e+01 9.770820e-01 -1.656680e-02 -2.122176e-01 2.264881e+02
-2.160495e-01 1.918084e-02 -9.761940e-01 8.697550e+01 2.129222e-02 9.996618e-01 1.492959e-02 -1.719588e+01 9.761502e-01 -1.755981e-02 -2.163849e-01 2.263747e+02
-2.192982e-01 2.533554e-02 -9.753289e-01 8.613727e+01 2.671007e-02 9.994440e-01 1.995633e-02 -1.714074e+01 9.752922e-01 -2.167472e-02 -2.198529e-01 2.261897e+02
-2.217322e-01 2.695357e-02 -9.747350e-01 8.528952e+01 2.244666e-02 9.994941e-01 2.253206e-02 -1.710736e+01 9.748492e-01 -1.688346e-02 -2.222251e-01 2.259743e+02
-2.260822e-01 2.114387e-02 -9.738787e-01 8.419530e+01 2.236687e-02 9.996135e-01 1.651022e-02 -1.712263e+01 9.738514e-01 -1.804995e-02 -2.264677e-01 2.257621e+02
-2.275244e-01 1.416370e-02 -9.736694e-01 8.321294e+01 1.473817e-02 9.998298e-01 1.110027e-02 -1.717359e+01 9.736608e-01 -1.182452e-02 -2.276945e-01 2.254485e+02
-2.305765e-01 1.040293e-02 -9.729986e-01 8.225756e+01 1.460302e-02 9.998672e-01 7.229648e-03 -1.714934e+01 9.729446e-01 -1.254173e-02 -2.306978e-01 2.252200e+02
-2.320931e-01 1.564463e-02 -9.725677e-01 8.094399e+01 2.398296e-02 9.996587e-01 1.035713e-02 -1.708408e+01 9.723979e-01 -2.092123e-02 -2.323891e-01 2.248160e+02
-2.326839e-01 1.701843e-02 -9.724035e-01 7.962510e+01 5.028529e-03 9.998546e-01 1.629560e-02 -1.714308e+01 9.725394e-01 -1.098036e-03 -2.327356e-01 2.244006e+02
-2.343644e-01 2.192509e-02 -9.719016e-01 7.866622e+01 7.839711e-03 9.997558e-01 2.066298e-02 -1.714412e+01 9.721172e-01 -2.776762e-03 -2.344790e-01 2.241549e+02
-2.337831e-01 1.768527e-02 -9.721279e-01 7.754640e+01 6.252466e-03 9.998412e-01 1.668581e-02 -1.710542e+01 9.722687e-01 -2.177338e-03 -2.338565e-01 2.238187e+02
-2.360031e-01 1.495749e-02 -9.716372e-01 7.697353e+01 6.308517e-03 9.998840e-01 1.386004e-02 -1.719673e+01 9.717318e-01 -2.858576e-03 -2.360701e-01 2.238010e+02
-2.366267e-01 9.668838e-03 -9.715525e-01 7.605653e+01 7.091583e-03 9.999410e-01 8.224167e-03 -1.718688e+01 9.715748e-01 -4.943788e-03 -2.366813e-01 2.235761e+02
-2.369257e-01 3.294328e-03 -9.715222e-01 7.502982e+01 8.054073e-03 9.999665e-01 1.426628e-03 -1.719078e+01 9.714944e-01 -7.486706e-03 -2.369443e-01 2.233353e+02
-2.364800e-01 2.792175e-05 -9.716364e-01 7.435099e+01 8.664917e-03 9.999603e-01 -2.080160e-03 -1.720769e+01 9.715977e-01 -8.911064e-03 -2.364709e-01 2.231951e+02
-2.350577e-01 5.108454e-03 -9.719680e-01 7.343929e+01 8.326239e-03 9.999601e-01 3.241982e-03 -1.722220e+01 9.719458e-01 -7.330785e-03 -2.350908e-01 2.229738e+02
-2.345183e-01 1.477076e-02 -9.719995e-01 7.250214e+01 1.429119e-02 9.998289e-01 1.174557e-02 -1.725863e+01 9.720067e-01 -1.113648e-02 -2.346892e-01 2.227595e+02
-2.341669e-01 1.777812e-02 -9.720338e-01 7.158334e+01 1.423307e-02 9.997883e-01 1.485694e-02 -1.730106e+01 9.720922e-01 -1.035602e-02 -2.343704e-01 2.225993e+02
-2.336712e-01 1.558639e-02 -9.721907e-01 7.074919e+01 1.193627e-02 9.998421e-01 1.316076e-02 -1.730676e+01 9.722424e-01 -8.529046e-03 -2.338203e-01 2.224212e+02
-2.337311e-01 1.460806e-02 -9.721915e-01 6.974276e+01 1.689502e-02 9.997972e-01 1.096101e-02 -1.728624e+01 9.721545e-01 -1.386327e-02 -2.339305e-01 2.222135e+02
-2.305799e-01 1.366036e-02 -9.729575e-01 6.876624e+01 1.800456e-02 9.997902e-01 9.770213e-03 -1.732373e+01 9.728868e-01 -1.526485e-02 -2.307775e-01 2.219009e+02
-2.283587e-01 1.220059e-02 -9.735006e-01 6.787515e+01 1.572826e-02 9.998372e-01 8.841202e-03 -1.735916e+01 9.734500e-01 -1.329251e-02 -2.285134e-01 2.216575e+02
-2.294613e-01 1.353548e-02 -9.732237e-01 6.698260e+01 1.959087e-02 9.997650e-01 9.285581e-03 -1.731739e+01 9.731206e-01 -1.693562e-02 -2.296725e-01 2.214783e+02
-2.307338e-01 1.987733e-02 -9.728139e-01 6.588415e+01 2.212020e-02 9.996401e-01 1.517895e-02 -1.735793e+01 9.727655e-01 -1.801654e-02 -2.310904e-01 2.211983e+02
-2.321101e-01 2.222519e-02 -9.724356e-01 6.495953e+01 2.047355e-02 9.996291e-01 1.795989e-02 -1.737117e+01 9.724740e-01 -1.574054e-02 -2.324791e-01 2.209921e+02
-2.316905e-01 1.972482e-02 -9.725896e-01 6.404032e+01 1.819132e-02 9.997074e-01 1.594125e-02 -1.735226e+01 9.726194e-01 -1.399925e-02 -2.319816e-01 2.207174e+02
-2.362334e-01 2.075914e-02 -9.714746e-01 6.308778e+01 2.058624e-02 9.996543e-01 1.635536e-02 -1.734422e+01 9.714783e-01 -1.613533e-02 -2.365790e-01 2.205704e+02
-2.360088e-01 2.354859e-02 -9.714656e-01 6.216071e+01 1.743605e-02 9.996480e-01 1.999581e-02 -1.733905e+01 9.715945e-01 -1.221934e-02 -2.363363e-01 2.203085e+02
-2.386407e-01 2.485811e-02 -9.707897e-01 6.125720e+01 1.510261e-02 9.996464e-01 2.188447e-02 -1.733529e+01 9.709905e-01 -9.438935e-03 -2.389318e-01 2.201294e+02
-2.381008e-01 2.366655e-02 -9.709521e-01 6.041572e+01 1.545593e-02 9.996688e-01 2.057634e-02 -1.734784e+01 9.711175e-01 -1.010772e-02 -2.383877e-01 2.198921e+02
-2.391596e-01 2.311185e-02 -9.707052e-01 5.955019e+01 1.596184e-02 9.996752e-01 1.986898e-02 -1.735740e+01 9.708491e-01 -1.074239e-02 -2.394508e-01 2.196926e+02
-2.394621e-01 2.166387e-02 -9.706640e-01 5.874633e+01 1.513798e-02 9.997128e-01 1.857767e-02 -1.733799e+01 9.707877e-01 -1.024525e-02 -2.397213e-01 2.194915e+02
-2.425528e-01 1.970153e-02 -9.699381e-01 5.790468e+01 1.306413e-02 9.997694e-01 1.704052e-02 -1.733824e+01 9.700502e-01 -8.538169e-03 -2.427543e-01 2.193753e+02
-2.438996e-01 2.023715e-02 -9.695893e-01 5.708521e+01 1.050780e-02 9.997787e-01 1.822403e-02 -1.740521e+01 9.697436e-01 -5.743416e-03 -2.440583e-01 2.192013e+02
-2.465953e-01 2.071859e-02 -9.688971e-01 5.633723e+01 1.210714e-02 9.997593e-01 1.829713e-02 -1.737201e+01 9.690429e-01 -7.218592e-03 -2.467867e-01 2.190681e+02
-2.524007e-01 2.016682e-02 -9.674126e-01 5.544819e+01 9.411446e-03 9.997867e-01 1.838622e-02 -1.732179e+01 9.675770e-01 -4.464057e-03 -2.525366e-01 2.189996e+02
-2.517500e-01 2.094525e-02 -9.675656e-01 5.469662e+01 7.073836e-03 9.997789e-01 1.980205e-02 -1.732095e+01 9.677665e-01 -1.859235e-03 -2.518425e-01 2.188138e+02
-2.631186e-01 1.849607e-02 -9.645862e-01 5.385393e+01 5.038783e-03 9.998289e-01 1.779738e-02 -1.724697e+01 9.647503e-01 -1.775169e-04 -2.631668e-01 2.189490e+02
-2.601597e-01 2.233761e-02 -9.653072e-01 5.319585e+01 7.157360e-03 9.997495e-01 2.120564e-02 -1.729368e+01 9.655391e-01 -1.392195e-03 -2.602545e-01 2.187784e+02
-2.589988e-01 2.471418e-02 -9.655614e-01 5.252569e+01 9.142311e-03 9.996905e-01 2.313544e-02 -1.729635e+01 9.658344e-01 -2.835412e-03 -2.591446e-01 2.186566e+02
-2.623879e-01 2.418980e-02 -9.646592e-01 5.190034e+01 8.306091e-03 9.997053e-01 2.280936e-02 -1.724567e+01 9.649267e-01 -2.027647e-03 -2.625115e-01 2.186515e+02
-2.543667e-01 2.526718e-02 -9.667777e-01 5.134420e+01 7.726618e-03 9.996798e-01 2.409416e-02 -1.727881e+01 9.670770e-01 -1.341172e-03 -2.544805e-01 2.184187e+02
-2.510217e-01 2.166571e-02 -9.677390e-01 5.077214e+01 7.475405e-03 9.997631e-01 2.044362e-02 -1.724137e+01 9.679526e-01 -2.102449e-03 -2.511242e-01 2.183165e+02
-2.503789e-01 1.195946e-02 -9.680741e-01 5.022263e+01 8.908188e-03 9.999098e-01 1.004877e-02 -1.710531e+01 9.681069e-01 -6.107785e-03 -2.504629e-01 2.183098e+02
-2.448873e-01 5.792024e-03 -9.695343e-01 4.968942e+01 1.057159e-02 9.999387e-01 3.303463e-03 -1.705116e+01 9.694939e-01 -9.440547e-03 -2.449335e-01 2.181913e+02
-2.381225e-01 4.127526e-03 -9.712264e-01 4.920002e+01 1.333442e-02 9.999106e-01 9.801352e-04 -1.706482e+01 9.711436e-01 -1.271734e-02 -2.381562e-01 2.181039e+02
-2.283269e-01 3.600238e-03 -9.735779e-01 4.872130e+01 1.256808e-02 9.999207e-01 7.501427e-04 -1.707107e+01 9.735034e-01 -1.206472e-02 -2.283541e-01 2.179958e+02
-2.153239e-01 2.151050e-03 -9.765403e-01 4.827629e+01 7.942529e-03 9.999684e-01 4.513541e-04 -1.707956e+01 9.765104e-01 -7.659013e-03 -2.153342e-01 2.179140e+02
-1.994383e-01 1.191693e-03 -9.799097e-01 4.779899e+01 4.530894e-03 9.999897e-01 2.939523e-04 -1.709751e+01 9.798999e-01 -4.381242e-03 -1.994416e-01 2.178326e+02
-1.824868e-01 1.753887e-05 -9.832083e-01 4.733087e+01 1.933180e-03 9.999981e-01 -3.409665e-04 -1.710154e+01 9.832064e-01 -1.962941e-03 -1.824865e-01 2.178182e+02
-1.553529e-01 -2.409672e-03 -9.878561e-01 4.687692e+01 1.983226e-03 9.999942e-01 -2.751168e-03 -1.708630e+01 9.878570e-01 -2.386544e-03 -1.553472e-01 2.176946e+02
-1.328380e-01 -5.136446e-03 -9.911244e-01 4.643241e+01 4.650270e-03 9.999723e-01 -5.805565e-03 -1.706092e+01 9.911268e-01 -5.380196e-03 -1.328105e-01 2.177263e+02
-1.015715e-01 -8.759113e-03 -9.947897e-01 4.596541e+01 5.494210e-03 9.999410e-01 -9.365449e-03 -1.704559e+01 9.948131e-01 -6.416846e-03 -1.015174e-01 2.176886e+02
-6.570167e-02 -1.267463e-02 -9.977588e-01 4.550804e+01 3.337197e-03 9.999109e-01 -1.292172e-02 -1.704821e+01 9.978337e-01 -4.178696e-03 -6.565352e-02 2.176424e+02
-3.002918e-02 -1.838500e-02 -9.993799e-01 4.504970e+01 1.037447e-03 9.998297e-01 -1.842444e-02 -1.702853e+01 9.995485e-01 -1.590074e-03 -3.000499e-02 2.176696e+02
9.700160e-03 -2.656175e-02 -9.996001e-01 4.460228e+01 -7.709732e-04 9.996466e-01 -2.657047e-02 -1.696596e+01 9.999527e-01 1.028403e-03 9.676254e-03 2.176945e+02
5.345150e-02 -2.510858e-02 -9.982547e-01 4.414802e+01 -4.424794e-03 9.996681e-01 -2.538106e-02 -1.701431e+01 9.985606e-01 5.773727e-03 5.332265e-02 2.177098e+02
9.653721e-02 -2.729846e-02 -9.949550e-01 4.372267e+01 -5.370192e-03 9.995950e-01 -2.794682e-02 -1.703036e+01 9.953149e-01 8.041007e-03 9.635151e-02 2.177841e+02
1.409581e-01 -3.232345e-02 -9.894878e-01 4.328909e+01 -7.399352e-03 9.994046e-01 -3.370148e-02 -1.703574e+01 9.899879e-01 1.207206e-02 1.406350e-01 2.178719e+02
1.877887e-01 -3.616714e-02 -9.815433e-01 4.285050e+01 -1.397624e-02 9.991223e-01 -3.948881e-02 -1.706104e+01 9.821100e-01 2.113384e-02 1.871184e-01 2.179649e+02
2.338273e-01 -3.828824e-02 -9.715240e-01 4.243994e+01 -1.364435e-02 9.989967e-01 -4.265489e-02 -1.708602e+01 9.721824e-01 2.322969e-02 2.330703e-01 2.181004e+02
2.800105e-01 -3.873854e-02 -9.592150e-01 4.200955e+01 -8.346889e-03 9.990495e-01 -4.278387e-02 -1.709838e+01 9.599607e-01 1.998639e-02 2.794210e-01 2.182550e+02
3.266740e-01 -3.708668e-02 -9.444092e-01 4.158188e+01 -2.510481e-03 9.991923e-01 -4.010638e-02 -1.713003e+01 9.451337e-01 1.547263e-02 3.263170e-01 2.184419e+02
3.735818e-01 -3.432997e-02 -9.269618e-01 4.115614e+01 -1.434180e-03 9.992923e-01 -3.758673e-02 -1.714347e+01 9.275961e-01 1.537115e-02 3.732682e-01 2.186500e+02
4.208127e-01 -3.119064e-02 -9.066112e-01 4.072070e+01 -6.975209e-04 9.993973e-01 -3.470658e-02 -1.717006e+01 9.071473e-01 1.523735e-02 4.205373e-01 2.188756e+02
4.666962e-01 -2.972639e-02 -8.839180e-01 4.031984e+01 -6.175128e-04 9.994238e-01 -3.393691e-02 -1.719687e+01 8.844175e-01 1.638406e-02 4.664089e-01 2.191222e+02
5.128260e-01 -2.958164e-02 -8.579828e-01 3.989431e+01 1.507408e-04 9.994092e-01 -3.436766e-02 -1.723152e+01 8.584926e-01 1.749530e-02 5.125275e-01 2.194077e+02
5.578223e-01 -3.133595e-02 -8.293686e-01 3.953830e+01 -4.574637e-04 9.992752e-01 -3.806320e-02 -1.724570e+01 8.299603e-01 2.161191e-02 5.574037e-01 2.196946e+02
6.020387e-01 -3.447560e-02 -7.977223e-01 3.912654e+01 -1.526182e-03 9.990159e-01 -4.432682e-02 -1.727634e+01 7.984655e-01 2.790393e-02 6.013936e-01 2.200153e+02
6.427441e-01 -3.892531e-02 -7.650914e-01 3.880690e+01 -2.036908e-03 9.986179e-01 -5.251754e-02 -1.729899e+01 7.660782e-01 3.531376e-02 6.417765e-01 2.203326e+02
6.801571e-01 -4.989184e-02 -7.313666e-01 3.859990e+01 9.517406e-03 9.981982e-01 -5.924336e-02 -1.727423e+01 7.330046e-01 3.333408e-02 6.794065e-01 2.206328e+02
7.160898e-01 -5.637500e-02 -6.957279e-01 3.822240e+01 2.169716e-02 9.980492e-01 -5.854000e-02 -1.734204e+01 6.976709e-01 2.682458e-02 7.159160e-01 2.210153e+02
7.469920e-01 -6.107477e-02 -6.620218e-01 3.803919e+01 3.026754e-02 9.978631e-01 -5.790543e-02 -1.737568e+01 6.641437e-01 2.321712e-02 7.472443e-01 2.213323e+02
7.748647e-01 -6.152258e-02 -6.291261e-01 3.770633e+01 3.424947e-02 9.978767e-01 -5.539946e-02 -1.741334e+01 6.311986e-01 2.137986e-02 7.753266e-01 2.217683e+02
8.018448e-01 -5.779807e-02 -5.947304e-01 3.725161e+01 3.270059e-02 9.980639e-01 -5.290695e-02 -1.744404e+01 5.966369e-01 2.297513e-02 8.021824e-01 2.222882e+02
8.250729e-01 -5.768334e-02 -5.620742e-01 3.700871e+01 3.498950e-02 9.980821e-01 -5.106767e-02 -1.747795e+01 5.639419e-01 2.246786e-02 8.255088e-01 2.227106e+02
8.466335e-01 -5.779488e-02 -5.290289e-01 3.677400e+01 3.774562e-02 9.981032e-01 -4.863354e-02 -1.751104e+01 5.308362e-01 2.120626e-02 8.472091e-01 2.231161e+02
8.653346e-01 -6.361856e-02 -4.971406e-01 3.651894e+01 4.612047e-02 9.978102e-01 -4.741035e-02 -1.753161e+01 4.990681e-01 1.809746e-02 8.663738e-01 2.236289e+02
8.822535e-01 -6.303495e-02 -4.665356e-01 3.633266e+01 4.604750e-02 9.977980e-01 -4.773608e-02 -1.756039e+01 4.685173e-01 2.063253e-02 8.832134e-01 2.240662e+02
8.973605e-01 -6.123570e-02 -4.370290e-01 3.611185e+01 4.391889e-02 9.978016e-01 -4.963056e-02 -1.758207e+01 4.391074e-01 2.534267e-02 8.980771e-01 2.245146e+02
9.109448e-01 -6.178741e-02 -4.078747e-01 3.590001e+01 4.439769e-02 9.976610e-01 -5.197439e-02 -1.761982e+01 4.101321e-01 2.923711e-02 9.115574e-01 2.249945e+02
9.222766e-01 -7.135566e-02 -3.798871e-01 3.573749e+01 5.337550e-02 9.969078e-01 -5.766987e-02 -1.762412e+01 3.828275e-01 3.291091e-02 9.232334e-01 2.254696e+02
9.321613e-01 -7.627797e-02 -3.539165e-01 3.557525e+01 5.801558e-02 9.963921e-01 -6.194365e-02 -1.766251e+01 3.573645e-01 3.720881e-02 9.332235e-01 2.259717e+02
9.403233e-01 -8.028177e-02 -3.306766e-01 3.543608e+01 6.318242e-02 9.960645e-01 -6.215718e-02 -1.768946e+01 3.343653e-01 3.755490e-02 9.416950e-01 2.265167e+02
9.472254e-01 -7.942826e-02 -3.105724e-01 3.527031e+01 6.384127e-02 9.961516e-01 -6.005208e-02 -1.770704e+01 3.141470e-01 3.705552e-02 9.486509e-01 2.270281e+02
9.516562e-01 -8.029159e-02 -2.964857e-01 3.516145e+01 6.718289e-02 9.962697e-01 -5.415798e-02 -1.774535e+01 2.997282e-01 3.162101e-02 9.535005e-01 2.275458e+02
9.548503e-01 -8.131207e-02 -2.857435e-01 3.497836e+01 7.096426e-02 9.963990e-01 -4.640182e-02 -1.780275e+01 2.884875e-01 2.402922e-02 9.571821e-01 2.280829e+02
9.573537e-01 -8.110114e-02 -2.773020e-01 3.481063e+01 7.259855e-02 9.965259e-01 -4.081075e-02 -1.783888e+01 2.796484e-01 1.893860e-02 9.599157e-01 2.286322e+02
9.595621e-01 -7.522852e-02 -2.712587e-01 3.469880e+01 6.746264e-02 9.970034e-01 -3.785498e-02 -1.787335e+01 2.732936e-01 1.802438e-02 9.617618e-01 2.291214e+02
9.604648e-01 -7.779831e-02 -2.673101e-01 3.453742e+01 7.044424e-02 9.968290e-01 -3.700719e-02 -1.788220e+01 2.693416e-01 1.671365e-02 9.628997e-01 2.296657e+02
9.599291e-01 -8.524195e-02 -2.669643e-01 3.435330e+01 7.834235e-02 9.962614e-01 -3.640997e-02 -1.791227e+01 2.690699e-01 1.403638e-02 9.630184e-01 2.302236e+02
9.574854e-01 -9.508116e-02 -2.723624e-01 3.423481e+01 8.811532e-02 9.953957e-01 -3.772271e-02 -1.793397e+01 2.746950e-01 1.211965e-02 9.614550e-01 2.307312e+02
9.545216e-01 -9.807244e-02 -2.815500e-01 3.412305e+01 9.039102e-02 9.950957e-01 -4.017506e-02 -1.794790e+01 2.841092e-01 1.289837e-02 9.587052e-01 2.312001e+02
9.508568e-01 -9.860997e-02 -2.935090e-01 3.394767e+01 9.016459e-02 9.950324e-01 -4.220142e-02 -1.796381e+01 2.962124e-01 1.366339e-02 9.550244e-01 2.317215e+02
9.458795e-01 -1.000941e-01 -3.086959e-01 3.379038e+01 9.113114e-02 9.948946e-01 -4.335657e-02 -1.799727e+01 3.114596e-01 1.287829e-02 9.501721e-01 2.322229e+02
9.392391e-01 -1.032241e-01 -3.273756e-01 3.362384e+01 9.306480e-02 9.945693e-01 -4.659297e-02 -1.801613e+01 3.304072e-01 1.329480e-02 9.437448e-01 2.327085e+02
9.307278e-01 -1.055518e-01 -3.501495e-01 3.348110e+01 9.476999e-02 9.943491e-01 -4.783756e-02 -1.803655e+01 3.532202e-01 1.134009e-02 9.354715e-01 2.331601e+02
9.203925e-01 -1.049470e-01 -3.766480e-01 3.331474e+01 9.423894e-02 9.944489e-01 -4.680123e-02 -1.803093e+01 3.794688e-01 7.580598e-03 9.251735e-01 2.336237e+02
9.084595e-01 -9.966083e-02 -4.059176e-01 3.310461e+01 8.880397e-02 9.950072e-01 -4.554727e-02 -1.805113e+01 4.084302e-01 5.330756e-03 9.127740e-01 2.340599e+02
8.932845e-01 -9.758921e-02 -4.387701e-01 3.284979e+01 8.485290e-02 9.952076e-01 -4.859890e-02 -1.809834e+01 4.414101e-01 6.181732e-03 8.972842e-01 2.344954e+02
8.745787e-01 -9.685664e-02 -4.751114e-01 3.262212e+01 8.056357e-02 9.952533e-01 -5.459289e-02 -1.810894e+01 4.781439e-01 9.469110e-03 8.782305e-01 2.349068e+02
8.531434e-01 -9.217349e-02 -5.134689e-01 3.230287e+01 7.244415e-02 9.956633e-01 -5.836480e-02 -1.817374e+01 5.166219e-01 1.259573e-02 8.561210e-01 2.353425e+02
8.259029e-01 -8.954121e-02 -5.566568e-01 3.210775e+01 6.500565e-02 9.958471e-01 -6.373947e-02 -1.815847e+01 5.600524e-01 1.645678e-02 8.282937e-01 2.357205e+02
7.983441e-01 -7.918125e-02 -5.969732e-01 3.171085e+01 4.763705e-02 9.965152e-01 -6.846968e-02 -1.819562e+01 6.003144e-01 2.622433e-02 7.993341e-01 2.360840e+02
7.649230e-01 -6.783543e-02 -6.405398e-01 3.137117e+01 2.955916e-02 9.970881e-01 -7.029605e-02 -1.824835e+01 6.434432e-01 3.483724e-02 7.647008e-01 2.364060e+02
7.265300e-01 -5.407591e-02 -6.850036e-01 3.100724e+01 1.026683e-02 9.976415e-01 -6.786710e-02 -1.827257e+01 6.870581e-01 4.227467e-02 7.253717e-01 2.367290e+02
6.831471e-01 -4.186039e-02 -7.290801e-01 3.069967e+01 -7.649280e-03 9.978909e-01 -6.446162e-02 -1.823472e+01 7.302408e-01 4.961370e-02 6.813860e-01 2.370311e+02
6.355315e-01 -3.610309e-02 -7.712304e-01 3.026604e+01 -1.676087e-02 9.980255e-01 -6.053168e-02 -1.834960e+01 7.718930e-01 5.139628e-02 6.336715e-01 2.373433e+02
5.841667e-01 -2.822579e-02 -8.111428e-01 2.985664e+01 -2.109035e-02 9.985298e-01 -4.993519e-02 -1.839629e+01 8.113597e-01 4.627775e-02 5.827125e-01 2.375998e+02
5.296342e-01 -2.155698e-02 -8.479522e-01 2.943497e+01 -2.463515e-02 9.988644e-01 -4.078075e-02 -1.841756e+01 8.478683e-01 4.248831e-02 5.285017e-01 2.378259e+02
4.746474e-01 -1.251075e-02 -8.800871e-01 2.899087e+01 -3.044839e-02 9.990671e-01 -3.062348e-02 -1.845636e+01 8.796492e-01 4.133259e-02 4.738237e-01 2.380175e+02
4.183211e-01 -5.083419e-03 -9.082850e-01 2.856693e+01 -4.152357e-02 9.988318e-01 -2.471435e-02 -1.845917e+01 9.073496e-01 4.805377e-02 4.176214e-01 2.381338e+02
3.589880e-01 -3.772254e-03 -9.333345e-01 2.819484e+01 -4.753570e-02 9.986201e-01 -2.231975e-02 -1.848852e+01 9.321309e-01 5.237923e-02 3.583134e-01 2.382188e+02
2.970186e-01 -9.398195e-03 -9.548254e-01 2.784077e+01 -4.215133e-02 9.988478e-01 -2.294356e-02 -1.852860e+01 9.539409e-01 4.706182e-02 2.962802e-01 2.382395e+02
2.325397e-01 -1.645993e-02 -9.724476e-01 2.748886e+01 -3.074772e-02 9.992326e-01 -2.426595e-02 -1.856180e+01 9.721008e-01 3.554335e-02 2.318551e-01 2.382571e+02
1.640706e-01 -2.315557e-02 -9.861768e-01 2.687374e+01 -2.701224e-02 9.992441e-01 -2.795643e-02 -1.854389e+01 9.860787e-01 3.122567e-02 1.633211e-01 2.384304e+02
1.018216e-01 -2.179789e-02 -9.945638e-01 2.647489e+01 -2.563088e-02 9.993705e-01 -2.452728e-02 -1.857138e+01 9.944724e-01 2.798895e-02 1.011988e-01 2.383928e+02
4.597171e-02 -1.759651e-02 -9.987877e-01 2.617507e+01 -2.926293e-02 9.993920e-01 -1.895406e-02 -1.860812e+01 9.985140e-01 3.009881e-02 4.542883e-02 2.382555e+02
-8.179791e-03 -1.608706e-02 -9.998371e-01 2.560100e+01 -3.450233e-02 9.992798e-01 -1.579582e-02 -1.860842e+01 9.993711e-01 3.436750e-02 -8.728940e-03 2.382854e+02
-5.745199e-02 -1.877931e-02 -9.981716e-01 2.479394e+01 -4.200382e-02 9.989832e-01 -1.637695e-02 -1.862151e+01 9.974643e-01 4.098613e-02 -5.818238e-02 2.382971e+02
-1.019630e-01 -2.028667e-02 -9.945813e-01 2.420838e+01 -4.291423e-02 9.989510e-01 -1.597630e-02 -1.863991e+01 9.938621e-01 4.105270e-02 -1.027267e-01 2.382349e+02
-1.411620e-01 -2.322993e-02 -9.897139e-01 2.369042e+01 -4.234848e-02 9.989513e-01 -1.740662e-02 -1.865594e+01 9.890803e-01 3.945573e-02 -1.419977e-01 2.381340e+02
-1.707832e-01 -2.619091e-02 -9.849605e-01 2.364060e+01 -4.214322e-02 9.989260e-01 -1.925502e-02 -1.864762e+01 9.844069e-01 3.822097e-02 -1.717036e-01 2.379123e+02
-1.967618e-01 -2.921112e-02 -9.800161e-01 2.311657e+01 -4.642466e-02 9.987125e-01 -2.044753e-02 -1.866537e+01 9.793516e-01 4.147362e-02 -1.978646e-01 2.377870e+02
-2.144549e-01 -3.261645e-02 -9.761892e-01 2.263925e+01 -5.239487e-02 9.983874e-01 -2.184773e-02 -1.867758e+01 9.753276e-01 4.646195e-02 -2.158180e-01 2.376256e+02
-2.282321e-01 -3.526628e-02 -9.729678e-01 2.204884e+01 -5.647440e-02 9.981407e-01 -2.293132e-02 -1.869974e+01 9.719675e-01 4.971411e-02 -2.297994e-01 2.374640e+02
-2.402483e-01 -3.645060e-02 -9.700269e-01 2.150568e+01 -5.567583e-02 9.981671e-01 -2.371869e-02 -1.871805e+01 9.691135e-01 4.830868e-02 -2.418373e-01 2.373072e+02
-2.499339e-01 -3.819521e-02 -9.675093e-01 2.093293e+01 -5.570287e-02 9.981340e-01 -2.501464e-02 -1.873442e+01 9.666593e-01 4.764104e-02 -2.515951e-01 2.371702e+02
-2.551574e-01 -3.917591e-02 -9.661056e-01 2.034982e+01 -5.577717e-02 9.981113e-01 -2.574249e-02 -1.875819e+01 9.652894e-01 4.731825e-02 -2.568606e-01 2.369915e+02
-2.577933e-01 -3.951010e-02 -9.653919e-01 1.974481e+01 -5.773730e-02 9.980079e-01 -2.542708e-02 -1.878124e+01 9.644734e-01 4.918419e-02 -2.595610e-01 2.368062e+02
-2.592652e-01 -4.058896e-02 -9.649529e-01 1.906132e+01 -5.941787e-02 9.978943e-01 -2.601008e-02 -1.875499e+01 9.639767e-01 5.059194e-02 -2.611310e-01 2.366451e+02
-2.576054e-01 -3.790271e-02 -9.655065e-01 1.845248e+01 -5.708068e-02 9.980822e-01 -2.395191e-02 -1.883728e+01 9.645627e-01 4.894163e-02 -2.592749e-01 2.364374e+02
-2.567545e-01 -3.801470e-02 -9.657287e-01 1.776048e+01 -5.649155e-02 9.981080e-01 -2.427009e-02 -1.884499e+01 9.648242e-01 4.832405e-02 -2.584163e-01 2.362586e+02
-2.555161e-01 -3.810971e-02 -9.660534e-01 1.709733e+01 -5.218537e-02 9.983098e-01 -2.557943e-02 -1.888537e+01 9.653954e-01 4.387790e-02 -2.570730e-01 2.360639e+02
-2.544454e-01 -4.024499e-02 -9.662494e-01 1.635587e+01 -5.012463e-02 9.983396e-01 -2.838210e-02 -1.890729e+01 9.657873e-01 4.121120e-02 -2.560402e-01 2.358567e+02
-2.545582e-01 -3.972939e-02 -9.662410e-01 1.555019e+01 -4.742789e-02 9.984663e-01 -2.855943e-02 -1.898233e+01 9.658937e-01 3.855674e-02 -2.560521e-01 2.356740e+02
-2.532187e-01 -4.131467e-02 -9.665265e-01 1.480076e+01 -4.956788e-02 9.983294e-01 -2.968790e-02 -1.896975e+01 9.661384e-01 4.039114e-02 -2.548436e-01 2.354516e+02
-2.541782e-01 -4.029573e-02 -9.663176e-01 1.396760e+01 -4.683714e-02 9.984722e-01 -2.931665e-02 -1.904456e+01 9.660226e-01 3.780790e-02 -2.556772e-01 2.352810e+02
-2.543841e-01 -3.858130e-02 -9.663334e-01 1.311664e+01 -4.447269e-02 9.986136e-01 -2.816281e-02 -1.908423e+01 9.660802e-01 3.581127e-02 -2.557472e-01 2.350761e+02
-2.539347e-01 -3.728472e-02 -9.665025e-01 1.242159e+01 -3.898388e-02 9.988393e-01 -2.828972e-02 -1.912286e+01 9.664354e-01 3.049427e-02 -2.550935e-01 2.348582e+02
-2.523283e-01 -3.503673e-02 -9.670072e-01 1.167634e+01 -3.312988e-02 9.990712e-01 -2.755365e-02 -1.921659e+01 9.670744e-01 2.508426e-02 -2.532547e-01 2.345611e+02
-2.529618e-01 -3.458195e-02 -9.668580e-01 1.087760e+01 -3.092896e-02 9.991392e-01 -2.764453e-02 -1.924223e+01 9.669818e-01 2.291090e-02 -2.538137e-01 2.343213e+02
-2.530407e-01 -2.917548e-02 -9.670156e-01 1.022682e+01 -2.392509e-02 9.994282e-01 -2.389287e-02 -1.934495e+01 9.671598e-01 1.709007e-02 -2.535941e-01 2.340147e+02
-2.578521e-01 -3.256573e-02 -9.656354e-01 9.174577e+00 -3.108776e-02 9.991940e-01 -2.539617e-02 -1.925162e+01 9.656841e-01 2.347099e-02 -2.586567e-01 2.338695e+02
-2.612754e-01 -2.929175e-02 -9.648197e-01 8.227677e+00 -2.963397e-02 9.993117e-01 -2.231398e-02 -1.931643e+01 9.648093e-01 2.276134e-02 -2.619636e-01 2.336344e+02
-2.651528e-01 -3.241066e-02 -9.636615e-01 7.245116e+00 -2.965775e-02 9.992361e-01 -2.544677e-02 -1.933125e+01 9.637502e-01 2.183275e-02 -2.659115e-01 2.333781e+02
-2.657716e-01 -3.686028e-02 -9.633311e-01 6.601771e+00 -3.210185e-02 9.990530e-01 -2.937060e-02 -1.937148e+01 9.635014e-01 2.311884e-02 -2.667031e-01 2.330751e+02
-2.678587e-01 -3.785671e-02 -9.627142e-01 5.639444e+00 -2.917910e-02 9.990881e-01 -3.116846e-02 -1.946550e+01 9.630162e-01 1.974239e-02 -2.687191e-01 2.327860e+02
-2.719930e-01 -3.370792e-02 -9.617087e-01 4.571928e+00 -2.523513e-02 9.992925e-01 -2.788816e-02 -1.953769e+01 9.619683e-01 1.668346e-02 -2.726512e-01 2.325709e+02
-2.725195e-01 -2.952045e-02 -9.616973e-01 3.721297e+00 -2.809442e-02 9.993472e-01 -2.271494e-02 -1.953809e+01 9.617400e-01 2.082806e-02 -2.731710e-01 2.322813e+02
-2.729629e-01 -2.327329e-02 -9.617430e-01 2.776562e+00 -2.612893e-02 9.995179e-01 -1.677147e-02 -1.958224e+01 9.616696e-01 2.055133e-02 -2.734394e-01 2.319676e+02
-2.749715e-01 -2.066866e-02 -9.612302e-01 1.677938e+00 -2.027214e-02 9.996713e-01 -1.569614e-02 -1.964953e+01 9.612386e-01 1.517020e-02 -2.753001e-01 2.316980e+02
-2.757914e-01 -2.267503e-02 -9.609500e-01 6.616152e-01 -2.356264e-02 9.995808e-01 -1.682413e-02 -1.969329e+01 9.609287e-01 1.800257e-02 -2.762101e-01 2.314092e+02
-2.767443e-01 -2.396981e-02 -9.606446e-01 -3.796766e-01 -2.309244e-02 9.995660e-01 -1.828846e-02 -1.974895e+01 9.606661e-01 1.712240e-02 -2.771777e-01 2.311095e+02
-2.780152e-01 -2.588555e-02 -9.602278e-01 -1.495765e+00 -2.413905e-02 9.995094e-01 -1.995550e-02 -1.977435e+01 9.602733e-01 1.763105e-02 -2.785037e-01 2.308557e+02
-2.749373e-01 -2.733908e-02 -9.610734e-01 -2.317115e+00 -2.832590e-02 9.993921e-01 -2.032583e-02 -1.977579e+01 9.610448e-01 2.163494e-02 -2.755446e-01 2.304881e+02
-2.740650e-01 -3.070117e-02 -9.612210e-01 -3.332605e+00 -3.438765e-02 9.991640e-01 -2.210840e-02 -1.981119e+01 9.610962e-01 2.699499e-02 -2.748917e-01 2.301891e+02
-2.744091e-01 -3.059563e-02 -9.611262e-01 -4.303081e+00 -3.302943e-02 9.992038e-01 -2.237759e-02 -1.985065e+01 9.610456e-01 2.560483e-02 -2.752012e-01 2.299356e+02
-2.731671e-01 -3.440981e-02 -9.613510e-01 -5.342306e+00 -4.221043e-02 9.988263e-01 -2.375711e-02 -1.989230e+01 9.610401e-01 3.408938e-02 -2.742990e-01 2.296369e+02
-2.722188e-01 -3.313298e-02 -9.616648e-01 -6.420427e+00 -4.006166e-02 9.989307e-01 -2.307666e-02 -1.994132e+01 9.614010e-01 3.224399e-02 -2.732551e-01 2.293133e+02
-2.715921e-01 -3.311383e-02 -9.618426e-01 -7.436209e+00 -3.920628e-02 9.989590e-01 -2.332111e-02 -1.996974e+01 9.616135e-01 3.137644e-02 -2.726076e-01 2.290130e+02
-2.726568e-01 -3.101824e-02 -9.616112e-01 -8.436623e+00 -3.530396e-02 9.991296e-01 -2.221831e-02 -2.000998e+01 9.614634e-01 2.789071e-02 -2.735145e-01 2.287966e+02
-2.717436e-01 -2.814626e-02 -9.619580e-01 -9.494470e+00 -2.914337e-02 9.993545e-01 -2.100774e-02 -2.005377e+01 9.619283e-01 2.232598e-02 -2.723884e-01 2.284601e+02
-2.727000e-01 -2.811688e-02 -9.616882e-01 -1.050478e+01 -2.757134e-02 9.993907e-01 -2.140095e-02 -2.008854e+01 9.617040e-01 2.067900e-02 -2.733091e-01 2.281889e+02
-2.739474e-01 -2.655435e-02 -9.613780e-01 -1.156740e+01 -2.321026e-02 9.995102e-01 -2.099377e-02 -2.014807e+01 9.614646e-01 1.656264e-02 -2.744295e-01 2.278756e+02
-2.774065e-01 -2.326138e-02 -9.604710e-01 -1.261162e+01 -2.047623e-02 9.996229e-01 -1.829558e-02 -2.020740e+01 9.605344e-01 1.459151e-02 -2.777782e-01 2.275816e+02
-2.792966e-01 -2.004086e-02 -9.599957e-01 -1.362091e+01 -2.368604e-02 9.996217e-01 -1.397699e-02 -2.023116e+01 9.599127e-01 1.883477e-02 -2.796656e-01 2.272444e+02
-2.810351e-01 -1.843837e-02 -9.595204e-01 -1.456425e+01 -2.693215e-02 9.995732e-01 -1.131985e-02 -2.028054e+01 9.593195e-01 2.266067e-02 -2.814117e-01 2.269444e+02
-2.842631e-01 -1.960381e-02 -9.585459e-01 -1.558992e+01 -2.983263e-02 9.994877e-01 -1.159407e-02 -2.032292e+01 9.582821e-01 2.530017e-02 -2.847023e-01 2.266294e+02
-2.862275e-01 -2.381015e-02 -9.578658e-01 -1.665049e+01 -3.230208e-02 9.993627e-01 -1.518922e-02 -2.037245e+01 9.576170e-01 2.659348e-02 -2.868142e-01 2.262990e+02
-2.884560e-01 -2.802583e-02 -9.570829e-01 -1.754517e+01 -3.544747e-02 9.991989e-01 -1.857555e-02 -2.040192e+01 9.568368e-01 2.856794e-02 -2.892183e-01 2.260889e+02
-2.896299e-01 -2.952438e-02 -9.566832e-01 -1.847967e+01 -3.693616e-02 9.991244e-01 -1.965197e-02 -2.043296e+01 9.564258e-01 2.964441e-02 -2.904668e-01 2.257814e+02
-2.906428e-01 -2.816300e-02 -9.564171e-01 -1.945583e+01 -3.852080e-02 9.991008e-01 -1.771390e-02 -2.046521e+01 9.560559e-01 3.169353e-02 -2.914663e-01 2.254616e+02
-2.908098e-01 -2.446500e-02 -9.564680e-01 -2.043588e+01 -4.092059e-02 9.990763e-01 -1.311313e-02 -2.051944e+01 9.559054e-01 3.532581e-02 -2.915424e-01 2.251084e+02
-2.922190e-01 -2.418456e-02 -9.560456e-01 -2.134613e+01 -4.507927e-02 9.989173e-01 -1.149041e-02 -2.052071e+01 9.552884e-01 3.974012e-02 -2.929929e-01 2.248377e+02
-2.927582e-01 -2.580205e-02 -9.558383e-01 -2.237489e+01 -5.028307e-02 9.986681e-01 -1.155729e-02 -2.056316e+01 9.548635e-01 4.467900e-02 -2.936657e-01 2.245267e+02
-2.929532e-01 -2.858007e-02 -9.556995e-01 -2.328593e+01 -5.566857e-02 9.983674e-01 -1.279181e-02 -2.061544e+01 9.545048e-01 4.945503e-02 -2.940659e-01 2.241852e+02
-2.935718e-01 -2.883119e-02 -9.555022e-01 -2.423149e+01 -5.829345e-02 9.982248e-01 -1.221002e-02 -2.065797e+01 9.541580e-01 5.211501e-02 -2.947313e-01 2.238888e+02
-2.931801e-01 -3.014678e-02 -9.555818e-01 -2.510206e+01 -6.208082e-02 9.979936e-01 -1.243790e-02 -2.068616e+01 9.540395e-01 5.567676e-02 -2.944634e-01 2.235909e+02
-2.917521e-01 -3.172122e-02 -9.559678e-01 -2.598705e+01 -6.625264e-02 9.977197e-01 -1.288698e-02 -2.070833e+01 9.541967e-01 5.957559e-02 -2.931884e-01 2.232721e+02
-2.916027e-01 -3.271093e-02 -9.559800e-01 -2.685958e+01 -6.817564e-02 9.975842e-01 -1.333888e-02 -2.071960e+01 9.541069e-01 6.128489e-02 -2.931283e-01 2.229942e+02
-2.904701e-01 -3.036092e-02 -9.564023e-01 -2.767606e+01 -6.767753e-02 9.976453e-01 -1.111576e-02 -2.075577e+01 9.544877e-01 6.149815e-02 -2.918409e-01 2.226816e+02
-2.907805e-01 -2.854058e-02 -9.563640e-01 -2.853600e+01 -6.895709e-02 9.975808e-01 -8.804339e-03 -2.080624e+01 9.543016e-01 6.338795e-02 -2.920451e-01 2.224274e+02
-2.905845e-01 -2.879308e-02 -9.564160e-01 -2.932958e+01 -7.011416e-02 9.975008e-01 -8.727407e-03 -2.084648e+01 9.542770e-01 6.452226e-02 -2.918770e-01 2.221774e+02
-2.905584e-01 -2.977979e-02 -9.563937e-01 -3.010263e+01 -6.992469e-02 9.975040e-01 -9.816301e-03 -2.087109e+01 9.542989e-01 6.402332e-02 -2.919155e-01 2.219285e+02
-2.902937e-01 -2.991902e-02 -9.564698e-01 -3.080721e+01 -6.752610e-02 9.976600e-01 -1.071295e-02 -2.092011e+01 9.545521e-01 6.147677e-02 -2.916348e-01 2.216673e+02
-2.906739e-01 -2.998100e-02 -9.563523e-01 -3.158517e+01 -6.748616e-02 9.976621e-01 -1.076428e-02 -2.095128e+01 9.544392e-01 6.141165e-02 -2.920177e-01 2.214070e+02
-2.904122e-01 -2.952884e-02 -9.564459e-01 -3.231134e+01 -6.780083e-02 9.976466e-01 -1.021401e-02 -2.095636e+01 9.544966e-01 6.188155e-02 -2.917309e-01 2.211814e+02
-2.901289e-01 -3.026001e-02 -9.565091e-01 -3.295543e+01 -6.941178e-02 9.975328e-01 -1.050381e-02 -2.098521e+01 9.544670e-01 6.334553e-02 -2.915135e-01 2.209874e+02
-2.888906e-01 -3.026926e-02 -9.568835e-01 -3.362583e+01 -7.038395e-02 9.974668e-01 -1.030357e-02 -2.100190e+01 9.547713e-01 6.437263e-02 -2.902893e-01 2.207850e+02
-2.865484e-01 -2.821330e-02 -9.576503e-01 -3.424670e+01 -6.960211e-02 9.975381e-01 -8.562071e-03 -2.102535e+01 9.555342e-01 6.420103e-02 -2.878067e-01 2.205888e+02
-2.845846e-01 -2.623592e-02 -9.582918e-01 -3.487996e+01 -6.941381e-02 9.975655e-01 -6.697277e-03 -2.106076e+01 9.561346e-01 6.461274e-02 -2.857130e-01 2.204555e+02
-2.798319e-01 -2.467719e-02 -9.597318e-01 -3.543397e+01 -7.027361e-02 9.975144e-01 -5.158787e-03 -2.107962e+01 9.574736e-01 6.600022e-02 -2.808706e-01 2.202668e+02
-2.744180e-01 -2.291841e-02 -9.613373e-01 -3.599528e+01 -7.001328e-02 9.975388e-01 -3.795859e-03 -2.109749e+01 9.590583e-01 6.626473e-02 -2.753473e-01 2.200994e+02
-2.687021e-01 -2.178701e-02 -9.629769e-01 -3.654720e+01 -7.020819e-02 9.975279e-01 -2.978333e-03 -2.113165e+01 9.606612e-01 6.680858e-02 -2.695675e-01 2.199511e+02
-2.621234e-01 -2.157280e-02 -9.647932e-01 -3.703116e+01 -6.889423e-02 9.976175e-01 -3.588961e-03 -2.115282e+01 9.625720e-01 6.552794e-02 -2.629852e-01 2.198261e+02
-2.547931e-01 -2.253907e-02 -9.667329e-01 -3.747848e+01 -6.678728e-02 9.977512e-01 -5.659731e-03 -2.117139e+01 9.646865e-01 6.312340e-02 -2.557254e-01 2.197185e+02
-2.455555e-01 -2.339045e-02 -9.691003e-01 -3.789959e+01 -6.558460e-02 9.978191e-01 -7.465456e-03 -2.120519e+01 9.671614e-01 6.172488e-02 -2.465540e-01 2.196050e+02
-2.366524e-01 -2.495231e-02 -9.712739e-01 -3.828441e+01 -6.508103e-02 9.978321e-01 -9.777504e-03 -2.121732e+01 9.694122e-01 6.089763e-02 -2.377633e-01 2.195130e+02
-2.283468e-01 -2.611263e-02 -9.732296e-01 -3.866687e+01 -6.426250e-02 9.978645e-01 -1.169583e-02 -2.121884e+01 9.714567e-01 5.987146e-02 -2.295372e-01 2.194479e+02
-2.192180e-01 -2.681020e-02 -9.753075e-01 -3.902523e+01 -6.352544e-02 9.978935e-01 -1.315257e-02 -2.123901e+01 9.736057e-01 5.907356e-02 -2.204594e-01 2.193665e+02
-2.104644e-01 -3.131892e-02 -9.770997e-01 -3.934040e+01 -6.123973e-02 9.979461e-01 -1.879626e-02 -2.125244e+01 9.756815e-01 5.588138e-02 -2.119501e-01 2.193163e+02
-2.008921e-01 -3.625702e-02 -9.789422e-01 -3.961449e+01 -5.878065e-02 9.979604e-01 -2.489882e-02 -2.127820e+01 9.778483e-01 5.254088e-02 -2.026136e-01 2.192684e+02
-1.902088e-01 -3.828024e-02 -9.809971e-01 -3.987038e+01 -5.670312e-02 9.979998e-01 -2.794936e-02 -2.129349e+01 9.801048e-01 5.030938e-02 -1.919989e-01 2.192243e+02
-1.798917e-01 -3.830303e-02 -9.829404e-01 -4.013240e+01 -5.598137e-02 9.980208e-01 -2.864531e-02 -2.129679e+01 9.820922e-01 4.987330e-02 -1.816799e-01 2.191802e+02
-1.696550e-01 -3.937450e-02 -9.847166e-01 -4.037215e+01 -5.471916e-02 9.980365e-01 -3.047965e-02 -2.131225e+01 9.839832e-01 4.871184e-02 -1.714764e-01 2.191634e+02
-1.577044e-01 -4.232083e-02 -9.865791e-01 -4.061337e+01 -5.342592e-02 9.979836e-01 -3.426992e-02 -2.133745e+01 9.860401e-01 4.730438e-02 -1.596474e-01 2.191372e+02
-1.427323e-01 -4.573830e-02 -9.887039e-01 -4.081081e+01 -5.371848e-02 9.978173e-01 -3.840493e-02 -2.136230e+01 9.883025e-01 4.763005e-02 -1.448778e-01 2.190950e+02
-1.258742e-01 -4.864661e-02 -9.908528e-01 -4.102740e+01 -5.199052e-02 9.977479e-01 -4.238046e-02 -2.136176e+01 9.906829e-01 4.618035e-02 -1.281198e-01 2.190572e+02
-1.088406e-01 -5.097641e-02 -9.927513e-01 -4.131109e+01 -5.203656e-02 9.976072e-01 -4.552070e-02 -2.136378e+01 9.926963e-01 4.670486e-02 -1.112328e-01 2.190850e+02
-8.921911e-02 -5.216635e-02 -9.946450e-01 -4.152651e+01 -5.237752e-02 9.974914e-01 -4.761741e-02 -2.136929e+01 9.946339e-01 4.784865e-02 -9.172764e-02 2.190714e+02
-6.942476e-02 -5.050956e-02 -9.963077e-01 -4.173808e+01 -4.903172e-02 9.976831e-01 -4.716265e-02 -2.137186e+01 9.963815e-01 4.557642e-02 -7.174048e-02 2.190689e+02
-4.854299e-02 -4.610651e-02 -9.977564e-01 -4.199611e+01 -4.697505e-02 9.979340e-01 -4.382929e-02 -2.139543e+01 9.977159e-01 4.474205e-02 -5.060856e-02 2.190924e+02
-2.620869e-02 -4.213508e-02 -9.987681e-01 -4.221630e+01 -4.441340e-02 9.981738e-01 -4.094456e-02 -2.142066e+01 9.986694e-01 4.328559e-02 -2.803219e-02 2.191059e+02
-2.305098e-03 -4.362947e-02 -9.990451e-01 -4.242229e+01 -4.592104e-02 9.979985e-01 -4.347780e-02 -2.142896e+01 9.989424e-01 4.577697e-02 -4.303994e-03 2.191076e+02
2.357525e-02 -4.918278e-02 -9.985115e-01 -4.266334e+01 -4.413150e-02 9.977643e-01 -5.018793e-02 -2.144939e+01 9.987475e-01 4.524900e-02 2.135203e-02 2.191644e+02
5.318951e-02 -5.530482e-02 -9.970518e-01 -4.290452e+01 -4.016833e-02 9.975386e-01 -5.747467e-02 -2.145941e+01 9.977762e-01 4.310695e-02 5.083709e-02 2.192126e+02
8.515096e-02 -5.617589e-02 -9.947832e-01 -4.316266e+01 -3.386788e-02 9.976692e-01 -5.923788e-02 -2.148669e+01 9.957923e-01 3.873536e-02 8.304993e-02 2.192629e+02
1.204719e-01 -5.344951e-02 -9.912768e-01 -4.342846e+01 -2.595449e-02 9.980386e-01 -5.696841e-02 -2.150318e+01 9.923774e-01 3.259117e-02 1.188484e-01 2.193156e+02
1.585885e-01 -4.954901e-02 -9.861007e-01 -4.371335e+01 -2.162287e-02 9.983262e-01 -5.364078e-02 -2.151223e+01 9.871080e-01 2.982914e-02 1.572517e-01 2.194045e+02
2.030088e-01 -4.291985e-02 -9.782358e-01 -4.404264e+01 -2.019452e-02 9.986429e-01 -4.800608e-02 -2.153353e+01 9.789686e-01 2.950066e-02 2.018666e-01 2.194569e+02
2.463580e-01 -3.737513e-02 -9.684580e-01 -4.439379e+01 -2.268030e-02 9.987602e-01 -4.431401e-02 -2.154795e+01 9.689135e-01 3.288203e-02 2.452049e-01 2.195993e+02
2.933138e-01 -3.375695e-02 -9.554201e-01 -4.472039e+01 -2.302513e-02 9.988371e-01 -4.235968e-02 -2.156791e+01 9.557389e-01 3.442335e-02 2.921955e-01 2.197313e+02
3.413349e-01 -3.102950e-02 -9.394294e-01 -4.504652e+01 -2.104374e-02 9.989522e-01 -4.064163e-02 -2.158023e+01 9.397062e-01 3.364151e-02 3.403242e-01 2.198957e+02
3.924195e-01 -2.786778e-02 -9.193641e-01 -4.540594e+01 -1.676023e-02 9.991583e-01 -3.744041e-02 -2.161141e+01 9.196337e-01 3.010110e-02 3.916221e-01 2.200690e+02
4.440585e-01 -2.908202e-02 -8.955257e-01 -4.573113e+01 -1.093175e-02 9.992229e-01 -3.787022e-02 -2.163740e+01 8.959311e-01 2.660625e-02 4.433955e-01 2.202794e+02
4.966476e-01 -3.103964e-02 -8.673971e-01 -4.609417e+01 -7.728122e-03 9.991626e-01 -4.017976e-02 -2.165833e+01 8.679179e-01 2.665853e-02 4.959918e-01 2.205369e+02
5.495521e-01 -3.942094e-02 -8.345289e-01 -4.639697e+01 -2.839280e-03 9.987923e-01 -4.905002e-02 -2.161032e+01 8.354546e-01 2.932500e-02 5.487764e-01 2.208062e+02
6.025752e-01 -4.327909e-02 -7.968877e-01 -4.670687e+01 -5.115767e-04 9.985073e-01 -5.461592e-02 -2.161311e+01 7.980619e-01 3.331787e-02 6.016536e-01 2.210955e+02
6.543869e-01 -4.480844e-02 -7.548311e-01 -4.704976e+01 2.662736e-03 9.983731e-01 -5.695722e-02 -2.162750e+01 7.561552e-01 3.526214e-02 6.534416e-01 2.214234e+02
7.032188e-01 -4.281619e-02 -7.096831e-01 -4.733647e+01 5.425587e-03 9.984791e-01 -5.486349e-02 -2.163125e+01 7.109528e-01 3.473059e-02 7.023816e-01 2.217749e+02
7.479726e-01 -4.359790e-02 -6.622962e-01 -4.763824e+01 1.206525e-02 9.985686e-01 -5.210813e-02 -2.166710e+01 6.636199e-01 3.098468e-02 7.474279e-01 2.221739e+02
7.879320e-01 -4.498519e-02 -6.141168e-01 -4.792557e+01 1.877981e-02 9.986195e-01 -4.905560e-02 -2.171062e+01 6.154758e-01 2.711948e-02 7.876891e-01 2.226087e+02
8.232726e-01 -5.041654e-02 -5.654029e-01 -4.821961e+01 2.696168e-02 9.983968e-01 -4.976789e-02 -2.167454e+01 5.670056e-01 2.572833e-02 8.233121e-01 2.231123e+02
8.547286e-01 -5.197635e-02 -5.164664e-01 -4.844978e+01 2.952376e-02 9.982313e-01 -5.159991e-02 -2.171141e+01 5.182349e-01 2.885588e-02 8.547514e-01 2.235906e+02
8.827530e-01 -5.134696e-02 -4.670232e-01 -4.874441e+01 3.026593e-02 9.981603e-01 -5.253520e-02 -2.174568e+01 4.688615e-01 3.224071e-02 8.826831e-01 2.241412e+02
9.062984e-01 -5.118439e-02 -4.195277e-01 -4.904226e+01 3.249602e-02 9.981402e-01 -5.157729e-02 -2.171864e+01 4.213874e-01 3.311143e-02 9.062761e-01 2.247699e+02
9.253708e-01 -5.036270e-02 -3.757028e-01 -4.928866e+01 3.459491e-02 9.982189e-01 -4.860195e-02 -2.174987e+01 3.774813e-01 3.197741e-02 9.254649e-01 2.253991e+02
9.393054e-01 -5.661779e-02 -3.383783e-01 -4.937263e+01 4.311079e-02 9.979497e-01 -4.730653e-02 -2.172541e+01 3.403629e-01 2.984752e-02 9.398203e-01 2.259196e+02
9.498152e-01 -5.887804e-02 -3.072207e-01 -4.973804e+01 4.718293e-02 9.978556e-01 -4.536388e-02 -2.175867e+01 3.092328e-01 2.859173e-02 9.505565e-01 2.268338e+02
9.570136e-01 -6.202700e-02 -2.833331e-01 -4.990085e+01 5.175888e-02 9.977078e-01 -4.359136e-02 -2.180880e+01 2.853874e-01 2.705252e-02 9.580304e-01 2.274935e+02
9.618409e-01 -6.604488e-02 -2.655186e-01 -5.008812e+01 5.665639e-02 9.974728e-01 -4.287283e-02 -2.182391e+01 2.676792e-01 2.619351e-02 9.631520e-01 2.281905e+02
9.647950e-01 -6.834301e-02 -2.539681e-01 -5.031415e+01 5.976879e-02 9.973561e-01 -4.133466e-02 -2.184957e+01 2.561216e-01 2.470011e-02 9.663290e-01 2.289506e+02
9.663624e-01 -6.938976e-02 -2.476463e-01 -5.047693e+01 6.097600e-02 9.972764e-01 -4.149407e-02 -2.190221e+01 2.498511e-01 2.499783e-02 9.679615e-01 2.296637e+02
9.669525e-01 -7.140051e-02 -2.447546e-01 -5.061749e+01 6.294307e-02 9.971239e-01 -4.221455e-02 -2.193494e+01 2.470648e-01 2.541386e-02 9.686656e-01 2.303914e+02
9.677722e-01 -7.323321e-02 -2.409438e-01 -5.114052e+01 6.455846e-02 9.969560e-01 -4.371317e-02 -2.190886e+01 2.434116e-01 2.674943e-02 9.695542e-01 2.314906e+02
9.681524e-01 -7.175219e-02 -2.398595e-01 -5.138072e+01 6.314599e-02 9.970608e-01 -4.338521e-02 -2.195905e+01 2.422675e-01 2.685733e-02 9.698377e-01 2.323274e+02
9.680332e-01 -7.116297e-02 -2.405152e-01 -5.153360e+01 6.311179e-02 9.971630e-01 -4.102347e-02 -2.200021e+01 2.427522e-01 2.453274e-02 9.697781e-01 2.331155e+02
9.683680e-01 -6.892708e-02 -2.398177e-01 -5.184487e+01 6.151485e-02 9.973724e-01 -3.826637e-02 -2.201497e+01 2.418252e-01 2.230358e-02 9.700635e-01 2.340057e+02
9.681091e-01 -6.760295e-02 -2.412355e-01 -5.207140e+01 6.058168e-02 9.974988e-01 -3.641333e-02 -2.205857e+01 2.430938e-01 2.063763e-02 9.697832e-01 2.348687e+02
9.673973e-01 -7.015076e-02 -2.433543e-01 -5.232660e+01 6.301710e-02 9.973269e-01 -3.698586e-02 -2.209315e+01 2.452984e-01 2.044453e-02 9.692320e-01 2.357803e+02
9.664673e-01 -7.186903e-02 -2.465275e-01 -5.247223e+01 6.370415e-02 9.971284e-01 -4.094745e-02 -2.206479e+01 2.487625e-01 2.386954e-02 9.682704e-01 2.366129e+02
9.659150e-01 -7.212595e-02 -2.486082e-01 -5.273555e+01 6.208892e-02 9.969162e-01 -4.799076e-02 -2.212579e+01 2.513030e-01 3.091917e-02 9.674145e-01 2.375534e+02
9.659881e-01 -6.723939e-02 -2.496916e-01 -5.294172e+01 5.547371e-02 9.970058e-01 -5.387094e-02 -2.218986e+01 2.525662e-01 3.818737e-02 9.668257e-01 2.383508e+02
9.656415e-01 -6.488381e-02 -2.516476e-01 -5.325789e+01 5.306745e-02 9.971584e-01 -5.346887e-02 -2.217836e+01 2.544017e-01 3.827747e-02 9.663408e-01 2.393927e+02
9.655811e-01 -6.241083e-02 -2.525034e-01 -5.360271e+01 5.270150e-02 9.975940e-01 -4.504134e-02 -2.221854e+01 2.547069e-01 3.018376e-02 9.665471e-01 2.404535e+02
9.651967e-01 -6.261120e-02 -2.539197e-01 -5.382556e+01 5.544807e-02 9.978382e-01 -3.527713e-02 -2.226608e+01 2.555795e-01 1.997001e-02 9.665818e-01 2.414363e+02
9.653346e-01 -6.302751e-02 -2.532916e-01 -5.428436e+01 5.623499e-02 9.978393e-01 -3.397565e-02 -2.221264e+01 2.548858e-01 1.855402e-02 9.667932e-01 2.426127e+02
9.648976e-01 -6.482736e-02 -2.544996e-01 -5.446850e+01 5.617909e-02 9.975739e-01 -4.111208e-02 -2.226540e+01 2.565474e-01 2.537139e-02 9.661986e-01 2.435658e+02
9.651956e-01 -6.815379e-02 -2.524928e-01 -5.506988e+01 5.747670e-02 9.971223e-01 -4.943272e-02 -2.230410e+01 2.551352e-01 3.319979e-02 9.663352e-01 2.449237e+02
9.640354e-01 -7.011129e-02 -2.563596e-01 -5.529678e+01 5.810606e-02 9.968425e-01 -5.411778e-02 -2.222689e+01 2.593444e-01 3.727541e-02 9.650653e-01 2.460578e+02
9.640980e-01 -6.795617e-02 -2.567040e-01 -5.559623e+01 5.596563e-02 9.969855e-01 -5.373875e-02 -2.228908e+01 2.595820e-01 3.744283e-02 9.649949e-01 2.471397e+02
9.643172e-01 -5.955326e-02 -2.579646e-01 -5.594028e+01 4.922204e-02 9.977128e-01 -4.632955e-02 -2.233649e+01 2.601337e-01 3.197884e-02 9.650429e-01 2.483049e+02
9.640291e-01 -5.669753e-02 -2.596792e-01 -5.606584e+01 4.862567e-02 9.981163e-01 -3.740834e-02 -2.234169e+01 2.613110e-01 2.343566e-02 9.649701e-01 2.492448e+02
9.637932e-01 -5.581432e-02 -2.607439e-01 -5.637854e+01 4.895364e-02 9.982644e-01 -3.273809e-02 -2.238047e+01 2.621186e-01 1.878838e-02 9.648528e-01 2.503986e+02
9.637785e-01 -5.867412e-02 -2.601697e-01 -5.670891e+01 5.121135e-02 9.980611e-01 -3.537675e-02 -2.243137e+01 2.617409e-01 2.077171e-02 9.649146e-01 2.515123e+02
9.633925e-01 -5.966669e-02 -2.613711e-01 -5.698285e+01 5.071598e-02 9.978768e-01 -4.086379e-02 -2.239511e+01 2.632543e-01 2.611218e-02 9.643730e-01 2.526050e+02
9.630778e-01 -6.279369e-02 -2.617978e-01 -5.728783e+01 5.255892e-02 9.975614e-01 -4.592182e-02 -2.246299e+01 2.640430e-01 3.046647e-02 9.640296e-01 2.537125e+02
9.629249e-01 -5.906560e-02 -2.632242e-01 -5.766044e+01 4.863153e-02 9.977576e-01 -4.598604e-02 -2.252555e+01 2.653501e-01 3.148011e-02 9.636381e-01 2.549930e+02
9.635541e-01 -6.022428e-02 -2.606463e-01 -5.810164e+01 5.014996e-02 9.977212e-01 -4.513715e-02 -2.247613e+01 2.627707e-01 3.042069e-02 9.643786e-01 2.560838e+02
9.629783e-01 -6.011150e-02 -2.627915e-01 -5.837247e+01 5.125925e-02 9.978671e-01 -4.041891e-02 -2.253518e+01 2.646606e-01 2.545204e-02 9.640057e-01 2.572375e+02
9.627900e-01 -6.302432e-02 -2.627992e-01 -5.867070e+01 5.386744e-02 9.976681e-01 -4.191155e-02 -2.257823e+01 2.648279e-01 2.619570e-02 9.639398e-01 2.582964e+02
9.634767e-01 -6.040404e-02 -2.608908e-01 -5.917947e+01 4.985897e-02 9.976565e-01 -4.685688e-02 -2.258259e+01 2.631098e-01 3.213777e-02 9.642305e-01 2.595881e+02
9.631670e-01 -6.124394e-02 -2.618366e-01 -5.952226e+01 4.988805e-02 9.975122e-01 -4.980606e-02 -2.266962e+01 2.642355e-01 3.490903e-02 9.638262e-01 2.608007e+02
9.633730e-01 -6.155810e-02 -2.610040e-01 -5.990292e+01 5.009803e-02 9.974747e-01 -5.034235e-02 -2.273233e+01 2.634439e-01 3.542267e-02 9.640241e-01 2.619753e+02
9.643066e-01 -5.604286e-02 -2.587894e-01 -6.022618e+01 4.490359e-02 9.978006e-01 -4.876076e-02 -2.269245e+01 2.609529e-01 3.539975e-02 9.647022e-01 2.629786e+02
9.641937e-01 -5.180541e-02 -2.600897e-01 -6.049557e+01 4.179180e-02 9.981620e-01 -4.388791e-02 -2.278250e+01 2.618853e-01 3.144683e-02 9.645865e-01 2.641508e+02
9.654297e-01 -4.608949e-02 -2.565565e-01 -6.099633e+01 3.697454e-02 9.985056e-01 -4.024180e-02 -2.287003e+01 2.580278e-01 2.936457e-02 9.656911e-01 2.654165e+02
9.664748e-01 -4.175750e-02 -2.533433e-01 -6.144391e+01 3.279753e-02 9.986816e-01 -3.948976e-02 -2.281730e+01 2.546583e-01 2.985682e-02 9.665701e-01 2.666868e+02
9.667960e-01 -4.402041e-02 -2.517294e-01 -6.181072e+01 3.498952e-02 9.985772e-01 -4.024184e-02 -2.289033e+01 2.531427e-01 3.009776e-02 9.669607e-01 2.679416e+02
9.672972e-01 -4.655946e-02 -2.493358e-01 -6.217434e+01 3.660262e-02 9.983420e-01 -4.442465e-02 -2.293273e+01 2.509908e-01 3.384550e-02 9.673976e-01 2.691558e+02
9.673629e-01 -4.603779e-02 -2.491776e-01 -6.242624e+01 3.450785e-02 9.981304e-01 -5.044636e-02 -2.285283e+01 2.510342e-01 4.020136e-02 9.671430e-01 2.702908e+02
9.677162e-01 -4.551983e-02 -2.478979e-01 -6.274801e+01 3.334366e-02 9.980324e-01 -5.309875e-02 -2.292843e+01 2.498272e-01 4.311870e-02 9.673299e-01 2.714922e+02
9.680988e-01 -4.324861e-02 -2.468083e-01 -6.315088e+01 3.160526e-02 9.982012e-01 -5.094561e-02 -2.303452e+01 2.485676e-01 4.151994e-02 9.677242e-01 2.728438e+02
9.684251e-01 -3.776185e-02 -2.464283e-01 -6.324521e+01 2.671370e-02 9.984889e-01 -4.802440e-02 -2.294859e+01 2.478694e-01 3.992502e-02 9.679704e-01 2.736846e+02
9.687654e-01 -3.457497e-02 -2.455567e-01 -6.360466e+01 2.421932e-02 9.986903e-01 -4.506838e-02 -2.304565e+01 2.467934e-01 3.771347e-02 9.683340e-01 2.749339e+02
9.690689e-01 -2.919216e-02 -2.450579e-01 -6.392899e+01 1.991827e-02 9.989916e-01 -4.023761e-02 -2.313320e+01 2.459854e-01 3.411189e-02 9.686731e-01 2.761403e+02
9.694709e-01 -2.405190e-02 -2.440241e-01 -6.427736e+01 1.569184e-02 9.992233e-01 -3.614580e-02 -2.303661e+01 2.447039e-01 3.121311e-02 9.690953e-01 2.773386e+02
9.697246e-01 -1.916553e-02 -2.434477e-01 -6.462931e+01 1.025828e-02 9.992325e-01 -3.780325e-02 -2.311868e+01 2.439854e-01 3.416139e-02 9.691770e-01 2.785814e+02
9.699545e-01 -1.860520e-02 -2.425739e-01 -6.498034e+01 8.298024e-03 9.990214e-01 -4.344363e-02 -2.316801e+01 2.431448e-01 4.012547e-02 9.691597e-01 2.798053e+02
9.701507e-01 -1.159046e-02 -2.422258e-01 -6.527942e+01 4.152526e-05 9.988651e-01 -4.762921e-02 -2.311838e+01 2.425029e-01 4.619746e-02 9.690501e-01 2.809585e+02
9.701280e-01 -8.632609e-03 -2.424398e-01 -6.561704e+01 -3.597917e-03 9.987448e-01 -4.995968e-02 -2.321010e+01 2.425667e-01 4.933956e-02 9.688792e-01 2.822104e+02
9.700972e-01 -7.657435e-03 -2.425958e-01 -6.595457e+01 -4.914067e-03 9.986777e-01 -5.117331e-02 -2.326035e+01 2.426669e-01 5.083522e-02 9.687768e-01 2.834280e+02
9.700934e-01 -9.328132e-04 -2.427303e-01 -6.627406e+01 -1.071637e-02 9.988530e-01 -4.666754e-02 -2.322171e+01 2.424954e-01 4.787306e-02 9.689707e-01 2.845784e+02
9.697727e-01 -2.686096e-03 -2.439955e-01 -6.659545e+01 -8.256952e-03 9.990055e-01 -4.381553e-02 -2.327272e+01 2.438705e-01 4.450576e-02 9.687861e-01 2.858679e+02
9.699787e-01 1.106961e-03 -2.431874e-01 -6.695118e+01 -1.169651e-02 9.990447e-01 -4.210525e-02 -2.336052e+01 2.429084e-01 4.368564e-02 9.690650e-01 2.870738e+02
9.693491e-01 -1.124684e-03 -2.456849e-01 -6.718157e+01 -9.495321e-03 9.990709e-01 -4.203726e-02 -2.324307e+01 2.455039e-01 4.308164e-02 9.684378e-01 2.882280e+02
9.691337e-01 -1.329371e-03 -2.465321e-01 -6.741154e+01 -9.369598e-03 9.990644e-01 -4.221974e-02 -2.329737e+01 2.463576e-01 4.322648e-02 9.682145e-01 2.893576e+02
9.692588e-01 -4.276102e-05 -2.460434e-01 -6.788645e+01 -1.055030e-02 9.990730e-01 -4.173528e-02 -2.341738e+01 2.458171e-01 4.304812e-02 9.683599e-01 2.907568e+02
9.690526e-01 1.004023e-02 -2.466500e-01 -6.815236e+01 -2.107606e-02 9.988892e-01 -4.214365e-02 -2.331060e+01 2.459529e-01 4.603783e-02 9.681878e-01 2.917165e+02
9.689205e-01 7.709082e-03 -2.472521e-01 -6.846724e+01 -1.855882e-02 9.989628e-01 -4.158077e-02 -2.337616e+01 2.466751e-01 4.487717e-02 9.680586e-01 2.929459e+02
9.691886e-01 9.558531e-03 -2.461342e-01 -6.891790e+01 -2.088908e-02 9.988366e-01 -4.346430e-02 -2.349507e+01 2.454324e-01 4.726662e-02 9.682607e-01 2.942480e+02
9.691211e-01 1.565077e-02 -2.460880e-01 -6.919926e+01 -2.825260e-02 9.984591e-01 -4.776152e-02 -2.345609e+01 2.449613e-01 5.323932e-02 9.680700e-01 2.953339e+02
9.691407e-01 1.304306e-02 -2.461628e-01 -6.951855e+01 -2.528684e-02 9.985915e-01 -4.664319e-02 -2.352920e+01 2.452077e-01 5.142849e-02 9.681055e-01 2.965573e+02
9.693492e-01 1.430327e-02 -2.452702e-01 -6.986601e+01 -2.552194e-02 9.987652e-01 -4.262263e-02 -2.359342e+01 2.443577e-01 4.757599e-02 9.685173e-01 2.977313e+02
9.693989e-01 2.147097e-02 -2.445500e-01 -7.017499e+01 -3.217547e-02 9.986870e-01 -3.986134e-02 -2.353896e+01 2.433731e-01 4.651005e-02 9.688170e-01 2.989378e+02
9.694444e-01 2.167249e-02 -2.443517e-01 -7.048580e+01 -3.186032e-02 9.987766e-01 -3.781776e-02 -2.360809e+01 2.432332e-01 4.444735e-02 9.689489e-01 3.001652e+02
9.696163e-01 2.028479e-02 -2.437883e-01 -7.080737e+01 -3.027338e-02 9.988456e-01 -3.729542e-02 -2.365390e+01 2.427503e-01 4.354255e-02 9.691111e-01 3.013826e+02
9.696306e-01 2.131158e-02 -2.436436e-01 -7.113108e+01 -3.189924e-02 9.987066e-01 -3.959252e-02 -2.356900e+01 2.424847e-01 4.616217e-02 9.690563e-01 3.025451e+02
9.695437e-01 1.873908e-02 -2.442004e-01 -7.141670e+01 -2.996595e-02 9.986538e-01 -4.234002e-02 -2.363291e+01 2.430782e-01 4.836820e-02 9.688000e-01 3.037284e+02
9.697272e-01 1.509121e-02 -2.437241e-01 -7.174072e+01 -2.644138e-02 9.987093e-01 -4.336538e-02 -2.370418e+01 2.427551e-01 4.849699e-02 9.688746e-01 3.049379e+02
9.700586e-01 9.632266e-03 -2.426797e-01 -7.141907e+01 -2.024766e-02 9.989422e-01 -4.128626e-02 -2.322310e+01 2.420253e-01 4.496378e-02 9.692275e-01 3.062083e+02
9.700919e-01 7.107207e-03 -2.426339e-01 -7.174747e+01 -1.667170e-02 9.991617e-01 -3.738898e-02 -2.330145e+01 2.421647e-01 4.031587e-02 9.693972e-01 3.074055e+02
9.698748e-01 4.368543e-03 -2.435648e-01 -7.205965e+01 -1.300099e-02 9.993425e-01 -3.384587e-02 -2.335781e+01 2.432568e-01 3.599284e-02 9.692939e-01 3.086262e+02
9.694560e-01 -6.375618e-03 -2.451826e-01 -7.302705e+01 -2.446222e-03 9.993610e-01 -3.565934e-02 -2.387527e+01 2.452532e-01 3.516993e-02 9.688209e-01 3.096274e+02
9.692468e-01 -1.135869e-02 -2.458286e-01 -7.335661e+01 1.720624e-03 9.992226e-01 -3.938580e-02 -2.394944e+01 2.460848e-01 3.775158e-02 9.685128e-01 3.108347e+02
9.691283e-01 -8.616433e-03 -2.464062e-01 -7.365579e+01 -1.475625e-03 9.991686e-01 -4.074304e-02 -2.405229e+01 2.465524e-01 3.984884e-02 9.683099e-01 3.120298e+02
9.689274e-01 -1.967809e-02 -2.465614e-01 -7.403145e+01 1.037689e-02 9.991866e-01 -3.896649e-02 -2.413721e+01 2.471276e-01 3.519716e-02 9.683435e-01 3.133064e+02
9.689154e-01 -2.063651e-02 -2.465300e-01 -7.436035e+01 1.216504e-02 9.992836e-01 -3.583673e-02 -2.421085e+01 2.470929e-01 3.172371e-02 9.684724e-01 3.144602e+02
9.688004e-01 -2.141281e-02 -2.469157e-01 -7.466489e+01 1.373151e-02 9.993680e-01 -3.278926e-02 -2.427230e+01 2.474618e-01 2.837572e-02 9.684821e-01 3.155899e+02
9.684412e-01 -2.907148e-02 -2.475408e-01 -7.501263e+01 2.240303e-02 9.993074e-01 -2.971359e-02 -2.438277e+01 2.482331e-01 2.323021e-02 9.684217e-01 3.168633e+02
9.683317e-01 -3.032974e-02 -2.478182e-01 -7.532893e+01 2.364497e-02 9.992730e-01 -2.990710e-02 -2.442688e+01 2.485451e-01 2.310034e-02 9.683448e-01 3.180094e+02
9.679313e-01 -3.304893e-02 -2.490317e-01 -7.560089e+01 2.609868e-02 9.991736e-01 -3.116025e-02 -2.453978e+01 2.498557e-01 2.366159e-02 9.679939e-01 3.190883e+02
9.677668e-01 -3.794466e-02 -2.489733e-01 -7.589578e+01 3.037067e-02 9.989537e-01 -3.419338e-02 -2.461340e+01 2.500102e-01 2.552973e-02 9.679066e-01 3.202202e+02
9.677450e-01 -3.814470e-02 -2.490275e-01 -7.616370e+01 2.984253e-02 9.988684e-01 -3.703037e-02 -2.465171e+01 2.501582e-01 2.840434e-02 9.677882e-01 3.212546e+02
9.679495e-01 -3.663213e-02 -2.484590e-01 -7.645451e+01 2.835180e-02 9.989195e-01 -3.682473e-02 -2.473034e+01 2.495395e-01 2.860022e-02 9.679422e-01 3.223096e+02
9.680368e-01 -4.067095e-02 -2.474888e-01 -7.671836e+01 3.302338e-02 9.988424e-01 -3.497542e-02 -2.484231e+01 2.486248e-01 2.568458e-02 9.682593e-01 3.234231e+02
9.686234e-01 -3.783617e-02 -2.456362e-01 -7.698105e+01 3.001327e-02 9.989184e-01 -3.551468e-02 -2.487858e+01 2.467143e-01 2.702801e-02 9.687113e-01 3.244453e+02
9.692878e-01 -3.908832e-02 -2.428030e-01 -7.728517e+01 3.107093e-02 9.988408e-01 -3.676373e-02 -2.494591e+01 2.439586e-01 2.809052e-02 9.693787e-01 3.254384e+02
9.695870e-01 -4.477117e-02 -2.406171e-01 -7.750670e+01 3.689148e-02 9.986283e-01 -3.715551e-02 -2.503098e+01 2.419506e-01 2.714878e-02 9.699087e-01 3.264661e+02
9.703183e-01 -4.447980e-02 -2.377058e-01 -7.776800e+01 3.677484e-02 9.986475e-01 -3.675275e-02 -2.507863e+01 2.390190e-01 2.692027e-02 9.706416e-01 3.274494e+02
9.707931e-01 -4.615285e-02 -2.354371e-01 -7.801720e+01 3.893784e-02 9.986213e-01 -3.520528e-02 -2.514801e+01 2.367373e-01 2.500964e-02 9.712518e-01 3.284437e+02
9.710991e-01 -5.240460e-02 -2.328524e-01 -7.827123e+01 4.577989e-02 9.983807e-01 -3.376790e-02 -2.524077e+01 2.342449e-01 2.213202e-02 9.719257e-01 3.294444e+02
9.717342e-01 -5.297186e-02 -2.300578e-01 -7.851936e+01 4.663695e-02 9.983703e-01 -3.289091e-02 -2.529314e+01 2.314252e-01 2.123202e-02 9.726210e-01 3.303746e+02
9.719480e-01 -5.614468e-02 -2.283961e-01 -7.871445e+01 5.068013e-02 9.982725e-01 -2.972570e-02 -2.536505e+01 2.296705e-01 1.731669e-02 9.731144e-01 3.312856e+02
9.724219e-01 -5.920317e-02 -2.255896e-01 -7.896972e+01 5.445738e-02 9.981453e-01 -2.720791e-02 -2.543597e+01 2.267820e-01 1.417255e-02 9.738424e-01 3.322001e+02
9.730419e-01 -5.811481e-02 -2.231863e-01 -7.917762e+01 5.363774e-02 9.982200e-01 -2.607509e-02 -2.548173e+01 2.243044e-01 1.340095e-02 9.744270e-01 3.330629e+02
9.735147e-01 -5.796424e-02 -2.211542e-01 -7.937114e+01 5.297425e-02 9.981910e-01 -2.843340e-02 -2.552597e+01 2.224023e-01 1.596486e-02 9.748243e-01 3.339054e+02
9.734490e-01 -6.253142e-02 -2.201974e-01 -7.954061e+01 5.622897e-02 9.978119e-01 -3.478041e-02 -2.555645e+01 2.218905e-01 2.147547e-02 9.748351e-01 3.348105e+02
9.739463e-01 -6.225995e-02 -2.180647e-01 -7.972639e+01 5.531727e-02 9.977529e-01 -3.780526e-02 -2.560261e+01 2.199284e-01 2.475755e-02 9.752018e-01 3.355820e+02
9.744628e-01 -6.191243e-02 -2.158453e-01 -7.990596e+01 5.525772e-02 9.977961e-01 -3.673645e-02 -2.563603e+01 2.176440e-01 2.387118e-02 9.757363e-01 3.363061e+02
9.746380e-01 -6.372068e-02 -2.145236e-01 -8.008683e+01 5.800428e-02 9.977759e-01 -3.284388e-02 -2.568409e+01 2.161393e-01 1.956761e-02 9.761664e-01 3.370996e+02
9.748113e-01 -6.308522e-02 -2.139231e-01 -8.024734e+01 5.772873e-02 9.978446e-01 -3.120109e-02 -2.573093e+01 2.154303e-01 1.806566e-02 9.763521e-01 3.378072e+02
9.745166e-01 -6.205097e-02 -2.155621e-01 -8.039653e+01 5.592982e-02 9.978424e-01 -3.438706e-02 -2.576790e+01 2.172307e-01 2.145441e-02 9.758845e-01 3.384860e+02
9.734385e-01 -6.472023e-02 -2.196106e-01 -8.054612e+01 5.764762e-02 9.975956e-01 -3.846898e-02 -2.581463e+01 2.215723e-01 2.478715e-02 9.748289e-01 3.391639e+02
9.721870e-01 -6.378964e-02 -2.253515e-01 -8.069423e+01 5.611664e-02 9.976106e-01 -4.029861e-02 -2.584716e+01 2.273837e-01 2.653181e-02 9.734437e-01 3.397781e+02
9.712053e-01 -5.938555e-02 -2.307243e-01 -8.087235e+01 5.127415e-02 9.978427e-01 -4.100009e-02 -2.587507e+01 2.326613e-01 2.798932e-02 9.721550e-01 3.403435e+02
9.692975e-01 -5.795358e-02 -2.389641e-01 -8.100665e+01 4.948239e-02 9.979206e-01 -4.130295e-02 -2.592309e+01 2.408608e-01 2.821033e-02 9.701496e-01 3.409579e+02
9.666827e-01 -5.503083e-02 -2.499922e-01 -8.116787e+01 4.628956e-02 9.980979e-01 -4.071662e-02 -2.596884e+01 2.517574e-01 2.778802e-02 9.673914e-01 3.414872e+02
9.625480e-01 -5.589761e-02 -2.652863e-01 -8.134002e+01 4.682695e-02 9.980857e-01 -4.039947e-02 -2.599174e+01 2.670367e-01 2.646388e-02 9.633229e-01 3.420090e+02
9.567471e-01 -5.842817e-02 -2.849933e-01 -8.150694e+01 4.843382e-02 9.979431e-01 -4.199775e-02 -2.603278e+01 2.868609e-01 2.637791e-02 9.576090e-01 3.425267e+02
9.483365e-01 -6.011489e-02 -3.115190e-01 -8.168910e+01 4.905133e-02 9.978600e-01 -4.323677e-02 -2.606589e+01 3.134515e-01 2.572259e-02 9.492558e-01 3.430060e+02
9.359864e-01 -5.986003e-02 -3.469096e-01 -8.185172e+01 4.775596e-02 9.979182e-01 -4.334410e-02 -2.609808e+01 3.487819e-01 2.400249e-02 9.368965e-01 3.434281e+02
9.193891e-01 -6.036542e-02 -3.886896e-01 -8.210109e+01 4.787746e-02 9.979806e-01 -4.174409e-02 -2.614801e+01 3.904246e-01 1.976959e-02 9.204226e-01 3.439061e+02
8.979442e-01 -5.921134e-02 -4.361081e-01 -8.233940e+01 4.624924e-02 9.981171e-01 -4.028958e-02 -2.617839e+01 4.376725e-01 1.600813e-02 8.989919e-01 3.443167e+02
8.693372e-01 -5.638963e-02 -4.909919e-01 -8.250398e+01 4.276156e-02 9.983260e-01 -3.894366e-02 -2.618478e+01 4.923660e-01 1.285959e-02 8.702932e-01 3.446851e+02
8.371583e-01 -5.584763e-02 -5.441021e-01 -8.293592e+01 4.333782e-02 9.984189e-01 -3.579975e-02 -2.625122e+01 5.452411e-01 6.389860e-03 8.382549e-01 3.451120e+02
7.977376e-01 -4.835534e-02 -6.010628e-01 -8.318711e+01 3.680385e-02 9.988256e-01 -3.150875e-02 -2.628557e+01 6.018806e-01 3.014286e-03 7.985804e-01 3.454356e+02
7.534711e-01 -4.174168e-02 -6.561547e-01 -8.352548e+01 3.210290e-02 9.991280e-01 -2.669596e-02 -2.629313e+01 6.566968e-01 -9.498342e-04 7.541541e-01 3.457663e+02
7.055931e-01 -3.679070e-02 -7.076615e-01 -8.391189e+01 2.855069e-02 9.993164e-01 -2.348634e-02 -2.631792e+01 7.080418e-01 -3.632421e-03 7.061612e-01 3.460973e+02
6.524117e-01 -3.490091e-02 -7.570607e-01 -8.426314e+01 2.598361e-02 9.993819e-01 -2.368017e-02 -2.631561e+01 7.574192e-01 -4.221954e-03 6.529153e-01 3.463783e+02
5.952963e-01 -3.217593e-02 -8.028618e-01 -8.468920e+01 2.538206e-02 9.994523e-01 -2.123462e-02 -2.635509e+01 8.031053e-01 -7.737395e-03 5.957869e-01 3.466108e+02
5.304733e-01 -2.945182e-02 -8.471899e-01 -8.509078e+01 2.362322e-02 9.995217e-01 -1.995568e-02 -2.638851e+01 8.473724e-01 -9.427399e-03 5.309154e-01 3.468577e+02
4.620921e-01 -2.534886e-02 -8.864696e-01 -8.554873e+01 1.776241e-02 9.996554e-01 -1.932639e-02 -2.640345e+01 8.866541e-01 -6.815267e-03 4.623831e-01 3.470472e+02
3.901036e-01 -1.928684e-02 -9.205690e-01 -8.603006e+01 1.150412e-02 9.998047e-01 -1.607188e-02 -2.640780e+01 9.206991e-01 -4.320638e-03 3.902493e-01 3.471933e+02
3.152455e-01 -1.901895e-02 -9.488195e-01 -8.651181e+01 1.629938e-02 9.997602e-01 -1.462458e-02 -2.642366e+01 9.488702e-01 -1.085484e-02 3.154799e-01 3.473274e+02
2.354677e-01 -2.298516e-02 -9.716103e-01 -8.702104e+01 2.356623e-02 9.995614e-01 -1.793517e-02 -2.644143e+01 9.715964e-01 -1.867404e-02 2.359061e-01 3.474246e+02
1.530945e-01 -2.745349e-02 -9.878301e-01 -8.753765e+01 2.415354e-02 9.994194e-01 -2.403224e-02 -2.646011e+01 9.879163e-01 -2.018039e-02 1.536687e-01 3.474836e+02
7.129821e-02 -3.365138e-02 -9.968872e-01 -8.795916e+01 2.377468e-02 9.992041e-01 -3.202921e-02 -2.650810e+01 9.971717e-01 -2.141705e-02 7.204151e-02 3.474770e+02
-7.388549e-03 -3.766220e-02 -9.992632e-01 -8.840666e+01 2.048200e-02 9.990751e-01 -3.780656e-02 -2.653007e+01 9.997629e-01 -2.074624e-02 -6.610318e-03 3.474012e+02
-7.957894e-02 -4.073480e-02 -9.959959e-01 -8.890599e+01 1.816708e-02 9.989395e-01 -4.230672e-02 -2.651760e+01 9.966630e-01 -2.146106e-02 -7.875451e-02 3.473138e+02
-1.435741e-01 -3.819811e-02 -9.889021e-01 -8.942883e+01 1.237014e-02 9.991075e-01 -4.038827e-02 -2.655140e+01 9.895623e-01 -1.803156e-02 -1.429734e-01 3.471906e+02
-1.985340e-01 -2.846427e-02 -9.796806e-01 -8.989847e+01 9.998722e-03 9.994673e-01 -3.106542e-02 -2.659504e+01 9.800430e-01 -1.596309e-02 -1.981436e-01 3.469964e+02
-2.445304e-01 -2.403787e-02 -9.693436e-01 -9.050685e+01 -3.092569e-03 9.997069e-01 -2.401068e-02 -2.663188e+01 9.696367e-01 -2.873578e-03 -2.445331e-01 3.468475e+02
-2.813450e-01 -2.471384e-02 -9.592884e-01 -9.091776e+01 -6.214802e-03 9.996943e-01 -2.393209e-02 -2.660371e+01 9.595866e-01 -7.713873e-04 -2.814126e-01 3.467076e+02
-3.100914e-01 -2.962859e-02 -9.502450e-01 -9.154035e+01 -1.257562e-02 9.995546e-01 -2.706228e-02 -2.663297e+01 9.506236e-01 3.558139e-03 -3.103259e-01 3.465229e+02
-3.305295e-01 -2.912305e-02 -9.433462e-01 -9.195752e+01 -1.642498e-02 9.995499e-01 -2.510320e-02 -2.664636e+01 9.436527e-01 7.197100e-03 -3.308590e-01 3.463070e+02
-3.433437e-01 -2.660687e-02 -9.388329e-01 -9.258994e+01 -2.453057e-02 9.995117e-01 -1.935538e-02 -2.664498e+01 9.388894e-01 1.638456e-02 -3.438287e-01 3.460853e+02
-3.510762e-01 -2.137513e-02 -9.361029e-01 -9.327385e+01 -2.375908e-02 9.996209e-01 -1.391490e-02 -2.670364e+01 9.360454e-01 1.735575e-02 -3.514510e-01 3.458488e+02
-3.529483e-01 -2.047458e-02 -9.354188e-01 -9.371685e+01 -2.570280e-02 9.995954e-01 -1.218121e-02 -2.672732e+01 9.352897e-01 1.974354e-02 -3.533318e-01 3.456127e+02
-3.549505e-01 -2.606465e-02 -9.345217e-01 -9.449803e+01 -2.535257e-02 9.995120e-01 -1.824787e-02 -2.676932e+01 9.345413e-01 1.721544e-02 -3.554381e-01 3.454070e+02
-3.550743e-01 -3.725149e-02 -9.340956e-01 -9.511313e+01 -2.713588e-02 9.991954e-01 -2.953260e-02 -2.679437e+01 9.344442e-01 1.486124e-02 -3.557995e-01 3.451574e+02
-3.549111e-01 -4.218788e-02 -9.339477e-01 -9.567811e+01 -1.895454e-02 9.991007e-01 -3.792800e-02 -2.679211e+01 9.347079e-01 4.241482e-03 -3.553916e-01 3.449402e+02
-3.532977e-01 -4.553435e-02 -9.344021e-01 -9.667131e+01 -2.849890e-02 9.988750e-01 -3.790073e-02 -2.691796e+01 9.350768e-01 1.323919e-02 -3.541979e-01 3.446008e+02
-3.520641e-01 -4.184332e-02 -9.350401e-01 -9.737104e+01 -2.608203e-02 9.990509e-01 -3.488734e-02 -2.693967e+01 9.356124e-01 1.210516e-02 -3.528213e-01 3.443452e+02
-3.490015e-01 -4.194586e-02 -9.361830e-01 -9.841369e+01 -3.270482e-02 9.989344e-01 -3.256536e-02 -2.704191e+01 9.365513e-01 1.925234e-02 -3.500014e-01 3.439804e+02
-3.456813e-01 -4.110762e-02 -9.374511e-01 -9.883698e+01 -3.100451e-02 9.989948e-01 -3.237355e-02 -2.701116e+01 9.378396e-01 1.787429e-02 -3.466084e-01 3.438087e+02
-3.396524e-01 -4.335597e-02 -9.395512e-01 -9.968356e+01 -3.639063e-02 9.987948e-01 -3.293440e-02 -2.703468e+01 9.398468e-01 2.300462e-02 -3.408208e-01 3.435089e+02
-3.317128e-01 -4.623082e-02 -9.422470e-01 -1.003477e+02 -4.424550e-02 9.984618e-01 -3.341258e-02 -2.708452e+01 9.423423e-01 3.060681e-02 -3.332480e-01 3.432539e+02
-3.223164e-01 -4.940753e-02 -9.453417e-01 -1.012771e+02 -4.910602e-02 9.981651e-01 -3.542549e-02 -2.708932e+01 9.453575e-01 3.500375e-02 -3.241512e-01 3.429403e+02
-3.128199e-01 -4.747928e-02 -9.486250e-01 -1.020968e+02 -5.315222e-02 9.980598e-01 -3.242597e-02 -2.714806e+01 9.483241e-01 4.027804e-02 -3.147366e-01 3.426765e+02
-3.029056e-01 -4.412847e-02 -9.519984e-01 -1.032354e+02 -5.371354e-02 9.981301e-01 -2.917633e-02 -2.716988e+01 9.515057e-01 4.229753e-02 -3.047095e-01 3.422402e+02
-2.925850e-01 -4.232046e-02 -9.553026e-01 -1.040534e+02 -5.874653e-02 9.979286e-01 -2.621625e-02 -2.720778e+01 9.544333e-01 4.845023e-02 -2.944651e-01 3.419957e+02
-2.834724e-01 -4.409106e-02 -9.579663e-01 -1.049406e+02 -6.001053e-02 9.978003e-01 -2.816669e-02 -2.721811e+01 9.571009e-01 4.950359e-02 -2.854948e-01 3.417390e+02
-2.748659e-01 -4.540134e-02 -9.604100e-01 -1.057001e+02 -5.956217e-02 9.977701e-01 -3.012097e-02 -2.726334e+01 9.596359e-01 4.892488e-02 -2.769572e-01 3.415673e+02
-2.682417e-01 -4.296612e-02 -9.623930e-01 -1.066545e+02 -5.598093e-02 9.980120e-01 -2.895312e-02 -2.731075e+01 9.617237e-01 4.610922e-02 -2.701137e-01 3.413087e+02
-2.635344e-01 -3.942440e-02 -9.638440e-01 -1.075666e+02 -5.405047e-02 9.981983e-01 -2.605112e-02 -2.733010e+01 9.631345e-01 4.523086e-02 -2.651905e-01 3.410679e+02
-2.603845e-01 -3.429852e-02 -9.648956e-01 -1.085428e+02 -5.359741e-02 9.983413e-01 -2.102372e-02 -2.734974e+01 9.640162e-01 4.624165e-02 -2.617909e-01 3.408054e+02
-2.589866e-01 -3.156413e-02 -9.653650e-01 -1.095686e+02 -5.335556e-02 9.984073e-01 -1.833036e-02 -2.737556e+01 9.644061e-01 4.676027e-02 -2.602582e-01 3.405684e+02
-2.573911e-01 -3.096132e-02 -9.658112e-01 -1.105171e+02 -5.263747e-02 9.984518e-01 -1.797967e-02 -2.741697e+01 9.648726e-01 4.621005e-02 -2.586224e-01 3.402920e+02
-2.559227e-01 -3.582575e-02 -9.660332e-01 -1.115058e+02 -5.807986e-02 9.980776e-01 -2.162755e-02 -2.741039e+01 9.649509e-01 5.057209e-02 -2.575115e-01 3.400233e+02
-2.547778e-01 -4.060178e-02 -9.661469e-01 -1.126015e+02 -6.271499e-02 9.977085e-01 -2.538988e-02 -2.743088e+01 9.649638e-01 5.412311e-02 -2.567403e-01 3.397621e+02
-2.527279e-01 -4.308229e-02 -9.665777e-01 -1.135972e+02 -6.785065e-02 9.973378e-01 -2.671264e-02 -2.748777e+01 9.651554e-01 5.883190e-02 -2.549783e-01 3.394939e+02
-2.514408e-01 -4.316873e-02 -9.669095e-01 -1.146513e+02 -6.902601e-02 9.972609e-01 -2.657387e-02 -2.756409e+01 9.654082e-01 6.006015e-02 -2.537319e-01 3.391824e+02
-2.500550e-01 -4.186418e-02 -9.673262e-01 -1.157049e+02 -6.617159e-02 9.974678e-01 -2.606323e-02 -2.757678e+01 9.659678e-01 5.749227e-02 -2.521920e-01 3.389365e+02
-2.480591e-01 -4.193528e-02 -9.678368e-01 -1.168208e+02 -6.748768e-02 9.973834e-01 -2.591824e-02 -2.761520e+01 9.663913e-01 5.888781e-02 -2.502401e-01 3.386499e+02
-2.457817e-01 -4.021652e-02 -9.684906e-01 -1.176907e+02 -6.924340e-02 9.973149e-01 -2.384099e-02 -2.769585e+01 9.668489e-01 6.120190e-02 -2.479065e-01 3.383864e+02
-2.432357e-01 -3.986951e-02 -9.691475e-01 -1.188561e+02 -7.075276e-02 9.972225e-01 -2.326702e-02 -2.770390e+01 9.673833e-01 6.291049e-02 -2.453810e-01 3.380498e+02
-2.414565e-01 -3.791879e-02 -9.696705e-01 -1.198824e+02 -6.975083e-02 9.973299e-01 -2.163184e-02 -2.776828e+01 9.679016e-01 6.241217e-02 -2.434566e-01 3.377730e+02
-2.408438e-01 -3.780466e-02 -9.698273e-01 -1.210114e+02 -6.929265e-02 9.973610e-01 -2.167003e-02 -2.784446e+01 9.680872e-01 6.198281e-02 -2.428278e-01 3.374870e+02
-2.407212e-01 -4.058720e-02 -9.697453e-01 -1.221281e+02 -6.998733e-02 9.972503e-01 -2.436532e-02 -2.783402e+01 9.680677e-01 6.200463e-02 -2.428999e-01 3.372448e+02
-2.414804e-01 -4.119420e-02 -9.695309e-01 -1.232219e+02 -7.111013e-02 9.971637e-01 -2.465693e-02 -2.789042e+01 9.677968e-01 6.298931e-02 -2.437248e-01 3.369731e+02
-2.413899e-01 -3.698964e-02 -9.697230e-01 -1.241694e+02 -7.192347e-02 9.972069e-01 -2.013433e-02 -2.795932e+01 9.677592e-01 6.488562e-02 -2.433761e-01 3.367132e+02
-2.424886e-01 -3.345402e-02 -9.695773e-01 -1.251159e+02 -7.063626e-02 9.973616e-01 -1.674675e-02 -2.799569e+01 9.675793e-01 6.442642e-02 -2.442119e-01 3.364841e+02
-2.430985e-01 -3.396878e-02 -9.694066e-01 -1.262560e+02 -7.409424e-02 9.971171e-01 -1.635913e-02 -2.805937e+01 9.671676e-01 6.785057e-02 -2.449146e-01 3.361817e+02
-2.437273e-01 -3.543878e-02 -9.691961e-01 -1.272551e+02 -7.456802e-02 9.970587e-01 -1.770569e-02 -2.807129e+01 9.669729e-01 6.795567e-02 -2.456530e-01 3.359174e+02
-2.458466e-01 -3.823600e-02 -9.685543e-01 -1.284739e+02 -6.899752e-02 9.973773e-01 -2.186032e-02 -2.812476e+01 9.668499e-01 6.145356e-02 -2.478400e-01 3.355651e+02
-2.479767e-01 -3.999889e-02 -9.679399e-01 -1.295381e+02 -6.775123e-02 9.974169e-01 -2.385979e-02 -2.816192e+01 9.663940e-01 5.966245e-02 -2.500461e-01 3.352807e+02
-2.491661e-01 -3.522130e-02 -9.678201e-01 -1.306707e+02 -6.712946e-02 9.975629e-01 -1.902118e-02 -2.830148e+01 9.661314e-01 6.022980e-02 -2.509233e-01 3.349492e+02
-2.510768e-01 -3.428164e-02 -9.673599e-01 -1.317029e+02 -6.708590e-02 9.975859e-01 -1.794075e-02 -2.824024e+01 9.656396e-01 6.039171e-02 -2.527705e-01 3.347431e+02
-2.510784e-01 -3.683299e-02 -9.672657e-01 -1.327455e+02 -6.791751e-02 9.974833e-01 -2.035395e-02 -2.826642e+01 9.655811e-01 6.058385e-02 -2.529481e-01 3.344139e+02
-2.524674e-01 -3.720276e-02 -9.668899e-01 -1.337762e+02 -6.835203e-02 9.974500e-01 -2.053102e-02 -2.834592e+01 9.651882e-01 6.090547e-02 -2.543665e-01 3.341397e+02
-2.521485e-01 -3.732513e-02 -9.669684e-01 -1.348012e+02 -7.043204e-02 9.973134e-01 -2.013046e-02 -2.835265e+01 9.651220e-01 6.302969e-02 -2.541000e-01 3.338575e+02
-2.510982e-01 -3.459774e-02 -9.673431e-01 -1.359163e+02 -7.162139e-02 9.972857e-01 -1.707752e-02 -2.843112e+01 9.653083e-01 6.499433e-02 -2.528946e-01 3.335639e+02
-2.484180e-01 -3.269777e-02 -9.681009e-01 -1.369882e+02 -7.194923e-02 9.972921e-01 -1.522129e-02 -2.846509e+01 9.659771e-01 6.587287e-02 -2.500979e-01 3.332226e+02
-2.462153e-01 -3.234234e-02 -9.686754e-01 -1.380733e+02 -7.164130e-02 9.973163e-01 -1.508902e-02 -2.843554e+01 9.665638e-01 6.568202e-02 -2.478715e-01 3.329953e+02
-2.431518e-01 -3.261910e-02 -9.694396e-01 -1.391402e+02 -7.104530e-02 9.973489e-01 -1.573881e-02 -2.848023e+01 9.673829e-01 6.504721e-02 -2.448246e-01 3.327112e+02
-2.390320e-01 -3.465494e-02 -9.703931e-01 -1.401315e+02 -7.134045e-02 9.972888e-01 -1.804252e-02 -2.851937e+01 9.683874e-01 6.491554e-02 -2.408562e-01 3.324286e+02
-2.353954e-01 -3.710931e-02 -9.711910e-01 -1.411521e+02 -7.216754e-02 9.971795e-01 -2.061050e-02 -2.854217e+01 9.692166e-01 6.523684e-02 -2.374096e-01 3.321639e+02
-2.315494e-01 -3.801093e-02 -9.720803e-01 -1.421764e+02 -7.342397e-02 9.970691e-01 -2.149848e-02 -2.859072e+01 9.700484e-01 6.639603e-02 -2.336616e-01 3.319030e+02
-2.276479e-01 -3.706947e-02 -9.730377e-01 -1.432593e+02 -7.504188e-02 9.969712e-01 -2.042476e-02 -2.862530e+01 9.708476e-01 6.836892e-02 -2.297402e-01 3.316348e+02
-2.232050e-01 -3.365435e-02 -9.741904e-01 -1.442477e+02 -7.510553e-02 9.970266e-01 -1.723518e-02 -2.866275e+01 9.718738e-01 6.932010e-02 -2.250690e-01 3.313578e+02
-2.194768e-01 -2.951659e-02 -9.751711e-01 -1.453370e+02 -7.567324e-02 9.970460e-01 -1.314731e-02 -2.869979e+01 9.726785e-01 7.090883e-02 -2.210621e-01 3.311101e+02
-2.158117e-01 -2.644263e-02 -9.760769e-01 -1.462500e+02 -7.379626e-02 9.972159e-01 -1.069886e-02 -2.875834e+01 9.736423e-01 6.972188e-02 -2.171623e-01 3.308837e+02
-2.121668e-01 -2.762420e-02 -9.768430e-01 -1.473991e+02 -7.192541e-02 9.973307e-01 -1.258164e-02 -2.875392e+01 9.745830e-01 6.759043e-02 -2.135873e-01 3.306382e+02
-2.096377e-01 -3.101376e-02 -9.772872e-01 -1.484130e+02 -6.929485e-02 9.974549e-01 -1.678935e-02 -2.879918e+01 9.753206e-01 6.420129e-02 -2.112532e-01 3.304120e+02
-2.070821e-01 -3.269441e-02 -9.777771e-01 -1.493572e+02 -6.710997e-02 9.975619e-01 -1.914284e-02 -2.882633e+01 9.760191e-01 6.165445e-02 -2.087714e-01 3.302207e+02
-2.054573e-01 -3.268801e-02 -9.781200e-01 -1.502722e+02 -6.306625e-02 9.978069e-01 -2.009866e-02 -2.886377e+01 9.766319e-01 5.755694e-02 -2.070683e-01 3.300151e+02
-2.041704e-01 -3.327266e-02 -9.783697e-01 -1.511836e+02 -6.009064e-02 9.979635e-01 -2.139904e-02 -2.891965e+01 9.770893e-01 5.442182e-02 -2.057540e-01 3.298016e+02
-2.041301e-01 -3.550412e-02 -9.782997e-01 -1.521252e+02 -5.737762e-02 9.980580e-01 -2.424887e-02 -2.892241e+01 9.772608e-01 5.118259e-02 -2.057709e-01 3.296430e+02
-2.027943e-01 -3.430943e-02 -9.786201e-01 -1.529625e+02 -5.544351e-02 9.981851e-01 -2.350609e-02 -2.894835e+01 9.776505e-01 4.949123e-02 -2.043285e-01 3.294218e+02
-2.029308e-01 -3.339791e-02 -9.786234e-01 -1.538340e+02 -5.259083e-02 9.983474e-01 -2.316562e-02 -2.898217e+01 9.777798e-01 4.676560e-02 -2.043519e-01 3.292237e+02
-2.053918e-01 -3.335816e-02 -9.781112e-01 -1.547180e+02 -4.903541e-02 9.985145e-01 -2.375715e-02 -2.904884e+01 9.774506e-01 4.308256e-02 -2.067224e-01 3.290353e+02
-2.095970e-01 -3.376243e-02 -9.772048e-01 -1.555994e+02 -4.459230e-02 9.986939e-01 -2.494044e-02 -2.903131e+01 9.767705e-01 3.834837e-02 -2.108288e-01 3.288588e+02
-2.165225e-01 -3.070189e-02 -9.757948e-01 -1.564825e+02 -4.090630e-02 9.989129e-01 -2.235243e-02 -2.908958e+01 9.754203e-01 3.507635e-02 -2.175430e-01 3.286328e+02
-2.265388e-01 -2.829824e-02 -9.735910e-01 -1.573424e+02 -3.806134e-02 9.990716e-01 -2.018260e-02 -2.909996e+01 9.732582e-01 3.248403e-02 -2.274056e-01 3.284624e+02
-2.381424e-01 -2.726335e-02 -9.708475e-01 -1.582133e+02 -3.823138e-02 9.990943e-01 -1.867867e-02 -2.912242e+01 9.704775e-01 3.266866e-02 -2.389691e-01 3.282458e+02
-2.510761e-01 -3.153259e-02 -9.674536e-01 -1.590489e+02 -3.900838e-02 9.989870e-01 -2.243681e-02 -2.913180e+01 9.671810e-01 3.210545e-02 -2.520518e-01 3.280292e+02
-2.640482e-01 -3.745227e-02 -9.637821e-01 -1.598705e+02 -3.958144e-02 9.988248e-01 -2.796986e-02 -2.916467e+01 9.636970e-01 3.076249e-02 -2.652203e-01 3.277873e+02
-2.764499e-01 -4.185871e-02 -9.601163e-01 -1.606882e+02 -4.113823e-02 9.986507e-01 -3.169363e-02 -2.921344e+01 9.601474e-01 3.073579e-02 -2.777989e-01 3.275241e+02
-2.863620e-01 -4.590563e-02 -9.570212e-01 -1.615060e+02 -4.537431e-02 9.983806e-01 -3.431252e-02 -2.924840e+01 9.570465e-01 3.359838e-02 -2.879812e-01 3.272414e+02
-2.942474e-01 -4.836419e-02 -9.545048e-01 -1.623137e+02 -4.838614e-02 9.981919e-01 -3.566168e-02 -2.926604e+01 9.545037e-01 3.569144e-02 -2.960555e-01 3.269546e+02
-2.998882e-01 -4.819020e-02 -9.527564e-01 -1.632325e+02 -5.194945e-02 9.980663e-01 -3.413043e-02 -2.930786e+01 9.525588e-01 3.925986e-02 -3.018118e-01 3.266803e+02
-3.032593e-01 -5.026244e-02 -9.515816e-01 -1.640836e+02 -5.526321e-02 9.978549e-01 -3.509477e-02 -2.933524e+01 9.513042e-01 4.194464e-02 -3.053865e-01 3.264018e+02
-3.030587e-01 -5.191087e-02 -9.515570e-01 -1.649122e+02 -5.917537e-02 9.976134e-01 -3.557683e-02 -2.938588e+01 9.511329e-01 4.552687e-02 -3.054073e-01 3.261015e+02
-3.025943e-01 -5.305397e-02 -9.516417e-01 -1.657556e+02 -6.105148e-02 9.974781e-01 -3.619675e-02 -2.942913e+01 9.511621e-01 4.714620e-02 -3.050702e-01 3.258421e+02
-3.008701e-01 -5.224639e-02 -9.522329e-01 -1.666487e+02 -5.930811e-02 9.975905e-01 -3.599589e-02 -2.947860e+01 9.518192e-01 4.564505e-02 -3.032438e-01 3.255472e+02
-2.989915e-01 -4.850385e-02 -9.530223e-01 -1.674886e+02 -5.831671e-02 9.977694e-01 -3.248556e-02 -2.951163e+01 9.524722e-01 4.586421e-02 -3.011532e-01 3.252772e+02
-2.973158e-01 -4.050236e-02 -9.539197e-01 -1.684485e+02 -5.987756e-02 9.979241e-01 -2.370822e-02 -2.951280e+01 9.528998e-01 5.006956e-02 -2.991238e-01 3.249620e+02
-2.939212e-01 -2.685699e-02 -9.554523e-01 -1.693866e+02 -6.309454e-02 9.979701e-01 -8.642662e-03 -2.953874e+01 9.537449e-01 5.774356e-02 -2.950191e-01 3.246505e+02
-2.893874e-01 -2.247955e-02 -9.569481e-01 -1.703723e+02 -6.617046e-02 9.978024e-01 -3.428875e-03 -2.956716e+01 9.549222e-01 6.232942e-02 -2.902389e-01 3.243725e+02
-2.834324e-01 -3.153024e-02 -9.584738e-01 -1.711837e+02 -7.386982e-02 9.972077e-01 -1.096024e-02 -2.959509e+01 9.561430e-01 6.769579e-02 -2.849701e-01 3.241099e+02
-2.765400e-01 -4.340033e-02 -9.600219e-01 -1.722044e+02 -7.559219e-02 9.968668e-01 -2.329122e-02 -2.959880e+01 9.580248e-01 6.612920e-02 -2.789543e-01 3.238319e+02
-2.704320e-01 -4.170487e-02 -9.618353e-01 -1.731178e+02 -7.614405e-02 9.968582e-01 -2.181460e-02 -2.962843e+01 9.597232e-01 6.733867e-02 -2.727580e-01 3.235098e+02
-2.668928e-01 -3.086572e-02 -9.632318e-01 -1.740989e+02 -7.361873e-02 9.972195e-01 -1.155650e-02 -2.964252e+01 9.609102e-01 6.782755e-02 -2.684230e-01 3.233793e+02
-2.618538e-01 -2.694370e-02 -9.647314e-01 -1.750616e+02 -6.995937e-02 9.975104e-01 -8.870339e-03 -2.966947e+01 9.625686e-01 6.516927e-02 -2.630869e-01 3.230871e+02
-2.580428e-01 -3.505206e-02 -9.654974e-01 -1.760728e+02 -6.826183e-02 9.975056e-01 -1.797017e-02 -2.974675e+01 9.637190e-01 6.126955e-02 -2.597919e-01 3.228433e+02
-2.304332e-01 -4.427906e-02 -9.720802e-01 -1.692027e+02 -6.376648e-02 9.975041e-01 -3.032119e-02 -2.747974e+01 9.709966e-01 5.499913e-02 -2.326816e-01 3.269469e+02
-2.265128e-01 -4.337241e-02 -9.730420e-01 -1.703011e+02 -6.929394e-02 9.971943e-01 -2.831815e-02 -2.754216e+01 9.715402e-01 6.101149e-02 -2.288828e-01 3.266981e+02
-2.209889e-01 -3.937240e-02 -9.744813e-01 -1.713264e+02 -7.470405e-02 9.969326e-01 -2.333843e-02 -2.754764e+01 9.724110e-01 6.764017e-02 -2.232523e-01 3.264210e+02
-2.148974e-01 -4.402145e-02 -9.756440e-01 -1.724294e+02 -7.848174e-02 9.965313e-01 -2.767735e-02 -2.760365e+01 9.734782e-01 7.062245e-02 -2.176068e-01 3.261537e+02
-2.101572e-01 -5.499957e-02 -9.761194e-01 -1.735605e+02 -7.308179e-02 9.965068e-01 -4.041389e-02 -2.766731e+01 9.749323e-01 6.284329e-02 -2.134425e-01 3.259094e+02
-2.061938e-01 -6.079769e-02 -9.766206e-01 -1.747380e+02 -6.574941e-02 9.966731e-01 -4.816435e-02 -2.770458e+01 9.762997e-01 5.428104e-02 -2.095052e-01 3.256765e+02
-2.009202e-01 -5.166721e-02 -9.782441e-01 -1.757046e+02 -5.910627e-02 9.974281e-01 -4.054069e-02 -2.779521e+01 9.778229e-01 4.967492e-02 -2.034573e-01 3.254622e+02
-1.950324e-01 -3.910335e-02 -9.800170e-01 -1.769082e+02 -5.536490e-02 9.980506e-01 -2.880478e-02 -2.785523e+01 9.792329e-01 4.864068e-02 -1.968172e-01 3.252109e+02
-1.896414e-01 -3.228084e-02 -9.813226e-01 -1.780501e+02 -5.180576e-02 9.983962e-01 -2.283097e-02 -2.793320e+01 9.804857e-01 4.650847e-02 -1.910096e-01 3.249938e+02
-1.832994e-01 -3.206711e-02 -9.825340e-01 -1.790810e+02 -5.214084e-02 9.983781e-01 -2.285694e-02 -2.796764e+01 9.816734e-01 4.704048e-02 -1.846741e-01 3.247124e+02
-1.793249e-01 -3.373836e-02 -9.832112e-01 -1.802117e+02 -5.174312e-02 9.983519e-01 -2.482064e-02 -2.801702e+01 9.824282e-01 4.642345e-02 -1.807751e-01 3.244810e+02
-1.768002e-01 -3.456763e-02 -9.836396e-01 -1.814082e+02 -4.779498e-02 9.985056e-01 -2.649935e-02 -2.804372e+01 9.830856e-01 4.232795e-02 -1.781881e-01 3.242655e+02
-1.746249e-01 -3.464320e-02 -9.840254e-01 -1.825931e+02 -4.608767e-02 9.985731e-01 -2.697665e-02 -2.808035e+01 9.835558e-01 4.064064e-02 -1.759724e-01 3.240217e+02
-1.734911e-01 -3.044975e-02 -9.843646e-01 -1.836971e+02 -4.410806e-02 9.987592e-01 -2.312112e-02 -2.813860e+01 9.838472e-01 3.940710e-02 -1.746189e-01 3.237910e+02
-1.733133e-01 -2.500247e-02 -9.845493e-01 -1.847482e+02 -4.334269e-02 9.989028e-01 -1.773722e-02 -2.822354e+01 9.839126e-01 3.959892e-02 -1.742068e-01 3.235663e+02
-1.742900e-01 -2.699035e-02 -9.843244e-01 -1.859666e+02 -4.058246e-02 9.989719e-01 -2.020623e-02 -2.825248e+01 9.838577e-01 3.642456e-02 -1.752062e-01 3.233172e+02
-1.769366e-01 -3.482263e-02 -9.836060e-01 -1.870295e+02 -3.450715e-02 9.989790e-01 -2.915954e-02 -2.827830e+01 9.836172e-01 2.878205e-02 -1.779575e-01 3.230980e+02
-1.832272e-01 -3.822552e-02 -9.823271e-01 -1.881315e+02 -2.591476e-02 9.990843e-01 -3.404388e-02 -2.832760e+01 9.827290e-01 1.921901e-02 -1.840500e-01 3.229064e+02
-1.900856e-01 -3.171153e-02 -9.812552e-01 -1.893058e+02 -1.631642e-02 9.994422e-01 -2.913852e-02 -2.841183e+01 9.816319e-01 1.047176e-02 -1.904970e-01 3.226496e+02
-1.961290e-01 -2.563150e-02 -9.802430e-01 -1.903518e+02 -1.536162e-02 9.996160e-01 -2.306448e-02 -2.844945e+01 9.804578e-01 1.053450e-02 -1.964474e-01 3.223830e+02
-2.028790e-01 -2.718893e-02 -9.788263e-01 -1.915363e+02 -2.329150e-02 9.994656e-01 -2.293466e-02 -2.846513e+01 9.789268e-01 1.814538e-02 -2.034039e-01 3.221478e+02
-2.070227e-01 -2.697584e-02 -9.779642e-01 -1.923723e+02 -2.042974e-02 9.995210e-01 -2.324574e-02 -2.855774e+01 9.781228e-01 1.516716e-02 -2.074746e-01 3.218950e+02
-2.116766e-01 -3.191694e-02 -9.768185e-01 -1.935512e+02 -2.682842e-02 9.992797e-01 -2.683713e-02 -2.860176e+01 9.769715e-01 2.052570e-02 -2.123804e-01 3.216638e+02
-2.137178e-01 -3.242779e-02 -9.763571e-01 -1.945978e+02 -2.388468e-02 9.993236e-01 -2.796239e-02 -2.868905e+01 9.766034e-01 1.734391e-02 -2.143477e-01 3.213710e+02
-2.131624e-01 -3.331098e-02 -9.764487e-01 -1.954551e+02 -3.757275e-02 9.989588e-01 -2.587662e-02 -2.877514e+01 9.762940e-01 3.117194e-02 -2.141921e-01 3.210557e+02
-2.161668e-01 -2.496210e-02 -9.760373e-01 -1.966428e+02 -3.169776e-02 9.993256e-01 -1.853747e-02 -2.884209e+01 9.758418e-01 2.693101e-02 -2.168123e-01 3.208385e+02
-2.151585e-01 -2.294718e-02 -9.763095e-01 -1.965420e+02 -5.368319e-02 9.984902e-01 -1.163784e-02 -2.896082e+01 9.751025e-01 4.990743e-02 -2.160655e-01 3.207798e+02
-2.176224e-01 -1.725395e-02 -9.758805e-01 -1.989570e+02 -3.999726e-02 9.991615e-01 -8.746134e-03 -2.899148e+01 9.752132e-01 3.712919e-02 -2.181300e-01 3.202210e+02
-2.173684e-01 -2.318650e-02 -9.758142e-01 -2.000172e+02 -4.316672e-02 9.989681e-01 -1.412102e-02 -2.902448e+01 9.751347e-01 3.905323e-02 -2.181450e-01 3.199583e+02
-2.169869e-01 -3.170951e-02 -9.756594e-01 -2.010455e+02 -4.709511e-02 9.986485e-01 -2.198270e-02 -2.907433e+01 9.750378e-01 4.117883e-02 -2.181870e-01 3.196795e+02
-2.178668e-01 -3.134010e-02 -9.754752e-01 -2.020403e+02 -4.233766e-02 9.988469e-01 -2.263512e-02 -2.909396e+01 9.750598e-01 3.636789e-02 -2.189424e-01 3.194546e+02
-2.197330e-01 -2.525017e-02 -9.752332e-01 -2.030837e+02 -3.837614e-02 9.991149e-01 -1.722185e-02 -2.918100e+01 9.748049e-01 3.364148e-02 -2.205076e-01 3.192012e+02
-2.238175e-01 -1.835376e-02 -9.744582e-01 -2.045950e+02 -3.789726e-02 9.992304e-01 -1.011594e-02 -2.932098e+01 9.738940e-01 3.466517e-02 -2.243409e-01 3.189206e+02
-2.277718e-01 -1.611732e-02 -9.735811e-01 -2.058425e+02 -3.211547e-02 9.994434e-01 -9.031965e-03 -2.919479e+01 9.731848e-01 2.920979e-02 -2.281626e-01 3.186819e+02
-2.288734e-01 -1.405370e-02 -9.733547e-01 -2.068533e+02 -3.389911e-02 9.994044e-01 -6.458826e-03 -2.920204e+01 9.728658e-01 3.151760e-02 -2.292135e-01 3.183668e+02
-2.309331e-01 -1.687833e-02 -9.728232e-01 -2.080039e+02 -3.722186e-02 9.992709e-01 -8.501303e-03 -2.918779e+01 9.722574e-01 3.424706e-02 -2.313930e-01 3.180649e+02
-2.327423e-01 -1.697684e-02 -9.723903e-01 -2.090616e+02 -4.075041e-02 9.991398e-01 -7.690222e-03 -2.931371e+01 9.716843e-01 3.783546e-02 -2.332339e-01 3.177652e+02
-2.347108e-01 -2.090599e-02 -9.718404e-01 -2.100948e+02 -4.326789e-02 9.990025e-01 -1.104059e-02 -2.936408e+01 9.711018e-01 3.945814e-02 -2.353813e-01 3.174829e+02
-2.357494e-01 -2.616120e-02 -9.714617e-01 -2.111086e+02 -4.461347e-02 9.988750e-01 -1.607286e-02 -2.933267e+01 9.707893e-01 3.955111e-02 -2.366513e-01 3.172053e+02
-2.374094e-01 -2.769880e-02 -9.710147e-01 -2.123057e+02 -4.423210e-02 9.988648e-01 -1.767867e-02 -2.930349e+01 9.704021e-01 3.875294e-02 -2.383651e-01 3.169533e+02
-2.394703e-01 -2.209862e-02 -9.706522e-01 -2.133995e+02 -4.153190e-02 9.990590e-01 -1.249899e-02 -2.933443e+01 9.700150e-01 3.731989e-02 -2.401628e-01 3.166898e+02
-2.397617e-01 -1.411731e-02 -9.707291e-01 -2.144128e+02 -4.029660e-02 9.991773e-01 -4.578116e-03 -2.939486e+01 9.699951e-01 3.801943e-02 -2.401333e-01 3.163922e+02
-2.404226e-01 -1.358177e-02 -9.705733e-01 -2.154671e+02 -4.031070e-02 9.991792e-01 -3.996633e-03 -2.934833e+01 9.698309e-01 3.816361e-02 -2.407727e-01 3.161266e+02
-2.395606e-01 -1.481672e-02 -9.707683e-01 -2.165403e+02 -4.101250e-02 9.991455e-01 -5.129006e-03 -2.940227e+01 9.700148e-01 3.858493e-02 -2.399636e-01 3.158391e+02
-2.408188e-01 -1.971617e-02 -9.703698e-01 -2.176682e+02 -4.287296e-02 9.990338e-01 -9.658698e-03 -2.938858e+01 9.696227e-01 3.927663e-02 -2.414314e-01 3.156076e+02
-2.403248e-01 -1.791261e-02 -9.705272e-01 -2.187805e+02 -4.257641e-02 9.990620e-01 -7.896371e-03 -2.946479e+01 9.697583e-01 3.942387e-02 -2.408620e-01 3.152934e+02
-2.419701e-01 -1.578281e-02 -9.701553e-01 -2.198973e+02 -4.255121e-02 9.990784e-01 -5.640475e-03 -2.949064e+01 9.693502e-01 3.991646e-02 -2.424187e-01 3.150672e+02
-2.414746e-01 -1.741662e-02 -9.702508e-01 -2.209630e+02 -3.945069e-02 9.991885e-01 -8.117645e-03 -2.950921e+01 9.696049e-01 3.631687e-02 -2.419657e-01 3.147909e+02
-2.408857e-01 -2.374149e-02 -9.702631e-01 -2.219373e+02 -3.688866e-02 9.992024e-01 -1.529132e-02 -2.953525e+01 9.698522e-01 3.210825e-02 -2.415693e-01 3.144769e+02
-2.417524e-01 -2.634207e-02 -9.699803e-01 -2.230068e+02 -3.361477e-02 9.992588e-01 -1.875924e-02 -2.956830e+01 9.697555e-01 2.807058e-02 -2.424587e-01 3.142443e+02
-2.417284e-01 -2.129544e-02 -9.701103e-01 -2.239851e+02 -3.122849e-02 9.994120e-01 -1.415727e-02 -2.959018e+01 9.698413e-01 2.687286e-02 -2.422513e-01 3.139496e+02
-2.407037e-01 -1.849903e-02 -9.704223e-01 -2.251015e+02 -3.283257e-02 9.994013e-01 -1.090766e-02 -2.959736e+01 9.700432e-01 2.923594e-02 -2.411669e-01 3.136309e+02
-2.393484e-01 -2.306081e-02 -9.706599e-01 -2.261074e+02 -3.583696e-02 9.992465e-01 -1.490318e-02 -2.962989e+01 9.702722e-01 3.121844e-02 -2.399944e-01 3.133799e+02
-2.375724e-01 -3.124967e-02 -9.708670e-01 -2.270953e+02 -4.343614e-02 9.988244e-01 -2.152066e-02 -2.965244e+01 9.703982e-01 3.705800e-02 -2.386505e-01 3.131466e+02
-2.352655e-01 -3.309598e-02 -9.713675e-01 -2.280338e+02 -5.083097e-02 9.984713e-01 -2.170817e-02 -2.966624e+01 9.706010e-01 4.426837e-02 -2.365881e-01 3.129512e+02
-2.318582e-01 -3.004138e-02 -9.722856e-01 -2.290821e+02 -5.471288e-02 9.983435e-01 -1.779928e-02 -2.971725e+01 9.712097e-01 4.906964e-02 -2.331178e-01 3.126861e+02
-2.271802e-01 -2.808025e-02 -9.734478e-01 -2.301040e+02 -5.420739e-02 9.983991e-01 -1.614924e-02 -2.973665e+01 9.723429e-01 4.909928e-02 -2.283387e-01 3.124131e+02
-2.222097e-01 -2.813447e-02 -9.745929e-01 -2.311294e+02 -5.137906e-02 9.985326e-01 -1.711100e-02 -2.974365e+01 9.736442e-01 4.627143e-02 -2.233292e-01 3.121780e+02
-2.178257e-01 -2.909120e-02 -9.755540e-01 -2.321986e+02 -4.948140e-02 9.985994e-01 -1.873001e-02 -2.977565e+01 9.747325e-01 4.419190e-02 -2.189601e-01 3.119396e+02
-2.135348e-01 -2.923874e-02 -9.764978e-01 -2.332860e+02 -4.389468e-02 9.988297e-01 -2.030878e-02 -2.983437e+01 9.759488e-01 3.852643e-02 -2.145683e-01 3.116890e+02
-2.121436e-01 -3.146915e-02 -9.767317e-01 -2.342983e+02 -3.872046e-02 9.989672e-01 -2.377557e-02 -2.981954e+01 9.764711e-01 3.277567e-02 -2.131430e-01 3.115665e+02
-2.077959e-01 -3.192907e-02 -9.776510e-01 -2.353701e+02 -3.401683e-02 9.990985e-01 -2.539938e-02 -2.986214e+01 9.775805e-01 2.797870e-02 -2.086947e-01 3.113173e+02
-2.042404e-01 -2.524957e-02 -9.785951e-01 -2.364805e+02 -2.707512e-02 9.994306e-01 -2.013638e-02 -2.989689e+01 9.785463e-01 2.238291e-02 -2.048077e-01 3.110574e+02
-2.024880e-01 -1.846337e-02 -9.791107e-01 -2.375974e+02 -2.227079e-02 9.996505e-01 -1.424491e-02 -2.991991e+01 9.790315e-01 1.892115e-02 -2.028284e-01 3.108201e+02
-2.014037e-01 -1.624375e-02 -9.793736e-01 -2.386974e+02 -2.160899e-02 9.996928e-01 -1.213698e-02 -2.996265e+01 9.792699e-01 1.871884e-02 -2.016928e-01 3.106068e+02
-2.017127e-01 -1.784136e-02 -9.792822e-01 -2.398692e+02 -1.820457e-02 9.997297e-01 -1.446410e-02 -2.997626e+01 9.792755e-01 1.490982e-02 -2.019830e-01 3.104488e+02
-1.995918e-01 -1.811051e-02 -9.797117e-01 -2.410883e+02 -2.039215e-02 9.996894e-01 -1.432542e-02 -2.998027e+01 9.796669e-01 1.711919e-02 -1.998992e-01 3.101633e+02
-1.981905e-01 -1.691450e-02 -9.800176e-01 -2.422424e+02 -2.406370e-02 9.996337e-01 -1.238662e-02 -3.000711e+01 9.798681e-01 2.112794e-02 -1.985249e-01 3.099659e+02
-1.938188e-01 -1.814243e-02 -9.808696e-01 -2.432810e+02 -3.172692e-02 9.994219e-01 -1.221637e-02 -3.002819e+01 9.805242e-01 2.875221e-02 -1.942824e-01 3.097183e+02
-1.888058e-01 -2.181776e-02 -9.817720e-01 -2.443189e+02 -3.667802e-02 9.992123e-01 -1.515173e-02 -3.001499e+01 9.813292e-01 3.314872e-02 -1.894573e-01 3.094876e+02
-1.847580e-01 -2.380558e-02 -9.824957e-01 -2.454009e+02 -4.181697e-02 9.989916e-01 -1.634161e-02 -3.004921e+01 9.818940e-01 3.806575e-02 -1.855672e-01 3.092774e+02
-1.788200e-01 -2.470879e-02 -9.835715e-01 -2.465252e+02 -4.609443e-02 9.987973e-01 -1.671100e-02 -3.003411e+01 9.828015e-01 4.234891e-02 -1.797439e-01 3.090458e+02
-1.755737e-01 -2.286548e-02 -9.842007e-01 -2.476811e+02 -4.597484e-02 9.988299e-01 -1.500380e-02 -3.006366e+01 9.833922e-01 4.261419e-02 -1.764195e-01 3.088767e+02
-1.720617e-01 -2.190879e-02 -9.848425e-01 -2.488193e+02 -4.627719e-02 9.988286e-01 -1.413484e-02 -3.007427e+01 9.839986e-01 4.314368e-02 -1.728740e-01 3.086837e+02
-1.696199e-01 -2.045445e-02 -9.852973e-01 -2.500073e+02 -4.429927e-02 9.989323e-01 -1.311135e-02 -3.008429e+01 9.845134e-01 4.142401e-02 -1.703449e-01 3.085192e+02
-1.676328e-01 -1.783352e-02 -9.856882e-01 -2.510249e+02 -4.272661e-02 9.990283e-01 -1.080850e-02 -3.009685e+01 9.849232e-01 4.030326e-02 -1.682319e-01 3.083480e+02
-1.664512e-01 -1.769516e-02 -9.858909e-01 -2.521867e+02 -4.246839e-02 9.990399e-01 -1.076109e-02 -3.012308e+01 9.851347e-01 4.007800e-02 -1.670429e-01 3.081638e+02
-1.656499e-01 -1.820758e-02 -9.860165e-01 -2.533062e+02 -4.126914e-02 9.990817e-01 -1.151566e-02 -3.015639e+01 9.853207e-01 3.878448e-02 -1.662492e-01 3.079849e+02
-1.639750e-01 -1.754492e-02 -9.863085e-01 -2.543511e+02 -4.179988e-02 9.990674e-01 -1.082261e-02 -3.013475e+01 9.855785e-01 3.945294e-02 -1.645554e-01 3.078138e+02
-1.625731e-01 -1.485339e-02 -9.865847e-01 -2.554620e+02 -4.097231e-02 9.991259e-01 -8.290638e-03 -3.017924e+01 9.858455e-01 3.907482e-02 -1.630395e-01 3.076255e+02
-1.612163e-01 -1.516469e-02 -9.868026e-01 -2.565890e+02 -4.144218e-02 9.991040e-01 -8.583228e-03 -3.019037e+01 9.860486e-01 3.951150e-02 -1.617003e-01 3.074294e+02
-1.585869e-01 -1.773663e-02 -9.871857e-01 -2.576942e+02 -4.126308e-02 9.990842e-01 -1.132169e-02 -3.016240e+01 9.864824e-01 3.893885e-02 -1.591735e-01 3.072231e+02
-1.573897e-01 -1.816555e-02 -9.873695e-01 -2.588171e+02 -3.930800e-02 9.991537e-01 -1.211653e-02 -3.018147e+01 9.867539e-01 3.690450e-02 -1.579706e-01 3.070497e+02
-1.549472e-01 -1.811718e-02 -9.877566e-01 -2.599752e+02 -4.196719e-02 9.990500e-01 -1.174102e-02 -3.021893e+01 9.870310e-01 3.963413e-02 -1.555603e-01 3.068443e+02
-1.529878e-01 -1.849457e-02 -9.880550e-01 -2.610658e+02 -3.715752e-02 9.992255e-01 -1.295029e-02 -3.024130e+01 9.875293e-01 3.473243e-02 -1.535565e-01 3.066688e+02
-1.507506e-01 -2.095340e-02 -9.883497e-01 -2.621829e+02 -3.540563e-02 9.992484e-01 -1.578412e-02 -3.027154e+01 9.879376e-01 3.261368e-02 -1.513792e-01 3.065032e+02
-1.482168e-01 -2.146071e-02 -9.887220e-01 -2.632804e+02 -3.571279e-02 9.992286e-01 -1.633515e-02 -3.028739e+01 9.883099e-01 3.288888e-02 -1.488689e-01 3.063470e+02
-1.421712e-01 -1.789989e-02 -9.896802e-01 -2.643813e+02 -3.649902e-02 9.992513e-01 -1.282978e-02 -3.029467e+01 9.891689e-01 3.429834e-02 -1.427181e-01 3.061312e+02
-1.380260e-01 -1.520706e-02 -9.903119e-01 -2.654936e+02 -3.593394e-02 9.993007e-01 -1.033676e-02 -3.031564e+01 9.897765e-01 3.415907e-02 -1.384759e-01 3.059621e+02
-1.326185e-01 -1.354383e-02 -9.910746e-01 -2.665726e+02 -3.828160e-02 9.992306e-01 -8.532716e-03 -3.035429e+01 9.904276e-01 3.680832e-02 -1.330350e-01 3.058101e+02
-1.259818e-01 -1.533240e-02 -9.919141e-01 -2.675897e+02 -4.363402e-02 9.989985e-01 -9.900006e-03 -3.031643e+01 9.910725e-01 4.203398e-02 -1.265246e-01 3.056767e+02
-1.185720e-01 -1.610890e-02 -9.928148e-01 -2.686505e+02 -4.421288e-02 9.989624e-01 -1.092830e-02 -3.036661e+01 9.919606e-01 4.259941e-02 -1.191611e-01 3.055153e+02
-1.120722e-01 -1.815746e-02 -9.935342e-01 -2.696999e+02 -4.615183e-02 9.988492e-01 -1.304860e-02 -3.039824e+01 9.926277e-01 4.439103e-02 -1.127812e-01 3.054055e+02
-1.042696e-01 -1.803965e-02 -9.943854e-01 -2.707258e+02 -4.459878e-02 9.989145e-01 -1.344526e-02 -3.041239e+01 9.935486e-01 4.294645e-02 -1.049610e-01 3.052501e+02
-9.973275e-02 -1.771058e-02 -9.948566e-01 -2.717260e+02 -4.203739e-02 9.990239e-01 -1.357059e-02 -3.044615e+01 9.941259e-01 4.046774e-02 -1.003799e-01 3.051383e+02
-9.555248e-02 -1.745044e-02 -9.952714e-01 -2.727592e+02 -3.976396e-02 9.991152e-01 -1.370024e-02 -3.048895e+01 9.946299e-01 3.826684e-02 -9.616183e-02 3.050033e+02
-9.226154e-02 -1.799253e-02 -9.955722e-01 -2.736819e+02 -3.793023e-02 9.991746e-01 -1.454257e-02 -3.051838e+01 9.950121e-01 3.642056e-02 -9.286784e-02 3.048954e+02
-8.886410e-02 -1.650837e-02 -9.959069e-01 -2.746735e+02 -3.659047e-02 9.992419e-01 -1.329871e-02 -3.053495e+01 9.953714e-01 3.525892e-02 -8.940078e-02 3.047667e+02
-8.627550e-02 -9.665117e-03 -9.962244e-01 -2.756552e+02 -3.434462e-02 9.993874e-01 -6.721474e-03 -3.060019e+01 9.956792e-01 3.363505e-02 -8.655460e-02 3.046569e+02
-8.569460e-02 -8.159185e-03 -9.962880e-01 -2.765330e+02 -3.051369e-02 9.995189e-01 -5.561043e-03 -3.057598e+01 9.958541e-01 2.992387e-02 -8.590234e-02 3.046115e+02
-8.272246e-02 -1.583042e-02 -9.964469e-01 -2.774563e+02 -3.018244e-02 9.994549e-01 -1.337254e-02 -3.060832e+01 9.961155e-01 2.896899e-02 -8.315517e-02 3.045102e+02
-7.954784e-02 -2.577239e-02 -9.964978e-01 -2.784694e+02 -2.897428e-02 9.993031e-01 -2.353200e-02 -3.064927e+01 9.964099e-01 2.700089e-02 -8.023914e-02 3.044278e+02
-7.794362e-02 -2.532185e-02 -9.966361e-01 -2.792178e+02 -3.064135e-02 9.992660e-01 -2.299231e-02 -3.063082e+01 9.964868e-01 2.874617e-02 -7.866231e-02 3.043670e+02
-7.353937e-02 -1.398470e-02 -9.971943e-01 -2.801314e+02 -3.408202e-02 9.993529e-01 -1.150156e-02 -3.065741e+01 9.967098e-01 3.314058e-02 -7.396841e-02 3.043199e+02
-6.696285e-02 -5.333199e-03 -9.977412e-01 -2.809491e+02 -3.902246e-02 9.992346e-01 -2.722211e-03 -3.069813e+01 9.969921e-01 3.875203e-02 -6.711972e-02 3.042315e+02
-5.773575e-02 -8.779450e-03 -9.982933e-01 -2.817975e+02 -4.158840e-02 9.991144e-01 -6.381430e-03 -3.070720e+01 9.974653e-01 4.114898e-02 -5.804974e-02 3.041555e+02
-4.932111e-02 -1.108461e-02 -9.987215e-01 -2.825169e+02 -4.136245e-02 9.991033e-01 -9.046194e-03 -3.066242e+01 9.979261e-01 4.086340e-02 -4.973537e-02 3.041346e+02
-3.830865e-02 -1.003944e-02 -9.992155e-01 -2.834312e+02 -4.137461e-02 9.991080e-01 -8.452112e-03 -3.077099e+01 9.984090e-01 4.101836e-02 -3.868985e-02 3.040861e+02
-2.564279e-02 -1.347750e-02 -9.995803e-01 -2.840231e+02 -3.550858e-02 9.992904e-01 -1.256267e-02 -3.057679e+01 9.990403e-01 3.517154e-02 -2.610316e-02 3.040283e+02
-1.032687e-02 -2.306943e-02 -9.996805e-01 -2.847676e+02 -3.441188e-02 9.991499e-01 -2.270170e-02 -3.060603e+01 9.993544e-01 3.416645e-02 -1.111196e-02 3.040288e+02
3.919592e-03 -2.590783e-02 -9.996567e-01 -2.855939e+02 -2.587913e-02 9.993269e-01 -2.600076e-02 -3.086398e+01 9.996574e-01 2.597216e-02 3.246481e-03 3.041322e+02
2.185655e-02 -3.497129e-02 -9.991493e-01 -2.864550e+02 -3.681950e-02 9.986819e-01 -3.576036e-02 -3.060519e+01 9.990829e-01 3.756977e-02 2.054012e-02 3.041379e+02
3.557762e-02 -2.865336e-02 -9.989561e-01 -2.872767e+02 -2.900419e-02 9.991382e-01 -2.969156e-02 -3.065011e+01 9.989459e-01 3.003027e-02 3.471590e-02 3.042703e+02
4.994347e-02 -2.146062e-02 -9.985215e-01 -2.878898e+02 -2.074365e-02 9.995312e-01 -2.251986e-02 -3.071616e+01 9.985366e-01 2.183770e-02 4.947488e-02 3.043099e+02
6.502167e-02 -2.090389e-02 -9.976649e-01 -2.884770e+02 -1.631521e-02 9.996247e-01 -2.200828e-02 -3.068704e+01 9.977505e-01 1.770813e-02 6.465621e-02 3.042858e+02
7.397251e-02 -2.135353e-02 -9.970316e-01 -2.891023e+02 -8.758996e-03 9.997183e-01 -2.206092e-02 -3.071767e+01 9.972218e-01 1.036490e-02 7.376464e-02 3.043691e+02
7.928818e-02 -2.299143e-02 -9.965866e-01 -2.897460e+02 -3.117981e-03 9.997234e-01 -2.331186e-02 -3.074526e+01 9.968469e-01 4.955694e-03 7.919456e-02 3.044638e+02
8.127826e-02 -2.456877e-02 -9.963886e-01 -2.902368e+02 2.548327e-03 9.996980e-01 -2.444249e-02 -3.078519e+01 9.966882e-01 -5.524807e-04 8.131632e-02 3.045447e+02
8.276527e-02 -2.592367e-02 -9.962318e-01 -2.907762e+02 5.533928e-03 9.996581e-01 -2.555308e-02 -3.079840e+01 9.965537e-01 -3.398168e-03 8.288044e-02 3.045980e+02
8.218849e-02 -2.514920e-02 -9.962994e-01 -2.913555e+02 7.675865e-03 9.996679e-01 -2.460102e-02 -3.081519e+01 9.965872e-01 -5.625540e-03 8.235424e-02 3.046642e+02
7.669352e-02 -2.384397e-02 -9.967696e-01 -2.919587e+02 9.588255e-03 9.996854e-01 -2.317598e-02 -3.082865e+01 9.970086e-01 -7.779833e-03 7.689802e-02 3.047848e+02
6.971641e-02 -2.290978e-02 -9.973037e-01 -2.924907e+02 1.020063e-02 9.997004e-01 -2.225176e-02 -3.084000e+01 9.975147e-01 -8.621812e-03 6.992921e-02 3.048473e+02
6.387397e-02 -2.049532e-02 -9.977475e-01 -2.928433e+02 8.888627e-03 9.997611e-01 -1.996764e-02 -3.088741e+01 9.979184e-01 -7.593193e-03 6.404089e-02 3.048262e+02
5.100269e-02 -2.184310e-02 -9.984596e-01 -2.937478e+02 7.285114e-03 9.997423e-01 -2.149903e-02 -3.084555e+01 9.986719e-01 -6.177383e-03 5.114868e-02 3.049980e+02
3.830595e-02 -2.316648e-02 -9.989975e-01 -2.944845e+02 7.909865e-03 9.997069e-01 -2.287964e-02 -3.087885e+01 9.992348e-01 -7.025508e-03 3.847797e-02 3.050803e+02
2.953155e-02 -2.381826e-02 -9.992800e-01 -2.945226e+02 8.035032e-03 9.996894e-01 -2.359056e-02 -3.089067e+01 9.995316e-01 -7.332582e-03 2.971375e-02 3.049841e+02
1.543672e-02 -2.717931e-02 -9.995114e-01 -2.949412e+02 5.568840e-03 9.996173e-01 -2.709618e-02 -3.084719e+01 9.998653e-01 -5.147842e-03 1.558217e-02 3.049682e+02
-5.322773e-03 -2.857348e-02 -9.995775e-01 -2.954022e+02 6.411915e-03 9.995702e-01 -2.860741e-02 -3.086617e+01 9.999653e-01 -6.561476e-03 -5.137274e-03 3.049870e+02
-2.691616e-02 -2.731134e-02 -9.992645e-01 -2.957655e+02 2.842266e-03 9.996206e-01 -2.739763e-02 -3.089975e+01 9.996337e-01 -3.577615e-03 -2.682832e-02 3.049439e+02
-4.915620e-02 -2.706692e-02 -9.984243e-01 -2.962558e+02 3.199968e-05 9.996327e-01 -2.710126e-02 -3.088263e+01 9.987911e-01 -1.364144e-03 -4.913728e-02 3.049287e+02
-7.114142e-02 -2.570253e-02 -9.971350e-01 -2.967461e+02 -3.645553e-03 9.996680e-01 -2.550772e-02 -3.090375e+01 9.974596e-01 1.820453e-03 -7.121150e-02 3.049301e+02
-9.442358e-02 -2.503360e-02 -9.952173e-01 -2.973433e+02 -5.425249e-03 9.996819e-01 -2.463117e-02 -3.092426e+01 9.955173e-01 3.073539e-03 -9.452935e-02 3.049472e+02
-1.120751e-01 -2.369496e-02 -9.934172e-01 -2.976809e+02 -1.026605e-02 9.996899e-01 -2.268639e-02 -3.094720e+01 9.936467e-01 7.655895e-03 -1.122836e-01 3.047778e+02
-1.308751e-01 -2.303024e-02 -9.911313e-01 -2.980351e+02 -1.248578e-02 9.996891e-01 -2.158039e-02 -3.097598e+01 9.913202e-01 9.550710e-03 -1.311220e-01 3.046989e+02
-1.488459e-01 -2.454754e-02 -9.885557e-01 -2.984214e+02 -1.463027e-02 9.996371e-01 -2.261985e-02 -3.095753e+01 9.887522e-01 1.109597e-02 -1.491511e-01 3.046346e+02
-1.627882e-01 -2.630267e-02 -9.863104e-01 -2.987775e+02 -2.052859e-02 9.995185e-01 -2.326671e-02 -3.094311e+01 9.864475e-01 1.646001e-02 -1.632498e-01 3.045283e+02
-1.744704e-01 -2.827676e-02 -9.842563e-01 -2.992099e+02 -2.422157e-02 9.994084e-01 -2.441852e-02 -3.096265e+01 9.843645e-01 1.957993e-02 -1.750521e-01 3.044574e+02
-1.811525e-01 -3.051824e-02 -9.829814e-01 -2.995704e+02 -2.962306e-02 9.992342e-01 -2.556364e-02 -3.096795e+01 9.830088e-01 2.448800e-02 -1.819178e-01 3.043620e+02
-1.854552e-01 -3.079309e-02 -9.821701e-01 -2.999859e+02 -3.405780e-02 9.991098e-01 -2.489333e-02 -3.097363e+01 9.820623e-01 2.883396e-02 -1.863389e-01 3.042781e+02
-1.875386e-01 -3.042450e-02 -9.817859e-01 -3.003518e+02 -3.664830e-02 9.990410e-01 -2.395874e-02 -3.098281e+01 9.815733e-01 3.148760e-02 -1.884737e-01 3.042116e+02
-1.860920e-01 -2.948106e-02 -9.820899e-01 -3.007837e+02 -3.954557e-02 9.989645e-01 -2.249429e-02 -3.101510e+01 9.817362e-01 3.465130e-02 -1.870652e-01 3.041234e+02
-1.820116e-01 -3.137209e-02 -9.827958e-01 -3.012924e+02 -4.418505e-02 9.987422e-01 -2.369815e-02 -3.100797e+01 9.823031e-01 3.911155e-02 -1.831689e-01 3.039888e+02
-1.796117e-01 -3.043127e-02 -9.832668e-01 -3.016177e+02 -4.475918e-02 9.987391e-01 -2.273404e-02 -3.101347e+01 9.827188e-01 3.992691e-02 -1.807473e-01 3.039665e+02
-1.758923e-01 -3.098834e-02 -9.839216e-01 -3.020282e+02 -4.673413e-02 9.986403e-01 -2.309741e-02 -3.099923e+01 9.832995e-01 4.192006e-02 -1.771013e-01 3.038945e+02
-1.668356e-01 -3.354962e-02 -9.854138e-01 -3.025794e+02 -5.272656e-02 9.982945e-01 -2.506128e-02 -3.104584e+01 9.845739e-01 4.777637e-02 -1.683200e-01 3.037736e+02
-1.570570e-01 -3.438770e-02 -9.869907e-01 -3.030250e+02 -5.498965e-02 9.981477e-01 -2.602608e-02 -3.106944e+01 9.860574e-01 5.018669e-02 -1.586570e-01 3.037210e+02
-1.463994e-01 -3.425281e-02 -9.886324e-01 -3.034252e+02 -5.611036e-02 9.980789e-01 -2.627112e-02 -3.108362e+01 9.876330e-01 5.162644e-02 -1.480401e-01 3.036580e+02
-1.352939e-01 -3.383704e-02 -9.902276e-01 -3.038564e+02 -5.737695e-02 9.980071e-01 -2.626351e-02 -3.107658e+01 9.891428e-01 5.326294e-02 -1.369657e-01 3.036010e+02
-1.250970e-01 -3.094402e-02 -9.916618e-01 -3.042720e+02 -5.671149e-02 9.981023e-01 -2.399090e-02 -3.112033e+01 9.905224e-01 5.323743e-02 -1.266145e-01 3.035569e+02
-1.158330e-01 -2.914588e-02 -9.928410e-01 -3.047154e+02 -5.982443e-02 9.979594e-01 -2.231653e-02 -3.113811e+01 9.914655e-01 5.681116e-02 -1.173402e-01 3.035333e+02
-1.025810e-01 -2.743943e-02 -9.943461e-01 -3.051254e+02 -6.261538e-02 9.978152e-01 -2.107549e-02 -3.110203e+01 9.927520e-01 6.009941e-02 -1.040750e-01 3.034666e+02
-9.305712e-02 -2.688241e-02 -9.952978e-01 -3.055537e+02 -6.393189e-02 9.977339e-01 -2.097079e-02 -3.110394e+01 9.936061e-01 6.167979e-02 -9.456489e-02 3.034700e+02
-8.029234e-02 -2.539263e-02 -9.964479e-01 -3.059677e+02 -6.103238e-02 9.979250e-01 -2.051237e-02 -3.117156e+01 9.949011e-01 5.916860e-02 -8.167550e-02 3.034098e+02
-7.432420e-02 -2.458705e-02 -9.969310e-01 -3.063680e+02 -5.681284e-02 9.981768e-01 -2.038221e-02 -3.119830e+01 9.956145e-01 5.512359e-02 -7.558555e-02 3.034625e+02
-6.511420e-02 -2.433597e-02 -9.975810e-01 -3.067610e+02 -5.687811e-02 9.981678e-01 -2.063773e-02 -3.122658e+01 9.962555e-01 5.539672e-02 -6.637909e-02 3.034667e+02
-5.546736e-02 -2.668228e-02 -9.981039e-01 -3.071237e+02 -5.861314e-02 9.980060e-01 -2.342237e-02 -3.123538e+01 9.967386e-01 5.720282e-02 -5.692069e-02 3.034400e+02
-4.649808e-02 -2.683147e-02 -9.985580e-01 -3.074852e+02 -6.081786e-02 9.978608e-01 -2.398073e-02 -3.127700e+01 9.970653e-01 5.961510e-02 -4.803044e-02 3.034013e+02
-4.022985e-02 -3.078401e-02 -9.987161e-01 -3.078170e+02 -6.057053e-02 9.977622e-01 -2.831473e-02 -3.128367e+01 9.973529e-01 5.935366e-02 -4.200443e-02 3.033900e+02
-3.885664e-02 -2.019348e-02 -9.990407e-01 -3.081536e+02 -5.396198e-02 9.983793e-01 -1.808131e-02 -3.146242e+01 9.977867e-01 5.320763e-02 -3.988334e-02 3.034276e+02
-3.530674e-02 -3.381833e-02 -9.988042e-01 -3.084788e+02 -4.846790e-02 9.983092e-01 -3.208827e-02 -3.131550e+01 9.982005e-01 4.727701e-02 -3.688615e-02 3.034145e+02
-3.684635e-02 -3.221216e-02 -9.988016e-01 -3.088018e+02 -4.466836e-02 9.985345e-01 -3.055570e-02 -3.133967e+01 9.983221e-01 4.348897e-02 -3.823121e-02 3.034175e+02
-4.141122e-02 -3.109935e-02 -9.986581e-01 -3.091156e+02 -4.391349e-02 9.986063e-01 -2.927678e-02 -3.136159e+01 9.981767e-01 4.264217e-02 -4.271918e-02 3.033985e+02
-4.930586e-02 -2.878508e-02 -9.983688e-01 -3.094295e+02 -4.510071e-02 9.986292e-01 -2.656522e-02 -3.139714e+01 9.977649e-01 4.371732e-02 -5.053649e-02 3.033374e+02
-6.639784e-02 -2.646979e-02 -9.974421e-01 -3.097526e+02 -4.748153e-02 9.985994e-01 -2.333975e-02 -3.144027e+01 9.966628e-01 4.581036e-02 -6.756167e-02 3.033374e+02
-8.299322e-02 -3.018909e-02 -9.960927e-01 -3.100482e+02 -4.916313e-02 9.984480e-01 -2.616426e-02 -3.140629e+01 9.953367e-01 4.679959e-02 -8.434860e-02 3.032616e+02
-1.092369e-01 -4.210685e-02 -9.931235e-01 -3.103681e+02 -5.155657e-02 9.979976e-01 -3.664263e-02 -3.128619e+01 9.926778e-01 4.719931e-02 -1.111890e-01 3.032633e+02
-1.361900e-01 -4.103628e-02 -9.898325e-01 -3.106743e+02 -5.117435e-02 9.980992e-01 -3.433798e-02 -3.135213e+01 9.893601e-01 4.597755e-02 -1.380311e-01 3.032032e+02
-1.683815e-01 -4.227194e-02 -9.848151e-01 -3.109775e+02 -5.152740e-02 9.980916e-01 -3.403178e-02 -3.137211e+01 9.843742e-01 4.501464e-02 -1.702383e-01 3.031764e+02
-2.006069e-01 -4.460552e-02 -9.786558e-01 -3.113168e+02 -5.310598e-02 9.979892e-01 -3.460093e-02 -3.136364e+01 9.782314e-01 4.503129e-02 -2.025723e-01 3.030825e+02
-2.322808e-01 -3.692919e-02 -9.719475e-01 -3.116304e+02 -5.699481e-02 9.980787e-01 -2.430115e-02 -3.146670e+01 9.709774e-01 4.975126e-02 -2.339393e-01 3.029215e+02
-2.768482e-01 -3.178474e-02 -9.603878e-01 -3.119964e+02 -5.972951e-02 9.980893e-01 -1.581445e-02 -3.150346e+01 9.590555e-01 5.298529e-02 -2.782177e-01 3.028772e+02
-3.338634e-01 -3.183143e-02 -9.420839e-01 -3.124443e+02 -6.012157e-02 9.981138e-01 -1.241821e-02 -3.147762e+01 9.407022e-01 5.249358e-02 -3.351474e-01 3.029090e+02
-3.659575e-01 -4.335510e-02 -9.296211e-01 -3.127304e+02 -6.176306e-02 9.978434e-01 -2.222297e-02 -3.136173e+01 9.285798e-01 4.928359e-02 -3.678460e-01 3.026381e+02
-4.202492e-01 -3.204490e-02 -9.068427e-01 -3.131180e+02 -5.873406e-02 9.982412e-01 -8.056076e-03 -3.148123e+01 9.055059e-01 4.987699e-02 -4.213922e-01 3.025607e+02
-4.757845e-01 -3.636647e-02 -8.788098e-01 -3.135555e+02 -6.122425e-02 9.980907e-01 -8.155909e-03 -3.142524e+01 8.774285e-01 4.992401e-02 -4.771026e-01 3.024572e+02
-5.205971e-01 -3.911299e-02 -8.529061e-01 -3.139059e+02 -6.370219e-02 9.979452e-01 -6.881698e-03 -3.140513e+01 8.514227e-01 5.074939e-02 -5.220190e-01 3.022114e+02
-5.621687e-01 -3.193070e-02 -8.264059e-01 -3.141807e+02 -6.076348e-02 9.981484e-01 2.768309e-03 -3.149719e+01 8.247873e-01 5.177155e-02 -5.630680e-01 3.019320e+02
-6.050011e-01 -2.474409e-02 -7.958400e-01 -3.144582e+02 -5.512532e-02 9.984203e-01 1.086384e-02 -3.156994e+01 7.943141e-01 5.044357e-02 -6.054095e-01 3.016335e+02
-6.486702e-01 -2.436022e-02 -7.606797e-01 -3.147804e+02 -5.046229e-02 9.986648e-01 1.105023e-02 -3.155957e+01 7.593948e-01 4.555360e-02 -6.490334e-01 3.013050e+02
-6.933982e-01 -2.343193e-02 -7.201735e-01 -3.150988e+02 -4.730747e-02 9.987951e-01 1.305133e-02 -3.153588e+01 7.189999e-01 4.311936e-02 -6.936713e-01 3.009705e+02
-7.360278e-01 -2.240150e-02 -6.765805e-01 -3.154278e+02 -4.494105e-02 9.988644e-01 1.581750e-02 -3.150963e+01 6.754579e-01 4.204836e-02 -7.361988e-01 3.005809e+02
-7.766435e-01 -2.020242e-02 -6.296164e-01 -3.157290e+02 -4.342292e-02 9.988251e-01 2.151380e-02 -3.150022e+01 6.284420e-01 4.404834e-02 -7.766083e-01 3.001608e+02
-8.136138e-01 -2.196606e-02 -5.809906e-01 -3.159821e+02 -4.429100e-02 9.987239e-01 2.426501e-02 -3.147210e+01 5.797163e-01 4.547501e-02 -8.135485e-01 2.997063e+02
-8.515073e-01 -1.331642e-02 -5.241736e-01 -3.163102e+02 -3.553227e-02 9.988449e-01 3.234605e-02 -3.148688e+01 5.231374e-01 4.616798e-02 -8.509969e-01 2.992277e+02
-8.825503e-01 -1.566411e-02 -4.699569e-01 -3.164959e+02 -3.541011e-02 9.988210e-01 3.320637e-02 -3.143372e+01 4.688827e-01 4.594752e-02 -8.820645e-01 2.987823e+02
-9.111448e-01 -8.943604e-03 -4.119893e-01 -3.167687e+02 -2.753984e-02 9.988509e-01 3.922300e-02 -3.143552e+01 4.111651e-01 4.708395e-02 -9.103441e-01 2.981890e+02
-9.338628e-01 -8.025677e-03 -3.575415e-01 -3.168107e+02 -2.505645e-02 9.987597e-01 4.302595e-02 -3.145092e+01 3.567527e-01 4.913905e-02 -9.329056e-01 2.979004e+02
-9.525626e-01 -5.949861e-03 -3.042845e-01 -3.169472e+02 -2.136979e-02 9.986488e-01 4.737094e-02 -3.142805e+01 3.035915e-01 5.162628e-02 -9.514026e-01 2.973469e+02
-9.669608e-01 -5.627426e-03 -2.548630e-01 -3.170044e+02 -1.967195e-02 9.984224e-01 5.259084e-02 -3.145587e+01 2.541649e-01 5.586693e-02 -9.655460e-01 2.970379e+02
-9.767065e-01 -1.445689e-02 -2.140921e-01 -3.169785e+02 -2.667607e-02 9.981685e-01 5.429567e-02 -3.146676e+01 2.129150e-01 5.874207e-02 -9.753033e-01 2.966829e+02
-9.848820e-01 -1.201473e-02 -1.728093e-01 -3.170697e+02 -2.241383e-02 9.980444e-01 5.835188e-02 -3.144763e+01 1.717702e-01 6.134304e-02 -9.832253e-01 2.961171e+02
-9.908542e-01 -1.343007e-02 -1.342666e-01 -3.171128e+02 -2.188741e-02 9.978539e-01 6.171297e-02 -3.142362e+01 1.331496e-01 6.408730e-02 -9.890217e-01 2.954645e+02
-9.949846e-01 -9.836713e-03 -9.954340e-02 -3.170922e+02 -1.637604e-02 9.977450e-01 6.509096e-02 -3.145838e+01 9.867865e-02 6.639463e-02 -9.929019e-01 2.950757e+02
-9.977064e-01 -8.971585e-03 -6.709324e-02 -3.171182e+02 -1.325322e-02 9.978845e-01 6.364604e-02 -3.141534e+01 6.638030e-02 6.438926e-02 -9.957147e-01 2.944026e+02
-9.993503e-01 -3.732048e-03 -3.584736e-02 -3.172041e+02 -5.871598e-03 9.981951e-01 5.976650e-02 -3.139299e+01 3.555961e-02 5.993816e-02 -9.975685e-01 2.937955e+02
-9.999720e-01 3.835062e-03 -6.427592e-03 -3.173550e+02 3.466058e-03 9.983983e-01 5.646882e-02 -3.142649e+01 6.633858e-03 5.644496e-02 -9.983837e-01 2.932325e+02
-9.997890e-01 3.789797e-03 2.018971e-02 -3.173296e+02 4.887090e-03 9.984974e-01 5.458007e-02 -3.140027e+01 -1.995252e-02 5.466722e-02 -9.983053e-01 2.924224e+02
-9.988693e-01 1.088772e-02 4.627638e-02 -3.173267e+02 1.353396e-02 9.982675e-01 5.726043e-02 -3.134658e+01 -4.557277e-02 5.782199e-02 -9.972862e-01 2.918379e+02
-9.973920e-01 1.535479e-02 7.052290e-02 -3.172476e+02 1.973608e-02 9.978900e-01 6.185536e-02 -3.134104e+01 -6.942432e-02 6.308588e-02 -9.955905e-01 2.910418e+02
-9.956554e-01 1.459290e-02 9.196419e-02 -3.171646e+02 2.065948e-02 9.976476e-01 6.536405e-02 -3.129057e+01 -9.079400e-02 6.698000e-02 -9.936147e-01 2.902048e+02
-9.937337e-01 1.468584e-02 1.108049e-01 -3.171198e+02 2.205870e-02 9.976015e-01 6.560952e-02 -3.128779e+01 -1.095756e-01 6.764260e-02 -9.916742e-01 2.894564e+02
-9.922166e-01 6.268881e-03 1.243658e-01 -3.171010e+02 1.439667e-02 9.978098e-01 6.456328e-02 -3.132572e+01 -1.236887e-01 6.585122e-02 -9.901337e-01 2.887782e+02
-9.912534e-01 1.759347e-03 1.319604e-01 -3.169747e+02 9.906058e-03 9.980822e-01 6.110499e-02 -3.127520e+01 -1.315999e-01 6.187774e-02 -9.893698e-01 2.878491e+02
-9.907038e-01 -2.794804e-03 1.360078e-01 -3.168498e+02 5.370089e-03 9.982062e-01 5.962864e-02 -3.121201e+01 -1.359304e-01 5.980469e-02 -9.889117e-01 2.869361e+02
-9.906142e-01 1.506641e-04 1.366872e-01 -3.166972e+02 8.731046e-03 9.980270e-01 6.217651e-02 -3.122135e+01 -1.364081e-01 6.278636e-02 -9.886611e-01 2.861166e+02
-9.904609e-01 6.051264e-05 1.377940e-01 -3.165688e+02 8.901220e-03 9.979394e-01 6.354359e-02 -3.117818e+01 -1.375062e-01 6.416398e-02 -9.884205e-01 2.851258e+02
-9.903356e-01 -4.544663e-04 1.386908e-01 -3.164214e+02 8.627648e-03 9.978560e-01 6.487641e-02 -3.114395e+01 -1.384229e-01 6.544600e-02 -9.882084e-01 2.841621e+02
-9.900315e-01 7.991425e-03 1.406194e-01 -3.162688e+02 1.748855e-02 9.976377e-01 6.643227e-02 -3.118892e+01 -1.397563e-01 6.822927e-02 -9.878324e-01 2.834052e+02
-9.899081e-01 7.923106e-03 1.414891e-01 -3.161014e+02 1.773735e-02 9.975114e-01 6.823818e-02 -3.112726e+01 -1.405963e-01 7.005917e-02 -9.875851e-01 2.823966e+02
-9.896035e-01 9.367048e-03 1.435169e-01 -3.159602e+02 1.963214e-02 9.973343e-01 7.027711e-02 -3.108085e+01 -1.424761e-01 7.236402e-02 -9.871494e-01 2.813097e+02
-9.893914e-01 8.325485e-03 1.450356e-01 -3.158090e+02 1.881432e-02 9.972919e-01 7.109833e-02 -3.104482e+01 -1.440509e-01 7.307282e-02 -9.868686e-01 2.803151e+02
-9.892809e-01 5.477859e-03 1.459225e-01 -3.156383e+02 1.638626e-02 9.971489e-01 7.365806e-02 -3.096885e+01 -1.451030e-01 7.525963e-02 -9.865501e-01 2.793018e+02
-9.889757e-01 5.556615e-03 1.479733e-01 -3.154264e+02 1.684022e-02 9.970330e-01 7.511111e-02 -3.088972e+01 -1.471169e-01 7.677497e-02 -9.861350e-01 2.780617e+02
-9.888631e-01 2.212814e-03 1.488117e-01 -3.151766e+02 1.306653e-02 9.973192e-01 7.199785e-02 -3.077190e+01 -1.482535e-01 7.314047e-02 -9.862410e-01 2.768123e+02
-9.884231e-01 4.493606e-03 1.516559e-01 -3.150054e+02 1.546945e-02 9.973370e-01 7.127136e-02 -3.075932e+01 -1.509317e-01 7.279229e-02 -9.858605e-01 2.757526e+02
-9.880796e-01 5.490432e-03 1.538462e-01 -3.148303e+02 1.649760e-02 9.973851e-01 7.036162e-02 -3.066183e+01 -1.530576e-01 7.206097e-02 -9.855864e-01 2.748101e+02
-9.875488e-01 8.531855e-03 1.570816e-01 -3.146192e+02 1.992611e-02 9.972697e-01 7.110601e-02 -3.058857e+01 -1.560461e-01 7.335068e-02 -9.850225e-01 2.735671e+02
-9.869553e-01 6.304707e-03 1.608707e-01 -3.145367e+02 1.835715e-02 9.971230e-01 7.354429e-02 -3.051266e+01 -1.599442e-01 7.553805e-02 -9.842316e-01 2.726273e+02
-9.864756e-01 6.949046e-03 1.637607e-01 -3.142974e+02 2.008320e-02 9.966972e-01 7.868492e-02 -3.043625e+01 -1.626730e-01 8.090959e-02 -9.833571e-01 2.714520e+02
-9.858601e-01 1.122833e-02 1.671939e-01 -3.139695e+02 2.620706e-02 9.958062e-01 8.765423e-02 -3.047682e+01 -1.655085e-01 9.079647e-02 -9.820198e-01 2.698093e+02
-9.851131e-01 1.267267e-02 1.714398e-01 -3.137900e+02 2.809182e-02 9.957406e-01 8.781468e-02 -3.025324e+01 -1.695967e-01 9.132344e-02 -9.812731e-01 2.686133e+02
-9.844754e-01 1.023290e-02 1.752238e-01 -3.135917e+02 2.515604e-02 9.962188e-01 8.315815e-02 -3.026281e+01 -1.737103e-01 8.627510e-02 -9.810104e-01 2.672149e+02
-9.843313e-01 7.001340e-03 1.761898e-01 -3.133432e+02 1.929803e-02 9.974867e-01 6.817594e-02 -3.014349e+01 -1.752697e-01 7.050783e-02 -9.819925e-01 2.660352e+02
-9.837776e-01 6.316886e-03 1.792812e-01 -3.131683e+02 1.686304e-02 9.982110e-01 5.736180e-02 -3.010534e+01 -1.785981e-01 5.945448e-02 -9.821242e-01 2.648533e+02
-9.836290e-01 4.174563e-03 1.801572e-01 -3.128919e+02 1.466707e-02 9.982694e-01 5.694813e-02 -2.999076e+01 -1.796076e-01 5.865821e-02 -9.819879e-01 2.639106e+02
-9.831365e-01 1.894143e-05 1.828731e-01 -3.126151e+02 1.257335e-02 9.976406e-01 6.749175e-02 -2.993689e+01 -1.824403e-01 6.865294e-02 -9.808172e-01 2.627094e+02
-9.823286e-01 -2.042650e-03 1.871534e-01 -3.123949e+02 1.289336e-02 9.968265e-01 7.855419e-02 -2.990460e+01 -1.867200e-01 7.957906e-02 -9.791848e-01 2.615412e+02
-9.812333e-01 -5.660093e-03 1.927413e-01 -3.121968e+02 1.009492e-02 9.966904e-01 8.066164e-02 -2.980710e+01 -1.925600e-01 8.109359e-02 -9.779287e-01 2.604004e+02
-9.801643e-01 -5.398037e-03 1.981133e-01 -3.119762e+02 1.040838e-02 9.968474e-01 7.865672e-02 -2.973564e+01 -1.979134e-01 7.915854e-02 -9.770180e-01 2.593982e+02
-9.789568e-01 -3.033550e-03 2.040450e-01 -3.117434e+02 1.299807e-02 9.969322e-01 7.718292e-02 -2.964525e+01 -2.036532e-01 7.821094e-02 -9.759141e-01 2.582396e+02
-9.777080e-01 -4.042929e-03 2.099301e-01 -3.115218e+02 1.263977e-02 9.968681e-01 7.806536e-02 -2.958586e+01 -2.095883e-01 7.897860e-02 -9.745949e-01 2.571040e+02
-9.766319e-01 -2.802265e-03 2.149005e-01 -3.112542e+02 1.454034e-02 9.967624e-01 7.907733e-02 -2.954282e+01 -2.144263e-01 8.035417e-02 -9.734293e-01 2.560143e+02
-9.753288e-01 -4.978361e-03 2.207011e-01 -3.109896e+02 1.278739e-02 9.967930e-01 7.899508e-02 -2.944682e+01 -2.203866e-01 7.986836e-02 -9.721372e-01 2.548595e+02
-9.739886e-01 -2.177655e-03 2.265867e-01 -3.107546e+02 1.640896e-02 9.966507e-01 8.011286e-02 -2.935534e+01 -2.260022e-01 8.174706e-02 -9.706907e-01 2.537202e+02
-9.729315e-01 -3.320605e-03 2.310698e-01 -3.104076e+02 1.603635e-02 9.965163e-01 8.184242e-02 -2.936525e+01 -2.305366e-01 8.333259e-02 -9.694888e-01 2.526002e+02
-9.715304e-01 -5.254575e-03 2.368566e-01 -3.101397e+02 1.449862e-02 9.965615e-01 8.157830e-02 -2.933429e+01 -2.364709e-01 8.268989e-02 -9.681136e-01 2.515231e+02
-9.700692e-01 3.837094e-03 2.427984e-01 -3.098693e+02 2.407437e-02 9.964688e-01 8.043817e-02 -2.917186e+01 -2.416324e-01 8.387580e-02 -9.667361e-01 2.503241e+02
-9.686564e-01 8.149653e-03 2.482707e-01 -3.095608e+02 2.951329e-02 9.961581e-01 8.244990e-02 -2.913847e+01 -2.466449e-01 8.719291e-02 -9.651755e-01 2.491547e+02
-9.677301e-01 8.016190e-03 2.518613e-01 -3.092023e+02 2.983871e-02 9.961072e-01 8.294578e-02 -2.907980e+01 -2.502160e-01 8.778435e-02 -9.642022e-01 2.480377e+02
-9.661701e-01 7.726119e-04 2.579044e-01 -3.090007e+02 2.240229e-02 9.964673e-01 8.093909e-02 -2.909638e+01 -2.569307e-01 8.397858e-02 -9.627742e-01 2.469764e+02
-9.651860e-01 3.136461e-03 2.615459e-01 -3.085512e+02 2.298178e-02 9.970779e-01 7.285297e-02 -2.876162e+01 -2.605531e-01 7.632745e-02 -9.624376e-01 2.456654e+02
-9.641041e-01 7.200451e-03 2.654268e-01 -3.082312e+02 2.756422e-02 9.969454e-01 7.307595e-02 -2.868288e+01 -2.640899e-01 7.776911e-02 -9.613576e-01 2.445851e+02
-9.621953e-01 1.142169e-02 2.721207e-01 -3.080862e+02 3.353760e-02 9.964853e-01 7.676069e-02 -2.869464e+01 -2.702875e-01 8.298505e-02 -9.591966e-01 2.437040e+02
-9.612785e-01 1.324997e-02 2.752599e-01 -3.074652e+02 3.447946e-02 9.967773e-01 7.243008e-02 -2.851239e+01 -2.734131e-01 7.911629e-02 -9.586375e-01 2.421422e+02
-9.594273e-01 1.907561e-02 2.813101e-01 -3.072547e+02 4.112397e-02 9.965069e-01 7.268306e-02 -2.847257e+01 -2.789410e-01 8.130270e-02 -9.568604e-01 2.411856e+02
-9.579844e-01 2.020214e-02 2.861081e-01 -3.068796e+02 4.354848e-02 9.961964e-01 7.547309e-02 -2.840199e+01 -2.834951e-01 8.476161e-02 -9.552204e-01 2.399780e+02
-9.589856e-01 1.898005e-02 2.828185e-01 -3.064229e+02 4.209489e-02 9.962281e-01 7.587882e-02 -2.836476e+01 -2.803116e-01 8.467192e-02 -9.561674e-01 2.392018e+02
-9.577207e-01 2.088700e-02 2.869405e-01 -3.060998e+02 4.433311e-02 9.961630e-01 7.545772e-02 -2.831194e+01 -2.842635e-01 8.498838e-02 -9.549719e-01 2.380870e+02
-9.569719e-01 1.861581e-02 2.895829e-01 -3.057296e+02 4.151570e-02 9.964574e-01 7.313793e-02 -2.823306e+01 -2.871955e-01 8.201318e-02 -9.543545e-01 2.369840e+02
-9.547489e-01 1.871149e-02 2.968240e-01 -3.054334e+02 4.164546e-02 9.965973e-01 7.113015e-02 -2.816539e+01 -2.944830e-01 8.027280e-02 -9.522794e-01 2.356817e+02
-9.537504e-01 1.794625e-02 3.000634e-01 -3.050849e+02 4.090184e-02 9.966802e-01 7.039667e-02 -2.808895e+01 -2.978039e-01 7.941400e-02 -9.513182e-01 2.345746e+02
-9.540883e-01 1.755189e-02 2.990109e-01 -3.046991e+02 4.077159e-02 9.966002e-01 7.159429e-02 -2.805471e+01 -2.967377e-01 8.049842e-02 -9.515602e-01 2.336601e+02
-9.523485e-01 1.644875e-02 3.045682e-01 -3.044404e+02 3.959917e-02 9.967614e-01 6.999002e-02 -2.803262e+01 -3.024306e-01 7.871554e-02 -9.499156e-01 2.327289e+02
-9.503324e-01 2.863075e-02 3.099171e-01 -3.039109e+02 5.292989e-02 9.961220e-01 7.028096e-02 -2.792823e+01 -3.067031e-01 8.319415e-02 -9.481624e-01 2.309880e+02
-9.496750e-01 9.437439e-03 3.130947e-01 -3.032837e+02 3.104489e-02 9.974605e-01 6.409909e-02 -2.765249e+01 -3.116947e-01 7.059329e-02 -9.475563e-01 2.290702e+02
-9.486977e-01 2.759820e-02 3.149779e-01 -3.030431e+02 5.220524e-02 9.961832e-01 6.995451e-02 -2.792988e+01 -3.118451e-01 8.280918e-02 -9.465174e-01 2.288300e+02
-9.472933e-01 2.520646e-02 3.193743e-01 -3.025692e+02 4.996551e-02 9.963251e-01 6.956779e-02 -2.776911e+01 -3.164471e-01 8.185881e-02 -9.450716e-01 2.270668e+02
-9.465104e-01 2.281307e-02 3.218658e-01 -3.023245e+02 4.791829e-02 9.963748e-01 7.029262e-02 -2.783997e+01 -3.190954e-01 8.195595e-02 -9.441723e-01 2.266908e+02
-9.460592e-01 1.764457e-02 3.235130e-01 -3.022338e+02 4.289300e-02 9.965479e-01 7.108109e-02 -2.787253e+01 -3.211420e-01 8.112336e-02 -9.435501e-01 2.263927e+02
-9.448725e-01 1.842694e-02 3.269197e-01 -3.018735e+02 4.402436e-02 9.964992e-01 7.107243e-02 -2.782163e+01 -3.244655e-01 8.154681e-02 -9.423758e-01 2.253504e+02
-9.446588e-01 1.708782e-02 3.276093e-01 -3.009756e+02 4.226652e-02 9.966589e-01 6.989032e-02 -2.767665e+01 -3.253204e-01 7.986941e-02 -9.422248e-01 2.235530e+02
-9.428453e-01 1.287356e-02 3.329819e-01 -3.009600e+02 3.786325e-02 9.969208e-01 6.866821e-02 -2.761896e+01 -3.310726e-01 7.735128e-02 -9.404296e-01 2.231001e+02
-9.413370e-01 1.523627e-02 3.371239e-01 -3.006019e+02 4.103898e-02 9.967344e-01 6.954414e-02 -2.754608e+01 -3.349634e-01 7.929970e-02 -9.388882e-01 2.220774e+02
-9.402100e-01 5.285708e-03 3.405542e-01 -2.998768e+02 2.996252e-02 9.972867e-01 6.724245e-02 -2.731037e+01 -3.392747e-01 7.342588e-02 -9.378173e-01 2.202590e+02
-9.393042e-01 2.521556e-03 3.430762e-01 -2.993172e+02 2.767760e-02 9.972707e-01 6.844838e-02 -2.737131e+01 -3.419672e-01 7.378937e-02 -9.368103e-01 2.190307e+02
-9.379710e-01 -2.397697e-03 3.467055e-01 -2.988390e+02 2.210076e-02 9.975290e-01 6.668959e-02 -2.729166e+01 -3.460086e-01 7.021536e-02 -9.356002e-01 2.177620e+02
-9.370170e-01 -3.120298e-03 3.492698e-01 -2.983381e+02 2.132864e-02 9.975829e-01 6.613241e-02 -2.725760e+01 -3.486319e-01 6.941664e-02 -9.346856e-01 2.167425e+02
-9.359638e-01 -2.601052e-03 3.520868e-01 -2.980898e+02 2.174174e-02 9.976375e-01 6.516686e-02 -2.722548e+01 -3.514245e-01 6.864880e-02 -9.336960e-01 2.162245e+02
-9.346249e-01 -3.388413e-03 3.556189e-01 -2.976089e+02 2.148649e-02 9.975899e-01 6.597528e-02 -2.720215e+01 -3.549854e-01 6.930314e-02 -9.322995e-01 2.149843e+02
-9.335258e-01 -3.840862e-03 3.584896e-01 -2.970825e+02 2.160975e-02 9.975216e-01 6.696037e-02 -2.708452e+01 -3.578583e-01 7.025610e-02 -9.311291e-01 2.138312e+02
-9.322967e-01 -1.442495e-02 3.614067e-01 -2.968804e+02 1.031680e-02 9.977373e-01 6.643660e-02 -2.703832e+01 -3.615473e-01 6.566718e-02 -9.300384e-01 2.134891e+02
-9.310428e-01 -8.587771e-03 3.648090e-01 -2.966333e+02 1.799210e-02 9.974268e-01 6.939820e-02 -2.710931e+01 -3.644662e-01 7.117638e-02 -9.284925e-01 2.129387e+02
-9.293630e-01 -9.630137e-03 3.690415e-01 -2.961599e+02 1.616058e-02 9.976401e-01 6.673086e-02 -2.695741e+01 -3.688132e-01 6.798112e-02 -9.270142e-01 2.117059e+02
-9.274901e-01 -8.904129e-03 3.737417e-01 -2.958556e+02 1.682859e-02 9.977085e-01 6.553208e-02 -2.685738e+01 -3.734688e-01 6.706989e-02 -9.252149e-01 2.109053e+02
-9.252459e-01 -6.085833e-03 3.793192e-01 -2.954392e+02 2.086337e-02 9.975419e-01 6.689517e-02 -2.679051e+01 -3.787939e-01 6.980836e-02 -9.228445e-01 2.098967e+02
-9.236241e-01 -1.749067e-02 3.829002e-01 -2.950505e+02 1.007627e-02 9.975051e-01 6.987128e-02 -2.680335e+01 -3.831670e-01 6.839301e-02 -9.211436e-01 2.088498e+02
-9.217003e-01 -4.293482e-03 3.878791e-01 -2.945878e+02 2.704460e-02 9.967942e-01 7.529856e-02 -2.679878e+01 -3.869589e-01 7.989274e-02 -9.186294e-01 2.080720e+02
-9.195935e-01 -1.014278e-02 3.927402e-01 -2.941840e+02 2.144577e-02 9.968802e-01 7.595993e-02 -2.675559e+01 -3.922854e-01 7.827488e-02 -9.165071e-01 2.071474e+02
-9.169464e-01 -8.068312e-03 3.989288e-01 -2.935511e+02 2.384853e-02 9.968999e-01 7.497861e-02 -2.663759e+01 -3.982970e-01 7.826523e-02 -9.139114e-01 2.056695e+02
-9.143296e-01 -8.216602e-03 4.048875e-01 -2.938248e+02 2.344538e-02 9.970432e-01 7.317862e-02 -2.669007e+01 -4.042917e-01 7.640212e-02 -9.114335e-01 2.055686e+02
-9.113596e-01 -8.372884e-03 4.115260e-01 -2.938314e+02 2.300549e-02 9.971941e-01 7.123649e-02 -2.665209e+01 -4.109678e-01 7.438941e-02 -9.086098e-01 2.049553e+02
-9.095758e-01 -7.900921e-03 4.154630e-01 -2.931063e+02 2.263103e-02 9.973934e-01 6.851383e-02 -2.650689e+01 -4.149214e-01 7.172087e-02 -9.070261e-01 2.037548e+02
-9.076772e-01 -5.194486e-03 4.196370e-01 -2.923545e+02 2.653296e-02 9.972126e-01 6.973496e-02 -2.639420e+01 -4.188295e-01 7.443104e-02 -9.050093e-01 2.024639e+02
-9.052050e-01 -6.641712e-03 4.249234e-01 -2.921273e+02 2.536196e-02 9.972515e-01 6.961544e-02 -2.617122e+01 -4.242178e-01 7.379314e-02 -9.025485e-01 2.016943e+02
-9.029401e-01 -8.101424e-03 4.296900e-01 -2.916886e+02 2.625499e-02 9.969150e-01 7.396755e-02 -2.616294e+01 -4.289636e-01 7.806978e-02 -8.999418e-01 2.006777e+02
-9.027484e-01 -1.413065e-02 4.299368e-01 -2.907485e+02 2.164222e-02 9.967027e-01 7.820112e-02 -2.631267e+01 -4.296242e-01 7.990072e-02 -8.994659e-01 1.995279e+02
-9.006813e-01 -1.488712e-02 4.342253e-01 -2.903177e+02 2.109371e-02 9.967360e-01 7.792554e-02 -2.625019e+01 -4.339681e-01 7.934550e-02 -8.974274e-01 1.985752e+02
-8.985266e-01 -5.156062e-03 4.388889e-01 -2.896789e+02 3.168811e-02 9.965596e-01 7.658187e-02 -2.611816e+01 -4.377738e-01 8.271840e-02 -8.952719e-01 1.974547e+02
-8.956326e-01 -1.674633e-03 4.447915e-01 -2.894930e+02 3.536460e-02 9.965591e-01 7.496222e-02 -2.603782e+01 -4.433865e-01 8.286848e-02 -8.924916e-01 1.967150e+02
-8.931494e-01 1.002210e-03 4.497589e-01 -2.890620e+02 3.885233e-02 9.964313e-01 7.493415e-02 -2.597668e+01 -4.480788e-01 8.440157e-02 -8.900010e-01 1.958115e+02
-8.907214e-01 -1.823964e-04 4.545496e-01 -2.884309e+02 3.764930e-02 9.965342e-01 7.417628e-02 -2.588349e+01 -4.529878e-01 8.318387e-02 -8.876275e-01 1.946480e+02
-8.882306e-01 -4.946629e-03 4.593713e-01 -2.876500e+02 3.495094e-02 9.963163e-01 7.830899e-02 -2.602569e+01 -4.580665e-01 8.561190e-02 -8.847857e-01 1.933716e+02
-8.857488e-01 -5.645778e-03 4.641306e-01 -2.872463e+02 3.499407e-02 9.962680e-01 7.890163e-02 -2.585033e+01 -4.628439e-01 8.612884e-02 -8.822456e-01 1.924575e+02
-8.834657e-01 -6.850423e-03 4.684457e-01 -2.866671e+02 3.596172e-02 9.959514e-01 8.238658e-02 -2.589888e+01 -4.671135e-01 8.963184e-02 -8.796426e-01 1.913409e+02
-8.827399e-01 1.445952e-03 4.698597e-01 -2.859791e+02 4.442268e-02 9.957728e-01 8.039387e-02 -2.578433e+01 -4.677572e-01 9.183931e-02 -8.790727e-01 1.903829e+02
-8.817371e-01 3.940785e-03 4.717247e-01 -2.853849e+02 4.463418e-02 9.961760e-01 7.510715e-02 -2.570092e+01 -4.696249e-01 8.727981e-02 -8.785412e-01 1.894131e+02
-8.787579e-01 2.503730e-03 4.772612e-01 -2.849711e+02 4.163740e-02 9.965757e-01 7.143686e-02 -2.567606e+01 -4.754481e-01 8.264762e-02 -8.758530e-01 1.883212e+02
-8.791529e-01 1.161374e-02 4.763983e-01 -2.837933e+02 5.119401e-02 9.962193e-01 7.018817e-02 -2.552507e+01 -4.737820e-01 8.609487e-02 -8.764236e-01 1.870223e+02
-8.774436e-01 1.069339e-02 4.795606e-01 -2.832495e+02 5.256130e-02 9.958748e-01 7.396417e-02 -2.545179e+01 -4.767913e-01 9.010572e-02 -8.743861e-01 1.860243e+02
-8.764814e-01 7.532407e-03 4.813769e-01 -2.826426e+02 5.151779e-02 9.956038e-01 7.822372e-02 -2.542830e+01 -4.786714e-01 9.336111e-02 -8.730162e-01 1.850059e+02
-8.740016e-01 4.862914e-03 4.858986e-01 -2.821754e+02 4.895328e-02 9.957438e-01 7.808836e-02 -2.536693e+01 -4.834508e-01 9.203568e-02 -8.705198e-01 1.840101e+02
-8.719979e-01 7.253899e-03 4.894558e-01 -2.816423e+02 5.201812e-02 9.956017e-01 7.791857e-02 -2.528422e+01 -4.867379e-01 9.340540e-02 -8.685400e-01 1.830121e+02
-8.710629e-01 2.143160e-03 4.911669e-01 -2.809542e+02 4.551601e-02 9.960398e-01 7.637452e-02 -2.524491e+01 -4.890580e-01 8.888296e-02 -8.677108e-01 1.819534e+02
-8.676887e-01 7.787593e-03 4.970469e-01 -2.804961e+02 5.227533e-02 9.957628e-01 7.565507e-02 -2.518620e+01 -4.943516e-01 9.162835e-02 -8.644193e-01 1.809354e+02
-8.653099e-01 9.874557e-03 5.011400e-01 -2.798320e+02 5.374385e-02 9.958699e-01 7.317577e-02 -2.512589e+01 -4.983477e-01 9.025291e-02 -8.622668e-01 1.798684e+02
-8.624736e-01 1.034645e-02 5.059963e-01 -2.793696e+02 5.367583e-02 9.960222e-01 7.112443e-02 -2.508543e+01 -5.032477e-01 8.850271e-02 -8.595982e-01 1.789456e+02
-8.602449e-01 1.348572e-02 5.097027e-01 -2.785925e+02 5.745361e-02 9.958474e-01 7.061853e-02 -2.500263e+01 -5.066338e-01 9.003349e-02 -8.574475e-01 1.777793e+02
-8.578304e-01 1.026329e-02 5.138304e-01 -2.779744e+02 5.588414e-02 9.957350e-01 7.340865e-02 -2.493574e+01 -5.108855e-01 9.168714e-02 -8.547453e-01 1.767529e+02
-8.549582e-01 1.058744e-02 5.185889e-01 -2.773157e+02 5.952901e-02 9.951883e-01 7.782333e-02 -2.483533e+01 -5.152697e-01 9.740677e-02 -8.514747e-01 1.756810e+02
-8.532122e-01 7.607380e-03 5.215085e-01 -2.766812e+02 5.851478e-02 9.949771e-01 8.121892e-02 -2.486509e+01 -5.182711e-01 9.981293e-02 -8.493718e-01 1.747273e+02
-8.507372e-01 8.998783e-03 5.255142e-01 -2.760879e+02 6.066881e-02 9.948514e-01 8.117908e-02 -2.479782e+01 -5.220780e-01 1.009444e-01 -8.469030e-01 1.737518e+02
-8.487957e-01 1.208840e-02 5.285828e-01 -2.754221e+02 6.372836e-02 9.947889e-01 7.958441e-02 -2.472284e+01 -5.248662e-01 1.012366e-01 -8.451429e-01 1.727489e+02
-8.450793e-01 1.515809e-02 5.344260e-01 -2.748731e+02 6.402235e-02 9.952743e-01 7.300825e-02 -2.460913e+01 -5.307938e-01 9.591297e-02 -8.420562e-01 1.716849e+02
-8.430706e-01 1.481850e-02 5.375987e-01 -2.742696e+02 6.147371e-02 9.957238e-01 6.895766e-02 -2.451805e+01 -5.342779e-01 9.118436e-02 -8.403764e-01 1.707074e+02
-8.416304e-01 1.287574e-02 5.399005e-01 -2.735754e+02 5.811407e-02 9.960701e-01 6.683719e-02 -2.439577e+01 -5.369181e-01 8.762802e-02 -8.390711e-01 1.696759e+02
-8.398646e-01 1.022798e-02 5.426996e-01 -2.729270e+02 5.808956e-02 9.957741e-01 7.113071e-02 -2.441446e+01 -5.396787e-01 9.126535e-02 -8.369095e-01 1.686622e+02
-8.384812e-01 7.787363e-03 5.448749e-01 -2.722601e+02 5.587647e-02 9.958561e-01 7.175276e-02 -2.429875e+01 -5.420582e-01 9.060903e-02 -8.354417e-01 1.676392e+02
-8.374956e-01 7.042814e-03 5.463986e-01 -2.715792e+02 5.487968e-02 9.959455e-01 7.127989e-02 -2.422719e+01 -5.436812e-01 8.968278e-02 -8.344865e-01 1.666259e+02
-8.360730e-01 8.444084e-03 5.485533e-01 -2.710143e+02 5.574438e-02 9.960141e-01 6.963033e-02 -2.415019e+01 -5.457788e-01 8.879480e-02 -8.332112e-01 1.658197e+02
-8.349512e-01 8.885070e-03 5.502522e-01 -2.704281e+02 5.565577e-02 9.961066e-01 6.836752e-02 -2.409887e+01 -5.475024e-01 8.770825e-02 -8.321949e-01 1.649644e+02
-8.336776e-01 9.195645e-03 5.521749e-01 -2.698250e+02 5.630272e-02 9.960667e-01 6.841824e-02 -2.402187e+01 -5.493739e-01 8.812770e-02 -8.309162e-01 1.640461e+02
-8.322866e-01 5.671409e-03 5.543165e-01 -2.690518e+02 5.387214e-02 9.960421e-01 7.069625e-02 -2.404559e+01 -5.517216e-01 8.870176e-02 -8.292981e-01 1.628822e+02
-8.311285e-01 2.418990e-03 5.560751e-01 -2.684037e+02 5.253917e-02 9.958588e-01 7.419470e-02 -2.398696e+01 -5.535928e-01 9.088106e-02 -8.278137e-01 1.619373e+02
-8.294276e-01 4.497752e-03 5.585961e-01 -2.678345e+02 5.530881e-02 9.957153e-01 7.410752e-02 -2.393077e+01 -5.558694e-01 9.236210e-02 -8.261226e-01 1.610614e+02
-8.275068e-01 1.194996e-02 5.613285e-01 -2.670887e+02 6.190882e-02 9.956191e-01 7.007012e-02 -2.383851e+01 -5.580320e-01 9.273469e-02 -8.246214e-01 1.600912e+02
-8.242426e-01 1.020876e-02 5.661448e-01 -2.664645e+02 5.936957e-02 9.958846e-01 6.847749e-02 -2.379453e+01 -5.631158e-01 9.005384e-02 -8.214566e-01 1.590954e+02
-8.221122e-01 1.103438e-02 5.692186e-01 -2.658275e+02 5.984701e-02 9.959478e-01 6.712939e-02 -2.369058e+01 -5.661712e-01 8.925392e-02 -8.194412e-01 1.581365e+02
-8.208497e-01 7.138542e-03 5.710996e-01 -2.646806e+02 5.501446e-02 9.962606e-01 6.662018e-02 -2.359583e+01 -5.684884e-01 8.610390e-02 -8.181730e-01 1.567777e+02
-8.188690e-01 6.975387e-03 5.739380e-01 -2.638572e+02 5.615406e-02 9.961030e-01 6.801191e-02 -2.349051e+01 -5.712269e-01 8.792180e-02 -8.160696e-01 1.556861e+02
-8.128333e-01 2.759329e-02 5.818425e-01 -2.643867e+02 8.639286e-02 9.935408e-01 7.357307e-02 -2.350164e+01 -5.760541e-01 1.100697e-01 -8.099669e-01 1.555653e+02
-8.129446e-01 4.068989e-03 5.823268e-01 -2.626153e+02 5.472635e-02 9.960839e-01 6.943942e-02 -2.337692e+01 -5.797638e-01 8.831902e-02 -8.099837e-01 1.537821e+02
-8.103735e-01 -1.847183e-04 5.859136e-01 -2.619100e+02 4.908935e-02 9.964626e-01 6.820934e-02 -2.333944e+01 -5.838536e-01 8.403716e-02 -8.074978e-01 1.527890e+02
-8.059929e-01 1.222904e-02 5.917988e-01 -2.615845e+02 6.242103e-02 9.959679e-01 6.443267e-02 -2.313383e+01 -5.886247e-01 8.887296e-02 -8.035064e-01 1.520498e+02
-8.046625e-01 3.911344e-04 5.937323e-01 -2.607836e+02 4.818719e-02 9.967439e-01 6.464961e-02 -2.327569e+01 -5.917738e-01 8.063140e-02 -8.020613e-01 1.510826e+02
-8.022618e-01 1.403683e-03 5.969707e-01 -2.600686e+02 4.943153e-02 9.967193e-01 6.408682e-02 -2.320203e+01 -5.949223e-01 8.092359e-02 -7.996992e-01 1.501271e+02
-7.982884e-01 5.176908e-04 6.022752e-01 -2.594240e+02 5.052629e-02 9.965320e-01 6.611372e-02 -2.313531e+01 -6.001523e-01 8.320855e-02 -7.955461e-01 1.491915e+02
-7.958231e-01 -8.142248e-03 6.054744e-01 -2.586637e+02 4.439062e-02 9.964346e-01 7.174589e-02 -2.317899e+01 -6.038998e-01 8.397442e-02 -7.926243e-01 1.482639e+02
-7.923379e-01 -1.158303e-02 6.099726e-01 -2.578896e+02 4.264656e-02 9.963224e-01 7.431632e-02 -2.311302e+01 -6.085901e-01 8.489687e-02 -7.889300e-01 1.472591e+02
-7.887673e-01 -1.244852e-02 6.145658e-01 -2.571833e+02 4.225054e-02 9.963324e-01 7.440816e-02 -2.306129e+01 -6.132382e-01 8.465646e-02 -7.853485e-01 1.463258e+02
-7.860544e-01 -1.079116e-02 6.180631e-01 -2.564974e+02 4.349304e-02 9.964042e-01 7.271143e-02 -2.302746e+01 -6.166253e-01 8.403658e-02 -7.827586e-01 1.455533e+02
-7.829789e-01 -1.093976e-02 6.219520e-01 -2.557901e+02 4.268440e-02 9.965438e-01 7.126424e-02 -2.295533e+01 -6.205820e-01 8.234605e-02 -7.798058e-01 1.446780e+02
-7.800196e-01 -1.217777e-02 6.256365e-01 -2.549676e+02 4.088837e-02 9.966820e-01 7.037808e-02 -2.286549e+01 -6.244177e-01 8.047754e-02 -7.769336e-01 1.436614e+02
-7.769133e-01 -1.432623e-02 6.294445e-01 -2.542421e+02 3.877956e-02 9.967541e-01 7.055122e-02 -2.286624e+01 -6.284121e-01 7.922177e-02 -7.738360e-01 1.427824e+02
-7.743270e-01 -1.592077e-02 6.325853e-01 -2.535200e+02 3.646863e-02 9.968991e-01 6.972980e-02 -2.280518e+01 -6.317339e-01 7.706319e-02 -7.713453e-01 1.419137e+02
-7.723336e-01 -1.625659e-02 6.350091e-01 -2.528249e+02 3.637268e-02 9.969005e-01 6.975969e-02 -2.274812e+01 -6.341750e-01 7.697474e-02 -7.693484e-01 1.411209e+02
-7.693545e-01 -1.790264e-02 6.385711e-01 -2.518689e+02 3.522018e-02 9.968981e-01 7.038200e-02 -2.268468e+01 -6.378504e-01 7.663930e-02 -7.663376e-01 1.400043e+02
-7.664317e-01 -1.795670e-02 6.420747e-01 -2.511192e+02 3.798098e-02 9.965932e-01 7.320854e-02 -2.262966e+01 -6.412019e-01 8.049597e-02 -7.631386e-01 1.391007e+02
-7.637992e-01 -1.600633e-02 6.452555e-01 -2.504033e+02 4.251755e-02 9.962735e-01 7.504244e-02 -2.258177e+01 -6.440521e-01 8.475204e-02 -7.602723e-01 1.382311e+02
-7.676073e-01 -2.242534e-02 6.405280e-01 -2.498938e+02 3.332640e-02 9.966392e-01 7.483132e-02 -2.262351e+01 -6.400534e-01 7.878756e-02 -7.642802e-01 1.381154e+02
-7.645885e-01 -2.036160e-02 6.441971e-01 -2.491425e+02 3.649288e-02 9.965298e-01 7.481092e-02 -2.255516e+01 -6.434849e-01 8.070818e-02 -7.611921e-01 1.372122e+02
-7.625748e-01 -1.957247e-02 6.466038e-01 -2.482821e+02 3.877058e-02 9.963626e-01 7.588379e-02 -2.247730e+01 -6.457371e-01 8.293627e-02 -7.590422e-01 1.362844e+02
-7.587147e-01 -1.815527e-02 6.511700e-01 -2.476365e+02 4.350976e-02 9.959670e-01 7.846421e-02 -2.248776e+01 -6.499684e-01 8.786420e-02 -7.548649e-01 1.354300e+02
-7.565212e-01 -1.568406e-02 6.537811e-01 -2.469097e+02 4.515716e-02 9.960734e-01 7.614908e-02 -2.243233e+01 -6.524082e-01 8.713129e-02 -7.528424e-01 1.346240e+02
-7.538811e-01 -1.377427e-02 6.568665e-01 -2.460646e+02 4.448153e-02 9.964162e-01 7.194566e-02 -2.235548e+01 -6.555034e-01 8.345690e-02 -7.505666e-01 1.336991e+02
-7.561976e-01 -1.497496e-02 6.541720e-01 -2.452868e+02 4.426741e-02 9.962769e-01 7.397766e-02 -2.244187e+01 -6.528443e-01 8.490023e-02 -7.527193e-01 1.332653e+02
-7.543156e-01 -1.872890e-02 6.562448e-01 -2.445537e+02 4.344385e-02 9.959780e-01 7.836092e-02 -2.242433e+01 -6.550730e-01 8.761866e-02 -7.504681e-01 1.324810e+02
-7.588576e-01 -1.734676e-02 6.510255e-01 -2.432830e+02 4.609764e-02 9.957071e-01 8.026390e-02 -2.240156e+01 -6.496230e-01 9.091961e-02 -7.548003e-01 1.318780e+02
-7.520876e-01 -1.991751e-02 6.587621e-01 -2.428724e+02 4.422400e-02 9.957653e-01 8.059583e-02 -2.246829e+01 -6.575777e-01 8.974822e-02 -7.480219e-01 1.309422e+02
-7.507767e-01 -2.088921e-02 6.602257e-01 -2.421234e+02 4.368699e-02 9.957413e-01 8.118349e-02 -2.243949e+01 -6.591098e-01 8.979395e-02 -7.466668e-01 1.302302e+02
-7.504632e-01 -1.817508e-02 6.606622e-01 -2.414439e+02 4.531070e-02 9.958550e-01 7.886596e-02 -2.233345e+01 -6.593572e-01 8.912107e-02 -7.465290e-01 1.296431e+02
-7.451604e-01 -1.678247e-02 6.666741e-01 -2.405513e+02 4.442635e-02 9.962133e-01 7.473468e-02 -2.230166e+01 -6.654039e-01 8.530722e-02 -7.415931e-01 1.284647e+02
-7.415876e-01 -1.473663e-02 6.706942e-01 -2.397704e+02 4.666073e-02 9.962044e-01 7.348165e-02 -2.222627e+01 -6.692313e-01 8.578816e-02 -7.380852e-01 1.275502e+02
-7.393584e-01 -1.153187e-02 6.732133e-01 -2.388998e+02 5.201017e-02 9.958877e-01 7.417945e-02 -2.213411e+01 -6.713003e-01 8.985914e-02 -7.357182e-01 1.266936e+02
-7.354621e-01 -1.111473e-02 6.774746e-01 -2.382624e+02 5.407135e-02 9.957138e-01 7.503531e-02 -2.212746e+01 -6.754049e-01 9.181760e-02 -7.317088e-01 1.259292e+02
-7.324426e-01 -1.135700e-02 6.807340e-01 -2.374359e+02 5.285256e-02 9.958951e-01 7.348223e-02 -2.205795e+01 -6.787742e-01 8.980005e-02 -7.288358e-01 1.250528e+02
-7.289406e-01 -9.958124e-03 6.845045e-01 -2.367281e+02 5.276132e-02 9.961029e-01 7.067768e-02 -2.197327e+01 -6.825407e-01 8.763520e-02 -7.255744e-01 1.242633e+02
-7.267677e-01 -1.037745e-02 6.868050e-01 -2.357936e+02 5.396001e-02 9.959332e-01 7.214805e-02 -2.198613e+01 -6.847606e-01 8.949487e-02 -7.232521e-01 1.233517e+02
-7.242698e-01 -1.391833e-02 6.893762e-01 -2.349494e+02 5.137632e-02 9.959277e-01 7.408432e-02 -2.189732e+01 -6.876000e-01 8.907465e-02 -7.206052e-01 1.225195e+02
-7.220101e-01 -1.587577e-02 6.917003e-01 -2.341466e+02 5.280571e-02 9.955563e-01 7.796944e-02 -2.184997e+01 -6.898644e-01 9.282045e-02 -7.179634e-01 1.217079e+02
-7.237677e-01 -1.549840e-02 6.898696e-01 -2.331557e+02 5.317188e-02 9.955227e-01 7.814968e-02 -2.184737e+01 -6.879920e-01 9.324388e-02 -7.197031e-01 1.210466e+02
-7.204402e-01 -1.751436e-02 6.932959e-01 -2.323606e+02 4.803674e-02 9.960199e-01 7.507942e-02 -2.174043e+01 -6.918514e-01 8.739391e-02 -7.167314e-01 1.202145e+02
-7.164706e-01 -1.986872e-02 6.973343e-01 -2.316118e+02 4.546596e-02 9.961393e-01 7.509603e-02 -2.167981e+01 -6.961342e-01 8.550907e-02 -7.128011e-01 1.193370e+02
-7.154440e-01 -2.369205e-02 6.982683e-01 -2.303570e+02 4.264035e-02 9.960812e-01 7.748596e-02 -2.166260e+01 -6.973677e-01 8.521127e-02 -7.116300e-01 1.183029e+02
-7.123975e-01 -2.452996e-02 7.013474e-01 -2.295342e+02 4.468795e-02 9.957750e-01 8.021974e-02 -2.162044e+01 -7.003519e-01 8.849011e-02 -7.082914e-01 1.174427e+02
-7.093256e-01 -1.581536e-02 7.047035e-01 -2.287326e+02 5.733907e-02 9.951404e-01 8.004867e-02 -2.147228e+01 -7.025449e-01 9.718761e-02 -7.049718e-01 1.165964e+02
-7.083291e-01 -1.449865e-02 7.057335e-01 -2.273287e+02 5.938971e-02 9.950200e-01 8.004991e-02 -2.140142e+01 -7.033796e-01 9.861498e-02 -7.039405e-01 1.155057e+02
-7.046490e-01 -1.783012e-02 7.093320e-01 -2.265770e+02 5.738018e-02 9.949782e-01 8.201162e-02 -2.133151e+01 -7.072321e-01 9.849100e-02 -7.000873e-01 1.147233e+02
-7.030266e-01 -2.025794e-02 7.108749e-01 -2.258023e+02 5.571548e-02 9.949529e-01 8.345373e-02 -2.128172e+01 -7.089777e-01 9.827693e-02 -6.983497e-01 1.139911e+02
-7.003539e-01 -2.632504e-02 7.133101e-01 -2.245202e+02 4.361720e-02 9.958739e-01 7.957814e-02 -2.115449e+01 -7.124619e-01 8.684545e-02 -6.963160e-01 1.128822e+02
-6.975642e-01 -2.735527e-02 7.159999e-01 -2.236783e+02 4.284211e-02 9.958908e-01 7.978769e-02 -2.104668e+01 -7.152404e-01 8.633198e-02 -6.935258e-01 1.120684e+02
-6.940916e-01 -2.929633e-02 7.192904e-01 -2.228232e+02 4.152883e-02 9.958781e-01 8.063556e-02 -2.101029e+01 -7.186879e-01 8.583975e-02 -6.900140e-01 1.111898e+02
-6.949312e-01 -2.827580e-02 7.185201e-01 -2.214735e+02 3.965251e-02 9.961993e-01 7.755399e-02 -2.101676e+01 -7.179821e-01 8.238581e-02 -6.911687e-01 1.102853e+02
-6.917134e-01 -2.557759e-02 7.217190e-01 -2.205954e+02 3.812153e-02 9.966860e-01 7.185899e-02 -2.092301e+01 -7.211653e-01 7.721886e-02 -6.884460e-01 1.094487e+02
-6.892669e-01 -2.848379e-02 7.239473e-01 -2.197601e+02 3.275086e-02 9.969805e-01 7.040825e-02 -2.083755e+01 -7.237669e-01 7.223997e-02 -6.862528e-01 1.086733e+02
-6.866870e-01 -3.322483e-02 7.261936e-01 -2.190056e+02 2.929068e-02 9.968792e-01 7.330645e-02 -2.082894e+01 -7.263629e-01 7.160928e-02 -6.835708e-01 1.080173e+02
-6.844530e-01 -3.502087e-02 7.282154e-01 -2.180745e+02 2.978946e-02 9.966680e-01 7.593037e-02 -2.075413e+01 -7.284482e-01 7.366391e-02 -6.811291e-01 1.071922e+02
-6.804920e-01 -3.249564e-02 7.320346e-01 -2.176877e+02 3.501661e-02 9.964327e-01 7.678359e-02 -2.074799e+01 -7.319184e-01 7.788399e-02 -6.769266e-01 1.065954e+02
-6.762843e-01 -2.732559e-02 7.361338e-01 -2.167134e+02 4.408769e-02 9.960190e-01 7.747589e-02 -2.070951e+01 -7.353203e-01 8.485017e-02 -6.723872e-01 1.057425e+02
-6.721966e-01 -2.699383e-02 7.398805e-01 -2.158049e+02 4.408935e-02 9.961021e-01 7.639791e-02 -2.061685e+01 -7.390588e-01 8.397526e-02 -6.683863e-01 1.049447e+02
-6.684627e-01 -2.990630e-02 7.431442e-01 -2.144387e+02 4.230680e-02 9.960444e-01 7.813897e-02 -2.046105e+01 -7.425414e-01 8.367304e-02 -6.645533e-01 1.038967e+02
-6.662173e-01 -3.554608e-02 7.449100e-01 -2.138668e+02 3.793101e-02 9.959554e-01 8.144957e-02 -2.055195e+01 -7.447924e-01 8.251830e-02 -6.621745e-01 1.033391e+02
-6.629202e-01 -3.810390e-02 7.477198e-01 -2.129436e+02 3.466980e-02 9.960703e-01 8.149774e-02 -2.046705e+01 -7.478869e-01 7.994979e-02 -6.589940e-01 1.025592e+02
-6.594086e-01 -3.336597e-02 7.510440e-01 -2.121969e+02 4.253699e-02 9.957583e-01 8.158470e-02 -2.041983e+01 -7.505804e-01 8.574480e-02 -6.551923e-01 1.018755e+02
-6.550611e-01 -3.292577e-02 7.548582e-01 -2.112198e+02 4.094235e-02 9.960355e-01 7.897506e-02 -2.038151e+01 -7.544659e-01 8.263916e-02 -6.511160e-01 1.010451e+02
-6.509291e-01 -3.469016e-02 7.583455e-01 -2.103214e+02 4.079622e-02 9.959133e-01 8.057519e-02 -2.031479e+01 -7.580416e-01 8.338636e-02 -6.468537e-01 1.002818e+02
-6.469055e-01 -3.875146e-02 7.615849e-01 -2.095700e+02 3.829324e-02 9.957972e-01 8.319585e-02 -2.027520e+01 -7.616081e-01 8.298341e-02 -6.427028e-01 9.957368e+01
-6.436436e-01 -4.032295e-02 7.642624e-01 -2.084664e+02 3.675553e-02 9.958301e-01 8.349525e-02 -2.028946e+01 -7.644422e-01 8.183205e-02 -6.394776e-01 9.876891e+01
-6.400140e-01 -3.762963e-02 7.674413e-01 -2.075845e+02 3.827697e-02 9.959985e-01 8.075777e-02 -2.021972e+01 -7.674092e-01 8.106143e-02 -6.360127e-01 9.804172e+01
-6.368660e-01 -3.445311e-02 7.702043e-01 -2.065443e+02 4.039482e-02 9.961377e-01 7.796129e-02 -2.013189e+01 -7.699156e-01 8.076315e-02 -6.330145e-01 9.727602e+01
-6.336847e-01 -3.229388e-02 7.729170e-01 -2.055691e+02 4.218032e-02 9.961996e-01 7.620504e-02 -2.016064e+01 -7.724406e-01 8.089186e-02 -6.299143e-01 9.653821e+01
-6.303996e-01 -3.017808e-02 7.756840e-01 -2.046600e+02 4.659565e-02 9.959712e-01 7.661673e-02 -2.010271e+01 -7.748711e-01 8.444266e-02 -6.264537e-01 9.578841e+01
-6.274282e-01 -3.232105e-02 7.780033e-01 -2.041548e+02 4.335850e-02 9.961379e-01 7.635002e-02 -2.003880e+01 -7.774663e-01 8.163721e-02 -6.236036e-01 9.516001e+01
-6.247400e-01 -3.543842e-02 7.800282e-01 -2.030449e+02 4.142873e-02 9.960581e-01 7.843422e-02 -2.009980e+01 -7.797330e-01 8.131658e-02 -6.208092e-01 9.445248e+01
-6.219269e-01 -3.692199e-02 7.822044e-01 -2.020662e+02 4.204797e-02 9.958722e-01 8.043979e-02 -2.003490e+01 -7.819456e-01 8.291778e-02 -6.178072e-01 9.371449e+01
-6.189558e-01 -3.677499e-02 7.845644e-01 -2.010913e+02 4.324919e-02 9.957919e-01 8.079588e-02 -1.996419e+01 -7.842342e-01 8.394085e-02 -6.147607e-01 9.296983e+01
-6.161518e-01 -3.447231e-02 7.868727e-01 -1.998027e+02 4.683002e-02 9.956709e-01 8.028933e-02 -2.004669e+01 -7.862340e-01 8.631968e-02 -6.118701e-01 9.215472e+01
-6.123005e-01 -3.059117e-02 7.900331e-01 -1.989135e+02 4.780180e-02 9.959907e-01 7.561404e-02 -1.998547e+01 -7.891787e-01 8.406352e-02 -6.083833e-01 9.145954e+01
-6.094437e-01 -3.145783e-02 7.922050e-01 -1.975075e+02 4.510524e-02 9.962184e-01 7.425853e-02 -1.999034e+01 -7.915452e-01 8.098899e-02 -6.057202e-01 9.071471e+01
-6.074375e-01 -3.313142e-02 7.936763e-01 -1.960520e+02 4.361995e-02 9.962312e-01 7.497131e-02 -2.008372e+01 -7.931690e-01 8.016050e-02 -6.037030e-01 8.995500e+01
-6.046858e-01 -3.594811e-02 7.956524e-01 -1.950242e+02 3.915743e-02 9.964311e-01 7.477857e-02 -2.001269e+01 -7.955010e-01 7.637325e-02 -6.011201e-01 8.925962e+01
-6.016853e-01 -3.611576e-02 7.979163e-01 -1.941358e+02 3.809395e-02 9.965429e-01 7.383164e-02 -1.995562e+01 -7.978243e-01 7.481919e-02 -5.982294e-01 8.864266e+01
-5.979543e-01 -3.697752e-02 8.006768e-01 -1.931800e+02 3.847620e-02 9.964595e-01 7.475378e-02 -1.993156e+01 -8.006061e-01 7.550635e-02 -5.944145e-01 8.790930e+01
-5.942797e-01 -3.995768e-02 8.032652e-01 -1.922985e+02 3.707653e-02 9.963421e-01 7.699243e-02 -1.991107e+01 -8.034034e-01 7.553732e-02 -5.906243e-01 8.722230e+01
-5.911982e-01 -4.178839e-02 8.054430e-01 -1.911403e+02 3.632427e-02 9.962639e-01 7.835081e-02 -1.980624e+01 -8.057079e-01 7.557799e-02 -5.874714e-01 8.649568e+01
-5.874268e-01 -3.992027e-02 8.082921e-01 -1.900013e+02 4.050352e-02 9.960806e-01 7.863081e-02 -1.980457e+01 -8.082631e-01 7.892853e-02 -5.835076e-01 8.570259e+01
-5.837003e-01 -3.969013e-02 8.109986e-01 -1.889577e+02 4.110879e-02 9.960791e-01 7.833519e-02 -1.971624e+01 -8.109279e-01 7.906344e-02 -5.797801e-01 8.496627e+01
-5.802985e-01 -4.233148e-02 8.133030e-01 -1.879158e+02 3.827795e-02 9.961268e-01 7.915889e-02 -1.967201e+01 -8.135038e-01 7.706735e-02 -5.764305e-01 8.426745e+01
-5.763505e-01 -4.452088e-02 8.159890e-01 -1.868802e+02 3.892194e-02 9.958862e-01 8.182759e-02 -1.968557e+01 -8.162752e-01 7.892125e-02 -5.722467e-01 8.355300e+01
-5.722017e-01 -4.320418e-02 8.189741e-01 -1.858238e+02 3.806424e-02 9.961361e-01 7.914494e-02 -1.960067e+01 -8.192291e-01 7.646050e-02 -5.683462e-01 8.282973e+01
-5.686412e-01 -4.089283e-02 8.215686e-01 -1.848192e+02 3.956714e-02 9.962477e-01 7.697336e-02 -1.952911e+01 -8.216335e-01 7.627734e-02 -5.648895e-01 8.212902e+01
-5.648903e-01 -4.022537e-02 8.241850e-01 -1.838912e+02 4.138274e-02 9.961732e-01 7.698288e-02 -1.957154e+01 -8.241277e-01 7.759391e-02 -5.610639e-01 8.150423e+01
-5.612509e-01 -4.413398e-02 8.264682e-01 -1.826900e+02 3.886715e-02 9.960700e-01 7.958534e-02 -1.943912e+01 -8.267326e-01 7.678980e-02 -5.573298e-01 8.078405e+01
-5.580933e-01 -4.692209e-02 8.284505e-01 -1.813000e+02 3.939091e-02 9.957761e-01 8.293518e-02 -1.946140e+01 -8.288427e-01 7.891898e-02 -5.538877e-01 7.996802e+01
-5.549770e-01 -5.032781e-02 8.303419e-01 -1.804723e+02 3.698072e-02 9.956888e-01 8.506651e-02 -1.946540e+01 -8.310433e-01 7.791660e-02 -5.507232e-01 7.937787e+01
-5.521385e-01 -5.333605e-02 8.320447e-01 -1.793606e+02 2.951673e-02 9.960757e-01 8.343791e-02 -1.940161e+01 -8.332298e-01 7.062852e-02 -5.483975e-01 7.869351e+01
-5.491638e-01 -5.251033e-02 8.340634e-01 -1.782307e+02 2.819673e-02 9.962916e-01 8.128905e-02 -1.932184e+01 -8.352389e-01 6.815886e-02 -5.456467e-01 7.799078e+01
-5.475937e-01 -5.618109e-02 8.348562e-01 -1.765174e+02 2.285248e-02 9.963671e-01 8.203912e-02 -1.948419e+01 -8.364323e-01 6.400263e-02 -5.443204e-01 7.716195e+01
-5.449222e-01 -5.819968e-02 8.364643e-01 -1.756550e+02 2.031836e-02 9.963787e-01 8.256281e-02 -1.941083e+01 -8.382404e-01 6.198589e-02 -5.417664e-01 7.649613e+01
-5.430747e-01 -6.039345e-02 8.375097e-01 -1.744187e+02 1.722968e-02 9.963986e-01 8.302346e-02 -1.936842e+01 -8.395076e-01 5.951797e-02 -5.400783e-01 7.575953e+01
-5.419028e-01 -6.091092e-02 8.382310e-01 -1.731523e+02 1.967113e-02 9.961778e-01 8.510535e-02 -1.940544e+01 -8.402109e-01 6.260778e-02 -5.386333e-01 7.504137e+01
-5.403103e-01 -6.134126e-02 8.392270e-01 -1.721821e+02 1.987247e-02 9.961310e-01 8.560405e-02 -1.928228e+01 -8.412312e-01 6.293026e-02 -5.370009e-01 7.438178e+01
-5.386536e-01 -6.203534e-02 8.402404e-01 -1.711625e+02 2.103683e-02 9.959844e-01 8.702008e-02 -1.921001e+01 -8.422647e-01 6.454967e-02 -5.351856e-01 7.371338e+01
-5.372787e-01 -6.507079e-02 8.408908e-01 -1.698590e+02 1.844569e-02 9.958742e-01 8.884959e-02 -1.923687e+01 -8.432030e-01 6.324780e-02 -5.338617e-01 7.299740e+01
-5.359715e-01 -6.643937e-02 8.416177e-01 -1.688685e+02 1.590027e-02 9.959273e-01 8.874680e-02 -1.916570e+01 -8.440863e-01 6.094771e-02 -5.327323e-01 7.234365e+01
-5.347926e-01 -6.467611e-02 8.425045e-01 -1.677565e+02 1.367400e-02 9.962734e-01 8.516019e-02 -1.902787e+01 -8.448727e-01 5.706345e-02 -5.319153e-01 7.165077e+01
-5.336013e-01 -6.996312e-02 8.428373e-01 -1.666686e+02 7.449547e-03 9.961450e-01 8.740535e-02 -1.911300e+01 -8.457033e-01 5.291837e-02 -5.310231e-01 7.100423e+01
-5.332096e-01 -7.593614e-02 8.425682e-01 -1.654232e+02 4.650835e-03 9.956852e-01 9.267898e-02 -1.906161e+01 -8.459704e-01 5.333597e-02 -5.305558e-01 7.031815e+01
-5.328773e-01 -8.138453e-02 8.422698e-01 -1.642434e+02 -1.258375e-04 9.953718e-01 9.609844e-02 -1.897914e+01 -8.461925e-01 5.110268e-02 -5.304213e-01 6.961799e+01
-5.335985e-01 -8.714980e-02 8.412358e-01 -1.629215e+02 -4.599714e-03 9.949609e-01 1.001577e-01 -1.904459e+01 -8.457254e-01 4.957455e-02 -5.313105e-01 6.891506e+01
-5.342587e-01 -9.004389e-02 8.405116e-01 -1.618778e+02 -8.955180e-03 9.948576e-01 1.008867e-01 -1.897208e+01 -8.452736e-01 4.637269e-02 -5.323177e-01 6.822076e+01
-5.362727e-01 -8.356846e-02 8.398976e-01 -1.608039e+02 -1.825950e-03 9.951990e-01 9.785484e-02 -1.882032e+01 -8.440428e-01 5.094327e-02 -5.338507e-01 6.751666e+01
-5.379957e-01 -7.735577e-02 8.393907e-01 -1.597577e+02 6.146632e-03 9.953939e-01 9.567216e-02 -1.885373e+01 -8.429252e-01 5.663064e-02 -5.350422e-01 6.686352e+01
-5.394845e-01 -7.079120e-02 8.390144e-01 -1.586303e+02 1.887154e-02 9.951925e-01 9.610298e-02 -1.874431e+01 -8.417840e-01 6.767956e-02 -5.355550e-01 6.614735e+01
-5.409638e-01 -6.907392e-02 8.382046e-01 -1.575006e+02 2.495194e-02 9.948649e-01 9.808740e-02 -1.867636e+01 -8.406757e-01 7.397656e-02 -5.364624e-01 6.542368e+01
-5.435663e-01 -6.709470e-02 8.366803e-01 -1.563258e+02 2.936080e-02 9.946702e-01 9.883899e-02 -1.874968e+01 -8.388526e-01 7.829114e-02 -5.386992e-01 6.475727e+01
-5.459991e-01 -6.455894e-02 8.352946e-01 -1.551708e+02 3.190323e-02 9.947012e-01 9.773316e-02 -1.864793e+01 -8.371781e-01 8.001081e-02 -5.410463e-01 6.405965e+01
-5.469085e-01 -6.849892e-02 8.343854e-01 -1.540417e+02 2.628257e-02 9.947511e-01 9.889140e-02 -1.857818e+01 -8.367797e-01 7.601434e-02 -5.422375e-01 6.335890e+01
-5.493896e-01 -7.229239e-02 8.324331e-01 -1.529144e+02 2.236875e-02 9.946207e-01 1.011404e-01 -1.856131e+01 -8.352668e-01 7.418600e-02 -5.448172e-01 6.273919e+01
-5.500926e-01 -7.235878e-02 8.319629e-01 -1.517450e+02 1.934721e-02 9.948675e-01 9.931951e-02 -1.844045e+01 -8.348795e-01 7.073109e-02 -5.458694e-01 6.202048e+01
-5.519646e-01 -7.009858e-02 8.309159e-01 -1.506154e+02 1.873649e-02 9.951662e-01 9.640159e-02 -1.825564e+01 -8.336570e-01 6.877871e-02 -5.479831e-01 6.135493e+01
-5.517023e-01 -7.099004e-02 8.310145e-01 -1.493335e+02 1.655919e-02 9.952423e-01 9.601281e-02 -1.830921e+01 -8.338767e-01 6.673141e-02 -5.479019e-01 6.054667e+01
-5.517664e-01 -6.962886e-02 8.310870e-01 -1.482160e+02 1.658486e-02 9.953957e-01 9.440556e-02 -1.821708e+01 -8.338338e-01 6.587328e-02 -5.480711e-01 5.979498e+01
-5.516311e-01 -6.555990e-02 8.315077e-01 -1.472145e+02 1.861538e-02 9.956902e-01 9.085445e-02 -1.812114e+01 -8.338805e-01 6.559697e-02 -5.480332e-01 5.910212e+01
-5.540009e-01 -6.292664e-02 8.301344e-01 -1.457192e+02 2.128002e-02 9.957431e-01 8.968176e-02 -1.811276e+01 -8.322440e-01 6.734906e-02 -5.503035e-01 5.839503e+01
-5.535391e-01 -6.152544e-02 8.305474e-01 -1.446811e+02 2.412082e-02 9.956647e-01 8.983295e-02 -1.801187e+01 -8.324738e-01 6.975954e-02 -5.496553e-01 5.768204e+01
-5.537218e-01 -6.060135e-02 8.304936e-01 -1.434488e+02 2.954840e-02 9.952902e-01 9.232765e-02 -1.788623e+01 -8.321773e-01 7.566359e-02 -5.493232e-01 5.692242e+01
-5.535046e-01 -6.499079e-02 8.303065e-01 -1.422390e+02 2.742278e-02 9.949879e-01 9.616169e-02 -1.798012e+01 -8.323946e-01 7.599525e-02 -5.489481e-01 5.620994e+01
-5.527164e-01 -6.317789e-02 8.309712e-01 -1.411760e+02 2.996648e-02 9.949707e-01 9.557866e-02 -1.787003e+01 -8.328305e-01 7.772917e-02 -5.480434e-01 5.549846e+01
-5.525076e-01 -6.443009e-02 8.310139e-01 -1.400496e+02 2.571942e-02 9.952153e-01 9.426074e-02 -1.780216e+01 -8.331109e-01 7.345298e-02 -5.482069e-01 5.482622e+01
-5.507848e-01 -6.366622e-02 8.322155e-01 -1.391232e+02 2.926995e-02 9.949998e-01 9.549127e-02 -1.779425e+01 -8.341339e-01 7.695404e-02 -5.461673e-01 5.412831e+01
-5.504841e-01 -6.830604e-02 8.320466e-01 -1.380218e+02 2.427315e-02 9.949163e-01 9.773585e-02 -1.772346e+01 -8.344927e-01 7.399842e-02 -5.460276e-01 5.344737e+01
-5.501036e-01 -7.098757e-02 8.320738e-01 -1.369017e+02 2.485096e-02 9.945477e-01 1.012784e-01 -1.762894e+01 -8.347266e-01 7.639146e-02 -5.453402e-01 5.274827e+01
-5.506434e-01 -7.586776e-02 8.312857e-01 -1.360524e+02 1.972001e-02 9.944009e-01 1.038171e-01 -1.781248e+01 -8.345076e-01 7.355916e-02 -5.460642e-01 5.230797e+01
-5.503406e-01 -7.653359e-02 8.314252e-01 -1.349814e+02 1.741703e-02 9.945210e-01 1.030755e-01 -1.772903e+01 -8.347585e-01 7.120759e-02 -5.459924e-01 5.162554e+01
-5.501675e-01 -7.349665e-02 8.318137e-01 -1.339946e+02 1.934696e-02 9.947300e-01 1.006877e-01 -1.759992e+01 -8.348302e-01 7.148816e-02 -5.458461e-01 5.095275e+01
-5.504419e-01 -7.328444e-02 8.316509e-01 -1.328959e+02 1.890173e-02 9.947907e-01 1.001706e-01 -1.762435e+01 -8.346595e-01 7.085774e-02 -5.461892e-01 5.029311e+01
-5.505955e-01 -7.242109e-02 8.316248e-01 -1.318826e+02 1.801870e-02 9.949665e-01 9.857518e-02 -1.745503e+01 -8.345777e-01 6.925985e-02 -5.465191e-01 4.963871e+01
-5.511012e-01 -7.528794e-02 8.310350e-01 -1.306558e+02 1.736482e-02 9.946709e-01 1.016281e-01 -1.743858e+01 -8.342577e-01 7.043814e-02 -5.468570e-01 4.891730e+01
-5.521538e-01 -8.110334e-02 8.297882e-01 -1.296919e+02 1.021318e-02 9.945248e-01 1.040007e-01 -1.755217e+01 -8.336797e-01 6.589914e-02 -5.483023e-01 4.841692e+01
-5.526742e-01 -8.105985e-02 8.294459e-01 -1.286597e+02 8.981828e-03 9.946214e-01 1.031868e-01 -1.746107e+01 -8.333490e-01 6.447863e-02 -5.489735e-01 4.775055e+01
-5.529656e-01 -8.185800e-02 8.291733e-01 -1.276431e+02 2.537203e-03 9.949922e-01 9.992008e-02 -1.732485e+01 -8.332002e-01 5.735615e-02 -5.499888e-01 4.714591e+01
-5.544930e-01 -8.599050e-02 8.277337e-01 -1.268520e+02 -6.578147e-03 9.950689e-01 9.896775e-02 -1.757813e+01 -8.321624e-01 4.943197e-02 -5.523244e-01 4.677805e+01
-5.547917e-01 -8.459187e-02 8.276777e-01 -1.257950e+02 -4.638851e-03 9.951168e-01 9.859538e-02 -1.748844e+01 -8.319763e-01 5.086043e-02 -5.524750e-01 4.610112e+01
-5.541495e-01 -8.349612e-02 8.282190e-01 -1.247263e+02 -2.697491e-03 9.951316e-01 9.851840e-02 -1.732766e+01 -8.324128e-01 5.235981e-02 -5.516769e-01 4.535225e+01
-5.548987e-01 -8.786290e-02 8.272651e-01 -1.235161e+02 -6.758963e-03 9.948504e-01 1.011283e-01 -1.734995e+01 -8.318904e-01 5.052451e-02 -5.526351e-01 4.465507e+01
-5.548651e-01 -9.099439e-02 8.269491e-01 -1.223970e+02 -8.367221e-03 9.945605e-01 1.038235e-01 -1.724927e+01 -8.318983e-01 5.068877e-02 -5.526083e-01 4.391947e+01
-5.551140e-01 -9.341925e-02 8.265115e-01 -1.212762e+02 -8.121587e-03 9.942342e-01 1.069219e-01 -1.715610e+01 -8.317346e-01 5.264127e-02 -5.526720e-01 4.322480e+01
-5.552026e-01 -1.020234e-01 8.254340e-01 -1.201734e+02 -1.846802e-02 9.937155e-01 1.104010e-01 -1.718564e+01 -8.315101e-01 4.605079e-02 -5.535976e-01 4.256600e+01
-5.548347e-01 -1.055877e-01 8.252331e-01 -1.191455e+02 -2.246283e-02 9.934533e-01 1.120087e-01 -1.709100e+01 -8.316573e-01 4.360927e-02 -5.535742e-01 4.187634e+01
-5.546711e-01 -1.079787e-01 8.250337e-01 -1.181182e+02 -3.012091e-02 9.934998e-01 1.097769e-01 -1.698429e+01 -8.315243e-01 3.603929e-02 -5.543181e-01 4.119719e+01
-5.552000e-01 -1.109476e-01 8.242837e-01 -1.171276e+02 -3.643084e-02 9.933557e-01 1.091663e-01 -1.707657e+01 -8.309186e-01 3.057981e-02 -5.555530e-01 4.064572e+01
-5.549848e-01 -1.107335e-01 8.244574e-01 -1.161352e+02 -3.766924e-02 9.934292e-01 1.080711e-01 -1.700126e+01 -8.310072e-01 2.892111e-02 -5.555094e-01 3.997768e+01
-5.547796e-01 -1.131551e-01 8.242666e-01 -1.157208e+02 -4.151316e-02 9.932390e-01 1.084108e-01 -1.704547e+01 -8.309610e-01 2.592621e-02 -5.557262e-01 3.965772e+01
-5.541999e-01 -1.160026e-01 8.242608e-01 -1.147978e+02 -4.462991e-02 9.929582e-01 1.097369e-01 -1.709720e+01 -8.311863e-01 2.402948e-02 -5.554745e-01 3.904535e+01
-5.539285e-01 -1.163550e-01 8.243935e-01 -1.137394e+02 -4.359657e-02 9.928814e-01 1.108419e-01 -1.696743e+01 -8.314220e-01 2.545778e-02 -5.550580e-01 3.830114e+01
-5.540011e-01 -1.208180e-01 8.237025e-01 -1.126679e+02 -4.788252e-02 9.923998e-01 1.133575e-01 -1.685786e+01 -8.311378e-01 2.335920e-02 -5.555756e-01 3.763145e+01
-5.541061e-01 -1.298180e-01 8.222614e-01 -1.133158e+02 -5.386954e-02 9.912868e-01 1.202019e-01 -1.726604e+01 -8.307012e-01 2.230978e-02 -5.562713e-01 3.790005e+01
-5.543321e-01 -1.278281e-01 8.224208e-01 -1.120487e+02 -5.359144e-02 9.915668e-01 1.179964e-01 -1.710217e+01 -8.305684e-01 2.133447e-02 -5.565078e-01 3.711740e+01
-5.543491e-01 -1.250115e-01 8.228422e-01 -1.109175e+02 -5.242466e-02 9.919367e-01 1.153830e-01 -1.696338e+01 -8.306315e-01 2.082522e-02 -5.564329e-01 3.637392e+01
-5.551557e-01 -1.288648e-01 8.217031e-01 -1.105199e+02 -5.819667e-02 9.915219e-01 1.161783e-01 -1.714092e+01 -8.297079e-01 1.667667e-02 -5.579486e-01 3.613374e+01
-5.553007e-01 -1.260007e-01 8.220492e-01 -1.094354e+02 -5.556006e-02 9.918685e-01 1.144988e-01 -1.700553e+01 -8.297917e-01 1.790814e-02 -5.577859e-01 3.539879e+01
-5.550254e-01 -1.224202e-01 8.227759e-01 -1.081638e+02 -5.210578e-02 9.922855e-01 1.124921e-01 -1.681858e+01 -8.301999e-01 1.956458e-02 -5.571224e-01 3.462842e+01
-5.546661e-01 -1.292389e-01 8.219749e-01 -1.075016e+02 -5.699399e-02 9.914449e-01 1.174253e-01 -1.698229e+01 -8.301188e-01 1.828419e-02 -5.572867e-01 3.412993e+01
-5.538942e-01 -1.337491e-01 8.217739e-01 -1.063645e+02 -5.687563e-02 9.907853e-01 1.229213e-01 -1.680822e+01 -8.306422e-01 2.134650e-02 -5.563973e-01 3.334498e+01
-5.538182e-01 -1.367086e-01 8.213380e-01 -1.052083e+02 -5.789827e-02 9.903644e-01 1.258023e-01 -1.664757e+01 -8.306222e-01 2.211756e-02 -5.563970e-01 3.256833e+01
-5.540347e-01 -1.391797e-01 8.207768e-01 -1.041498e+02 -5.995254e-02 9.900362e-01 1.274125e-01 -1.673507e+01 -8.303320e-01 2.138328e-02 -5.568587e-01 3.196996e+01
-5.541176e-01 -1.358900e-01 8.212719e-01 -1.031476e+02 -6.030929e-02 9.905467e-01 1.232076e-01 -1.660495e+01 -8.302508e-01 1.874117e-02 -5.570748e-01 3.129689e+01
-5.534988e-01 -1.313934e-01 8.224201e-01 -1.018885e+02 -5.488819e-02 9.910850e-01 1.213996e-01 -1.641811e+01 -8.310393e-01 2.205341e-02 -5.557763e-01 3.045304e+01
-5.543372e-01 -1.423513e-01 8.200283e-01 -1.010746e+02 -6.905593e-02 9.897343e-01 1.251294e-01 -1.663991e+01 -8.294224e-01 1.273608e-02 -5.584767e-01 3.001653e+01
-5.538185e-01 -1.432477e-01 8.202226e-01 -9.996827e+01 -6.639349e-02 9.895505e-01 1.279908e-01 -1.646967e+01 -8.299861e-01 1.642621e-02 -5.575421e-01 2.926451e+01
-5.541888e-01 -1.439784e-01 8.198445e-01 -9.889848e+01 -6.233944e-02 9.893401e-01 1.316052e-01 -1.635114e+01 -8.300534e-01 2.182549e-02 -5.572567e-01 2.855196e+01
-5.539099e-01 -1.498282e-01 8.189843e-01 -9.814772e+01 -7.061127e-02 9.885843e-01 1.330985e-01 -1.651476e+01 -8.295769e-01 1.589504e-02 -5.581662e-01 2.805087e+01
-5.531180e-01 -1.436827e-01 8.206192e-01 -9.704699e+01 -6.869527e-02 9.895269e-01 1.269545e-01 -1.634338e+01 -8.302659e-01 1.384817e-02 -5.571954e-01 2.729892e+01
-5.531429e-01 -1.401999e-01 8.212046e-01 -9.586269e+01 -7.304445e-02 9.901032e-01 1.198342e-01 -1.618359e+01 -8.298780e-01 6.300981e-03 -5.579094e-01 2.655345e+01
-5.531017e-01 -1.460312e-01 8.202154e-01 -9.452469e+01 -8.451987e-02 9.892740e-01 1.191355e-01 -1.625651e+01 -8.288153e-01 -3.430465e-03 -5.595117e-01 2.581341e+01
-5.532436e-01 -1.502744e-01 8.193528e-01 -9.350610e+01 -8.559363e-02 9.886427e-01 1.235287e-01 -1.615206e+01 -8.286104e-01 -1.789934e-03 -5.598228e-01 2.511133e+01
-5.535837e-01 -1.529626e-01 8.186254e-01 -9.241343e+01 -8.647605e-02 9.882315e-01 1.261759e-01 -1.599814e+01 -8.282916e-01 -9.425900e-04 -5.602964e-01 2.439726e+01
-5.559894e-01 -1.544418e-01 8.167151e-01 -9.100653e+01 -8.736116e-02 9.880017e-01 1.273600e-01 -1.618865e+01 -8.265856e-01 -5.383400e-04 -5.628107e-01 2.373113e+01
-5.558093e-01 -1.508929e-01 8.175007e-01 -9.000261e+01 -8.612614e-02 9.885489e-01 1.239085e-01 -1.606847e+01 -8.268363e-01 -1.538688e-03 -5.624405e-01 2.302485e+01
-5.564974e-01 -1.496657e-01 8.172581e-01 -8.887151e+01 -8.584303e-02 9.887348e-01 1.226151e-01 -1.596452e+01 -8.264028e-01 -1.920897e-03 -5.630761e-01 2.231529e+01
-5.631433e-01 -1.657818e-01 8.095592e-01 -8.756227e+01 -8.908369e-02 9.861397e-01 1.399738e-01 -1.692566e+01 -8.215435e-01 6.706808e-03 -5.701064e-01 2.212712e+01
-5.631317e-01 -1.676378e-01 8.091849e-01 -8.648811e+01 -9.291862e-02 9.858428e-01 1.395714e-01 -1.674332e+01 -8.211265e-01 3.408763e-03 -5.707360e-01 2.138297e+01
-5.629998e-01 -1.714688e-01 8.084736e-01 -8.544123e+01 -9.327522e-02 9.851733e-01 1.439906e-01 -1.657860e+01 -8.211766e-01 5.656099e-03 -5.706462e-01 2.065969e+01
-5.646337e-01 -1.824452e-01 8.049239e-01 -8.427826e+01 -1.015939e-01 9.832086e-01 1.515899e-01 -1.672181e+01 -8.190650e-01 3.817399e-03 -5.736880e-01 2.007187e+01
-5.644675e-01 -1.819734e-01 8.051473e-01 -8.318817e+01 -1.016443e-01 9.832976e-01 1.509775e-01 -1.653466e+01 -8.191733e-01 3.383213e-03 -5.735361e-01 1.933136e+01
-5.636889e-01 -1.804995e-01 8.060241e-01 -8.222610e+01 -1.027965e-01 9.835748e-01 1.483697e-01 -1.641048e+01 -8.195656e-01 7.778810e-04 -5.729849e-01 1.860861e+01
-5.625837e-01 -1.831328e-01 8.062022e-01 -8.129529e+01 -1.085354e-01 9.830780e-01 1.475728e-01 -1.646942e+01 -8.195850e-01 -4.479410e-03 -5.729400e-01 1.797420e+01
-5.614013e-01 -1.844743e-01 8.067204e-01 -8.033366e+01 -1.093339e-01 9.828259e-01 1.486586e-01 -1.632527e+01 -8.202894e-01 -4.744729e-03 -5.719290e-01 1.722582e+01
-5.611013e-01 -1.851144e-01 8.067825e-01 -7.924226e+01 -1.089920e-01 9.827090e-01 1.496786e-01 -1.613501e+01 -8.205401e-01 -3.948056e-03 -5.715753e-01 1.650231e+01
-5.602302e-01 -1.897359e-01 8.063141e-01 -7.830821e+01 -1.118494e-01 9.818258e-01 1.533226e-01 -1.623940e+01 -8.207508e-01 -4.289779e-03 -5.712703e-01 1.586931e+01
-5.594637e-01 -1.910384e-01 8.065387e-01 -7.720513e+01 -1.116239e-01 9.815771e-01 1.550693e-01 -1.606898e+01 -8.213041e-01 -3.273301e-03 -5.704812e-01 1.510343e+01
-5.593494e-01 -1.906446e-01 8.067111e-01 -7.619205e+01 -1.117960e-01 9.816518e-01 1.544712e-01 -1.588777e+01 -8.213585e-01 -3.783741e-03 -5.703997e-01 1.438672e+01
-5.590187e-01 -1.944842e-01 8.060235e-01 -7.529651e+01 -1.177747e-01 9.808706e-01 1.549900e-01 -1.593390e+01 -8.207479e-01 -8.286859e-03 -5.712304e-01 1.378465e+01
-5.576914e-01 -1.959319e-01 8.065922e-01 -7.436827e+01 -1.200725e-01 9.805633e-01 1.551716e-01 -1.579169e+01 -8.213178e-01 -1.031167e-02 -5.703778e-01 1.311138e+01
-5.576761e-01 -1.973995e-01 8.062449e-01 -7.335099e+01 -1.218940e-01 9.802562e-01 1.556905e-01 -1.558860e+01 -8.210598e-01 -1.145155e-02 -5.707273e-01 1.239171e+01
-5.579248e-01 -2.080127e-01 8.033994e-01 -7.188804e+01 -1.364344e-01 9.778961e-01 1.584451e-01 -1.563317e+01 -8.185998e-01 -2.121086e-02 -5.739726e-01 1.168216e+01
-5.573650e-01 -2.099020e-01 8.032966e-01 -7.083134e+01 -1.381901e-01 9.774728e-01 1.595316e-01 -1.544225e+01 -8.186866e-01 -2.209028e-02 -5.738156e-01 1.094651e+01
-5.573133e-01 -2.107219e-01 8.031178e-01 -6.984074e+01 -1.364260e-01 9.773533e-01 1.617668e-01 -1.526039e+01 -8.190176e-01 -1.941137e-02 -5.734399e-01 1.025109e+01
-5.555265e-01 -2.225465e-01 8.011638e-01 -6.900891e+01 -1.514422e-01 9.744820e-01 1.656807e-01 -1.549343e+01 -8.175913e-01 -2.928998e-02 -5.750535e-01 9.739407e+00
-5.548169e-01 -2.228737e-01 8.015644e-01 -6.797502e+01 -1.518107e-01 9.743957e-01 1.658508e-01 -1.529042e+01 -8.180047e-01 -2.966918e-02 -5.744459e-01 8.991454e+00
-5.561165e-01 -2.264142e-01 7.996693e-01 -6.671545e+01 -1.593758e-01 9.733722e-01 1.647604e-01 -1.503338e+01 -8.156800e-01 -3.582201e-02 -5.773933e-01 8.265675e+00
-5.546602e-01 -2.345651e-01 7.983303e-01 -6.600982e+01 -1.672357e-01 9.712909e-01 1.691931e-01 -1.525491e+01 -8.150977e-01 -3.966461e-02 -5.779641e-01 7.762892e+00
-5.551920e-01 -2.346049e-01 7.979489e-01 -6.483532e+01 -1.665931e-01 9.713188e-01 1.696662e-01 -1.503355e+01 -8.148672e-01 -3.873552e-02 -5.783519e-01 6.952499e+00
-5.595553e-01 -2.302147e-01 7.961778e-01 -6.339914e+01 -1.635472e-01 9.724288e-01 1.662364e-01 -1.472495e+01 -8.124963e-01 -3.719421e-02 -5.817786e-01 6.147315e+00
-5.603537e-01 -2.362212e-01 7.938534e-01 -6.199145e+01 -1.749977e-01 9.705955e-01 1.652882e-01 -1.480720e+01 -8.095551e-01 -4.630264e-02 -5.852149e-01 5.306330e+00
-5.603300e-01 -2.345322e-01 7.943708e-01 -6.121509e+01 -1.716822e-01 9.711311e-01 1.656190e-01 -1.472730e+01 -8.102811e-01 -4.357802e-02 -5.844189e-01 4.581177e+00
-5.632897e-01 -2.299522e-01 7.936162e-01 -6.010037e+01 -1.656540e-01 9.724209e-01 1.641841e-01 -1.449159e+01 -8.094835e-01 -3.898253e-02 -5.858471e-01 3.818056e+00
-5.661601e-01 -2.337688e-01 7.904524e-01 -5.860653e+01 -1.712856e-01 9.713757e-01 1.645921e-01 -1.439721e+01 -8.063027e-01 -4.220759e-02 -5.899953e-01 3.024743e+00
-5.688662e-01 -2.391405e-01 7.868946e-01 -5.726291e+01 -1.788762e-01 9.698638e-01 1.654314e-01 -1.416232e+01 -8.027419e-01 -4.664843e-02 -5.944993e-01 2.327788e+00
-5.652940e-01 -2.369871e-01 7.901138e-01 -5.696372e+01 -1.673092e-01 9.708733e-01 1.715014e-01 -1.420954e+01 -8.077440e-01 -3.524458e-02 -5.884789e-01 1.415599e+00
-5.649424e-01 -2.379021e-01 7.900903e-01 -5.621965e+01 -1.793005e-01 9.700483e-01 1.638827e-01 -1.416310e+01 -8.054138e-01 -4.907932e-02 -5.906774e-01 9.594570e-01
-5.661392e-01 -2.305003e-01 7.914266e-01 -5.524494e+01 -1.752863e-01 9.718137e-01 1.576481e-01 -1.395539e+01 -8.054571e-01 -4.947549e-02 -5.905854e-01 2.066863e-01
-5.664266e-01 -2.294596e-01 7.915234e-01 -5.446470e+01 -1.759198e-01 9.719838e-01 1.558835e-01 -1.391211e+01 -8.051169e-01 -5.094806e-02 -5.909240e-01 -4.027478e-01
-5.680052e-01 -2.367455e-01 7.882396e-01 -5.356799e+01 -1.825266e-01 9.701205e-01 1.598443e-01 -1.414063e+01 -8.025298e-01 -5.308229e-02 -5.942459e-01 -8.420015e-01
-5.682550e-01 -2.375880e-01 7.878059e-01 -5.256941e+01 -1.796715e-01 9.701326e-01 1.629750e-01 -1.395065e+01 -8.029971e-01 -4.893490e-02 -5.939705e-01 -1.616576e+00
-5.691862e-01 -2.390290e-01 7.866970e-01 -5.185379e+01 -1.780837e-01 9.699367e-01 1.658584e-01 -1.386739e+01 -8.026913e-01 -4.569362e-02 -5.946418e-01 -2.170166e+00
-5.688600e-01 -2.476550e-01 7.842610e-01 -5.070128e+01 -1.957399e-01 9.669526e-01 1.633666e-01 -1.390549e+01 -7.988017e-01 -6.057842e-02 -5.985366e-01 -2.792183e+00
-5.692658e-01 -2.493897e-01 7.834164e-01 -4.974192e+01 -1.958428e-01 9.665874e-01 1.653913e-01 -1.373975e+01 -7.984873e-01 -5.927485e-02 -5.990864e-01 -3.491436e+00
-5.688149e-01 -2.536245e-01 7.823837e-01 -4.886413e+01 -2.012813e-01 9.652665e-01 1.665723e-01 -1.357111e+01 -7.974556e-01 -6.273039e-02 -6.001078e-01 -4.152265e+00
-5.672154e-01 -2.602094e-01 7.813820e-01 -4.778586e+01 -2.125021e-01 9.628891e-01 1.663953e-01 -1.366409e+01 -7.956818e-01 -7.166331e-02 -6.014605e-01 -4.800673e+00
-5.669459e-01 -2.600637e-01 7.816260e-01 -4.686904e+01 -2.121326e-01 9.629482e-01 1.665249e-01 -1.350444e+01 -7.959725e-01 -7.139775e-02 -6.011075e-01 -5.490594e+00
-5.655288e-01 -2.616971e-01 7.821073e-01 -4.589981e+01 -2.156298e-01 9.622521e-01 1.660561e-01 -1.330905e+01 -7.960408e-01 -7.473613e-02 -6.006110e-01 -6.221105e+00
-5.639900e-01 -2.713799e-01 7.799155e-01 -4.514385e+01 -2.301287e-01 9.586941e-01 1.671720e-01 -1.349407e+01 -7.930675e-01 -8.519764e-02 -6.031462e-01 -6.511350e+00
-5.624501e-01 -2.738835e-01 7.801524e-01 -4.424777e+01 -2.304539e-01 9.580824e-01 1.702028e-01 -1.332055e+01 -7.940660e-01 -8.405859e-02 -6.019911e-01 -7.203324e+00
-5.601898e-01 -2.764946e-01 7.808573e-01 -4.334457e+01 -2.325670e-01 9.572320e-01 1.721029e-01 -1.314291e+01 -7.950472e-01 -8.519136e-02 -6.005351e-01 -7.883079e+00
-5.553360e-01 -2.807081e-01 7.828185e-01 -4.242343e+01 -2.503225e-01 9.540783e-01 1.645392e-01 -1.313162e+01 -7.930577e-01 -1.045826e-01 -6.001016e-01 -8.439515e+00
-5.533115e-01 -2.783026e-01 7.851077e-01 -4.150799e+01 -2.520019e-01 9.542948e-01 1.606749e-01 -1.295078e+01 -7.939405e-01 -1.089453e-01 -5.981551e-01 -9.127793e+00
-5.520472e-01 -2.760102e-01 7.868051e-01 -4.069761e+01 -2.502325e-01 9.549689e-01 1.594308e-01 -1.280648e+01 -7.953789e-01 -1.088709e-01 -5.962546e-01 -9.776772e+00
-5.509638e-01 -2.772629e-01 7.871240e-01 -3.987214e+01 -2.560293e-01 9.538696e-01 1.567856e-01 -1.287076e+01 -7.942845e-01 -1.151436e-01 -5.965351e-01 -1.021524e+01
-5.499152e-01 -2.766556e-01 7.880704e-01 -3.904759e+01 -2.549852e-01 9.541113e-01 1.570164e-01 -1.272565e+01 -7.953464e-01 -1.146006e-01 -5.952234e-01 -1.084595e+01
-5.492420e-01 -2.732337e-01 7.897319e-01 -3.821467e+01 -2.474617e-01 9.558295e-01 1.585962e-01 -1.258106e+01 -7.981829e-01 -1.083207e-01 -5.925966e-01 -1.152913e+01
-5.461498e-01 -2.723748e-01 7.921694e-01 -3.737041e+01 -2.512917e-01 9.553806e-01 1.552429e-01 -1.264151e+01 -7.991075e-01 -1.142797e-01 -5.902265e-01 -1.206593e+01
-5.452611e-01 -2.718252e-01 7.929699e-01 -3.652308e+01 -2.492494e-01 9.557534e-01 1.562378e-01 -1.249317e+01 -8.003531e-01 -1.124569e-01 -5.888874e-01 -1.268441e+01
-5.441853e-01 -2.734792e-01 7.931403e-01 -3.574398e+01 -2.520774e-01 9.549957e-01 1.563338e-01 -1.236703e+01 -8.001996e-01 -1.148582e-01 -5.886325e-01 -1.321785e+01
-5.356309e-01 -2.723092e-01 7.993417e-01 -3.495551e+01 -2.673132e-01 9.525786e-01 1.453880e-01 -1.234115e+01 -8.010263e-01 -1.358002e-01 -5.830224e-01 -1.379505e+01
-5.340552e-01 -2.747092e-01 7.995748e-01 -3.426363e+01 -2.694425e-01 9.517282e-01 1.470172e-01 -1.225356e+01 -8.013649e-01 -1.369242e-01 -5.822937e-01 -1.421971e+01
-5.285341e-01 -2.782547e-01 8.020137e-01 -3.335472e+01 -2.676561e-01 9.511889e-01 1.536226e-01 -1.212541e+01 -8.056128e-01 -1.334690e-01 -5.772123e-01 -1.495498e+01
-5.220087e-01 -2.818668e-01 8.050205e-01 -3.248646e+01 -2.817209e-01 9.478270e-01 1.491889e-01 -1.209848e+01 -8.050716e-01 -1.489132e-01 -5.741817e-01 -1.542713e+01
-5.146176e-01 -2.843372e-01 8.089011e-01 -3.167015e+01 -2.834715e-01 9.467837e-01 1.524617e-01 -1.198787e+01 -8.092049e-01 -1.508410e-01 -5.678331e-01 -1.603982e+01
-5.105126e-01 -2.821105e-01 8.122749e-01 -3.109407e+01 -2.834644e-01 9.470574e-01 1.507651e-01 -1.183361e+01 -8.118035e-01 -1.532835e-01 -5.634530e-01 -1.640150e+01
-4.957178e-01 -2.791529e-01 8.223975e-01 -3.020945e+01 -2.931833e-01 9.451354e-01 1.440922e-01 -1.182307e+01 -8.175007e-01 -1.696841e-01 -5.503634e-01 -1.709368e+01
-4.864850e-01 -2.790585e-01 8.279243e-01 -2.948991e+01 -2.908574e-01 9.452952e-01 1.477127e-01 -1.174573e+01 -8.238533e-01 -1.689479e-01 -5.410382e-01 -1.753648e+01
-4.740343e-01 -2.763792e-01 8.360060e-01 -2.870857e+01 -2.928562e-01 9.448944e-01 1.463210e-01 -1.153265e+01 -8.303775e-01 -1.754684e-01 -5.288517e-01 -1.803532e+01
-4.623560e-01 -2.767801e-01 8.423893e-01 -2.817756e+01 -2.984830e-01 9.431714e-01 1.460674e-01 -1.165078e+01 -8.349460e-01 -1.839037e-01 -5.186951e-01 -1.818604e+01
-4.461713e-01 -2.777228e-01 8.507651e-01 -2.749336e+01 -2.966573e-01 9.427804e-01 1.521826e-01 -1.152022e+01 -8.443492e-01 -1.844862e-01 -5.030301e-01 -1.856646e+01
-4.271269e-01 -2.792560e-01 8.599876e-01 -2.683484e+01 -2.967250e-01 9.417300e-01 1.584261e-01 -1.139993e+01 -8.541176e-01 -1.875118e-01 -4.851004e-01 -1.889774e+01
-4.054273e-01 -2.768927e-01 8.711826e-01 -2.627507e+01 -3.035198e-01 9.397297e-01 1.574286e-01 -1.146039e+01 -8.622670e-01 -2.005954e-01 -4.650345e-01 -1.907908e+01
-3.809503e-01 -2.784064e-01 8.816840e-01 -2.564391e+01 -3.017410e-01 9.388143e-01 1.660726e-01 -1.134504e+01 -8.739732e-01 -2.027748e-01 -4.416482e-01 -1.936668e+01
-3.555779e-01 -2.801105e-01 8.916852e-01 -2.512971e+01 -2.982214e-01 9.381693e-01 1.757909e-01 -1.124349e+01 -8.857925e-01 -2.034123e-01 -4.171272e-01 -1.955986e+01
-3.176983e-01 -2.764333e-01 9.070019e-01 -2.408029e+01 -3.086821e-01 9.346039e-01 1.767227e-01 -1.118714e+01 -8.965395e-01 -2.238308e-01 -3.822521e-01 -2.000476e+01
-2.833844e-01 -2.781367e-01 9.177871e-01 -2.336186e+01 -3.051668e-01 9.334262e-01 1.886500e-01 -1.105886e+01 -9.091570e-01 -2.266177e-01 -3.493965e-01 -2.023295e+01
-2.447408e-01 -2.784058e-01 9.287584e-01 -2.270551e+01 -3.020536e-01 9.321143e-01 1.998164e-01 -1.091145e+01 -9.213390e-01 -2.316316e-01 -3.122199e-01 -2.042933e+01
-2.012496e-01 -2.745578e-01 9.402747e-01 -2.191407e+01 -3.077642e-01 9.290271e-01 2.054019e-01 -1.092677e+01 -9.299354e-01 -2.480458e-01 -2.714654e-01 -2.055613e+01
-1.566869e-01 -2.764737e-01 9.481622e-01 -2.122534e+01 -3.039876e-01 9.269155e-01 2.200435e-01 -1.073753e+01 -9.397025e-01 -2.537516e-01 -2.292801e-01 -2.068633e+01
-1.133868e-01 -2.798249e-01 9.533318e-01 -2.045772e+01 -2.915810e-01 9.266413e-01 2.373107e-01 -1.068499e+01 -9.498021e-01 -2.510655e-01 -1.866605e-01 -2.079352e+01
-6.382617e-02 -2.721117e-01 9.601466e-01 -1.988038e+01 -3.068959e-01 9.208371e-01 2.405701e-01 -1.065032e+01 -9.496005e-01 -2.793104e-01 -1.422835e-01 -2.082984e+01
-1.710840e-02 -2.726624e-01 9.619576e-01 -1.937423e+01 -2.942450e-01 9.208666e-01 2.557822e-01 -1.053766e+01 -9.555769e-01 -2.786752e-01 -9.598411e-02 -2.086858e+01
3.359457e-02 -2.710913e-01 9.619672e-01 -1.867192e+01 -2.867518e-01 9.194287e-01 2.691177e-01 -1.029131e+01 -9.574157e-01 -2.848868e-01 -4.684811e-02 -2.084668e+01
8.841747e-02 -2.677044e-01 9.594356e-01 -1.809146e+01 -2.893806e-01 9.147607e-01 2.819072e-01 -1.040014e+01 -9.531218e-01 -3.025676e-01 3.412352e-03 -2.083907e+01
1.396727e-01 -2.693170e-01 9.528693e-01 -1.744890e+01 -2.746296e-01 9.140143e-01 2.985907e-01 -1.019328e+01 -9.513517e-01 -3.033911e-01 5.370044e-02 -2.077987e+01
1.896279e-01 -2.679759e-01 9.445794e-01 -1.692356e+01 -2.586720e-01 9.144133e-01 3.113472e-01 -1.002447e+01 -9.471695e-01 -3.033763e-01 1.040804e-01 -2.066439e+01
2.440136e-01 -2.577895e-01 9.348807e-01 -1.636333e+01 -2.642970e-01 9.098511e-01 3.198719e-01 -1.014681e+01 -9.330619e-01 -3.251392e-01 1.538831e-01 -2.049166e+01
2.939445e-01 -2.558338e-01 9.209483e-01 -1.578035e+01 -2.469956e-01 9.104571e-01 3.317545e-01 -9.955331e+00 -9.233579e-01 -3.249875e-01 2.044340e-01 -2.034160e+01
3.427520e-01 -2.524622e-01 9.048668e-01 -1.528683e+01 -2.320782e-01 9.106019e-01 3.419706e-01 -9.750606e+00 -9.103081e-01 -3.272110e-01 2.535197e-01 -2.015406e+01
3.934249e-01 -2.442176e-01 8.863265e-01 -1.473787e+01 -2.369303e-01 9.045740e-01 3.544148e-01 -9.871080e+00 -8.883022e-01 -3.494332e-01 2.980194e-01 -1.982595e+01
4.405258e-01 -2.437870e-01 8.640052e-01 -1.421855e+01 -2.222606e-01 9.028432e-01 3.680684e-01 -9.645080e+00 -8.697915e-01 -3.541779e-01 3.435415e-01 -1.958322e+01
4.838259e-01 -2.450880e-01 8.401454e-01 -1.374518e+01 -2.065757e-01 9.008771e-01 3.817682e-01 -9.428091e+00 -8.504346e-01 -3.582630e-01 3.852385e-01 -1.925782e+01
5.306883e-01 -2.347908e-01 8.143975e-01 -1.314693e+01 -2.152494e-01 8.920275e-01 3.974351e-01 -9.544459e+00 -8.197790e-01 -3.862128e-01 4.228499e-01 -1.892788e+01
5.677032e-01 -2.327130e-01 7.896567e-01 -1.265198e+01 -1.994452e-01 8.917582e-01 4.061884e-01 -9.279951e+00 -7.987081e-01 -3.880877e-01 4.598405e-01 -1.861737e+01
6.002431e-01 -2.278139e-01 7.666870e-01 -1.218708e+01 -1.876875e-01 8.916908e-01 4.118991e-01 -9.021678e+00 -7.774841e-01 -3.911372e-01 4.924735e-01 -1.827288e+01
6.330767e-01 -2.105435e-01 7.449062e-01 -1.159292e+01 -2.060225e-01 8.817642e-01 4.243189e-01 -9.236986e+00 -7.461693e-01 -4.220939e-01 5.148477e-01 -1.782027e+01
6.540082e-01 -2.025606e-01 7.288639e-01 -1.113100e+01 -2.006979e-01 8.824984e-01 4.253434e-01 -8.968473e+00 -7.293790e-01 -4.244595e-01 5.365077e-01 -1.748393e+01
6.680860e-01 -1.974068e-01 7.174202e-01 -1.067252e+01 -1.964065e-01 8.831857e-01 4.259196e-01 -8.675833e+00 -7.176946e-01 -4.254569e-01 5.512720e-01 -1.709011e+01
6.828338e-01 -1.845068e-01 7.068913e-01 -1.015188e+01 -2.203134e-01 8.705349e-01 4.400352e-01 -8.905344e+00 -6.965630e-01 -4.562085e-01 5.537813e-01 -1.660474e+01
6.883583e-01 -1.863105e-01 7.010358e-01 -9.685589e+00 -2.151395e-01 8.705267e-01 4.426041e-01 -8.626055e+00 -6.927322e-01 -4.554907e-01 5.591515e-01 -1.622947e+01
6.917444e-01 -1.879737e-01 6.972486e-01 -9.210974e+00 -2.117910e-01 8.702612e-01 4.447358e-01 -8.363992e+00 -6.903871e-01 -4.553145e-01 5.621872e-01 -1.587029e+01
6.983938e-01 -1.755497e-01 6.938504e-01 -8.699886e+00 -2.411249e-01 8.550666e-01 4.590424e-01 -8.581368e+00 -6.738730e-01 -4.878970e-01 5.548438e-01 -1.535442e+01
6.986166e-01 -1.763567e-01 6.934213e-01 -8.271139e+00 -2.397228e-01 8.554397e-01 4.590815e-01 -8.251769e+00 -6.741422e-01 -4.869509e-01 5.553477e-01 -1.501432e+01
6.985471e-01 -1.794675e-01 6.926928e-01 -7.798662e+00 -2.366776e-01 8.556041e-01 4.603535e-01 -8.025112e+00 -6.752893e-01 -4.855235e-01 5.552038e-01 -1.466255e+01
7.055655e-01 -1.657657e-01 6.889841e-01 -7.236401e+00 -2.681673e-01 8.374952e-01 4.761178e-01 -8.375074e+00 -6.559449e-01 -5.206953e-01 5.464547e-01 -1.422943e+01
7.023012e-01 -1.664735e-01 6.921413e-01 -6.808944e+00 -2.692851e-01 8.379017e-01 4.747697e-01 -8.040893e+00 -6.589830e-01 -5.198146e-01 5.436305e-01 -1.390784e+01
6.986293e-01 -1.680102e-01 6.954780e-01 -6.349991e+00 -2.703794e-01 8.379648e-01 4.740359e-01 -7.811056e+00 -6.624290e-01 -5.192183e-01 5.400002e-01 -1.359885e+01
7.017209e-01 -1.510157e-01 6.962630e-01 -5.827133e+00 -3.066221e-01 8.181244e-01 4.864724e-01 -8.086269e+00 -6.430946e-01 -5.548574e-01 5.277902e-01 -1.316948e+01
6.963409e-01 -1.533521e-01 7.011366e-01 -5.419348e+00 -3.067316e-01 8.196088e-01 4.838978e-01 -7.819607e+00 -6.488645e-01 -5.520186e-01 5.236892e-01 -1.286139e+01
6.907960e-01 -1.547798e-01 7.062890e-01 -5.025211e+00 -3.077956e-01 8.209441e-01 4.809497e-01 -7.537920e+00 -6.542651e-01 -5.496308e-01 5.194643e-01 -1.255434e+01
6.951548e-01 -1.319925e-01 7.066384e-01 -4.510613e+00 -3.471727e-01 7.991177e-01 4.907974e-01 -7.846746e+00 -6.294688e-01 -5.865057e-01 5.096863e-01 -1.213267e+01
6.902309e-01 -1.307383e-01 7.116803e-01 -4.131134e+00 -3.502017e-01 8.003202e-01 4.866687e-01 -7.558055e+00 -6.331983e-01 -5.851454e-01 5.066209e-01 -1.187492e+01
6.854647e-01 -1.314807e-01 7.161361e-01 -3.751964e+00 -3.522348e-01 8.009269e-01 4.841971e-01 -7.311928e+00 -6.372352e-01 -5.841481e-01 5.026950e-01 -1.160705e+01
6.914178e-01 -1.031022e-01 7.150604e-01 -3.237820e+00 -3.909025e-01 7.789770e-01 4.902958e-01 -7.606870e+00 -6.075662e-01 -6.185182e-01 4.982957e-01 -1.124959e+01
6.864987e-01 -1.045063e-01 7.195818e-01 -2.873092e+00 -3.922485e-01 7.800523e-01 4.875033e-01 -7.327796e+00 -6.122587e-01 -6.169253e-01 4.945124e-01 -1.102368e+01
6.822618e-01 -1.077915e-01 7.231182e-01 -2.492537e+00 -3.924691e-01 7.804823e-01 4.866369e-01 -7.116475e+00 -6.168362e-01 -6.158152e-01 4.901884e-01 -1.077673e+01
6.876587e-01 -7.342903e-02 7.223114e-01 -2.079285e+00 -4.327339e-01 7.573971e-01 4.889694e-01 -7.391104e+00 -5.829811e-01 -6.488126e-01 4.890554e-01 -1.044461e+01
6.831821e-01 -6.977437e-02 7.269070e-01 -1.777612e+00 -4.386172e-01 7.566523e-01 4.848631e-01 -7.077950e+00 -5.838469e-01 -6.500837e-01 4.863271e-01 -1.027230e+01
6.794475e-01 -7.371461e-02 7.300118e-01 -1.427591e+00 -4.398977e-01 7.553690e-01 4.857033e-01 -6.961194e+00 -5.872317e-01 -6.511404e-01 4.808067e-01 -9.975085e+00
6.867208e-01 -3.597880e-02 7.260303e-01 -9.775201e-01 -4.759953e-01 7.326108e-01 4.865284e-01 -7.320944e+00 -5.494023e-01 -6.796962e-01 4.859733e-01 -9.592942e+00
6.833681e-01 -3.949361e-02 7.290050e-01 -6.905400e-01 -4.757904e-01 7.332734e-01 4.857300e-01 -7.168096e+00 -5.537432e-01 -6.787860e-01 4.823049e-01 -9.380492e+00
6.803841e-01 -4.444494e-02 7.315068e-01 -4.023651e-01 -4.749953e-01 7.333728e-01 4.863577e-01 -7.081922e+00 -5.580833e-01 -6.783723e-01 4.778640e-01 -9.114576e+00
6.842171e-01 1.319670e-02 7.291590e-01 -7.626702e-02 -5.152459e-01 7.163301e-01 4.705241e-01 -7.076635e+00 -5.161092e-01 -6.976368e-01 4.969248e-01 -9.103847e+00
6.816733e-01 9.572731e-03 7.315940e-01 1.522958e-01 -5.155236e-01 7.158304e-01 4.709801e-01 -7.033468e+00 -5.191887e-01 -6.982085e-01 4.928975e-01 -8.842509e+00
6.785817e-01 1.984684e-02 7.342568e-01 3.612613e-01 -5.203475e-01 7.185288e-01 4.614703e-01 -6.710224e+00 -5.184259e-01 -6.952140e-01 4.979077e-01 -8.845289e+00
6.840840e-01 7.054840e-02 7.259835e-01 6.559831e-01 -5.501358e-01 7.034385e-01 4.500277e-01 -7.028168e+00 -4.789360e-01 -7.072462e-01 5.200222e-01 -8.609453e+00
6.827567e-01 7.558143e-02 7.267260e-01 8.269976e-01 -5.517770e-01 7.053256e-01 4.450370e-01 -6.823078e+00 -4.789419e-01 -7.048427e-01 5.232699e-01 -8.527335e+00
6.839309e-01 7.337155e-02 7.258479e-01 1.009321e+00 -5.479146e-01 7.085747e-01 4.446476e-01 -6.787772e+00 -4.816930e-01 -7.018109e-01 5.248174e-01 -8.354687e+00
6.930609e-01 1.300751e-01 7.090466e-01 1.373423e+00 -5.703098e-01 7.005426e-01 4.289369e-01 -6.974266e+00 -4.409233e-01 -7.016556e-01 5.597018e-01 -8.271121e+00
6.969909e-01 1.291790e-01 7.053485e-01 1.572294e+00 -5.667526e-01 7.018554e-01 4.314979e-01 -6.860624e+00 -4.393122e-01 -7.005082e-01 5.623994e-01 -8.108518e+00
7.025778e-01 1.272107e-01 7.001442e-01 1.699244e+00 -5.632314e-01 7.007429e-01 4.378696e-01 -6.776316e+00 -4.349194e-01 -7.019806e-01 5.639755e-01 -7.943819e+00
7.153149e-01 1.889857e-01 6.727622e-01 2.033346e+00 -5.835173e-01 6.912458e-01 4.262473e-01 -6.960907e+00 -3.844894e-01 -6.974694e-01 6.047349e-01 -7.864569e+00
7.233320e-01 1.922518e-01 6.631968e-01 2.167788e+00 -5.788484e-01 6.924749e-01 4.305962e-01 -6.853111e+00 -3.764643e-01 -6.953544e-01 6.121739e-01 -7.700794e+00
7.335750e-01 1.945139e-01 6.511775e-01 2.326012e+00 -5.719856e-01 6.941576e-01 4.370099e-01 -6.749303e+00 -3.670153e-01 -6.930437e-01 6.204758e-01 -7.552614e+00
7.479458e-01 2.531403e-01 6.135936e-01 2.640738e+00 -5.856940e-01 6.866584e-01 4.306538e-01 -6.950346e+00 -3.123134e-01 -6.814838e-01 6.618460e-01 -7.445668e+00
7.592445e-01 2.529928e-01 5.996185e-01 2.761386e+00 -5.775793e-01 6.865315e-01 4.416748e-01 -6.836208e+00 -2.999164e-01 -6.816665e-01 6.673687e-01 -7.291048e+00
7.718584e-01 2.531374e-01 5.832290e-01 2.892460e+00 -5.683271e-01 6.859328e-01 4.544232e-01 -6.748353e+00 -2.850244e-01 -6.822152e-01 6.733079e-01 -7.122413e+00
7.847516e-01 3.124700e-01 5.352825e-01 3.245645e+00 -5.787561e-01 6.785015e-01 4.524125e-01 -6.915354e+00 -2.218246e-01 -6.648295e-01 7.132990e-01 -7.016713e+00
7.985883e-01 3.131596e-01 5.139921e-01 3.365224e+00 -5.660923e-01 6.808783e-01 4.646980e-01 -6.793869e+00 -2.044414e-01 -6.620694e-01 7.210186e-01 -6.830293e+00
8.123621e-01 3.128237e-01 4.921475e-01 3.476096e+00 -5.521664e-01 6.840659e-01 4.766195e-01 -6.657075e+00 -1.875635e-01 -6.589349e-01 7.284399e-01 -6.653868e+00
8.241159e-01 3.648085e-01 4.332986e-01 3.869450e+00 -5.546092e-01 6.751204e-01 4.864372e-01 -6.855384e+00 -1.150723e-01 -6.411921e-01 7.587036e-01 -6.432888e+00
8.349054e-01 3.672551e-01 4.099471e-01 3.979963e+00 -5.428044e-01 6.726773e-01 5.028604e-01 -6.678349e+00 -9.108406e-02 -6.423619e-01 7.609697e-01 -6.207772e+00
8.448440e-01 3.680853e-01 3.882677e-01 4.041730e+00 -5.307979e-01 6.675825e-01 5.220988e-01 -6.501041e+00 -6.702380e-02 -6.471837e-01 7.593820e-01 -5.962763e+00
8.489211e-01 4.172917e-01 3.243465e-01 4.470757e+00 -5.282587e-01 6.506499e-01 5.455250e-01 -6.703254e+00 1.660699e-02 -6.344465e-01 7.727883e-01 -5.629553e+00
8.597732e-01 4.135849e-01 2.995624e-01 4.556129e+00 -5.092400e-01 6.503899e-01 5.636201e-01 -6.497996e+00 3.827244e-02 -6.371346e-01 7.698018e-01 -5.373848e+00
8.692376e-01 4.116957e-01 2.737384e-01 4.620910e+00 -4.906075e-01 6.498921e-01 5.804692e-01 -6.283159e+00 6.107627e-02 -6.388637e-01 7.668917e-01 -5.111703e+00
8.631368e-01 4.575290e-01 2.136871e-01 4.887990e+00 -4.848706e-01 6.327162e-01 6.037969e-01 -6.452649e+00 1.410513e-01 -6.247699e-01 7.679630e-01 -4.724300e+00
8.685400e-01 4.597981e-01 1.849975e-01 4.936314e+00 -4.658884e-01 6.300949e-01 6.212314e-01 -6.205864e+00 1.690750e-01 -6.257525e-01 7.614772e-01 -4.445203e+00
8.775188e-01 4.532441e-01 1.566220e-01 4.987695e+00 -4.401407e-01 6.315981e-01 6.382476e-01 -6.008653e+00 1.903598e-01 -6.290100e-01 7.537305e-01 -4.119925e+00
8.580790e-01 5.001483e-01 1.164135e-01 5.046533e+00 -4.442043e-01 6.091909e-01 6.569391e-01 -6.307953e+00 2.576489e-01 -6.154170e-01 7.449020e-01 -3.957815e+00
8.646993e-01 4.950874e-01 8.475578e-02 5.052377e+00 -4.167867e-01 6.130428e-01 6.711687e-01 -6.063258e+00 2.803282e-01 -6.156842e-01 7.364435e-01 -3.684468e+00
8.697755e-01 4.906491e-01 5.247795e-02 5.081250e+00 -3.880243e-01 6.143721e-01 6.870110e-01 -5.781604e+00 3.048404e-01 -6.179081e-01 7.247496e-01 -3.399468e+00
8.432636e-01 5.368857e-01 2.569515e-02 5.005034e+00 -3.940624e-01 5.850115e-01 7.088557e-01 -6.059346e+00 3.655425e-01 -6.078776e-01 7.048854e-01 -3.105292e+00
8.424550e-01 5.387384e-01 -5.525487e-03 5.004162e+00 -3.676998e-01 5.824279e-01 7.249653e-01 -5.702983e+00 3.937848e-01 -6.087189e-01 6.887633e-01 -2.791896e+00
8.417141e-01 5.387632e-01 -3.537775e-02 4.943542e+00 -3.399733e-01 5.797655e-01 7.404662e-01 -5.351471e+00 4.194468e-01 -6.112333e-01 6.711619e-01 -2.468316e+00
7.930646e-01 6.075615e-01 -4.378986e-02 4.640326e+00 -3.563207e-01 5.210162e-01 7.756144e-01 -5.743518e+00 4.940487e-01 -5.995091e-01 6.296862e-01 -1.959450e+00
7.949312e-01 6.023235e-01 -7.273783e-02 4.596274e+00 -3.214257e-01 5.197946e-01 7.915169e-01 -5.338022e+00 5.145580e-01 -6.058217e-01 6.068032e-01 -1.619088e+00
7.969745e-01 5.949274e-01 -1.043699e-01 4.550651e+00 -2.842518e-01 5.218827e-01 8.042633e-01 -4.884720e+00 5.329471e-01 -6.113099e-01 5.850364e-01 -1.309125e+00
7.253867e-01 6.829392e-01 -8.607047e-02 3.909531e+00 -3.046727e-01 4.306747e-01 8.495257e-01 -5.343612e+00 6.172428e-01 -5.900113e-01 5.204787e-01 -6.507754e-01
7.220400e-01 6.820947e-01 -1.157797e-01 3.823791e+00 -2.697463e-01 4.316507e-01 8.607640e-01 -4.833162e+00 6.370990e-01 -5.902749e-01 4.956616e-01 -3.799703e-01
7.174251e-01 6.817842e-01 -1.430788e-01 3.707484e+00 -2.359866e-01 4.310901e-01 8.709028e-01 -4.305777e+00 6.554476e-01 -5.910428e-01 4.701668e-01 -1.051913e-01
6.692406e-01 7.347621e-01 -1.106418e-01 2.992480e+00 -2.575617e-01 3.690639e-01 8.930027e-01 -4.476925e+00 6.969784e-01 -5.691366e-01 4.362392e-01 1.916551e-01
6.659000e-01 7.342074e-01 -1.323508e-01 2.888957e+00 -2.288068e-01 3.698433e-01 9.004795e-01 -3.888340e+00 7.100877e-01 -5.693466e-01 4.142703e-01 4.529226e-01
6.633062e-01 7.330454e-01 -1.505632e-01 2.783361e+00 -2.033265e-01 3.701609e-01 9.064432e-01 -3.266230e+00 7.201966e-01 -5.706359e-01 3.945776e-01 6.956406e-01
7.569833e-01 6.412623e-01 -1.255345e-01 2.417044e+00 -2.407765e-01 4.523334e-01 8.587323e-01 -3.172634e+00 6.074561e-01 -6.198202e-01 4.968097e-01 1.541421e-02
7.535126e-01 6.414320e-01 -1.441656e-01 2.303779e+00 -2.206691e-01 4.533262e-01 8.635974e-01 -2.530992e+00 6.192930e-01 -6.189186e-01 4.831313e-01 3.537976e-01
7.498068e-01 6.422845e-01 -1.589350e-01 2.178175e+00 -2.030727e-01 4.520040e-01 8.685930e-01 -1.898439e+00 6.297231e-01 -6.190016e-01 4.693462e-01 6.806243e-01
8.674405e-01 4.888901e-01 -9.237710e-02 1.764342e+00 -2.721232e-01 6.216213e-01 7.345311e-01 -1.630002e+00 4.165285e-01 -6.120240e-01 6.722578e-01 -4.385313e-01
8.653061e-01 4.906795e-01 -1.023668e-01 1.651139e+00 -2.635712e-01 6.191294e-01 7.397357e-01 -1.082437e+00 4.263515e-01 -6.131169e-01 6.650655e-01 5.296337e-02
8.621105e-01 4.946281e-01 -1.100388e-01 1.555146e+00 -2.593679e-01 6.173009e-01 7.427435e-01 -4.569176e-01 4.353088e-01 -6.117865e-01 6.604722e-01 5.855851e-01
8.933044e-01 4.461759e-01 -5.417033e-02 9.678032e-01 -3.816114e-01 8.166123e-01 4.330325e-01 -1.779165e-01 2.374448e-01 -3.661578e-01 8.997491e-01 5.216440e-01
8.936006e-01 4.453336e-01 -5.617827e-02 9.087390e-01 -3.802367e-01 8.175370e-01 4.324966e-01 1.855411e-01 2.385331e-01 -3.651182e-01 8.998837e-01 1.265690e+00
8.943337e-01 4.438076e-01 -5.658731e-02 8.119998e-01 -3.786287e-01 8.181632e-01 4.327232e-01 5.993320e-01 2.383435e-01 -3.655733e-01 8.997492e-01 2.081182e+00
9.534517e-01 3.015396e-01 -1.936178e-03 5.437306e-01 -2.983569e-01 9.442806e-01 1.389870e-01 2.435839e-01 4.373837e-02 -1.319397e-01 9.902923e-01 2.785116e+00
9.534467e-01 3.015498e-01 -2.653969e-03 5.284642e-01 -2.982750e-01 9.443151e-01 1.389279e-01 3.704433e-01 4.439987e-02 -1.316688e-01 9.902989e-01 3.656959e+00
9.526124e-01 3.041587e-01 -4.124393e-03 5.167788e-01 -3.007654e-01 9.438396e-01 1.367736e-01 4.787610e-01 4.549364e-02 -1.290517e-01 9.905938e-01 4.539926e+00
9.489234e-01 3.154684e-01 -4.910257e-03 4.911710e-01 -3.119907e-01 9.405521e-01 1.342519e-01 5.350598e-01 4.697057e-02 -1.258628e-01 9.909351e-01 5.376261e+00
9.468052e-01 3.217644e-01 -5.251959e-03 4.318746e-01 -3.181754e-01 9.384401e-01 1.345163e-01 6.136995e-01 4.821122e-02 -1.256897e-01 9.908975e-01 6.337003e+00
9.485996e-01 3.164145e-01 -6.384982e-03 4.551708e-01 -3.126627e-01 9.400941e-01 1.358866e-01 8.194697e-01 4.899897e-02 -1.269056e-01 9.907038e-01 7.243920e+00
9.481950e-01 3.176076e-01 -7.187172e-03 4.792803e-01 -3.135603e-01 9.392681e-01 1.394823e-01 8.759480e-01 5.105134e-02 -1.300028e-01 9.901985e-01 8.144379e+00
9.486638e-01 3.161584e-01 -8.992042e-03 4.460351e-01 -3.117671e-01 9.395201e-01 1.417860e-01 1.013906e+00 5.327502e-02 -1.317038e-01 9.898565e-01 9.114173e+00
9.483219e-01 3.170604e-01 -1.257726e-02 4.362368e-01 -3.121970e-01 9.393953e-01 1.416665e-01 1.134635e+00 5.673185e-02 -1.304188e-01 9.898345e-01 1.003798e+01
9.497541e-01 3.125576e-01 -1.658279e-02 3.476617e-01 -3.072544e-01 9.411212e-01 1.410165e-01 1.363221e+00 5.968219e-02 -1.288359e-01 9.898684e-01 1.121865e+01
9.505938e-01 3.097917e-01 -2.001463e-02 2.799912e-01 -3.039844e-01 9.419741e-01 1.424018e-01 1.537077e+00 6.296816e-02 -1.292821e-01 9.896066e-01 1.227186e+01
9.509565e-01 3.084032e-01 -2.385788e-02 3.740047e-01 -3.018495e-01 9.420651e-01 1.462884e-01 1.608417e+00 6.759148e-02 -1.319124e-01 9.889543e-01 1.303066e+01
9.497178e-01 3.119493e-01 -2.690316e-02 3.646908e-01 -3.045767e-01 9.403462e-01 1.515983e-01 1.668503e+00 7.258928e-02 -1.357816e-01 9.880760e-01 1.394662e+01
9.498249e-01 3.114197e-01 -2.916125e-02 3.168119e-01 -3.034034e-01 9.399913e-01 1.560858e-01 1.847342e+00 7.601950e-02 -1.394065e-01 9.873129e-01 1.498146e+01
9.479259e-01 3.169355e-01 -3.143767e-02 2.927578e-01 -3.083366e-01 9.379480e-01 1.586885e-01 1.955466e+00 7.978092e-02 -1.407316e-01 9.868281e-01 1.594555e+01
9.471881e-01 3.187451e-01 -3.515973e-02 3.686890e-01 -3.096774e-01 9.376518e-01 1.578261e-01 1.944799e+00 8.327388e-02 -1.386028e-01 9.868408e-01 1.668431e+01
9.469414e-01 3.190813e-01 -3.858935e-02 3.351092e-01 -3.099421e-01 9.383402e-01 1.531458e-01 2.118385e+00 8.507591e-02 -1.330597e-01 9.874499e-01 1.768771e+01
9.472000e-01 3.180098e-01 -4.101125e-02 3.271100e-01 -3.086528e-01 9.389406e-01 1.520660e-01 2.226366e+00 8.686561e-02 -1.313787e-01 9.875191e-01 1.863621e+01
9.448639e-01 3.248717e-01 -4.111673e-02 3.181451e-01 -3.149936e-01 9.360104e-01 1.570462e-01 2.300193e+00 8.950555e-02 -1.354358e-01 9.867350e-01 1.962255e+01
9.451822e-01 3.239575e-01 -4.101470e-02 3.071919e-01 -3.134964e-01 9.353805e-01 1.636559e-01 2.436244e+00 9.138192e-02 -1.418267e-01 9.856645e-01 2.060288e+01
9.474057e-01 3.172971e-01 -4.177316e-02 2.472928e-01 -3.066185e-01 9.373200e-01 1.655789e-01 2.578469e+00 9.169252e-02 -1.440620e-01 9.853114e-01 2.170010e+01
9.485714e-01 3.135074e-01 -4.387873e-02 2.155443e-01 -3.027322e-01 9.388946e-01 1.637991e-01 2.738073e+00 9.254973e-02 -1.420917e-01 9.855174e-01 2.274221e+01
9.478574e-01 3.153328e-01 -4.616843e-02 1.587523e-01 -3.046628e-01 9.390784e-01 1.590987e-01 2.902335e+00 9.352482e-02 -1.367371e-01 9.861826e-01 2.379462e+01
9.463674e-01 3.197234e-01 -4.653653e-02 9.406169e-02 -3.090597e-01 9.378125e-01 1.580818e-01 3.039107e+00 9.418500e-02 -1.352209e-01 9.863288e-01 2.486137e+01
9.452112e-01 3.232208e-01 -4.587124e-02 1.492057e-01 -3.124899e-01 9.364519e-01 1.593984e-01 3.132571e+00 9.447708e-02 -1.363308e-01 9.861481e-01 2.574849e+01
9.436582e-01 3.279913e-01 -4.394123e-02 7.231614e-02 -3.173205e-01 9.345376e-01 1.610810e-01 3.283129e+00 9.389790e-02 -1.380619e-01 9.859625e-01 2.684282e+01
9.440712e-01 3.270092e-01 -4.236197e-02 4.803221e-03 -3.164572e-01 9.346270e-01 1.622565e-01 3.493727e+00 9.265200e-02 -1.397759e-01 9.858389e-01 2.799833e+01
9.445066e-01 3.261070e-01 -3.951609e-02 -9.487139e-02 -3.157716e-01 9.344896e-01 1.643701e-01 3.669400e+00 9.052960e-02 -1.427705e-01 9.856069e-01 2.905907e+01
9.421311e-01 3.331839e-01 -3.711400e-02 -1.616112e-01 -3.228695e-01 9.315776e-01 1.670882e-01 3.841232e+00 9.024566e-02 -1.454360e-01 9.852432e-01 3.018162e+01
9.414556e-01 3.353482e-01 -3.468308e-02 -2.168629e-01 -3.254049e-01 9.307754e-01 1.666395e-01 4.021980e+00 8.816441e-02 -1.455976e-01 9.854077e-01 3.126654e+01
9.410221e-01 3.367032e-01 -3.329261e-02 -2.440822e-01 -3.271915e-01 9.306414e-01 1.638664e-01 4.157375e+00 8.615783e-02 -1.433088e-01 9.859206e-01 3.226871e+01
9.394618e-01 3.411303e-01 -3.227452e-02 -2.775643e-01 -3.320520e-01 9.295960e-01 1.599777e-01 4.301533e+00 8.457550e-02 -1.395761e-01 9.865929e-01 3.332728e+01
9.400806e-01 3.395755e-01 -3.060926e-02 -3.226907e-01 -3.308115e-01 9.301696e-01 1.592114e-01 4.490345e+00 8.253611e-02 -1.395457e-01 9.867699e-01 3.445211e+01
9.403250e-01 3.391178e-01 -2.807110e-02 -3.818432e-01 -3.305670e-01 9.299441e-01 1.610262e-01 4.642913e+00 8.071140e-02 -1.421376e-01 9.865508e-01 3.556450e+01
9.399435e-01 3.403354e-01 -2.604013e-02 -4.306887e-01 -3.321934e-01 9.296504e-01 1.593662e-01 4.818154e+00 7.844617e-02 -1.411449e-01 9.868760e-01 3.667843e+01
9.393790e-01 3.418614e-01 -2.641876e-02 -4.544004e-01 -3.339679e-01 9.296942e-01 1.553516e-01 4.960960e+00 7.767008e-02 -1.371110e-01 9.875059e-01 3.776046e+01
9.391749e-01 3.423570e-01 -2.724284e-02 -4.986258e-01 -3.346683e-01 9.301184e-01 1.512511e-01 5.134454e+00 7.712093e-02 -1.329339e-01 9.881199e-01 3.887086e+01
9.394316e-01 3.416608e-01 -2.713346e-02 -5.310698e-01 -3.338826e-01 9.301690e-01 1.526698e-01 5.286681e+00 7.740001e-02 -1.343635e-01 9.879047e-01 3.997635e+01
9.408351e-01 3.379096e-01 -2.542571e-02 -6.054250e-01 -3.301623e-01 9.309845e-01 1.557587e-01 5.468542e+00 7.630330e-02 -1.381486e-01 9.874679e-01 4.114243e+01
9.427390e-01 3.326122e-01 -2.474423e-02 -6.383930e-01 -3.249143e-01 9.326065e-01 1.570854e-01 5.660941e+00 7.532515e-02 -1.400508e-01 9.872750e-01 4.232197e+01
9.441247e-01 3.286646e-01 -2.466084e-02 -6.684718e-01 -3.211124e-01 9.341257e-01 1.558717e-01 5.812570e+00 7.426585e-02 -1.392435e-01 9.874694e-01 4.345049e+01
9.449204e-01 3.264174e-01 -2.402527e-02 -7.266948e-01 -3.190087e-01 9.349156e-01 1.554553e-01 6.003143e+00 7.320491e-02 -1.392286e-01 9.875507e-01 4.458407e+01
9.472546e-01 3.197427e-01 -2.175874e-02 -8.298818e-01 -3.124967e-01 9.365821e-01 1.586186e-01 6.222466e+00 7.109598e-02 -1.434527e-01 9.871001e-01 4.588614e+01
9.468236e-01 3.211679e-01 -1.939799e-02 -8.527059e-01 -3.138674e-01 9.352039e-01 1.639539e-01 6.383599e+00 7.079780e-02 -1.491470e-01 9.862773e-01 4.702295e+01
9.471450e-01 3.203038e-01 -1.794145e-02 -8.922327e-01 -3.131867e-01 9.353193e-01 1.645961e-01 6.566297e+00 6.950173e-02 -1.502773e-01 9.861979e-01 4.818975e+01
9.455881e-01 3.247198e-01 -2.049707e-02 -9.039847e-01 -3.175610e-01 9.347874e-01 1.591462e-01 6.680848e+00 7.083832e-02 -1.439777e-01 9.870422e-01 4.924682e+01
9.449461e-01 3.263999e-01 -2.323660e-02 -9.372137e-01 -3.193974e-01 9.354507e-01 1.513849e-01 6.871531e+00 7.114870e-02 -1.356289e-01 9.882017e-01 5.040592e+01
9.433682e-01 3.309175e-01 -2.345508e-02 -1.042735e+00 -3.241035e-01 9.344146e-01 1.477372e-01 7.112159e+00 7.080560e-02 -1.317687e-01 9.887485e-01 5.171385e+01
9.433475e-01 3.310175e-01 -2.286483e-02 -1.035927e+00 -3.241931e-01 9.341886e-01 1.489646e-01 7.268491e+00 7.066997e-02 -1.331128e-01 9.885781e-01 5.277023e+01
9.425970e-01 3.331856e-01 -2.231936e-02 -1.086633e+00 -3.263278e-01 9.332544e-01 1.501544e-01 7.443462e+00 7.085895e-02 -1.342517e-01 9.884106e-01 5.394445e+01
9.425340e-01 3.334472e-01 -2.103715e-02 -1.141427e+00 -3.265212e-01 9.326413e-01 1.535062e-01 7.626918e+00 7.080632e-02 -1.378157e-01 9.879237e-01 5.511442e+01
9.426982e-01 3.329545e-01 -2.148065e-02 -1.140331e+00 -3.257882e-01 9.324756e-01 1.560488e-01 7.754511e+00 7.198734e-02 -1.401088e-01 9.875157e-01 5.626717e+01
9.427573e-01 3.328208e-01 -2.095319e-02 -1.167664e+00 -3.255565e-01 9.321545e-01 1.584328e-01 7.932651e+00 7.226136e-02 -1.425423e-01 9.871474e-01 5.747244e+01
9.423668e-01 3.340013e-01 -1.969782e-02 -1.215049e+00 -3.266978e-01 9.312705e-01 1.612569e-01 8.117770e+00 7.220403e-02 -1.455280e-01 9.867159e-01 5.864033e+01
9.416423e-01 3.360314e-01 -1.981519e-02 -1.220058e+00 -3.284727e-01 9.301404e-01 1.641480e-01 8.299367e+00 7.358979e-02 -1.480599e-01 9.862367e-01 5.991841e+01
9.411406e-01 3.373219e-01 -2.164045e-02 -1.273880e+00 -3.298425e-01 9.304942e-01 1.593253e-01 8.476352e+00 7.388024e-02 -1.428096e-01 9.869889e-01 6.109547e+01
9.411460e-01 3.371952e-01 -2.331571e-02 -1.354397e+00 -3.301563e-01 9.318896e-01 1.502615e-01 8.662333e+00 7.239514e-02 -1.337202e-01 9.883713e-01 6.224235e+01
9.410128e-01 3.374571e-01 -2.485154e-02 -1.401631e+00 -3.303902e-01 9.321939e-01 1.478404e-01 8.784480e+00 7.305626e-02 -1.309090e-01 9.886989e-01 6.341195e+01
9.422632e-01 3.339174e-01 -2.528354e-02 -1.445873e+00 -3.268328e-01 9.334597e-01 1.477612e-01 8.945607e+00 7.294121e-02 -1.309665e-01 9.886998e-01 6.461306e+01
9.448235e-01 3.265681e-01 -2.572683e-02 -1.481098e+00 -3.197068e-01 9.363822e-01 1.448310e-01 9.087639e+00 7.138732e-02 -1.286147e-01 9.891219e-01 6.576125e+01
9.440819e-01 3.286543e-01 -2.637827e-02 -1.475825e+00 -3.217803e-01 9.358614e-01 1.435995e-01 9.255368e+00 7.188100e-02 -1.270817e-01 9.892843e-01 6.694647e+01
9.461238e-01 3.229221e-01 -2.389672e-02 -1.515986e+00 -3.160671e-01 9.370331e-01 1.485615e-01 9.408312e+00 7.036581e-02 -1.330046e-01 9.886144e-01 6.811446e+01
9.466831e-01 3.215226e-01 -2.035244e-02 -1.593977e+00 -3.147079e-01 9.364346e-01 1.550779e-01 9.584695e+00 6.891977e-02 -1.404045e-01 9.876926e-01 6.929680e+01
9.457172e-01 3.245075e-01 -1.771321e-02 -1.650908e+00 -3.176991e-01 9.346056e-01 1.599366e-01 9.731132e+00 6.845550e-02 -1.456273e-01 9.869683e-01 7.045231e+01
9.453328e-01 3.257139e-01 -1.601127e-02 -1.699864e+00 -3.189862e-01 9.337792e-01 1.621858e-01 9.911368e+00 6.777718e-02 -1.482122e-01 9.866303e-01 7.160610e+01
9.436133e-01 3.307491e-01 -1.410473e-02 -1.754283e+00 -3.240995e-01 9.316482e-01 1.642898e-01 1.009140e+01 6.747937e-02 -1.504547e-01 9.863113e-01 7.278681e+01
9.421984e-01 3.347765e-01 -1.367013e-02 -1.792882e+00 -3.282463e-01 9.304656e-01 1.627517e-01 1.026393e+01 6.720502e-02 -1.488572e-01 9.865724e-01 7.389545e+01
9.406808e-01 3.389535e-01 -1.517375e-02 -1.822609e+00 -3.325669e-01 9.299709e-01 1.566950e-01 1.042738e+01 6.722347e-02 -1.423537e-01 9.875305e-01 7.501623e+01
9.403588e-01 3.397684e-01 -1.681780e-02 -1.845959e+00 -3.334559e-01 9.304163e-01 1.520946e-01 1.058912e+01 6.732449e-02 -1.374155e-01 9.882229e-01 7.610286e+01
9.410245e-01 3.380053e-01 -1.501290e-02 -1.948571e+00 -3.320111e-01 9.310577e-01 1.513284e-01 1.078826e+01 6.512768e-02 -1.374193e-01 9.883695e-01 7.732111e+01
9.413505e-01 3.371797e-01 -1.300658e-02 -1.962823e+00 -3.311869e-01 9.306266e-01 1.557219e-01 1.094111e+01 6.461054e-02 -1.422813e-01 9.877153e-01 7.842549e+01
9.433277e-01 3.317379e-01 -9.097622e-03 -1.997467e+00 -3.260298e-01 9.315165e-01 1.611882e-01 1.110623e+01 6.194682e-02 -1.490872e-01 9.868818e-01 7.953121e+01
9.439969e-01 3.298920e-01 -6.406230e-03 -2.057262e+00 -3.244566e-01 9.316227e-01 1.637288e-01 1.126432e+01 5.998102e-02 -1.524810e-01 9.864846e-01 8.066654e+01
9.453867e-01 3.258975e-01 -5.893224e-03 -2.078250e+00 -3.206947e-01 9.332237e-01 1.620135e-01 1.144041e+01 5.829949e-02 -1.512755e-01 9.867709e-01 8.179592e+01
9.469620e-01 3.212893e-01 -6.005925e-03 -2.075436e+00 -3.162817e-01 9.351817e-01 1.593770e-01 1.161200e+01 5.682276e-02 -1.490244e-01 9.871995e-01 8.286000e+01
9.472746e-01 3.203540e-01 -6.646605e-03 -2.106792e+00 -3.154718e-01 9.360692e-01 1.557306e-01 1.175631e+01 5.611061e-02 -1.454228e-01 9.877772e-01 8.401261e+01
9.478294e-01 3.187010e-01 -7.006602e-03 -2.148376e+00 -3.139844e-01 9.371481e-01 1.522083e-01 1.191688e+01 5.507516e-02 -1.420675e-01 9.883236e-01 8.517871e+01
